event,def_max,loose_max,loose_turns
0,0,146,6.40
1,21,135,4.54
2,49,0,0.00
3,70,89,0.34
4,17,17,0.39
5,72,150,1.19
6,194,324,0.44
7,0,138,3.33
8,0,59,4.12
9,228,278,0.40
10,52,89,4.54
11,17,23,2.09
12,109,18,0.43
13,18,142,3.63
14,112,140,0.56
15,169,182,0.39
16,184,17,0.13
17,17,16,0.59
18,103,117,0.45
19,23,45,2.41
20,14,35,2.37
21,17,29,2.12
22,247,581,1.14
23,18,35,1.59
24,88,88,0.12
25,53,53,0.34
26,0,31,1.36
27,21,43,1.98
28,0,136,7.15
29,172,186,0.48
30,189,204,0.93
31,42,222,7.05
32,17,132,2.98
33,26,27,1.50
34,150,17,0.42
35,180,217,0.37
36,24,135,3.74
37,152,154,0.50
38,314,315,0.29
39,253,257,1.08
40,0,65,2.54
41,17,197,3.85
42,287,309,0.32
43,113,18,0.44
44,181,268,1.04
45,0,13,0.79
46,59,63,0.83
47,240,263,0.31
48,37,20,0.47
49,205,1089,0.38
50,0,173,7.04
51,34,135,3.89
52,0,78,3.79
53,103,110,0.15
54,12,34,0.79
55,0,123,3.11
56,75,76,0.13
57,578,1190,0.96
58,417,473,0.43
59,37,173,2.63
60,0,14,0.06
61,0,128,7.00
62,28,40,0.88
63,14,19,0.35
64,0,39,2.14
65,94,99,0.13
66,0,33,0.71
67,165,199,0.44
68,30,26,0.73
69,0,68,0.90
70,82,16,0.40
71,65,68,0.13
72,18,166,2.36
73,18,40,2.11
74,21,154,5.29
75,0,14,0.42
76,0,22,1.41
77,46,16,0.35
78,47,598,1.97
79,0,98,2.88
80,173,191,0.56
81,0,20,0.42
82,0,156,1.60
83,43,44,0.26
84,17,100,2.55
85,148,148,0.17
86,112,119,0.37
87,32,178,3.58
88,180,184,0.26
89,0,26,0.75
90,227,227,0.51
91,23,115,3.15
92,14,28,0.65
93,233,283,0.41
94,215,220,0.35
95,0,37,0.56
96,221,227,0.71
97,131,25,0.09
98,33,176,3.20
99,0,107,2.87
100,20,42,1.40
101,81,38,0.59
102,14,78,4.03
103,0,145,3.35
104,325,377,0.41
105,267,274,0.23
106,17,167,4.53
107,14,39,1.46
108,38,25,2.49
109,303,319,0.75
110,0,26,0.44
111,16,26,1.39
112,0,125,3.51
113,0,105,0.38
114,450,472,1.12
115,0,18,0.87
116,0,164,3.88
117,103,117,0.24
118,203,313,0.36
119,0,142,4.42
120,121,20,0.41
121,12,17,1.49
122,310,338,0.27
123,138,155,0.46
124,139,163,0.35
125,26,50,2.34
126,136,153,1.39
127,0,130,3.04
128,31,114,3.01
129,362,383,1.52
130,152,211,0.48
131,0,33,1.46
132,243,259,0.25
133,134,148,0.49
134,0,127,2.41
135,31,113,1.72
136,43,40,2.69
137,199,203,0.36
138,66,84,0.41
139,174,211,0.43
140,0,0,0.00
141,0,114,3.33
142,99,900,7.20
143,0,121,2.71
144,17,338,0.52
145,15,166,4.54
146,0,0,0.00
147,13,195,3.70
148,0,61,0.98
149,75,84,0.51
150,56,58,0.27
151,23,98,2.45
152,29,14,1.91
153,0,396,0.31
154,285,286,0.29
155,69,206,3.70
156,15,16,0.53
157,240,276,0.32
158,63,109,1.71
159,0,106,2.82
160,191,341,2.97
161,21,51,1.58
162,308,316,0.29
163,215,216,0.70
164,17,12,0.45
165,180,191,0.39
166,12,150,2.00
167,148,167,0.45
168,0,121,3.75
169,29,38,0.59
170,0,166,2.94
171,48,25,1.22
172,0,111,3.91
173,175,176,0.57
174,0,37,0.97
175,363,374,0.29
176,113,289,0.39
177,0,48,0.62
178,62,63,0.20
179,62,48,3.14
180,29,23,0.47
181,15,16,0.79
182,29,18,0.60
183,0,96,3.03
184,78,87,0.29
185,19,0,0.00
186,124,126,0.20
187,14,897,6.72
188,155,20,1.31
189,358,369,0.31
190,17,176,4.02
191,0,31,0.56
192,109,17,0.81
193,16,86,3.54
194,18,415,0.63
195,17,22,0.53
196,0,117,1.98
197,222,502,1.51
198,0,25,0.50
199,223,274,0.46
200,203,205,0.65
201,32,110,0.42
202,0,39,1.43
203,20,32,0.41
204,83,116,0.28
205,0,25,0.59
206,52,16,0.43
207,0,29,0.48
208,63,32,3.29
209,15,76,5.51
210,216,429,1.75
211,135,314,0.44
212,90,22,1.29
213,0,46,2.38
214,96,96,0.15
215,207,224,0.31
216,252,267,0.48
217,14,118,3.78
218,14,119,1.61
219,238,301,0.94
220,0,23,1.14
221,200,447,2.13
222,197,233,0.40
223,51,188,3.62
224,56,18,1.62
225,160,162,0.24
226,253,266,0.37
227,231,277,0.66
228,50,92,0.52
229,248,266,0.25
230,16,142,4.72
231,0,26,0.39
232,102,129,0.36
233,159,225,0.95
234,0,95,2.37
235,34,119,1.44
236,229,229,0.82
237,13,92,3.58
238,262,12,1.53
239,0,115,3.05
240,151,259,0.97
241,18,22,1.23
242,257,35,0.47
243,105,117,0.36
244,0,26,0.95
245,21,360,1.08
246,175,196,0.35
247,14,82,2.13
248,73,48,0.09
249,0,180,1.21
250,18,31,0.84
251,40,20,0.78
252,0,173,0.21
253,0,24,1.30
254,0,126,2.94
255,179,300,0.96
256,109,121,0.27
257,29,52,3.18
258,52,67,2.95
259,0,110,4.11
260,97,111,0.48
261,23,49,1.98
262,81,95,0.67
263,140,160,0.45
264,0,112,2.84
265,0,59,3.29
266,0,83,2.55
267,47,178,4.10
268,0,160,3.17
269,14,168,3.56
270,124,128,0.32
271,310,341,0.28
272,0,113,3.79
273,151,302,0.48
274,20,28,0.99
275,90,129,1.80
276,53,31,1.23
277,178,196,0.25
278,0,19,0.90
279,46,23,1.77
280,0,71,2.55
281,117,121,0.38
282,43,0,0.00
283,0,207,0.83
284,0,40,0.80
285,157,183,0.23
286,88,99,0.53
287,14,49,0.60
288,25,86,4.99
289,95,233,0.97
290,0,83,2.88
291,242,267,0.29
292,497,532,0.81
293,0,42,0.79
294,0,159,1.49
295,21,29,1.70
296,0,81,2.39
297,147,2443,3.37
298,34,40,1.39
299,94,94,0.13
300,35,46,2.91
301,1084,1103,1.75
302,20,101,2.55
303,76,78,0.30
304,242,261,0.30
305,210,408,0.32
306,57,20,0.36
307,194,203,0.42
308,0,106,2.34
309,10,177,3.59
310,336,13,0.27
311,0,34,1.31
312,94,38,2.33
313,74,74,0.13
314,765,781,0.41
315,291,344,0.26
316,157,166,0.75
317,25,20,0.45
318,0,99,1.87
319,163,307,0.58
320,611,671,0.95
321,23,29,0.55
322,0,74,2.09
323,0,30,0.84
324,27,81,2.98
325,387,420,0.35
326,88,88,0.13
327,0,156,1.83
328,0,20,0.51
329,409,13,0.19
330,185,159,0.42
331,0,123,2.41
332,173,181,0.85
333,90,103,0.54
334,407,444,0.96
335,191,207,0.24
336,0,36,1.66
337,110,105,0.37
338,0,62,2.05
339,88,202,3.38
340,183,192,0.26
341,26,27,1.59
342,0,147,2.23
343,17,142,3.41
344,234,247,0.28
345,0,181,4.31
346,22,146,2.91
347,28,147,2.55
348,82,25,2.40
349,0,50,0.34
350,16,92,5.04
351,259,285,0.35
352,318,758,1.27
353,20,163,3.62
354,17,172,2.95
355,274,301,0.56
356,13,143,3.78
357,35,98,2.14
358,13,149,5.48
359,10,0,0.00
360,0,36,1.02
361,0,69,2.48
362,365,930,0.40
363,0,42,3.51
364,138,28,0.39
365,30,0,0.00
366,0,19,1.03
367,0,147,3.11
368,191,193,0.57
369,171,474,1.18
370,23,157,3.91
371,17,76,1.70
372,60,40,0.56
373,0,94,2.73
374,0,31,0.77
375,186,440,1.03
376,14,36,1.99
377,58,18,0.34
378,186,486,1.01
379,14,49,1.90
380,62,62,0.16
381,49,182,3.37
382,0,94,2.99
383,283,319,0.49
384,32,150,2.84
385,0,32,0.70
386,316,341,0.40
387,0,41,0.75
388,262,307,1.96
389,44,59,1.52
390,57,537,1.09
391,15,78,2.88
392,35,162,1.61
393,32,138,3.34
394,43,33,0.65
395,0,52,1.24
396,150,150,0.24
397,126,132,0.51
398,18,137,2.58
399,221,222,0.28
400,40,145,2.64
401,0,357,0.26
402,0,33,1.44
403,127,141,0.67
404,29,160,4.27
405,77,112,0.79
406,29,48,2.60
407,0,30,1.69
408,99,100,0.16
409,112,127,0.59
410,0,31,1.49
411,0,15,0.42
412,0,131,7.05
413,184,198,0.44
414,26,106,0.93
415,233,1947,8.47
416,43,200,5.73
417,23,50,0.82
418,0,830,1.18
419,0,60,1.93
420,41,37,0.92
421,0,79,2.10
422,179,491,1.10
423,97,131,0.41
424,0,25,1.18
425,0,0,0.00
426,0,140,6.00
427,238,271,0.34
428,0,160,5.58
429,0,73,2.30
430,22,20,0.37
431,93,23,0.60
432,268,608,1.13
433,0,138,2.85
434,300,797,0.42
435,0,99,3.73
436,56,41,0.20
437,90,32,1.60
438,16,112,0.48
439,0,110,5.59
440,209,218,0.73
441,0,99,3.27
442,0,34,1.49
443,0,18,0.51
444,15,21,1.18
445,303,370,1.28
446,0,92,1.77
447,125,125,0.19
448,129,137,0.44
449,48,17,0.40
450,0,68,1.18
451,101,949,0.65
452,123,134,0.36
453,14,113,3.65
454,18,90,2.03
455,22,117,0.57
456,18,45,2.27
457,287,301,0.51
458,15,151,5.28
459,363,391,0.51
460,144,175,0.55
461,181,198,0.43
462,13,140,4.08
463,106,116,0.20
464,48,0,0.00
465,40,193,4.71
466,17,46,3.46
467,86,90,0.25
468,35,48,2.96
469,152,152,0.25
470,11,123,4.70
471,31,333,3.48
472,40,30,1.46
473,216,1765,5.71
474,22,140,5.76
475,138,150,0.43
476,0,65,3.68
477,17,17,0.21
478,12,137,7.02
479,0,34,1.04
480,20,243,0.45
481,0,19,1.00
482,259,285,0.33
483,155,161,0.64
484,266,19,0.54
485,29,23,1.31
486,183,492,0.43
487,134,145,0.39
488,17,152,2.56
489,393,404,0.87
490,325,340,0.27
491,0,13,0.24
492,387,415,0.78
493,61,72,0.29
494,0,12,0.65
495,136,153,0.20
496,16,93,2.17
497,185,297,0.63
498,104,123,0.35
499,81,81,0.29
500,0,35,0.78
501,20,20,0.58
502,30,137,2.62
503,90,112,0.52
504,15,134,6.19
505,17,199,4.34
506,0,135,4.17
507,110,141,2.78
508,41,175,2.37
509,329,338,0.36
510,0,140,3.62
511,80,27,1.05
512,101,101,0.16
513,97,98,0.18
514,17,93,4.17
515,23,40,3.03
516,22,203,1.27
517,0,15,0.57
518,0,124,3.31
519,20,19,0.42
520,14,165,4.28
521,123,1671,3.22
522,130,145,0.48
523,24,159,3.76
524,0,84,1.89
525,0,20,1.06
526,0,88,3.36
527,0,217,0.57
528,276,471,0.62
529,0,108,2.90
530,26,44,2.90
531,77,18,0.10
532,174,176,0.42
533,45,176,4.01
534,0,182,2.84
535,110,16,0.27
536,197,205,0.53
537,0,74,2.29
538,230,487,0.79
539,32,0,0.00
540,20,52,4.08
541,14,137,4.20
542,84,84,0.13
543,416,453,1.10
544,242,481,0.48
545,0,187,0.21
546,20,143,3.47
547,389,423,0.42
548,0,123,5.89
549,117,133,0.25
550,14,108,2.30
551,35,31,1.77
552,0,124,2.79
553,227,242,0.23
554,58,70,2.34
555,14,152,2.29
556,103,112,0.43
557,0,19,0.42
558,228,247,0.29
559,34,106,2.82
560,207,230,0.70
561,0,69,2.77
562,79,22,0.36
563,121,132,0.19
564,56,154,2.78
565,0,117,3.39
566,65,175,3.34
567,26,16,0.48
568,74,78,0.40
569,0,55,2.81
570,0,150,4.38
571,317,346,0.35
572,0,26,0.39
573,0,119,3.84
574,568,637,1.10
575,244,337,0.48
576,365,398,0.34
577,149,178,0.50
578,206,216,0.28
579,23,18,1.46
580,428,495,1.13
581,14,35,1.88
582,21,81,1.04
583,145,147,0.35
584,42,43,2.10
585,17,31,1.31
586,40,29,0.75
587,29,145,3.58
588,25,87,3.50
589,29,89,2.52
590,67,17,0.43
591,221,355,0.34
592,0,0,0.00
593,0,0,0.00
594,0,80,4.21
595,22,18,0.43
596,0,30,1.29
597,0,56,1.25
598,436,1075,11.66
599,508,16,0.49
600,318,342,0.24
601,21,47,2.33
602,30,101,0.64
603,42,34,0.48
604,22,102,4.04
605,115,122,0.34
606,15,257,0.89
607,107,107,0.29
608,0,0,0.00
609,23,96,4.39
610,25,722,0.64
611,189,564,0.69
612,18,130,4.44
613,61,174,5.59
614,63,63,0.14
615,0,47,0.28
616,665,1162,0.66
617,77,84,0.61
618,0,152,4.55
619,230,570,1.11
620,258,294,0.41
621,213,213,0.70
622,36,223,0.68
623,16,59,1.65
624,0,41,0.77
625,74,14,0.24
626,0,24,0.94
627,28,0,0.00
628,0,105,4.63
629,239,566,0.84
630,93,93,0.28
631,41,201,2.13
632,23,138,4.08
633,34,162,3.78
634,0,71,3.08
635,172,173,0.51
636,25,80,2.77
637,0,23,0.38
638,64,97,0.31
639,68,77,0.42
640,22,126,5.11
641,195,241,0.51
642,213,266,0.28
643,0,22,0.64
644,199,393,0.33
645,15,128,3.10
646,0,0,0.00
647,51,182,1.69
648,27,158,2.71
649,20,28,0.57
650,92,105,0.48
651,16,28,0.55
652,31,0,0.00
653,113,122,0.28
654,19,121,2.86
655,111,127,0.35
656,33,35,0.34
657,209,368,0.52
658,31,407,0.34
659,18,141,3.05
660,205,52,0.45
661,126,133,0.36
662,19,86,2.80
663,252,304,0.59
664,220,231,0.87
665,319,323,0.25
666,589,604,0.45
667,19,126,2.37
668,0,202,2.45
669,27,168,2.83
670,0,113,2.61
671,0,14,0.32
672,58,38,0.36
673,81,83,0.19
674,449,500,0.56
675,0,21,0.39
676,0,21,0.45
677,59,94,0.32
678,0,41,0.61
679,23,24,1.29
680,318,319,0.39
681,14,43,1.33
682,0,58,2.60
683,138,140,0.18
684,54,30,0.83
685,0,18,0.43
686,130,22,0.47
687,242,299,0.36
688,36,15,0.40
689,215,629,1.10
690,253,288,0.30
691,22,145,1.35
692,202,204,0.54
693,142,28,1.63
694,16,42,0.88
695,300,741,1.18
696,16,42,0.61
697,30,46,1.04
698,55,145,2.97
699,183,506,2.09
700,0,131,8.03
701,47,209,2.68
702,18,39,0.95
703,52,102,2.57
704,51,37,1.87
705,19,69,0.87
706,46,27,0.51
707,227,243,0.49
708,105,0,0.00
709,12,59,1.73
710,583,596,1.08
711,294,333,0.24
712,0,109,2.22
713,31,167,4.61
714,282,325,0.35
715,18,183,7.04
716,15,30,0.49
717,181,219,0.78
718,0,171,5.01
719,272,275,0.28
720,0,42,1.19
721,59,89,0.35
722,34,162,3.25
723,13,31,0.68
724,47,18,1.65
725,0,86,2.87
726,110,20,0.52
727,0,19,0.51
728,847,204,0.27
729,0,107,3.56
730,11,84,3.00
731,88,102,0.34
732,110,111,0.17
733,17,18,0.34
734,23,21,0.67
735,75,299,0.87
736,240,23,0.22
737,22,99,2.12
738,13,85,2.33
739,108,111,0.52
740,46,96,4.11
741,17,51,1.00
742,19,405,1.67
743,22,59,4.07
744,27,46,1.73
745,0,138,4.32
746,73,90,0.18
747,353,397,1.15
748,16,144,5.51
749,23,147,4.13
750,55,31,2.41
751,33,118,1.95
752,49,49,0.32
753,0,171,2.41
754,0,125,7.84
755,227,289,0.26
756,61,25,0.39
757,52,178,2.72
758,16,23,0.53
759,183,460,1.50
760,12,128,2.52
761,185,515,1.07
762,153,164,0.21
763,59,15,1.43
764,199,178,0.55
765,0,34,1.06
766,184,18,1.89
767,0,59,1.12
768,33,20,0.85
769,273,310,0.48
770,285,298,1.42
771,20,131,2.86
772,15,18,0.27
773,15,25,1.47
774,37,40,0.53
775,31,0,0.00
776,27,137,3.29
777,33,73,2.44
778,0,65,1.76
779,35,140,3.56
780,15,17,0.36
781,15,119,3.09
782,130,131,0.34
783,213,507,1.13
784,211,221,0.24
785,23,19,1.54
786,13,46,2.44
787,206,860,0.73
788,20,39,1.07
789,14,16,0.63
790,13,62,2.46
791,856,865,1.39
792,17,164,3.13
793,0,125,3.09
794,12,41,1.04
795,0,22,0.48
796,109,123,0.93
797,31,176,2.29
798,650,94,0.37
799,0,68,1.62
800,70,75,0.19
801,38,179,0.88
802,82,269,3.44
803,0,147,1.76
804,94,285,0.45
805,0,112,5.38
806,149,175,0.42
807,17,144,2.09
808,95,115,0.42
809,12,109,2.54
810,102,113,0.25
811,247,427,0.99
812,36,105,3.91
813,0,52,0.87
814,21,35,1.55
815,0,20,0.40
816,46,37,1.64
817,0,76,2.99
818,194,203,0.35
819,203,203,0.46
820,175,190,0.35
821,0,33,1.41
822,0,62,2.18
823,313,342,0.43
824,67,67,0.11
825,18,136,2.88
826,15,241,2.42
827,25,48,1.36
828,20,17,1.55
829,191,222,0.32
830,102,16,0.43
831,0,0,0.00
832,0,142,6.49
833,40,175,2.08
834,13,141,6.07
835,39,17,1.18
836,38,40,0.19
837,0,24,1.22
838,20,190,3.15
839,20,152,0.54
840,228,243,0.53
841,20,129,7.41
842,231,347,0.30
843,0,25,1.35
844,29,30,1.24
845,0,24,2.25
846,146,711,1.11
847,35,141,1.20
848,20,245,1.81
849,27,117,5.03
850,219,238,0.42
851,26,192,2.58
852,107,118,0.39
853,150,168,0.34
854,119,136,0.23
855,12,70,2.31
856,69,26,1.97
857,162,182,0.41
858,123,125,0.33
859,22,15,0.58
860,22,163,5.32
861,343,343,0.43
862,185,339,0.35
863,40,42,0.13
864,0,33,1.20
865,13,32,1.14
866,138,19,0.35
867,110,129,0.67
868,113,113,0.18
869,0,141,5.67
870,30,135,3.37
871,218,235,0.71
872,48,172,3.51
873,155,156,0.32
874,47,218,3.91
875,0,92,2.12
876,189,195,0.76
877,125,139,0.42
878,21,27,1.25
879,78,79,0.14
880,33,41,1.77
881,186,233,0.34
882,14,166,3.41
883,0,92,2.32
884,32,85,0.62
885,15,23,0.65
886,85,98,0.46
887,249,287,0.52
888,381,1092,0.42
889,51,35,0.56
890,0,138,3.35
891,0,30,0.50
892,296,329,0.27
893,15,81,2.14
894,433,470,0.56
895,214,230,0.44
896,403,706,1.24
897,241,242,0.45
898,15,60,3.35
899,63,80,0.14
900,0,47,2.37
901,36,28,1.10
902,249,279,0.32
903,25,16,0.46
904,126,209,0.98
905,0,131,2.69
906,254,255,0.31
907,23,21,0.97
908,282,15,0.39
909,445,488,1.10
910,134,160,0.39
911,113,126,0.27
912,0,34,1.30
913,140,150,0.50
914,200,23,0.39
915,129,176,0.62
916,16,151,1.78
917,23,43,1.49
918,18,72,3.25
919,0,16,0.89
920,104,179,0.58
921,216,508,1.07
922,44,26,0.66
923,241,248,0.29
924,0,141,4.42
925,108,117,0.19
926,0,50,1.56
927,151,308,0.44
928,122,126,0.31
929,115,16,0.39
930,0,18,0.41
931,0,150,3.52
932,86,91,0.37
933,32,144,3.87
934,318,1068,0.73
935,160,187,0.47
936,44,197,4.29
937,129,131,0.19
938,25,93,3.09
939,40,16,0.50
940,41,192,5.05
941,0,107,2.85
942,370,392,0.80
943,14,144,2.83
944,0,20,0.29
945,248,409,0.58
946,18,103,2.33
947,24,90,0.51
948,150,153,0.28
949,0,75,2.29
950,32,38,1.34
951,20,152,4.16
952,315,335,0.29
953,175,207,0.44
954,247,589,1.04
955,23,167,5.77
956,0,20,2.10
957,163,318,1.09
958,170,190,0.49
959,18,147,3.33
960,16,65,0.28
961,32,27,2.04
962,25,129,4.23
963,278,15,0.04
964,0,57,2.02
965,16,143,3.92
966,37,162,3.40
967,23,134,2.62
968,113,128,0.24
969,15,107,3.83
970,552,667,1.19
971,45,153,2.85
972,65,65,0.12
973,0,752,2.84
974,173,399,1.12
975,0,28,1.42
976,0,17,0.30
977,0,134,2.42
978,44,24,0.53
979,81,21,0.49
980,165,303,0.41
981,51,21,1.44
982,75,77,0.13
983,15,52,2.36
984,251,270,0.37
985,47,54,0.20
986,335,386,1.06
987,239,267,0.37
988,59,34,0.89
989,53,19,1.48
990,71,71,0.15
991,19,71,3.47
992,0,20,0.06
993,0,22,0.71
994,25,15,0.55
995,81,81,0.18
996,0,89,2.32
997,274,278,0.46
998,34,164,2.48
999,0,134,2.95
1000,96,112,0.38
1001,65,95,1.18
1002,0,79,2.08
1003,0,18,0.20
1004,182,190,0.41
1005,0,84,3.50
1006,57,303,3.26
1007,490,1048,3.27
1008,220,363,0.50
1009,21,23,1.62
1010,23,139,2.92
1011,0,20,1.31
1012,25,86,3.39
1013,0,137,0.92
1014,0,15,0.56
1015,71,88,0.21
1016,0,21,0.55
1017,86,95,1.39
1018,0,77,2.40
1019,15,146,4.98
1020,20,11,1.93
1021,348,400,0.63
1022,0,124,3.01
1023,25,84,1.72
1024,0,82,3.85
1025,17,20,1.00
1026,18,35,1.09
1027,75,20,0.32
1028,19,51,2.05
1029,36,43,3.51
1030,202,215,0.52
1031,519,525,1.09
1032,445,0,0.00
1033,130,134,0.22
1034,25,148,3.09
1035,200,208,1.36
1036,0,48,1.18
1037,16,66,2.34
1038,31,26,1.01
1039,23,46,2.49
1040,0,45,1.36
1041,650,882,1.14
1042,192,215,0.37
1043,33,20,2.17
1044,16,110,2.38
1045,0,17,1.35
1046,110,111,0.60
1047,61,48,1.75
1048,21,138,3.25
1049,28,48,1.89
1050,111,459,2.14
1051,35,116,0.43
1052,12,96,1.64
1053,47,155,3.22
1054,97,112,0.47
1055,14,78,2.17
1056,0,75,1.71
1057,619,629,1.10
1058,198,205,0.69
1059,0,40,1.58
1060,32,125,5.23
1061,98,107,0.30
1062,0,166,2.00
1063,0,90,3.59
1064,52,139,1.09
1065,57,35,1.33
1066,194,218,0.54
1067,0,110,2.75
1068,36,21,1.59
1069,0,27,0.48
1070,0,16,0.88
1071,0,18,0.51
1072,226,308,0.41
1073,306,336,0.37
1074,216,328,0.50
1075,125,133,0.21
1076,163,174,0.31
1077,335,26,0.07
1078,27,154,4.79
1079,466,502,1.09
1080,194,201,0.74
1081,101,105,0.15
1082,276,1066,2.21
1083,0,140,4.37
1084,189,191,0.24
1085,626,682,1.16
1086,19,23,0.56
1087,33,34,1.51
1088,197,273,0.15
1089,73,75,0.13
1090,0,145,5.15
1091,0,245,1.81
1092,40,78,4.45
1093,0,120,4.06
1094,252,306,0.25
1095,0,31,2.20
1096,0,94,3.03
1097,27,25,0.52
1098,90,106,0.27
1099,19,31,1.47
1100,0,0,0.00
1101,133,135,0.20
1102,216,244,0.96
1103,0,31,1.10
1104,154,155,0.24
1105,42,43,0.13
1106,75,18,2.53
1107,20,65,2.61
1108,0,23,0.63
1109,0,117,2.53
1110,20,37,1.45
1111,310,858,1.15
1112,58,30,1.80
1113,132,496,3.03
1114,15,103,2.01
1115,66,76,0.16
1116,0,105,3.59
1117,32,30,0.45
1118,42,341,2.01
1119,43,80,4.58
1120,0,28,1.64
1121,190,217,1.48
1122,70,22,0.97
1123,14,92,1.59
1124,0,106,6.39
1125,33,15,0.11
1126,442,472,0.42
1127,73,23,0.84
1128,14,38,2.68
1129,103,139,0.42
1130,17,58,0.60
1131,32,58,2.97
1132,20,28,1.03
1133,209,259,0.38
1134,24,18,0.40
1135,160,164,0.19
1136,47,17,1.66
1137,258,728,1.14
1138,62,62,0.11
1139,0,29,0.73
1140,93,93,0.26
1141,22,74,0.50
1142,30,29,1.11
1143,0,98,2.87
1144,171,324,0.53
1145,38,20,0.39
1146,213,229,0.34
1147,23,99,2.72
1148,49,66,0.20
1149,21,114,3.14
1150,30,24,0.95
1151,55,15,0.46
1152,79,79,0.41
1153,0,135,6.01
1154,13,17,0.35
1155,159,160,0.68
1156,186,206,0.31
1157,0,50,1.99
1158,21,25,0.97
1159,0,63,2.05
1160,193,214,0.32
1161,0,34,0.85
1162,327,656,0.36
1163,0,19,0.94
1164,110,117,0.40
1165,19,32,0.45
1166,0,20,0.49
1167,103,104,0.37
1168,65,202,0.96
1169,0,155,3.82
1170,39,49,2.20
1171,0,76,4.09
1172,375,711,0.41
1173,65,66,0.23
1174,48,25,1.61
1175,0,43,0.96
1176,46,18,0.39
1177,21,22,0.86
1178,0,51,1.13
1179,244,556,1.12
1180,20,267,0.64
1181,16,64,2.81
1182,23,22,0.47
1183,155,156,0.21
1184,0,14,0.48
1185,20,83,4.93
1186,289,1062,1.22
1187,39,132,1.83
1188,17,27,0.35
1189,63,34,1.88
1190,0,21,0.33
1191,90,26,0.54
1192,47,143,1.83
1193,290,293,0.35
1194,0,23,0.95
1195,0,26,1.45
1196,0,25,1.53
1197,0,23,1.48
1198,166,170,0.50
1199,101,121,0.66
1200,15,66,0.64
1201,172,184,0.42
1202,0,126,4.19
1203,215,248,0.29
1204,82,105,0.52
1205,184,188,0.69
1206,119,134,1.24
1207,0,152,7.54
1208,165,344,1.21
1209,16,80,2.07
1210,79,33,1.35
1211,16,281,2.29
1212,43,51,0.31
1213,0,25,0.66
1214,104,367,1.35
1215,134,134,0.20
1216,51,24,0.98
1217,51,51,0.25
1218,0,136,2.10
1219,42,51,1.24
1220,22,43,1.69
1221,149,257,0.96
1222,85,169,0.61
1223,0,13,1.04
1224,39,196,4.47
1225,76,79,0.30
1226,30,17,2.10
1227,41,59,0.41
1228,0,130,4.35
1229,135,172,0.47
1230,13,23,0.87
1231,57,23,2.02
1232,191,203,0.54
1233,15,122,3.48
1234,142,147,0.27
1235,199,332,0.35
1236,307,313,0.30
1237,18,30,0.56
1238,0,122,3.87
1239,252,871,1.82
1240,213,21,0.33
1241,416,456,1.23
1242,28,139,4.70
1243,0,84,2.37
1244,237,252,0.29
1245,36,114,3.44
1246,96,97,0.19
1247,0,50,1.23
1248,11,281,0.68
1249,125,133,0.25
1250,27,37,2.52
1251,83,101,0.24
1252,16,41,1.47
1253,133,19,0.37
1254,176,130,0.55
1255,39,140,3.89
1256,33,53,2.82
1257,108,137,0.33
1258,0,135,3.94
1259,439,468,1.24
1260,108,120,1.58
1261,337,370,0.31
1262,68,71,0.43
1263,0,109,3.17
1264,17,28,0.51
1265,120,359,1.20
1266,243,247,0.76
1267,130,156,0.45
1268,22,29,1.72
1269,91,95,0.33
1270,22,185,3.93
1271,0,78,4.94
1272,0,13,0.31
1273,306,320,0.72
1274,13,45,1.73
1275,18,27,0.61
1276,0,29,0.67
1277,0,21,0.62
1278,147,147,0.31
1279,133,19,1.49
1280,57,62,0.35
1281,149,349,0.48
1282,173,173,0.59
1283,292,310,0.29
1284,18,0,0.00
1285,141,144,0.20
1286,243,326,0.41
1287,49,185,3.71
1288,0,42,1.39
1289,27,41,0.84
1290,28,118,0.95
1291,34,11,0.18
1292,143,18,0.35
1293,120,145,0.36
1294,24,310,0.42
1295,137,146,0.30
1296,51,22,0.42
1297,15,36,0.91
1298,74,219,5.22
1299,102,248,0.31
1300,47,60,1.59
1301,79,0,0.00
1302,0,74,2.69
1303,0,282,2.03
1304,0,138,2.54
1305,50,22,0.89
1306,60,61,1.62
1307,136,332,0.88
1308,69,240,4.60
1309,0,144,6.04
1310,0,0,0.00
1311,18,441,2.50
1312,28,101,4.39
1313,25,178,3.38
1314,135,136,0.36
1315,283,325,0.63
1316,231,265,0.54
1317,275,280,0.41
1318,0,33,1.88
1319,29,40,1.88
1320,0,38,2.70
1321,0,37,1.04
1322,0,128,3.39
1323,221,586,1.10
1324,0,133,5.36
1325,321,342,0.43
1326,60,58,2.68
1327,66,67,0.19
1328,15,63,2.06
1329,121,23,3.22
1330,18,58,3.92
1331,55,27,1.61
1332,109,146,0.42
1333,19,18,1.25
1334,621,860,1.10
1335,0,91,3.08
1336,99,16,0.31
1337,69,22,0.75
1338,13,107,3.38
1339,132,264,0.61
1340,155,159,0.91
1341,19,155,6.25
1342,0,51,4.54
1343,205,215,0.15
1344,0,148,3.17
1345,0,51,1.67
1346,20,59,2.50
1347,71,86,0.33
1348,209,223,0.61
1349,194,304,0.49
1350,48,157,2.84
1351,0,107,3.61
1352,62,62,0.12
1353,0,60,1.77
1354,492,0,0.00
1355,344,0,0.00
1356,0,38,1.61
1357,186,529,1.98
1358,238,24,0.39
1359,66,60,3.03
1360,0,82,5.93
1361,18,146,3.49
1362,0,110,1.33
1363,0,28,0.50
1364,15,134,5.59
1365,0,156,2.81
1366,0,164,2.03
1367,0,145,6.32
1368,25,46,1.67
1369,68,69,0.12
1370,505,783,1.24
1371,157,190,0.39
1372,201,206,0.22
1373,12,37,1.18
1374,27,163,3.71
1375,226,229,0.25
1376,0,146,3.62
1377,76,76,0.14
1378,46,158,0.53
1379,157,157,0.38
1380,188,193,1.10
1381,0,78,1.53
1382,91,92,0.15
1383,29,122,1.51
1384,22,32,0.97
1385,21,143,3.11
1386,29,13,0.26
1387,314,326,0.31
1388,576,10,0.11
1389,16,19,0.64
1390,0,42,3.04
1391,44,183,7.93
1392,17,25,1.77
1393,0,44,2.55
1394,109,20,0.42
1395,91,94,0.32
1396,15,22,1.82
1397,156,176,0.25
1398,30,100,2.59
1399,23,109,2.49
1400,114,14,0.18
1401,72,90,1.16
1402,180,205,0.37
1403,90,110,0.59
1404,0,40,0.97
1405,83,86,0.23
1406,15,44,1.07
1407,88,88,0.12
1408,42,111,3.99
1409,16,114,3.95
1410,188,207,0.26
1411,19,50,1.58
1412,304,329,0.26
1413,23,22,1.27
1414,34,18,0.49
1415,271,285,0.32
1416,0,348,1.37
1417,0,109,2.34
1418,158,159,0.27
1419,37,16,0.19
1420,17,67,1.54
1421,18,22,1.15
1422,164,166,0.39
1423,14,72,2.46
1424,12,46,1.79
1425,17,32,1.26
1426,345,359,0.40
1427,0,106,2.85
1428,71,100,0.27
1429,68,22,0.48
1430,0,29,0.37
1431,0,17,1.14
1432,51,176,1.81
1433,48,32,2.33
1434,97,98,0.48
1435,204,214,1.00
1436,19,30,1.90
1437,132,147,1.21
1438,258,289,0.45
1439,21,74,1.94
1440,78,81,0.13
1441,0,12,0.15
1442,33,37,0.15
1443,0,32,1.85
1444,0,52,1.72
1445,18,100,3.38
1446,24,125,4.52
1447,0,24,0.22
1448,217,248,0.28
1449,348,384,0.38
1450,0,144,5.80
1451,16,121,2.22
1452,0,0,0.00
1453,19,42,2.32
1454,187,242,0.42
1455,23,102,2.60
1456,128,168,1.01
1457,27,19,1.34
1458,36,106,3.17
1459,92,94,0.30
1460,0,19,0.68
1461,17,46,1.72
1462,140,303,0.44
1463,26,106,2.61
1464,99,103,0.23
1465,223,466,1.08
1466,23,105,1.36
1467,0,82,2.36
1468,93,97,0.24
1469,0,571,1.18
1470,0,38,2.75
1471,0,16,0.20
1472,196,204,0.26
1473,239,286,0.34
1474,30,50,1.07
1475,70,77,0.21
1476,18,58,3.31
1477,0,150,3.99
1478,17,19,0.75
1479,0,40,1.42
1480,22,27,0.61
1481,255,255,0.31
1482,577,1008,1.91
1483,0,62,2.64
1484,46,111,1.46
1485,300,315,0.23
1486,29,198,5.29
1487,51,28,2.49
1488,156,1098,2.16
1489,17,191,2.80
1490,190,209,0.48
1491,15,115,4.10
1492,0,104,2.38
1493,12,71,2.93
1494,49,61,1.16
1495,79,79,0.22
1496,158,190,0.51
1497,0,55,3.05
1498,69,70,0.15
1499,109,129,0.44
1500,116,221,0.45
1501,52,106,3.90
1502,68,185,0.94
1503,0,65,1.25
1504,123,135,0.39
1505,132,173,0.46
1506,11,41,2.21
1507,36,20,0.48
1508,14,32,1.89
1509,28,28,0.12
1510,209,221,0.71
1511,224,263,0.68
1512,356,368,0.81
1513,169,225,0.46
1514,21,149,5.58
1515,0,196,4.58
1516,0,61,1.91
1517,0,294,0.58
1518,91,232,0.36
1519,108,115,0.21
1520,56,25,0.41
1521,34,183,2.71
1522,45,195,3.57
1523,228,265,0.23
1524,77,653,3.17
1525,86,87,0.15
1526,66,51,0.82
1527,23,11,0.08
1528,27,42,0.47
1529,93,163,1.01
1530,19,143,2.63
1531,22,125,2.27
1532,0,190,5.13
1533,202,216,0.71
1534,48,76,0.34
1535,197,220,0.44
1536,118,153,0.38
1537,15,94,3.61
1538,21,153,4.31
1539,268,305,1.44
1540,677,688,1.12
1541,0,57,1.00
1542,0,20,0.38
1543,431,491,1.09
1544,84,85,0.16
1545,256,281,0.40
1546,23,91,4.55
1547,140,21,0.89
1548,73,74,0.16
1549,0,133,3.12
1550,12,61,1.49
1551,93,105,0.33
1552,0,178,3.99
1553,89,204,0.45
1554,13,178,2.97
1555,60,19,0.37
1556,0,27,0.56
1557,0,111,5.83
1558,302,358,0.36
1559,13,54,3.21
1560,319,15,0.31
1561,179,184,0.57
1562,0,27,0.91
1563,130,157,0.36
1564,13,22,0.37
1565,62,62,0.11
1566,24,214,1.26
1567,77,87,0.39
1568,205,222,0.44
1569,162,162,0.46
1570,23,42,1.45
1571,0,86,1.61
1572,445,565,1.28
1573,78,963,5.10
1574,0,149,6.77
1575,117,118,0.19
1576,158,177,0.36
1577,47,30,2.47
1578,18,13,0.53
1579,138,139,0.19
1580,191,213,0.48
1581,96,106,0.58
1582,46,15,0.43
1583,0,147,7.13
1584,44,63,2.16
1585,17,21,0.90
1586,143,155,0.38
1587,0,31,1.00
1588,0,133,3.35
1589,248,266,0.29
1590,0,145,4.33
1591,85,86,0.16
1592,28,18,0.50
1593,65,25,1.28
1594,0,171,5.46
1595,20,79,0.69
1596,0,102,4.98
1597,157,159,0.56
1598,115,118,0.17
1599,20,153,0.56
1600,221,416,0.68
1601,45,22,0.73
1602,0,61,1.36
1603,860,0,0.00
1604,20,127,2.90
1605,0,364,0.69
1606,20,16,0.54
1607,287,293,0.26
1608,63,266,1.89
1609,131,144,0.41
1610,0,90,3.24
1611,51,22,1.49
1612,77,78,0.31
1613,26,16,1.38
1614,0,143,2.66
1615,85,94,0.25
1616,15,137,3.57
1617,50,53,0.21
1618,0,61,1.89
1619,19,18,0.27
1620,96,119,0.27
1621,156,18,0.32
1622,0,127,3.38
1623,24,19,0.55
1624,0,142,2.48
1625,292,290,0.42
1626,0,112,0.58
1627,0,103,3.30
1628,97,32,2.40
1629,204,218,0.33
1630,0,70,4.60
1631,105,176,1.38
1632,41,101,2.70
1633,117,153,1.20
1634,205,16,0.59
1635,0,150,4.17
1636,108,118,0.24
1637,0,147,7.54
1638,260,259,1.03
1639,0,60,2.63
1640,113,114,0.23
1641,0,84,3.27
1642,16,20,0.68
1643,41,48,2.62
1644,99,528,3.00
1645,13,28,1.38
1646,85,236,0.50
1647,16,32,1.43
1648,69,69,0.14
1649,16,33,2.41
1650,13,20,0.48
1651,0,29,0.92
1652,168,432,0.49
1653,0,52,1.56
1654,138,139,0.20
1655,30,126,2.17
1656,0,129,2.56
1657,315,343,0.41
1658,21,102,1.29
1659,0,44,1.04
1660,117,126,0.26
1661,32,54,2.44
1662,230,435,1.04
1663,663,667,0.32
1664,21,42,1.70
1665,40,154,3.20
1666,26,139,2.57
1667,29,206,2.08
1668,233,246,0.48
1669,0,147,5.46
1670,0,169,4.20
1671,0,178,4.15
1672,16,31,2.16
1673,155,166,0.21
1674,91,108,1.72
1675,18,19,0.43
1676,0,31,2.05
1677,106,134,0.54
1678,0,0,0.00
1679,87,113,0.80
1680,20,143,5.69
1681,310,337,0.30
1682,38,841,0.60
1683,15,0,0.00
1684,21,55,2.10
1685,544,607,1.09
1686,143,25,0.58
1687,21,62,1.87
1688,126,672,0.62
1689,167,172,0.46
1690,30,30,0.42
1691,42,19,1.38
1692,29,126,1.79
1693,14,114,2.54
1694,0,44,2.40
1695,451,16,3.07
1696,62,22,0.40
1697,0,81,2.93
1698,64,64,0.14
1699,0,39,0.54
1700,102,106,0.16
1701,21,78,4.96
1702,32,15,0.52
1703,20,102,3.04
1704,57,28,1.51
1705,91,93,0.16
1706,17,19,0.47
1707,38,16,1.07
1708,95,97,0.13
1709,52,25,0.55
1710,50,30,0.66
1711,27,143,3.59
1712,45,29,1.04
1713,138,140,0.19
1714,43,43,0.13
1715,0,38,1.54
1716,35,66,1.90
1717,0,156,3.04
1718,178,187,0.46
1719,426,467,0.88
1720,0,122,2.72
1721,13,152,3.38
1722,0,0,0.00
1723,0,126,2.36
1724,11,16,0.98
1725,20,73,4.89
1726,24,57,1.59
1727,22,50,1.69
1728,38,143,4.53
1729,0,22,0.36
1730,186,680,1.97
1731,0,0,0.00
1732,232,252,0.27
1733,0,43,1.79
1734,613,746,1.13
1735,72,72,0.18
1736,383,402,0.53
1737,166,161,0.50
1738,12,156,4.16
1739,86,120,1.47
1740,399,524,1.00
1741,0,32,0.60
1742,190,206,0.70
1743,14,25,0.37
1744,76,139,0.48
1745,230,588,0.72
1746,72,90,0.53
1747,0,0,0.00
1748,65,25,1.35
1749,17,82,3.63
1750,375,378,0.97
1751,49,376,3.08
1752,0,147,2.69
1753,47,131,1.62
1754,69,35,1.57
1755,0,141,3.67
1756,123,125,0.15
1757,180,191,0.30
1758,0,12,0.47
1759,0,69,0.38
1760,14,25,0.10
1761,211,304,0.82
1762,28,21,2.13
1763,279,295,0.29
1764,0,29,0.58
1765,0,357,1.90
1766,219,223,0.73
1767,251,658,1.22
1768,18,72,2.48
1769,14,21,0.53
1770,0,432,0.27
1771,106,112,0.18
1772,20,171,2.83
1773,41,19,0.46
1774,17,129,4.88
1775,70,68,2.84
1776,183,320,0.56
1777,317,381,1.08
1778,394,584,1.37
1779,0,50,1.42
1780,0,0,0.00
1781,136,139,0.18
1782,47,48,2.52
1783,50,185,2.55
1784,14,26,0.47
1785,12,193,0.82
1786,40,148,6.49
1787,111,125,0.44
1788,15,67,2.49
1789,126,155,0.40
1790,164,176,1.32
1791,16,0,0.00
1792,0,107,2.66
1793,153,141,0.34
1794,51,44,2.30
1795,43,47,1.08
1796,0,122,2.34
1797,0,148,3.90
1798,0,165,3.65
1799,14,18,0.53
1800,58,34,1.43
1801,11,179,2.36
1802,21,118,3.13
1803,40,171,7.22
1804,37,38,0.19
1805,14,189,4.18
1806,24,153,3.24
1807,71,221,0.97
1808,0,62,2.66
1809,25,112,3.34
1810,192,197,0.65
1811,45,25,0.39
1812,0,44,3.14
1813,111,115,0.38
1814,178,231,0.39
1815,23,67,2.63
1816,64,16,1.31
1817,82,96,0.33
1818,122,122,0.22
1819,11,165,2.45
1820,1191,1252,1.05
1821,167,666,1.13
1822,0,118,5.33
1823,0,59,1.64
1824,484,492,1.10
1825,19,142,0.33
1826,0,154,3.29
1827,45,33,1.39
1828,20,180,3.68
1829,0,238,0.42
1830,57,164,2.28
1831,126,129,0.18
1832,0,155,2.68
1833,219,223,0.21
1834,0,34,1.14
1835,193,232,0.50
1836,56,78,1.81
1837,35,17,1.54
1838,79,91,0.36
1839,31,218,4.62
1840,18,121,3.07
1841,140,0,0.00
1842,426,421,0.61
1843,172,219,0.31
1844,20,149,4.16
1845,0,95,2.55
1846,39,166,3.39
1847,142,148,0.46
1848,201,202,0.38
1849,20,73,2.89
1850,110,110,0.16
1851,67,34,0.69
1852,192,222,1.08
1853,0,22,1.21
1854,104,113,0.34
1855,33,0,0.00
1856,79,79,0.11
1857,83,30,0.40
1858,38,97,3.46
1859,26,77,2.62
1860,15,100,2.57
1861,141,141,0.22
1862,30,105,3.50
1863,482,652,1.17
1864,147,160,0.33
1865,13,17,0.09
1866,0,82,3.62
1867,0,0,0.00
1868,28,56,2.63
1869,132,164,0.51
1870,204,219,0.54
1871,0,0,0.00
1872,0,25,1.39
1873,124,266,1.38
1874,625,672,1.13
1875,138,138,0.42
1876,17,61,1.86
1877,191,208,0.37
1878,0,101,3.67
1879,221,235,0.40
1880,335,359,0.27
1881,20,31,0.93
1882,92,92,0.39
1883,180,182,0.31
1884,16,386,0.39
1885,225,247,0.61
1886,0,54,2.24
1887,20,45,1.72
1888,94,96,0.13
1889,298,345,0.26
1890,174,177,0.47
1891,186,338,0.48
1892,0,100,0.20
1893,30,23,0.98
1894,0,144,3.39
1895,12,28,0.52
1896,0,103,2.94
1897,53,160,1.89
1898,64,207,3.81
1899,18,156,3.11
1900,116,134,1.45
1901,0,130,3.41
1902,0,68,0.24
1903,546,605,1.15
1904,0,56,1.29
1905,0,102,2.06
1906,140,163,0.52
1907,115,251,1.15
1908,0,210,0.23
1909,21,18,0.51
1910,0,116,1.12
1911,145,148,0.25
1912,0,110,1.84
1913,0,136,4.84
1914,237,272,0.29
1915,82,25,1.70
1916,42,158,2.66
1917,208,248,0.41
1918,0,0,0.00
1919,72,80,0.14
1920,17,20,0.75
1921,50,43,3.80
1922,0,19,0.27
1923,33,192,4.98
1924,28,17,0.34
1925,23,102,2.71
1926,53,65,0.46
1927,151,166,0.41
1928,75,163,2.48
1929,0,22,0.60
1930,192,482,0.52
1931,0,161,5.12
1932,208,221,0.47
1933,26,28,0.94
1934,128,169,0.48
1935,147,344,1.14
1936,0,40,1.58
1937,30,47,2.41
1938,15,176,4.12
1939,213,235,1.27
1940,14,106,3.38
1941,206,262,1.02
1942,209,247,1.49
1943,26,127,5.71
1944,22,30,1.05
1945,112,112,0.31
1946,18,519,2.45
1947,42,199,4.28
1948,98,103,0.41
1949,133,135,0.41
1950,21,70,3.37
1951,44,49,0.05
1952,66,14,0.46
1953,13,168,2.92
1954,116,21,0.36
1955,242,255,0.50
1956,51,0,0.00
1957,20,23,1.26
1958,181,308,0.51
1959,19,110,4.14
1960,88,92,0.99
1961,146,182,0.35
1962,434,46,0.35
1963,0,138,3.87
1964,15,23,0.96
1965,13,186,0.79
1966,0,109,1.22
1967,0,149,4.48
1968,150,150,0.27
1969,74,24,0.57
1970,15,113,2.63
1971,211,221,0.85
1972,38,121,4.68
1973,274,739,1.13
1974,22,87,3.13
1975,24,85,2.90
1976,464,474,0.44
1977,251,422,1.47
1978,181,196,0.49
1979,126,162,0.48
1980,0,33,1.75
1981,19,167,0.78
1982,23,46,2.11
1983,36,43,2.04
1984,20,70,2.97
1985,0,66,1.56
1986,35,177,3.68
1987,0,20,1.11
1988,95,106,0.40
1989,130,148,0.34
1990,24,123,3.11
1991,42,168,7.18
1992,13,123,2.24
1993,212,228,0.94
1994,15,200,6.87
1995,0,40,2.24
1996,51,16,0.41
1997,122,132,0.30
1998,198,674,2.04
1999,14,175,2.73
2000,0,147,5.09
2001,618,709,1.47
2002,140,140,0.69
2003,0,152,2.64
2004,34,24,0.90
2005,101,19,0.11
2006,15,126,2.00
2007,35,68,3.64
2008,31,0,0.00
2009,63,164,1.73
2010,15,20,0.28
2011,20,195,4.56
2012,182,13,0.13
2013,16,148,4.21
2014,104,18,0.57
2015,0,30,1.03
2016,14,16,1.01
2017,0,77,4.17
2018,67,15,0.37
2019,18,144,0.98
2020,172,190,0.50
2021,33,13,0.36
2022,0,36,1.53
2023,13,30,1.60
2024,0,143,2.55
2025,308,1183,0.76
2026,15,92,2.88
2027,0,17,1.25
2028,0,93,4.64
2029,129,129,0.22
2030,0,40,1.74
2031,154,154,0.30
2032,225,242,0.42
2033,21,35,1.76
2034,19,144,3.33
2035,24,141,5.41
2036,839,856,0.40
2037,36,168,5.35
2038,20,151,4.16
2039,0,55,1.68
2040,60,190,3.26
2041,282,307,0.41
2042,128,128,0.21
2043,33,25,0.99
2044,28,17,0.36
2045,560,592,1.10
2046,240,447,1.30
2047,33,17,0.52
2048,20,63,2.05
2049,216,261,0.40
2050,76,16,0.68
2051,42,55,0.09
2052,23,24,0.36
2053,44,164,3.73
2054,13,28,1.55
2055,213,12,0.20
2056,111,113,0.33
2057,19,59,3.45
2058,17,91,2.28
2059,150,305,0.38
2060,0,20,1.40
2061,0,135,4.55
2062,0,17,0.34
2063,106,113,0.15
2064,15,75,5.31
2065,331,360,1.04
2066,0,38,1.45
2067,29,44,0.59
2068,22,33,0.89
2069,124,149,1.21
2070,537,535,1.07
2071,186,18,0.44
2072,96,54,1.62
2073,233,575,1.09
2074,21,75,1.47
2075,148,159,1.62
2076,197,202,0.71
2077,19,37,1.09
2078,15,21,0.47
2079,21,114,3.31
2080,0,128,4.16
2081,165,301,1.05
2082,65,173,3.05
2083,21,41,0.50
2084,0,128,3.61
2085,234,268,0.31
2086,266,276,0.32
2087,34,20,0.71
2088,162,175,0.47
2089,13,86,3.15
2090,151,153,0.22
2091,0,113,3.11
2092,64,22,1.00
2093,163,268,0.49
2094,95,18,0.39
2095,124,147,0.36
2096,18,44,1.55
2097,114,134,1.95
2098,0,109,1.96
2099,128,133,0.38
2100,189,204,0.42
2101,53,186,3.53
2102,28,176,2.91
2103,239,257,0.28
2104,31,35,0.66
2105,19,24,0.90
2106,41,28,2.03
2107,45,17,0.83
2108,36,80,5.25
2109,93,127,0.30
2110,305,17,0.31
2111,0,24,0.56
2112,110,111,0.15
2113,0,38,2.18
2114,545,808,1.17
2115,23,39,1.62
2116,100,103,0.18
2117,17,31,0.43
2118,0,51,2.93
2119,18,15,0.64
2120,146,181,0.42
2121,19,36,2.57
2122,0,0,0.00
2123,28,189,1.99
2124,205,213,1.13
2125,0,757,4.81
2126,13,31,0.14
2127,71,75,0.39
2128,24,96,3.16
2129,128,278,0.40
2130,208,223,0.28
2131,44,34,1.46
2132,20,99,1.62
2133,12,151,4.73
2134,0,0,0.00
2135,15,56,1.42
2136,17,130,2.69
2137,103,27,0.91
2138,30,27,1.44
2139,21,36,0.45
2140,450,457,1.13
2141,19,79,0.41
2142,86,113,0.16
2143,0,48,2.21
2144,50,65,0.33
2145,17,141,3.03
2146,0,140,1.88
2147,0,267,0.47
2148,45,232,2.07
2149,14,62,3.69
2150,31,27,0.62
2151,18,93,2.14
2152,127,127,0.22
2153,21,65,2.12
2154,156,187,0.53
2155,0,15,0.91
2156,65,19,0.32
2157,0,43,1.08
2158,26,139,3.52
2159,296,324,0.25
2160,0,106,3.87
2161,74,97,0.49
2162,403,0,0.00
2163,0,48,0.84
2164,0,35,2.33
2165,0,93,2.65
2166,22,48,1.20
2167,293,700,1.19
2168,75,43,2.45
2169,12,26,0.37
2170,0,18,0.32
2171,0,103,1.65
2172,51,199,4.85
2173,35,160,3.01
2174,0,153,3.19
2175,94,99,0.26
2176,0,21,0.28
2177,93,23,1.10
2178,0,35,1.00
2179,0,55,3.40
2180,46,196,4.64
2181,195,204,0.46
2182,18,20,0.38
2183,0,22,0.58
2184,295,321,0.22
2185,69,203,3.71
2186,0,68,0.95
2187,180,471,1.14
2188,0,30,2.27
2189,143,18,0.23
2190,56,153,2.51
2191,243,271,0.48
2192,20,47,2.80
2193,261,273,0.34
2194,170,170,0.29
2195,18,26,1.02
2196,23,0,0.00
2197,71,71,0.27
2198,0,133,3.09
2199,152,190,0.22
2200,0,87,4.49
2201,197,460,1.20
2202,22,83,4.26
2203,0,60,0.36
2204,214,220,0.32
2205,55,19,1.24
2206,876,23,1.08
2207,18,152,3.53
2208,25,101,4.10
2209,99,103,0.19
2210,0,124,2.00
2211,0,24,0.12
2212,0,44,1.73
2213,17,23,0.37
2214,0,19,1.34
2215,0,22,0.54
2216,20,159,5.79
2217,0,0,0.00
2218,137,150,0.28
2219,22,95,2.49
2220,71,76,0.16
2221,54,30,0.58
2222,106,110,0.14
2223,0,0,0.00
2224,0,17,0.50
2225,355,371,0.71
2226,93,120,0.88
2227,187,17,0.86
2228,13,75,3.28
2229,17,141,2.83
2230,55,72,0.39
2231,0,82,1.96
2232,83,18,1.54
2233,38,15,1.94
2234,0,85,4.91
2235,118,138,0.53
2236,28,23,0.28
2237,19,120,3.35
2238,13,59,3.72
2239,0,65,3.29
2240,48,190,3.78
2241,267,508,0.64
2242,43,136,2.69
2243,25,78,2.51
2244,96,104,0.26
2245,129,150,0.49
2246,23,50,3.96
2247,19,64,3.56
2248,33,117,4.99
2249,25,155,2.80
2250,0,30,1.44
2251,0,12,0.29
2252,213,243,0.34
2253,100,121,0.28
2254,0,109,4.20
2255,15,229,5.77
2256,0,18,0.74
2257,248,260,0.28
2258,0,46,1.86
2259,155,188,0.38
2260,216,229,0.47
2261,45,171,2.51
2262,257,265,0.44
2263,0,95,4.37
2264,21,173,3.43
2265,22,49,1.56
2266,73,101,0.56
2267,83,88,0.40
2268,46,22,0.29
2269,237,273,0.57
2270,48,106,3.94
2271,45,41,0.30
2272,50,58,0.60
2273,82,87,0.13
2274,0,12,0.50
2275,71,72,0.12
2276,19,181,3.27
2277,0,154,3.36
2278,0,119,0.58
2279,17,14,1.05
2280,141,164,0.35
2281,96,916,1.72
2282,19,139,6.55
2283,0,0,0.00
2284,186,353,0.36
2285,0,144,4.36
2286,255,293,0.36
2287,188,292,0.37
2288,380,410,0.39
2289,167,651,1.10
2290,23,105,2.76
2291,34,12,0.29
2292,175,200,0.56
2293,59,16,0.41
2294,202,364,0.53
2295,42,31,1.04
2296,148,175,0.37
2297,196,386,0.34
2298,138,142,0.66
2299,0,156,5.52
2300,125,252,0.41
2301,263,772,0.55
2302,12,52,2.65
2303,14,80,2.84
2304,362,391,2.10
2305,21,121,3.46
2306,515,531,1.08
2307,254,523,0.86
2308,113,116,0.30
2309,20,152,3.78
2310,339,344,0.44
2311,0,107,5.51
2312,483,565,0.45
2313,0,191,7.13
2314,141,153,0.25
2315,0,177,0.41
2316,182,12,0.09
2317,0,193,4.48
2318,0,149,7.93
2319,24,40,2.32
2320,96,312,0.74
2321,0,86,2.21
2322,31,125,2.77
2323,84,84,0.26
2324,308,320,0.28
2325,95,126,0.29
2326,47,41,1.42
2327,0,344,0.26
2328,18,154,3.81
2329,184,16,0.56
2330,213,639,1.12
2331,0,137,2.85
2332,350,373,0.90
2333,24,20,1.09
2334,67,333,0.57
2335,37,39,0.15
2336,62,19,0.35
2337,179,17,1.18
2338,0,138,5.77
2339,80,88,0.36
2340,17,360,0.25
2341,406,17,0.34
2342,30,144,2.26
2343,0,140,2.06
2344,231,280,0.26
2345,189,321,0.28
2346,19,169,8.79
2347,0,23,1.59
2348,204,210,2.38
2349,19,204,4.65
2350,60,70,2.87
2351,0,22,0.45
2352,63,0,0.00
2353,38,212,0.31
2354,0,0,0.00
2355,250,283,0.52
2356,0,60,2.88
2357,21,13,0.50
2358,41,23,0.51
2359,28,25,0.58
2360,19,215,4.21
2361,18,147,5.29
2362,154,295,0.40
2363,154,152,0.32
2364,18,36,2.56
2365,92,97,0.21
2366,0,15,0.27
2367,166,174,0.61
2368,0,495,0.37
2369,0,119,4.69
2370,36,41,1.57
2371,16,37,1.84
2372,14,14,0.23
2373,75,102,0.36
2374,217,217,0.71
2375,126,132,0.25
2376,19,147,5.80
2377,0,171,4.07
2378,0,17,0.35
2379,0,97,2.61
2380,26,166,2.73
2381,18,200,0.78
2382,0,0,0.00
2383,19,73,1.47
2384,151,163,0.30
2385,114,244,0.95
2386,0,37,1.53
2387,23,35,0.59
2388,0,136,2.96
2389,11,87,6.49
2390,109,114,0.30
2391,35,101,2.47
2392,0,98,2.69
2393,204,220,0.11
2394,12,29,0.40
2395,0,52,3.00
2396,42,173,4.11
2397,32,166,3.25
2398,0,40,2.67
2399,23,54,0.51
2400,0,17,0.27
2401,32,112,0.64
2402,115,0,0.00
2403,221,856,0.54
2404,282,298,0.30
2405,16,43,1.11
2406,0,55,3.08
2407,213,221,0.59
2408,13,42,2.71
2409,20,109,2.90
2410,499,676,1.24
2411,675,680,1.14
2412,33,167,4.10
2413,18,167,3.44
2414,0,34,1.55
2415,127,197,0.43
2416,20,113,2.74
2417,145,208,0.31
2418,0,67,1.85
2419,0,27,0.47
2420,0,85,3.34
2421,32,25,0.37
2422,24,209,0.56
2423,0,27,3.35
2424,27,147,2.92
2425,0,0,0.00
2426,63,172,5.75
2427,213,249,0.38
2428,0,120,3.57
2429,63,356,1.81
2430,0,286,0.46
2431,85,36,1.76
2432,54,24,0.40
2433,22,45,2.15
2434,150,322,1.17
2435,243,81,0.42
2436,16,29,0.80
2437,149,151,0.25
2438,0,98,2.40
2439,132,136,1.14
2440,14,154,2.52
2441,134,167,0.40
2442,120,124,0.14
2443,0,116,3.67
2444,21,267,1.34
2445,26,22,0.68
2446,0,87,0.07
2447,13,62,1.68
2448,333,354,0.41
2449,0,94,1.92
2450,0,0,0.00
2451,0,86,4.17
2452,80,57,3.42
2453,39,44,0.21
2454,0,30,0.81
2455,208,220,0.26
2456,48,48,0.13
2457,128,128,0.81
2458,0,124,5.16
2459,0,76,0.90
2460,0,15,0.97
2461,629,907,0.48
2462,0,40,3.20
2463,14,50,1.51
2464,15,21,0.32
2465,12,26,0.38
2466,19,28,0.37
2467,109,123,0.42
2468,43,24,0.48
2469,0,35,1.13
2470,12,133,5.14
2471,205,647,1.07
2472,226,239,0.35
2473,24,116,3.22
2474,16,164,3.76
2475,58,37,2.26
2476,0,153,2.08
2477,143,81,0.14
2478,20,68,3.18
2479,16,83,3.72
2480,295,325,0.42
2481,22,36,1.00
2482,0,22,0.38
2483,326,337,0.29
2484,0,140,5.09
2485,59,66,0.12
2486,12,91,2.55
2487,118,129,0.71
2488,65,25,1.41
2489,0,27,0.40
2490,21,53,0.81
2491,149,172,0.78
2492,121,217,0.62
2493,115,19,0.36
2494,46,51,2.17
2495,133,148,0.30
2496,0,124,2.18
2497,208,513,1.12
2498,0,413,1.78
2499,0,134,3.86
2500,259,274,0.51
2501,142,144,0.25
2502,151,167,0.48
2503,0,102,3.92
2504,26,132,2.95
2505,434,924,0.48
2506,0,180,3.13
2507,0,111,4.08
2508,425,449,1.16
2509,18,68,4.01
2510,242,413,0.38
2511,125,125,0.19
2512,36,117,8.48
2513,28,212,1.86
2514,188,402,1.14
2515,0,81,3.67
2516,39,53,0.43
2517,0,108,3.79
2518,41,142,2.44
2519,100,106,0.41
2520,34,75,2.52
2521,0,106,0.82
2522,31,37,1.50
2523,24,72,2.50
2524,56,14,0.05
2525,436,0,0.00
2526,197,199,0.71
2527,18,28,2.52
2528,0,166,1.95
2529,96,14,0.56
2530,20,131,5.48
2531,24,199,4.22
2532,127,168,0.47
2533,22,19,0.67
2534,156,165,0.21
2535,184,486,1.07
2536,25,18,0.45
2537,0,101,3.23
2538,271,294,0.27
2539,0,134,5.42
2540,211,26,1.41
2541,0,112,3.07
2542,32,75,3.77
2543,54,15,0.42
2544,43,173,2.92
2545,49,209,3.66
2546,17,28,0.59
2547,18,86,4.32
2548,42,195,3.83
2549,133,19,0.06
2550,0,131,6.04
2551,18,23,1.42
2552,217,57,0.12
2553,0,123,3.06
2554,100,158,0.56
2555,13,82,1.77
2556,57,192,1.64
2557,340,347,1.05
2558,0,44,1.56
2559,63,57,5.60
2560,139,145,0.34
2561,162,166,0.43
2562,15,105,2.94
2563,17,30,0.65
2564,281,292,0.93
2565,161,164,0.39
2566,0,33,1.74
2567,87,24,1.46
2568,72,23,0.53
2569,51,28,0.80
2570,0,46,0.81
2571,12,37,1.36
2572,26,142,4.98
2573,356,370,0.26
2574,45,54,3.12
2575,11,20,0.40
2576,177,177,0.26
2577,21,47,1.97
2578,234,292,1.03
2579,11,18,1.04
2580,28,106,2.51
2581,56,187,2.89
2582,260,272,0.33
2583,33,68,2.54
2584,110,233,1.06
2585,18,101,2.01
2586,22,43,1.42
2587,48,169,3.56
2588,300,319,0.45
2589,291,1454,8.35
2590,24,112,4.73
2591,0,106,0.86
2592,28,22,0.93
2593,0,136,4.32
2594,52,19,0.31
2595,0,91,0.92
2596,317,324,0.29
2597,19,84,3.57
2598,257,559,0.54
2599,134,286,1.12
2600,28,86,1.58
2601,142,455,1.17
2602,29,46,2.32
2603,16,184,1.85
2604,32,27,1.77
2605,20,24,0.53
2606,0,62,3.90
2607,220,0,0.00
2608,429,490,0.40
2609,140,170,0.43
2610,0,38,1.85
2611,15,26,0.40
2612,17,19,1.67
2613,130,131,0.27
2614,25,96,1.95
2615,0,61,2.82
2616,13,138,3.09
2617,0,0,0.00
2618,134,139,0.22
2619,0,88,3.74
2620,0,50,2.81
2621,29,153,2.97
2622,0,19,0.64
2623,0,0,0.00
2624,16,114,2.83
2625,65,23,2.08
2626,70,24,1.41
2627,184,240,0.52
2628,0,142,5.01
2629,36,22,0.53
2630,22,19,0.53
2631,182,185,0.37
2632,24,24,1.62
2633,0,43,3.56
2634,225,227,0.38
2635,0,75,2.33
2636,179,422,1.17
2637,111,111,0.18
2638,15,39,1.74
2639,38,12,0.39
2640,164,196,0.59
2641,0,39,0.62
2642,35,24,2.99
2643,35,117,0.87
2644,0,105,4.31
2645,0,104,0.35
2646,0,47,0.18
2647,364,414,0.52
2648,121,145,0.38
2649,19,76,2.80
2650,31,41,1.43
2651,89,0,0.00
2652,22,23,0.98
2653,21,106,2.68
2654,49,135,2.32
2655,21,87,3.27
2656,48,34,1.24
2657,18,147,2.59
2658,0,17,0.34
2659,906,943,1.20
2660,36,160,2.20
2661,153,178,0.31
2662,0,28,1.01
2663,23,27,1.47
2664,64,15,0.56
2665,0,173,2.15
2666,342,687,0.36
2667,26,70,3.68
2668,141,583,1.19
2669,19,0,0.00
2670,116,124,0.69
2671,0,49,1.46
2672,63,72,0.38
2673,90,18,1.16
2674,0,124,3.49
2675,37,124,4.17
2676,0,52,1.05
2677,78,86,0.30
2678,509,534,0.99
2679,30,165,2.37
2680,40,202,2.51
2681,63,19,0.40
2682,41,164,6.51
2683,144,194,0.38
2684,255,269,0.29
2685,0,28,1.85
2686,59,0,0.00
2687,165,191,0.53
2688,14,18,0.28
2689,24,145,2.13
2690,13,51,2.41
2691,0,106,4.34
2692,180,186,0.69
2693,93,46,0.54
2694,20,47,1.47
2695,34,17,0.80
2696,78,82,0.26
2697,105,401,1.67
2698,0,20,1.98
2699,17,0,0.00
2700,123,127,0.31
2701,22,19,0.47
2702,157,171,0.62
2703,62,132,0.36
2704,183,389,0.97
2705,138,140,0.27
2706,143,149,0.38
2707,149,27,0.67
2708,0,0,0.00
2709,76,78,0.14
2710,140,140,0.25
2711,0,119,5.04
2712,186,22,1.37
2713,0,36,1.57
2714,161,360,0.99
2715,210,375,0.34
2716,0,20,0.39
2717,0,33,2.09
2718,44,164,4.61
2719,0,102,0.46
2720,152,297,0.87
2721,16,102,2.51
2722,0,72,2.94
2723,0,125,0.18
2724,33,256,2.03
2725,0,72,2.33
2726,17,20,2.07
2727,158,168,0.77
2728,12,13,0.37
2729,242,542,0.92
2730,0,23,2.13
2731,23,62,1.62
2732,0,19,0.45
2733,86,92,0.20
2734,0,0,0.00
2735,15,308,0.54
2736,0,18,1.15
2737,36,155,3.41
2738,321,339,0.39
2739,228,259,0.45
2740,0,138,3.65
2741,55,74,0.34
2742,35,18,0.57
2743,87,17,0.50
2744,25,0,0.00
2745,47,163,5.25
2746,14,84,2.27
2747,25,61,3.20
2748,58,11,0.14
2749,16,116,2.46
2750,11,22,0.50
2751,192,448,1.51
2752,27,98,1.89
2753,257,260,0.27
2754,174,20,1.48
2755,193,213,0.42
2756,12,21,1.08
2757,99,533,1.67
2758,21,166,2.19
2759,16,154,1.17
2760,13,113,2.15
2761,14,162,3.34
2762,37,995,0.72
2763,24,146,0.21
2764,19,146,2.67
2765,0,126,3.44
2766,40,76,0.43
2767,74,74,0.15
2768,178,356,1.40
2769,17,237,2.76
2770,31,152,0.98
2771,27,33,1.52
2772,0,53,1.20
2773,0,99,3.93
2774,86,22,1.21
2775,56,56,0.12
2776,21,154,3.77
2777,194,218,1.18
2778,61,17,0.44
2779,91,91,0.17
2780,14,47,0.91
2781,23,20,0.81
2782,0,30,1.09
2783,36,27,0.56
2784,99,21,0.58
2785,0,142,3.11
2786,261,279,0.38
2787,190,206,0.55
2788,184,25,0.39
2789,17,119,3.46
2790,71,76,0.41
2791,39,181,5.17
2792,0,23,0.90
2793,98,124,0.45
2794,97,121,1.35
2795,0,0,0.00
2796,0,101,2.64
2797,190,916,1.64
2798,41,18,0.27
2799,424,436,0.90
2800,16,21,1.47
2801,26,63,1.71
2802,214,233,0.60
2803,0,15,0.12
2804,23,124,2.42
2805,308,328,0.29
2806,88,114,0.28
2807,19,40,4.49
2808,188,197,0.41
2809,0,95,6.59
2810,21,14,0.43
2811,18,137,3.54
2812,19,61,2.56
2813,25,124,2.23
2814,121,123,0.44
2815,55,55,2.37
2816,0,52,2.98
2817,207,378,0.37
2818,156,162,0.35
2819,347,1936,4.62
2820,28,153,3.89
2821,36,40,0.60
2822,456,1036,3.23
2823,28,25,1.50
2824,183,191,0.37
2825,215,254,0.18
2826,17,147,3.03
2827,32,34,1.40
2828,37,60,0.22
2829,266,0,0.00
2830,30,168,3.95
2831,0,92,4.22
2832,0,91,0.94
2833,15,80,3.00
2834,232,252,1.58
2835,168,178,0.29
2836,165,204,0.27
2837,55,14,0.24
2838,19,62,2.44
2839,31,167,2.31
2840,29,15,0.90
2841,18,95,3.76
2842,0,131,4.57
2843,12,84,2.19
2844,0,89,0.35
2845,0,29,2.56
2846,17,166,2.02
2847,125,28,0.89
2848,0,42,3.41
2849,150,296,0.85
2850,17,29,0.60
2851,16,224,3.46
2852,194,197,0.32
2853,133,157,0.30
2854,19,85,4.39
2855,12,25,0.95
2856,226,240,0.34
2857,16,264,2.47
2858,37,115,4.17
2859,273,308,0.49
2860,86,12,0.94
2861,17,94,3.87
2862,87,95,0.74
2863,31,17,0.57
2864,0,15,0.34
2865,0,62,2.23
2866,250,605,1.12
2867,0,93,0.61
2868,48,20,0.77
2869,20,22,0.42
2870,0,85,2.98
2871,164,166,0.27
2872,43,189,4.16
2873,0,130,3.92
2874,0,30,0.87
2875,338,361,1.07
2876,141,17,0.19
2877,31,37,3.69
2878,99,99,0.21
2879,0,53,0.67
2880,174,195,0.53
2881,0,23,1.57
2882,68,75,0.30
2883,102,114,0.34
2884,0,45,0.94
2885,770,1155,1.20
2886,15,130,0.17
2887,244,298,0.44
2888,18,0,0.00
2889,103,104,0.17
2890,17,184,2.59
2891,33,157,4.90
2892,0,0,0.00
2893,110,15,0.49
2894,578,863,0.49
2895,186,28,0.73
2896,322,350,0.45
2897,15,116,3.90
2898,13,15,0.28
2899,178,28,0.60
2900,237,264,0.27
2901,22,138,3.51
2902,13,17,0.72
2903,172,257,0.28
2904,154,417,1.07
2905,0,15,1.43
2906,43,147,3.45
2907,0,0,0.00
2908,21,64,0.80
2909,38,185,4.53
2910,0,36,0.74
2911,161,173,0.68
2912,101,104,0.19
2913,22,91,1.81
2914,17,24,0.52
2915,15,23,2.44
2916,19,73,1.51
2917,102,103,0.16
2918,232,233,0.82
2919,0,57,0.66
2920,19,47,1.43
2921,35,81,2.91
2922,20,97,3.86
2923,54,19,0.68
2924,17,46,1.53
2925,106,33,0.48
2926,115,27,0.72
2927,241,674,1.21
2928,0,49,0.90
2929,203,520,1.13
2930,0,34,2.11
2931,56,20,0.30
2932,0,19,0.65
2933,101,110,0.28
2934,68,80,0.67
2935,83,23,0.32
2936,13,142,4.47
2937,24,148,4.49
2938,128,130,0.19
2939,92,18,0.44
2940,0,46,1.25
2941,38,0,0.00
2942,0,117,4.29
2943,12,31,0.67
2944,0,104,4.90
2945,54,26,1.61
2946,64,28,0.42
2947,105,99,0.42
2948,83,22,0.51
2949,134,249,0.95
2950,281,307,0.50
2951,160,192,0.54
2952,356,376,0.36
2953,0,153,2.54
2954,129,132,0.30
2955,84,87,0.20
2956,0,82,2.10
2957,166,174,0.49
2958,103,109,0.47
2959,37,200,4.19
2960,18,19,0.30
2961,0,24,2.30
2962,58,19,0.95
2963,153,272,0.42
2964,23,29,0.54
2965,136,2164,16.81
2966,20,47,0.73
2967,31,204,2.64
2968,230,652,1.11
2969,429,1650,2.20
2970,24,163,3.21
2971,0,0,0.00
2972,0,857,0.62
2973,544,547,0.42
2974,0,186,2.33
2975,0,33,0.89
2976,16,23,1.68
2977,118,134,0.33
2978,0,0,0.00
2979,0,119,2.28
2980,102,31,2.51
2981,364,382,0.36
2982,45,53,0.19
2983,19,16,0.33
2984,40,97,4.71
2985,0,42,0.53
2986,17,83,1.84
2987,111,122,0.27
2988,16,32,1.10
2989,46,187,4.90
2990,18,22,0.87
2991,22,23,0.65
2992,78,81,0.15
2993,35,14,0.26
2994,66,23,0.35
2995,0,25,0.98
2996,13,79,4.39
2997,14,177,2.56
2998,148,16,0.91
2999,16,48,1.08
3000,86,86,0.18
3001,159,162,0.84
3002,160,163,0.60
3003,0,27,1.05
3004,0,16,0.32
3005,76,19,0.72
3006,195,216,0.21
3007,0,21,0.47
3008,14,17,0.37
3009,0,118,5.32
3010,55,52,1.55
3011,0,46,1.54
3012,212,257,1.10
3013,0,15,0.37
3014,19,22,0.47
3015,208,22,1.01
3016,27,44,5.53
3017,0,169,3.86
3018,0,23,1.36
3019,0,72,3.23
3020,36,22,0.48
3021,21,19,0.63
3022,0,18,0.43
3023,0,0,0.00
3024,122,136,1.40
3025,74,179,0.64
3026,0,157,7.62
3027,32,80,1.90
3028,76,18,0.07
3029,524,607,1.22
3030,118,118,0.15
3031,421,444,1.11
3032,34,26,0.36
3033,0,26,2.29
3034,0,30,1.94
3035,245,496,0.47
3036,473,204,0.33
3037,127,130,0.34
3038,14,146,5.03
3039,67,93,0.33
3040,143,153,0.41
3041,0,23,0.54
3042,0,27,0.36
3043,33,20,0.38
3044,35,177,4.53
3045,59,203,2.64
3046,19,80,0.60
3047,0,136,1.39
3048,306,754,0.80
3049,187,14,0.10
3050,0,84,2.03
3051,109,109,0.28
3052,0,32,1.49
3053,94,123,0.30
3054,80,81,0.14
3055,204,456,0.67
3056,0,86,3.38
3057,50,189,2.57
3058,127,128,0.14
3059,59,63,5.11
3060,21,16,0.92
3061,0,67,4.01
3062,291,304,0.34
3063,24,25,0.45
3064,200,348,0.53
3065,159,171,0.37
3066,92,115,0.26
3067,152,18,0.96
3068,22,17,2.37
3069,171,11,0.44
3070,19,150,3.81
3071,228,231,0.89
3072,145,145,0.42
3073,0,19,0.22
3074,153,193,0.41
3075,179,183,0.20
3076,12,81,3.85
3077,154,161,0.30
3078,47,126,1.74
3079,302,327,0.26
3080,31,236,0.68
3081,0,24,0.36
3082,22,65,4.49
3083,34,345,2.94
3084,23,32,2.85
3085,282,303,0.24
3086,76,85,0.32
3087,0,134,2.20
3088,18,181,1.46
3089,242,564,1.01
3090,104,105,0.16
3091,137,156,0.38
3092,18,49,1.43
3093,34,47,0.46
3094,0,143,0.28
3095,89,20,0.48
3096,0,142,3.81
3097,0,24,0.46
3098,0,128,4.43
3099,90,19,0.44
3100,379,381,0.31
3101,0,21,1.27
3102,59,45,0.56
3103,63,17,0.22
3104,64,15,0.19
3105,0,148,3.72
3106,80,82,0.10
3107,11,72,3.63
3108,15,152,3.74
3109,0,0,0.00
3110,38,196,4.22
3111,275,312,0.38
3112,0,31,1.49
3113,198,198,0.25
3114,0,145,1.92
3115,57,57,0.14
3116,27,23,0.72
3117,0,80,1.92
3118,0,70,3.73
3119,158,197,0.40
3120,0,108,1.93
3121,15,20,0.43
3122,16,24,0.50
3123,12,93,1.37
3124,14,0,0.00
3125,0,16,1.26
3126,64,63,2.89
3127,0,17,0.16
3128,236,250,0.37
3129,168,224,0.30
3130,46,25,1.13
3131,0,24,1.76
3132,40,210,4.38
3133,0,25,0.59
3134,44,168,3.84
3135,112,333,2.13
3136,0,118,3.77
3137,0,581,0.44
3138,38,19,0.79
3139,105,118,0.38
3140,308,334,1.47
3141,0,0,0.00
3142,70,70,0.41
3143,78,78,0.13
3144,18,132,4.90
3145,289,1142,1.19
3146,168,171,0.21
3147,20,41,3.10
3148,0,111,4.72
3149,0,487,0.52
3150,183,307,0.51
3151,101,138,0.91
3152,56,121,0.11
3153,0,19,2.01
3154,93,19,2.08
3155,0,82,1.68
3156,163,306,0.44
3157,0,64,2.92
3158,150,151,0.24
3159,0,153,2.72
3160,0,45,2.02
3161,0,49,1.31
3162,74,24,0.99
3163,426,12,0.46
3164,42,26,1.32
3165,17,76,1.97
3166,80,230,1.82
3167,108,104,0.43
3168,14,24,0.82
3169,83,27,0.69
3170,185,186,0.34
3171,166,167,0.34
3172,106,107,0.19
3173,14,37,2.42
3174,268,277,0.53
3175,556,690,2.25
3176,348,348,0.36
3177,0,17,1.25
3178,97,101,0.51
3179,153,167,0.55
3180,0,163,5.98
3181,0,0,0.00
3182,37,164,2.94
3183,236,239,0.33
3184,84,87,0.22
3185,34,179,4.86
3186,363,373,1.02
3187,18,68,2.33
3188,0,168,2.43
3189,57,64,0.12
3190,71,85,0.24
3191,21,0,0.00
3192,204,412,0.78
3193,91,110,0.38
3194,223,233,0.71
3195,253,575,1.41
3196,41,17,1.11
3197,28,120,3.49
3198,27,15,0.26
3199,109,109,0.21
3200,141,160,2.90
3201,0,194,0.20
3202,229,462,0.61
3203,92,16,0.29
3204,262,297,0.47
3205,17,31,0.71
3206,157,157,0.56
3207,75,21,0.69
3208,97,102,0.33
3209,0,0,0.00
3210,240,253,0.30
3211,257,290,0.50
3212,0,105,4.20
3213,16,179,3.47
3214,42,165,1.81
3215,145,150,0.40
3216,29,586,0.33
3217,59,199,3.75
3218,0,139,2.27
3219,17,20,0.59
3220,160,177,0.32
3221,23,19,0.90
3222,19,126,2.48
3223,21,19,0.44
3224,51,0,0.00
3225,17,254,4.25
3226,215,229,0.28
3227,231,247,0.30
3228,60,42,1.61
3229,162,182,1.39
3230,79,81,0.29
3231,0,162,2.62
3232,26,33,1.60
3233,253,523,0.44
3234,53,17,0.47
3235,0,136,3.59
3236,0,122,4.00
3237,21,75,2.48
3238,487,1570,2.10
3239,10,0,0.00
3240,32,16,0.98
3241,0,18,0.99
3242,0,118,3.48
3243,301,336,0.29
3244,18,278,4.12
3245,95,111,0.32
3246,29,70,2.52
3247,0,98,0.73
3248,173,174,0.97
3249,29,51,1.64
3250,52,24,1.93
3251,91,91,0.15
3252,30,137,3.50
3253,153,20,0.34
3254,0,93,2.74
3255,0,16,1.41
3256,213,521,1.08
3257,23,155,3.98
3258,0,37,3.17
3259,153,186,0.38
3260,25,50,2.39
3261,37,89,3.77
3262,11,28,1.28
3263,0,126,2.90
3264,0,130,3.10
3265,55,75,0.66
3266,24,151,1.18
3267,22,130,3.25
3268,0,54,1.83
3269,215,217,0.96
3270,134,155,0.42
3271,0,38,0.93
3272,91,105,0.46
3273,21,149,3.30
3274,162,163,0.23
3275,230,695,1.11
3276,23,42,2.05
3277,99,254,0.58
3278,199,16,0.04
3279,15,44,2.53
3280,187,199,0.23
3281,19,31,1.66
3282,0,51,1.04
3283,67,70,0.09
3284,0,18,0.92
3285,56,204,1.00
3286,503,534,1.07
3287,51,180,6.37
3288,18,14,0.58
3289,96,112,0.23
3290,28,113,4.21
3291,0,85,3.54
3292,64,75,0.50
3293,0,21,0.31
3294,0,34,0.79
3295,40,33,0.90
3296,0,46,1.09
3297,345,355,0.31
3298,24,14,1.00
3299,14,169,2.53
3300,230,574,1.04
3301,35,175,4.76
3302,12,146,2.76
3303,94,122,0.42
3304,41,95,2.62
3305,18,96,3.04
3306,0,133,1.71
3307,21,18,0.51
3308,79,81,0.14
3309,166,240,0.46
3310,0,221,0.86
3311,16,102,3.00
3312,0,306,1.68
3313,26,193,3.53
3314,16,29,1.61
3315,0,113,4.86
3316,22,179,2.61
3317,74,29,0.94
3318,88,30,1.33
3319,41,52,1.54
3320,0,123,4.08
3321,25,21,0.55
3322,20,75,4.92
3323,0,53,3.08
3324,94,94,0.22
3325,42,23,1.35
3326,0,48,0.95
3327,35,27,0.63
3328,13,58,1.74
3329,12,27,1.48
3330,247,292,0.25
3331,25,106,2.54
3332,0,182,3.71
3333,0,22,0.67
3334,20,27,0.58
3335,562,584,0.33
3336,58,26,0.72
3337,17,54,1.44
3338,20,128,5.12
3339,160,310,0.95
3340,170,35,0.16
3341,130,17,0.59
3342,20,39,1.66
3343,43,181,5.54
3344,57,177,6.64
3345,229,248,0.28
3346,73,20,1.00
3347,28,49,0.61
3348,222,235,0.47
3349,21,152,4.03
3350,263,621,1.41
3351,118,144,0.35
3352,0,180,0.69
3353,0,50,2.27
3354,133,48,0.29
3355,275,1050,9.46
3356,21,78,3.54
3357,160,175,0.53
3358,101,102,0.20
3359,26,288,3.50
3360,322,355,0.41
3361,13,38,1.98
3362,0,119,2.25
3363,15,25,0.52
3364,167,190,0.32
3365,19,124,3.89
3366,114,116,0.35
3367,47,102,2.64
3368,18,100,6.63
3369,0,29,1.81
3370,268,294,0.30
3371,45,257,1.79
3372,28,138,2.95
3373,20,160,4.40
3374,47,184,3.91
3375,253,365,0.42
3376,20,78,1.94
3377,30,19,1.57
3378,104,109,1.50
3379,120,27,0.57
3380,0,130,3.10
3381,165,427,0.91
3382,27,105,1.17
3383,59,21,1.00
3384,99,117,0.41
3385,609,628,1.33
3386,27,66,3.23
3387,0,60,3.89
3388,50,86,2.29
3389,18,100,2.72
3390,31,43,0.45
3391,21,244,0.49
3392,0,29,1.30
3393,18,20,0.46
3394,17,39,0.66
3395,36,74,2.86
3396,14,0,0.00
3397,48,43,1.75
3398,16,115,3.02
3399,198,203,0.37
3400,54,15,0.40
3401,14,143,2.84
3402,20,144,0.48
3403,249,21,0.57
3404,37,43,1.04
3405,0,180,0.58
3406,26,129,2.56
3407,212,273,0.34
3408,146,470,1.08
3409,235,390,0.82
3410,0,28,0.94
3411,23,119,2.67
3412,39,30,4.38
3413,16,45,0.77
3414,59,0,0.00
3415,136,137,0.25
3416,95,102,0.36
3417,26,181,3.01
3418,21,116,4.04
3419,222,233,0.29
3420,65,35,1.48
3421,30,33,0.36
3422,31,214,5.86
3423,20,149,3.57
3424,0,108,3.47
3425,26,163,1.66
3426,0,20,1.27
3427,22,84,1.87
3428,0,198,3.23
3429,18,413,0.54
3430,23,32,1.72
3431,92,101,0.22
3432,0,0,0.00
3433,45,167,3.10
3434,0,35,1.72
3435,0,124,2.47
3436,161,174,0.33
3437,273,127,0.35
3438,73,80,0.53
3439,230,235,0.36
3440,12,117,2.45
3441,240,244,0.23
3442,292,315,0.33
3443,256,290,0.30
3444,14,79,3.39
3445,0,51,2.61
3446,15,59,0.64
3447,812,1090,0.66
3448,15,142,3.10
3449,81,81,0.17
3450,19,145,4.27
3451,73,25,0.42
3452,14,16,0.55
3453,29,63,1.62
3454,16,182,3.57
3455,69,32,1.45
3456,168,20,0.31
3457,13,196,0.38
3458,54,11,0.04
3459,21,145,3.23
3460,106,125,0.31
3461,837,896,1.22
3462,65,309,0.67
3463,31,181,2.46
3464,13,136,2.51
3465,21,163,2.39
3466,34,109,3.78
3467,111,114,0.17
3468,18,26,0.52
3469,0,136,4.17
3470,241,15,0.27
3471,26,18,1.17
3472,25,24,1.07
3473,57,252,5.84
3474,128,150,0.49
3475,17,21,0.88
3476,0,39,1.82
3477,35,23,0.92
3478,214,258,0.34
3479,184,23,2.09
3480,16,152,5.53
3481,16,28,0.50
3482,25,135,2.84
3483,18,52,1.64
3484,25,36,1.02
3485,172,194,0.32
3486,167,208,0.36
3487,0,16,0.36
3488,19,12,0.22
3489,271,375,0.79
3490,37,23,0.41
3491,0,74,2.76
3492,13,130,2.87
3493,24,124,1.94
3494,83,101,0.55
3495,0,16,0.37
3496,0,145,3.47
3497,26,67,4.69
3498,113,133,0.33
3499,0,132,4.24
3500,263,275,0.24
3501,0,16,0.63
3502,22,85,2.47
3503,19,43,1.47
3504,18,150,4.31
3505,115,129,0.37
3506,173,328,0.29
3507,121,123,0.17
3508,65,66,0.14
3509,0,21,0.70
3510,142,156,0.49
3511,26,49,2.14
3512,61,75,0.37
3513,60,26,0.91
3514,42,59,0.93
3515,0,104,3.82
3516,491,538,1.09
3517,44,152,1.61
3518,0,28,1.39
3519,0,83,0.12
3520,33,34,0.57
3521,18,15,0.54
3522,0,43,2.58
3523,207,216,1.30
3524,0,171,2.17
3525,326,358,0.27
3526,18,75,2.68
3527,0,0,0.00
3528,16,29,1.14
3529,22,26,1.43
3530,25,14,0.36
3531,39,105,2.80
3532,19,116,3.15
3533,272,291,0.36
3534,29,189,4.17
3535,151,177,1.16
3536,20,101,2.45
3537,16,43,2.51
3538,92,371,0.71
3539,182,234,1.28
3540,165,571,0.34
3541,76,78,0.20
3542,75,156,1.33
3543,197,206,0.28
3544,0,153,5.93
3545,139,312,1.15
3546,47,23,0.38
3547,13,17,0.34
3548,246,698,1.18
3549,119,152,0.36
3550,104,119,0.55
3551,0,146,2.90
3552,0,125,2.64
3553,121,366,0.51
3554,69,0,0.00
3555,39,95,1.92
3556,81,15,0.28
3557,14,183,3.65
3558,0,29,2.72
3559,21,174,3.67
3560,0,37,0.59
3561,685,727,1.25
3562,102,102,0.18
3563,27,198,6.22
3564,85,15,0.22
3565,0,151,5.86
3566,39,529,0.74
3567,267,283,0.25
3568,66,66,0.37
3569,48,222,5.11
3570,0,21,0.24
3571,0,13,0.40
3572,100,100,0.15
3573,0,0,0.00
3574,37,113,2.24
3575,101,114,0.18
3576,17,141,6.04
3577,65,39,2.07
3578,114,138,0.22
3579,0,0,0.00
3580,0,163,0.99
3581,0,131,4.50
3582,83,90,0.31
3583,19,22,0.52
3584,0,40,1.59
3585,0,56,3.28
3586,133,135,0.42
3587,0,164,2.86
3588,0,72,3.86
3589,84,86,0.19
3590,16,129,1.99
3591,509,542,1.10
3592,108,110,0.17
3593,0,152,4.22
3594,17,31,0.28
3595,135,154,0.48
3596,47,156,4.16
3597,198,230,0.34
3598,108,209,0.78
3599,0,151,3.20
3600,40,197,2.28
3601,16,28,2.09
3602,178,231,0.38
3603,61,63,0.15
3604,0,16,0.50
3605,68,681,0.57
3606,35,42,1.59
3607,0,26,1.58
3608,25,36,2.23
3609,593,955,0.39
3610,448,447,0.52
3611,168,186,0.58
3612,327,328,0.97
3613,16,142,4.54
3614,103,103,0.11
3615,36,64,1.47
3616,81,81,0.29
3617,14,152,3.24
3618,220,233,1.37
3619,0,19,1.49
3620,23,51,2.40
3621,346,1708,13.87
3622,189,190,0.21
3623,15,113,2.29
3624,128,218,0.31
3625,0,148,3.24
3626,129,145,0.51
3627,20,86,2.26
3628,0,0,0.00
3629,377,390,0.29
3630,0,67,2.37
3631,181,546,2.90
3632,15,94,2.18
3633,32,178,3.16
3634,0,30,0.49
3635,92,25,0.39
3636,0,115,4.82
3637,175,178,0.28
3638,43,107,4.55
3639,0,17,0.31
3640,18,125,2.09
3641,20,15,0.40
3642,18,343,4.17
3643,24,17,1.03
3644,0,182,4.96
3645,0,25,1.01
3646,0,117,3.57
3647,32,46,1.67
3648,74,29,0.69
3649,99,13,0.53
3650,69,18,0.53
3651,239,254,1.63
3652,79,17,0.75
3653,22,93,0.77
3654,0,153,4.21
3655,25,145,4.60
3656,642,731,1.12
3657,92,21,0.31
3658,18,148,3.11
3659,281,81,0.16
3660,70,90,0.23
3661,0,72,1.90
3662,0,34,1.16
3663,0,56,2.47
3664,27,120,5.18
3665,0,292,0.83
3666,43,162,2.37
3667,14,27,0.68
3668,0,29,1.60
3669,16,63,2.09
3670,129,131,0.22
3671,0,29,2.09
3672,0,27,0.65
3673,0,21,1.47
3674,34,27,2.01
3675,0,31,0.77
3676,135,17,0.27
3677,18,136,5.65
3678,32,96,1.75
3679,31,158,2.39
3680,0,11,0.42
3681,0,147,4.02
3682,0,124,3.13
3683,69,72,0.13
3684,66,31,0.53
3685,24,29,2.01
3686,35,51,3.13
3687,51,88,3.35
3688,21,78,1.71
3689,16,102,2.24
3690,17,23,0.47
3691,73,16,0.39
3692,123,169,0.25
3693,32,19,0.52
3694,17,0,0.00
3695,0,46,1.94
3696,230,230,0.70
3697,104,275,1.03
3698,383,421,0.28
3699,91,225,1.68
3700,30,66,5.00
3701,0,64,1.93
3702,195,197,0.40
3703,92,97,0.35
3704,16,30,1.14
3705,164,171,0.32
3706,203,210,0.58
3707,15,45,1.36
3708,0,54,1.05
3709,123,16,0.53
3710,285,308,0.32
3711,15,145,2.56
3712,314,337,0.29
3713,23,111,6.22
3714,0,18,0.46
3715,15,63,2.37
3716,32,77,1.60
3717,0,96,4.47
3718,48,0,0.00
3719,112,129,0.22
3720,13,83,2.21
3721,92,117,0.76
3722,0,16,0.30
3723,301,319,0.35
3724,13,18,0.23
3725,166,261,0.94
3726,15,98,3.05
3727,215,392,1.09
3728,0,30,2.00
3729,165,336,0.42
3730,18,15,0.32
3731,102,106,1.07
3732,0,119,2.65
3733,236,292,1.44
3734,0,14,0.02
3735,151,153,0.68
3736,138,139,0.17
3737,216,549,1.15
3738,20,52,2.39
3739,0,28,0.09
3740,53,27,0.51
3741,0,0,0.00
3742,14,122,7.34
3743,0,433,0.37
3744,24,151,4.71
3745,272,284,0.35
3746,117,287,0.57
3747,0,21,0.73
3748,15,38,1.23
3749,90,94,0.14
3750,15,160,0.63
3751,269,287,0.52
3752,27,214,7.04
3753,0,15,0.48
3754,28,104,1.79
3755,103,105,0.31
3756,238,249,0.38
3757,103,14,0.38
3758,21,102,2.65
3759,0,427,0.69
3760,604,652,1.32
3761,41,212,4.43
3762,20,132,4.13
3763,22,78,3.28
3764,46,16,1.66
3765,0,43,1.52
3766,218,331,0.28
3767,0,130,2.14
3768,147,828,1.47
3769,22,213,3.39
3770,0,133,4.58
3771,124,129,0.39
3772,19,22,2.19
3773,0,72,4.68
3774,23,25,1.34
3775,0,35,1.43
3776,0,36,1.27
3777,146,165,2.32
3778,188,205,0.36
3779,148,185,1.59
3780,65,147,1.62
3781,16,102,2.38
3782,143,415,1.03
3783,33,77,5.50
3784,15,13,0.44
3785,117,137,0.37
3786,33,159,2.89
3787,33,16,0.52
3788,14,58,4.49
3789,0,33,1.50
3790,81,185,0.96
3791,33,144,6.90
3792,0,47,1.00
3793,220,851,1.14
3794,27,22,1.78
3795,80,102,0.24
3796,0,34,1.01
3797,0,11,0.07
3798,36,27,1.66
3799,0,110,2.91
3800,0,20,0.08
3801,24,31,0.47
3802,0,18,0.32
3803,0,158,2.69
3804,0,16,0.92
3805,352,400,0.67
3806,49,18,0.36
3807,18,166,3.57
3808,250,282,0.42
3809,0,26,3.36
3810,223,279,2.00
3811,28,89,5.41
3812,190,194,0.28
3813,0,80,7.08
3814,401,428,0.45
3815,244,249,1.00
3816,0,90,2.42
3817,17,33,1.72
3818,82,101,0.19
3819,17,135,4.40
3820,567,901,1.42
3821,226,241,0.95
3822,71,98,0.51
3823,31,22,1.42
3824,0,130,2.86
3825,124,136,0.37
3826,0,21,0.48
3827,223,227,0.61
3828,24,97,2.45
3829,14,233,1.51
3830,0,140,5.63
3831,0,33,1.00
3832,62,18,1.41
3833,274,981,10.56
3834,152,177,1.00
3835,30,22,1.51
3836,119,131,0.27
3837,41,170,3.35
3838,0,108,2.12
3839,11,25,1.82
3840,0,23,1.33
3841,315,222,0.67
3842,81,84,0.31
3843,0,19,0.61
3844,138,148,0.31
3845,33,24,1.30
3846,0,13,0.47
3847,19,95,4.37
3848,249,332,0.58
3849,78,119,0.41
3850,94,68,0.16
3851,0,111,1.52
3852,33,26,0.90
3853,47,34,1.77
3854,0,21,1.51
3855,153,157,0.92
3856,47,169,2.32
3857,56,24,0.67
3858,86,98,0.64
3859,0,15,0.43
3860,22,165,3.88
3861,14,56,0.12
3862,69,27,1.04
3863,14,25,1.27
3864,39,93,5.14
3865,31,98,4.83
3866,15,14,1.19
3867,70,35,1.12
3868,17,115,3.39
3869,114,126,0.76
3870,33,16,0.65
3871,30,65,0.56
3872,26,26,2.01
3873,18,37,1.03
3874,0,0,0.00
3875,0,151,3.20
3876,112,307,0.52
3877,21,165,0.63
3878,80,327,0.92
3879,0,75,1.51
3880,55,47,0.51
3881,34,21,0.90
3882,0,30,2.36
3883,59,231,0.97
3884,18,147,2.47
3885,20,14,0.25
3886,12,15,0.39
3887,20,153,0.66
3888,169,211,0.47
3889,175,177,0.40
3890,15,97,2.10
3891,0,91,0.17
3892,0,144,4.28
3893,187,190,0.51
3894,77,78,0.20
3895,166,330,1.05
3896,13,49,0.48
3897,33,97,2.05
3898,16,50,1.01
3899,205,223,0.34
3900,58,84,0.42
3901,123,151,0.46
3902,0,17,0.32
3903,196,549,1.52
3904,149,180,0.46
3905,0,16,1.41
3906,433,821,1.27
3907,0,123,2.78
3908,14,74,2.10
3909,317,334,0.30
3910,25,19,0.49
3911,14,149,4.47
3912,121,130,0.42
3913,129,137,0.26
3914,136,138,0.25
3915,46,16,0.44
3916,176,190,0.94
3917,0,127,2.58
3918,149,157,0.37
3919,0,105,6.77
3920,105,137,0.54
3921,18,46,2.10
3922,36,216,3.95
3923,141,386,1.21
3924,280,293,0.26
3925,248,258,0.27
3926,878,905,1.26
3927,14,26,0.54
3928,202,204,0.42
3929,57,20,0.61
3930,0,156,3.44
3931,16,80,3.45
3932,0,131,4.19
3933,383,1077,1.17
3934,13,25,0.59
3935,21,77,3.53
3936,461,15,0.15
3937,21,19,0.37
3938,144,144,0.59
3939,0,150,3.88
3940,148,303,3.66
3941,37,140,3.59
3942,18,104,3.05
3943,28,160,3.98
3944,89,16,0.28
3945,25,35,0.78
3946,35,118,2.82
3947,160,166,0.24
3948,48,58,2.63
3949,0,18,1.09
3950,17,32,1.71
3951,0,93,4.17
3952,177,178,0.67
3953,104,238,0.97
3954,130,449,1.14
3955,229,236,0.34
3956,56,26,1.11
3957,110,119,0.59
3958,197,214,0.52
3959,22,122,4.87
3960,195,199,0.41
3961,0,191,5.28
3962,43,128,2.73
3963,150,158,0.97
3964,39,42,0.15
3965,19,23,0.52
3966,0,33,0.48
3967,23,127,2.54
3968,0,182,5.51
3969,86,120,0.36
3970,60,27,1.39
3971,0,44,0.73
3972,20,85,1.99
3973,118,125,0.26
3974,32,125,5.19
3975,20,23,0.67
3976,141,416,1.70
3977,25,18,0.68
3978,0,129,3.92
3979,0,31,0.89
3980,33,29,1.20
3981,0,125,4.39
3982,457,480,1.15
3983,0,132,2.00
3984,0,15,0.39
3985,0,17,1.58
3986,0,87,4.39
3987,21,16,0.28
3988,23,32,0.71
3989,0,127,1.08
3990,135,138,0.28
3991,28,23,0.95
3992,14,55,2.01
3993,34,41,3.86
3994,0,72,1.37
3995,28,74,2.39
3996,53,20,0.40
3997,26,313,0.62
3998,38,32,1.65
3999,82,93,0.50
4000,0,36,1.03
4001,194,195,0.64
4002,140,158,0.33
4003,22,49,2.52
4004,16,172,0.56
4005,67,20,0.68
4006,0,18,0.39
4007,235,340,0.33
4008,44,22,0.48
4009,103,113,0.36
4010,58,60,0.36
4011,25,76,3.88
4012,300,325,0.94
4013,0,12,0.61
4014,136,156,0.45
4015,26,98,4.11
4016,631,975,0.45
4017,18,232,2.07
4018,310,336,0.36
4019,0,140,4.26
4020,17,20,0.34
4021,0,19,0.32
4022,68,78,0.47
4023,22,162,4.73
4024,0,135,3.22
4025,93,111,0.36
4026,0,167,4.11
4027,25,164,1.93
4028,330,337,0.41
4029,19,108,4.34
4030,12,25,0.78
4031,26,65,2.12
4032,260,598,0.73
4033,28,55,2.89
4034,23,34,1.71
4035,34,14,0.32
4036,324,24,1.50
4037,0,43,0.79
4038,27,163,4.64
4039,27,160,4.44
4040,27,18,0.41
4041,19,31,1.91
4042,219,262,1.07
4043,0,0,0.00
4044,0,151,8.88
4045,82,26,0.75
4046,178,197,0.34
4047,0,116,3.21
4048,36,25,1.05
4049,16,29,1.27
4050,95,100,0.32
4051,22,18,0.45
4052,318,341,0.29
4053,0,82,1.89
4054,233,282,1.98
4055,207,246,0.26
4056,440,451,0.46
4057,0,0,0.00
4058,0,0,0.00
4059,0,14,0.95
4060,335,339,0.42
4061,70,73,0.17
4062,15,24,1.06
4063,0,126,3.45
4064,230,240,0.59
4065,0,122,3.71
4066,23,157,2.79
4067,18,41,1.48
4068,108,111,0.29
4069,0,25,1.23
4070,0,127,4.04
4071,101,104,0.15
4072,850,922,10.28
4073,97,97,0.15
4074,16,96,0.62
4075,0,125,3.14
4076,25,33,0.59
4077,49,18,1.41
4078,340,371,0.35
4079,18,31,2.14
4080,133,133,0.22
4081,145,21,0.41
4082,0,108,3.90
4083,70,78,0.36
4084,18,32,1.92
4085,19,83,1.98
4086,39,21,1.98
4087,0,87,0.13
4088,0,37,1.23
4089,32,208,2.62
4090,31,25,0.52
4091,234,278,0.85
4092,65,201,3.84
4093,0,64,4.15
4094,15,65,2.11
4095,17,346,2.13
4096,25,56,2.55
4097,0,161,3.68
4098,102,118,1.38
4099,75,30,2.63
4100,29,140,2.29
4101,21,51,1.52
4102,21,479,0.98
4103,98,35,0.69
4104,0,116,1.14
4105,0,19,1.32
4106,134,142,0.29
4107,122,163,0.31
4108,19,47,1.29
4109,0,143,3.51
4110,35,23,1.59
4111,95,95,0.13
4112,122,233,0.97
4113,149,174,0.56
4114,0,92,4.13
4115,32,195,4.38
4116,0,106,4.73
4117,31,213,3.05
4118,21,15,0.60
4119,0,139,2.70
4120,194,262,0.32
4121,244,669,1.10
4122,135,149,0.42
4123,65,147,0.51
4124,18,92,0.44
4125,0,81,1.68
4126,207,395,0.33
4127,26,28,0.37
4128,19,83,3.31
4129,66,66,0.50
4130,34,158,2.83
4131,111,111,0.33
4132,14,32,0.48
4133,20,115,4.17
4134,172,184,0.39
4135,191,506,1.08
4136,0,34,1.48
4137,93,17,0.52
4138,34,170,2.53
4139,32,201,4.42
4140,40,27,1.09
4141,343,355,1.08
4142,148,155,0.27
4143,51,19,1.41
4144,0,76,3.70
4145,37,39,0.88
4146,79,117,0.55
4147,16,59,1.06
4148,126,266,0.34
4149,64,206,0.35
4150,54,22,0.46
4151,0,154,2.52
4152,111,28,0.55
4153,43,58,0.59
4154,263,328,0.60
4155,208,239,0.37
4156,135,210,0.78
4157,28,74,5.64
4158,42,40,3.27
4159,0,44,1.26
4160,18,68,2.82
4161,214,220,0.35
4162,39,153,4.25
4163,0,82,1.45
4164,31,30,1.59
4165,37,30,0.61
4166,476,600,0.36
4167,21,36,1.04
4168,195,364,0.49
4169,153,168,0.28
4170,45,22,0.47
4171,0,15,0.74
4172,0,13,0.21
4173,152,153,0.25
4174,0,103,3.08
4175,0,30,1.64
4176,195,652,0.68
4177,90,91,0.13
4178,28,44,2.68
4179,50,17,1.07
4180,265,312,0.38
4181,0,46,2.36
4182,0,159,3.70
4183,298,189,0.24
4184,298,689,1.14
4185,14,31,0.50
4186,117,143,0.43
4187,20,164,2.29
4188,20,103,3.95
4189,254,471,0.46
4190,21,208,4.10
4191,29,153,4.56
4192,198,344,0.96
4193,123,125,0.22
4194,0,179,4.41
4195,110,118,0.28
4196,0,16,0.24
4197,10,37,2.82
4198,0,19,1.01
4199,0,50,1.47
4200,46,49,0.22
4201,304,341,0.43
4202,41,97,3.01
4203,0,40,1.85
4204,71,381,0.79
4205,20,81,2.79
4206,0,160,1.81
4207,50,180,4.51
4208,0,28,0.95
4209,46,30,0.55
4210,34,28,0.65
4211,20,17,0.59
4212,72,173,1.48
4213,0,118,3.23
4214,0,33,0.81
4215,61,35,2.71
4216,0,94,3.92
4217,82,104,0.28
4218,0,26,1.08
4219,19,63,3.57
4220,131,179,1.77
4221,235,252,0.28
4222,0,164,5.19
4223,21,22,1.81
4224,255,283,0.25
4225,0,218,0.79
4226,19,32,2.28
4227,84,89,1.09
4228,0,108,0.75
4229,52,220,0.52
4230,0,44,0.84
4231,28,171,0.46
4232,0,112,2.65
4233,15,21,0.84
4234,99,327,1.29
4235,190,375,0.39
4236,39,168,2.38
4237,0,144,7.20
4238,203,591,1.21
4239,125,135,0.40
4240,0,47,2.85
4241,24,71,4.71
4242,46,311,4.08
4243,17,191,5.78
4244,0,145,3.56
4245,195,386,0.46
4246,22,30,0.92
4247,0,78,2.71
4248,89,91,0.17
4249,71,89,0.34
4250,0,137,2.47
4251,65,17,0.27
4252,178,178,0.71
4253,0,182,2.57
4254,29,61,1.74
4255,0,39,1.84
4256,17,13,0.14
4257,133,18,0.40
4258,14,33,0.50
4259,311,327,0.27
4260,74,19,1.19
4261,38,57,2.65
4262,188,202,0.42
4263,0,120,4.33
4264,15,169,4.45
4265,0,44,2.28
4266,24,121,5.08
4267,31,165,2.60
4268,91,97,0.33
4269,233,244,0.41
4270,80,149,1.31
4271,22,140,3.76
4272,22,153,4.07
4273,127,149,0.39
4274,15,16,0.44
4275,85,16,0.37
4276,513,526,1.15
4277,36,31,2.09
4278,86,86,0.14
4279,17,55,1.61
4280,222,226,0.30
4281,123,22,0.93
4282,121,131,0.31
4283,26,226,2.81
4284,170,198,1.07
4285,15,64,1.48
4286,15,162,0.56
4287,100,104,0.45
4288,67,55,2.11
4289,27,20,2.26
4290,588,662,1.11
4291,0,149,6.28
4292,28,155,0.65
4293,16,34,0.72
4294,0,148,3.39
4295,103,103,0.17
4296,11,249,0.37
4297,20,23,0.38
4298,13,101,2.29
4299,139,140,0.22
4300,198,205,0.78
4301,171,666,1.16
4302,143,144,0.24
4303,23,124,3.82
4304,132,138,0.44
4305,31,12,0.20
4306,15,43,2.81
4307,0,0,0.00
4308,18,144,2.89
4309,109,118,0.29
4310,0,13,0.51
4311,15,110,3.11
4312,141,153,0.48
4313,163,166,0.28
4314,111,135,0.45
4315,0,32,0.81
4316,105,109,0.23
4317,139,154,0.40
4318,20,93,1.76
4319,258,19,1.47
4320,216,302,0.41
4321,39,196,5.75
4322,22,60,2.58
4323,192,200,0.30
4324,34,0,0.00
4325,0,131,3.43
4326,0,125,4.26
4327,82,274,0.45
4328,0,21,1.01
4329,0,125,4.28
4330,142,144,0.22
4331,0,24,0.38
4332,175,22,1.12
4333,26,166,1.32
4334,105,109,0.25
4335,154,26,0.42
4336,0,37,2.47
4337,254,74,0.39
4338,16,170,2.19
4339,146,294,0.36
4340,68,193,1.85
4341,21,41,0.74
4342,0,62,3.14
4343,0,130,2.60
4344,31,181,2.54
4345,620,733,1.19
4346,17,84,3.63
4347,173,190,0.57
4348,66,37,1.96
4349,29,19,1.30
4350,278,515,0.38
4351,0,171,3.43
4352,22,130,6.12
4353,99,100,0.15
4354,20,22,0.63
4355,21,126,2.48
4356,223,225,0.39
4357,111,129,0.42
4358,17,122,1.38
4359,36,27,0.87
4360,0,50,2.56
4361,0,179,2.50
4362,191,350,0.26
4363,0,114,4.01
4364,0,356,0.42
4365,17,105,4.69
4366,263,589,1.12
4367,75,91,0.51
4368,142,144,0.37
4369,243,304,0.61
4370,0,13,0.51
4371,33,165,2.83
4372,276,277,0.96
4373,79,34,0.43
4374,0,49,1.29
4375,16,191,2.06
4376,89,91,0.17
4377,285,346,0.33
4378,14,156,2.70
4379,236,271,0.38
4380,197,498,1.01
4381,110,115,0.32
4382,152,198,0.32
4383,23,58,0.70
4384,125,244,0.96
4385,908,920,0.50
4386,19,28,1.71
4387,53,190,5.39
4388,50,236,4.88
4389,162,16,0.41
4390,0,131,1.87
4391,0,66,2.45
4392,66,34,0.75
4393,18,22,2.46
4394,17,136,1.95
4395,101,109,0.42
4396,170,178,0.40
4397,12,19,0.45
4398,14,151,0.53
4399,18,30,0.33
4400,79,105,0.28
4401,0,151,0.66
4402,0,88,2.10
4403,20,56,4.05
4404,19,79,3.15
4405,37,22,0.90
4406,16,75,4.70
4407,93,98,0.14
4408,33,120,6.57
4409,66,0,0.00
4410,257,697,3.97
4411,49,49,0.14
4412,28,98,4.03
4413,54,173,1.58
4414,114,119,0.39
4415,16,25,0.40
4416,235,352,0.43
4417,227,255,0.32
4418,18,140,3.16
4419,17,115,2.94
4420,26,24,0.59
4421,221,240,0.31
4422,0,30,1.65
4423,75,20,1.23
4424,21,27,0.40
4425,200,203,0.19
4426,159,164,0.41
4427,117,127,0.21
4428,220,244,0.35
4429,411,444,0.39
4430,0,17,1.33
4431,42,13,0.69
4432,20,52,1.21
4433,27,47,2.87
4434,0,22,0.37
4435,214,265,0.37
4436,0,124,3.73
4437,39,24,1.47
4438,51,14,0.33
4439,144,329,3.78
4440,111,112,0.36
4441,19,57,3.77
4442,52,34,1.15
4443,0,29,0.43
4444,0,116,3.73
4445,144,162,0.55
4446,27,71,2.09
4447,43,27,0.14
4448,0,139,3.63
4449,278,310,0.43
4450,52,187,1.81
4451,0,159,3.23
4452,25,21,0.42
4453,27,74,1.82
4454,119,162,0.63
4455,101,195,0.96
4456,18,29,1.86
4457,0,23,2.17
4458,0,0,0.00
4459,26,35,1.96
4460,180,474,1.22
4461,117,132,0.25
4462,20,15,2.68
4463,29,35,1.87
4464,18,32,1.13
4465,0,121,6.46
4466,211,219,0.36
4467,131,20,0.48
4468,20,162,3.59
4469,92,117,0.30
4470,16,0,0.00
4471,13,0,0.00
4472,0,145,2.37
4473,110,122,0.49
4474,0,32,1.51
4475,39,22,0.35
4476,0,20,0.53
4477,23,13,0.27
4478,101,114,0.42
4479,92,92,0.16
4480,0,0,0.00
4481,26,13,1.11
4482,15,176,2.32
4483,15,262,1.69
4484,92,98,0.24
4485,138,181,0.34
4486,0,92,1.76
4487,140,490,1.14
4488,55,61,1.06
4489,25,22,1.24
4490,0,35,1.38
4491,236,244,0.49
4492,0,34,1.27
4493,255,659,1.12
4494,0,107,2.97
4495,0,0,0.00
4496,31,167,3.36
4497,14,63,2.07
4498,0,0,0.00
4499,18,33,2.39
4500,20,84,1.64
4501,33,66,3.88
4502,0,53,0.96
4503,152,210,0.57
4504,0,108,3.24
4505,0,28,1.83
4506,214,246,0.28
4507,0,61,0.95
4508,314,335,0.37
4509,35,216,2.35
4510,57,57,0.15
4511,0,87,3.40
4512,170,184,0.33
4513,203,217,0.38
4514,0,130,4.40
4515,20,48,2.92
4516,19,76,2.24
4517,106,121,0.50
4518,0,0,0.00
4519,117,165,0.40
4520,306,352,0.56
4521,17,0,0.00
4522,42,46,0.25
4523,187,447,0.37
4524,162,167,0.27
4525,64,77,0.29
4526,14,45,1.30
4527,26,136,1.38
4528,100,101,0.15
4529,77,21,0.43
4530,67,67,0.18
4531,17,121,8.38
4532,263,280,0.41
4533,580,615,1.09
4534,14,200,4.04
4535,0,146,4.89
4536,51,54,0.26
4537,41,91,4.58
4538,170,210,0.27
4539,187,221,0.44
4540,159,25,1.50
4541,182,404,0.40
4542,102,102,0.17
4543,19,93,1.99
4544,0,213,1.39
4545,371,383,0.41
4546,148,148,0.73
4547,0,137,2.78
4548,284,323,0.31
4549,162,199,0.84
4550,77,130,0.52
4551,35,35,2.11
4552,14,52,1.66
4553,13,152,3.06
4554,546,619,1.14
4555,91,113,0.36
4556,16,70,2.91
4557,336,376,0.38
4558,169,209,0.66
4559,0,150,2.91
4560,70,70,0.10
4561,0,69,2.35
4562,36,166,6.34
4563,75,97,0.37
4564,120,121,0.21
4565,41,22,1.36
4566,0,74,2.48
4567,29,24,0.45
4568,0,30,2.44
4569,210,212,0.40
4570,16,30,1.49
4571,144,154,0.45
4572,19,31,1.14
4573,87,436,2.15
4574,285,332,0.38
4575,0,99,3.19
4576,103,113,0.42
4577,0,124,2.12
4578,11,170,2.68
4579,543,560,1.11
4580,32,17,0.47
4581,48,29,1.22
4582,39,177,4.26
4583,101,16,0.58
4584,40,47,1.12
4585,14,139,3.26
4586,0,65,2.48
4587,32,14,0.32
4588,215,574,1.05
4589,0,24,0.74
4590,331,338,0.27
4591,619,666,1.08
4592,92,105,1.34
4593,12,121,4.46
4594,242,18,0.23
4595,188,205,0.35
4596,113,113,0.23
4597,14,21,0.99
4598,20,47,3.23
4599,215,488,1.16
4600,0,17,0.56
4601,0,28,2.09
4602,81,99,0.48
4603,219,238,0.82
4604,0,18,1.40
4605,0,146,4.81
4606,47,74,4.26
4607,19,161,5.83
4608,13,17,0.44
4609,0,45,2.15
4610,82,81,0.26
4611,160,20,1.11
4612,179,189,0.36
4613,15,47,2.18
4614,112,113,0.32
4615,40,40,1.48
4616,0,117,4.11
4617,36,126,2.00
4618,0,20,1.00
4619,24,179,3.76
4620,74,20,0.37
4621,221,225,0.34
4622,60,32,0.37
4623,32,82,3.20
4624,153,162,0.45
4625,21,27,0.46
4626,20,18,0.38
4627,18,109,5.76
4628,0,0,0.00
4629,87,101,0.73
4630,93,97,0.40
4631,164,165,0.45
4632,0,103,3.61
4633,190,228,0.46
4634,353,385,0.37
4635,201,227,0.28
4636,121,144,0.62
4637,0,69,2.77
4638,16,136,0.76
4639,13,83,4.72
4640,34,169,3.33
4641,0,0,0.00
4642,64,64,0.13
4643,41,51,0.17
4644,197,576,0.46
4645,28,76,4.97
4646,147,176,0.43
4647,0,125,3.04
4648,18,35,1.61
4649,118,125,0.16
4650,120,121,0.33
4651,13,71,2.14
4652,43,177,5.47
4653,30,113,3.89
4654,0,171,3.15
4655,22,27,1.94
4656,240,242,0.26
4657,0,52,4.30
4658,48,51,0.15
4659,112,149,0.30
4660,66,43,1.69
4661,80,101,0.44
4662,185,455,1.13
4663,299,1061,1.21
4664,17,50,2.81
4665,120,288,2.01
4666,60,20,0.48
4667,30,144,4.68
4668,96,97,0.16
4669,0,132,2.20
4670,108,479,1.98
4671,242,667,1.08
4672,204,300,1.03
4673,43,183,2.71
4674,0,132,3.78
4675,120,1171,3.33
4676,370,404,0.42
4677,16,90,3.63
4678,47,19,0.44
4679,0,31,1.06
4680,404,429,0.42
4681,25,167,4.12
4682,17,93,6.01
4683,0,270,0.96
4684,18,78,4.51
4685,103,114,0.44
4686,60,60,0.17
4687,70,70,0.12
4688,47,38,2.39
4689,0,72,3.22
4690,31,216,0.90
4691,33,66,2.66
4692,115,127,0.47
4693,0,50,3.00
4694,15,102,2.84
4695,39,34,2.58
4696,47,130,1.79
4697,82,269,0.52
4698,0,63,2.32
4699,61,21,1.83
4700,0,122,2.68
4701,63,82,0.18
4702,36,275,0.56
4703,22,30,0.66
4704,15,43,0.73
4705,0,30,1.46
4706,26,17,0.38
4707,305,18,0.31
4708,18,20,0.61
4709,25,27,1.07
4710,220,16,0.45
4711,68,81,0.37
4712,0,143,4.45
4713,17,146,3.27
4714,22,156,5.06
4715,0,21,1.06
4716,18,130,3.09
4717,129,129,0.24
4718,180,20,0.87
4719,55,58,0.13
4720,17,79,5.01
4721,133,140,0.46
4722,296,317,0.47
4723,19,120,2.99
4724,15,34,1.48
4725,0,77,2.13
4726,88,100,0.33
4727,14,48,0.62
4728,37,32,1.21
4729,14,140,2.99
4730,263,266,0.76
4731,151,162,0.32
4732,31,183,2.97
4733,0,136,2.15
4734,30,32,1.86
4735,0,142,7.29
4736,260,272,0.50
4737,382,385,0.36
4738,313,336,0.43
4739,408,441,2.18
4740,0,66,1.53
4741,327,346,0.50
4742,169,177,1.10
4743,79,102,0.32
4744,0,87,4.64
4745,149,14,1.95
4746,92,118,0.36
4747,0,74,3.68
4748,24,22,0.63
4749,87,89,0.24
4750,26,128,4.09
4751,68,73,0.37
4752,218,242,0.88
4753,0,50,2.78
4754,105,124,0.40
4755,242,275,0.68
4756,380,413,0.34
4757,32,31,0.05
4758,21,132,3.39
4759,33,64,2.41
4760,313,332,0.45
4761,17,49,1.48
4762,58,273,1.99
4763,52,168,3.38
4764,0,17,1.05
4765,35,57,2.11
4766,70,188,0.34
4767,265,261,0.96
4768,0,87,4.96
4769,19,87,3.37
4770,175,210,0.60
4771,0,35,0.47
4772,0,17,0.51
4773,59,61,0.17
4774,92,95,0.27
4775,46,24,0.45
4776,144,17,0.90
4777,0,130,7.52
4778,0,94,0.21
4779,129,129,0.61
4780,28,31,1.35
4781,693,715,1.08
4782,40,71,3.59
4783,0,16,0.34
4784,27,34,2.83
4785,0,105,3.62
4786,103,18,1.20
4787,0,55,2.85
4788,125,496,2.03
4789,221,225,0.68
4790,674,702,1.09
4791,46,28,3.28
4792,0,132,2.24
4793,72,29,1.12
4794,0,136,4.48
4795,246,275,1.20
4796,271,300,0.27
4797,13,31,2.05
4798,75,27,1.47
4799,80,95,0.43
4800,19,89,6.03
4801,90,18,0.34
4802,0,18,0.79
4803,29,28,0.80
4804,22,30,0.79
4805,146,151,0.35
4806,87,127,0.38
4807,82,96,1.40
4808,104,104,0.26
4809,11,122,3.88
4810,32,27,1.76
4811,0,18,0.62
4812,55,44,1.66
4813,16,23,0.65
4814,101,13,0.40
4815,15,30,2.78
4816,288,1185,2.21
4817,79,90,0.49
4818,46,21,2.39
4819,21,137,4.20
4820,22,88,2.54
4821,0,28,0.49
4822,144,144,0.38
4823,0,34,0.37
4824,0,67,1.58
4825,0,37,0.58
4826,959,1097,0.48
4827,38,46,2.67
4828,0,38,1.01
4829,0,30,1.56
4830,115,117,0.21
4831,211,244,0.38
4832,0,31,0.74
4833,0,0,0.00
4834,142,149,0.29
4835,19,34,1.56
4836,16,31,1.42
4837,19,27,0.37
4838,47,21,0.56
4839,75,16,0.39
4840,69,74,0.37
4841,64,69,0.17
4842,107,112,0.36
4843,29,57,2.82
4844,23,83,3.38
4845,0,27,0.66
4846,46,191,2.99
4847,195,471,0.88
4848,98,30,0.63
4849,19,47,2.49
4850,0,0,0.00
4851,249,251,0.33
4852,48,37,2.48
4853,29,20,1.36
4854,204,296,0.66
4855,0,45,2.09
4856,117,122,0.18
4857,38,151,0.51
4858,374,388,0.58
4859,18,101,2.86
4860,0,156,3.17
4861,0,65,1.89
4862,0,33,1.39
4863,48,57,0.24
4864,181,182,0.54
4865,218,231,0.39
4866,129,18,0.34
4867,73,241,3.57
4868,24,136,4.41
4869,89,89,0.13
4870,22,65,1.52
4871,0,132,0.56
4872,0,87,1.90
4873,226,262,0.43
4874,0,32,0.88
4875,152,190,0.25
4876,0,31,0.71
4877,113,22,1.52
4878,255,257,0.32
4879,33,29,0.48
4880,18,42,2.13
4881,23,41,3.34
4882,56,57,0.19
4883,76,28,0.50
4884,16,68,1.75
4885,150,64,0.29
4886,33,47,3.26
4887,15,354,0.60
4888,242,273,0.31
4889,207,19,1.28
4890,0,108,3.21
4891,0,125,6.47
4892,234,47,0.05
4893,0,28,0.68
4894,20,30,0.77
4895,109,143,0.34
4896,150,174,0.83
4897,182,186,0.44
4898,0,50,2.60
4899,84,103,0.43
4900,0,45,1.61
4901,102,133,0.39
4902,0,46,1.67
4903,333,357,0.33
4904,20,78,1.92
4905,192,619,1.06
4906,0,99,2.93
4907,0,27,0.36
4908,236,425,0.51
4909,16,24,0.76
4910,246,19,1.04
4911,143,154,0.32
4912,611,932,1.29
4913,167,169,0.51
4914,54,19,0.41
4915,14,120,6.15
4916,627,736,1.17
4917,25,170,3.06
4918,422,451,1.03
4919,24,74,2.23
4920,122,122,0.19
4921,31,177,5.14
4922,0,139,4.30
4923,42,163,2.34
4924,36,193,5.93
4925,0,152,2.95
4926,134,135,0.65
4927,0,136,3.30
4928,18,132,3.77
4929,0,124,0.67
4930,16,17,0.26
4931,606,984,1.19
4932,12,69,1.50
4933,201,219,0.45
4934,579,900,0.56
4935,0,46,1.51
4936,0,21,1.13
4937,16,46,1.77
4938,504,547,0.68
4939,22,139,2.36
4940,0,20,0.54
4941,37,73,0.51
4942,193,226,0.29
4943,32,0,0.00
4944,24,79,2.03
4945,48,20,0.72
4946,15,86,3.10
4947,91,97,0.83
4948,40,181,3.58
4949,117,123,0.19
4950,0,91,1.86
4951,211,331,0.37
4952,20,26,1.01
4953,87,93,0.29
4954,146,18,0.72
4955,12,25,1.32
4956,0,202,0.55
4957,124,126,0.19
4958,229,232,0.41
4959,76,0,0.00
4960,28,157,3.42
4961,0,127,2.47
4962,48,194,3.11
4963,15,22,1.60
4964,127,131,0.73
4965,28,22,0.38
4966,0,29,1.19
4967,30,99,3.72
4968,176,192,0.78
4969,25,176,3.26
4970,0,132,2.76
4971,209,101,0.30
4972,154,449,1.11
4973,61,31,1.57
4974,77,38,1.45
4975,16,133,3.11
4976,18,91,1.91
4977,0,40,2.55
4978,18,16,0.06
4979,32,31,1.46
4980,26,83,1.41
4981,35,127,4.43
4982,327,692,0.41
4983,18,18,0.62
4984,334,374,1.25
4985,21,48,2.53
4986,24,131,2.56
4987,83,83,0.17
4988,28,292,0.65
4989,0,34,1.41
4990,0,54,1.54
4991,187,359,0.49
4992,15,70,1.86
4993,0,297,0.17
4994,21,93,3.17
4995,12,20,0.37
4996,16,21,1.04
4997,123,226,0.96
4998,0,25,0.80
4999,23,106,1.88
5000,24,75,3.65
5001,97,105,0.28
5002,135,152,0.29
5003,13,125,1.89
5004,0,144,2.71
5005,0,41,1.94
5006,70,72,0.28
5007,0,70,3.14
5008,139,142,0.20
5009,262,292,1.19
5010,0,52,1.83
5011,45,175,2.83
5012,28,98,4.26
5013,110,111,0.17
5014,185,195,0.39
5015,190,200,0.65
5016,0,149,5.71
5017,0,101,2.46
5018,18,22,1.01
5019,0,116,2.07
5020,187,27,0.44
5021,188,21,1.97
5022,142,280,0.51
5023,0,114,2.02
5024,272,658,1.16
5025,166,169,0.24
5026,126,126,0.17
5027,116,128,0.20
5028,0,15,0.74
5029,57,310,0.39
5030,167,175,0.53
5031,0,76,2.64
5032,266,293,0.29
5033,118,161,0.28
5034,55,28,2.31
5035,0,45,1.21
5036,53,24,1.30
5037,0,156,3.25
5038,23,39,1.67
5039,18,15,1.08
5040,33,22,0.55
5041,590,685,1.16
5042,124,131,0.23
5043,50,65,0.12
5044,203,234,0.40
5045,365,407,1.01
5046,20,86,0.59
5047,287,283,0.95
5048,21,26,0.73
5049,191,200,0.37
5050,0,14,0.18
5051,0,53,1.42
5052,135,135,0.19
5053,39,27,3.08
5054,0,17,0.67
5055,24,51,2.69
5056,17,138,2.35
5057,30,25,1.13
5058,76,55,3.42
5059,93,116,0.50
5060,0,39,0.79
5061,24,33,0.51
5062,0,44,1.44
5063,0,159,2.84
5064,0,68,1.97
5065,16,84,2.27
5066,281,299,0.34
5067,35,17,1.48
5068,0,146,2.50
5069,160,166,0.34
5070,78,155,0.50
5071,0,143,6.43
5072,345,357,0.27
5073,0,150,4.26
5074,348,364,0.28
5075,24,77,3.56
5076,101,119,0.89
5077,43,47,2.83
5078,18,56,2.52
5079,109,115,0.38
5080,280,302,0.41
5081,307,333,0.46
5082,0,27,2.62
5083,18,38,1.92
5084,155,156,0.30
5085,0,45,2.02
5086,14,26,0.50
5087,66,72,0.17
5088,60,178,4.15
5089,15,106,2.58
5090,27,23,0.61
5091,124,126,0.21
5092,174,175,0.27
5093,24,18,0.28
5094,13,41,1.29
5095,55,163,0.27
5096,0,45,2.67
5097,145,26,0.65
5098,35,19,1.31
5099,31,54,1.35
5100,51,171,1.52
5101,313,340,0.31
5102,0,152,5.22
5103,93,102,0.60
5104,23,143,1.45
5105,135,133,0.72
5106,0,60,0.41
5107,201,224,0.38
5108,17,22,2.30
5109,15,24,0.21
5110,0,0,0.00
5111,105,123,0.31
5112,13,36,0.48
5113,47,21,0.61
5114,49,19,2.38
5115,18,180,3.70
5116,26,144,4.87
5117,159,22,2.67
5118,14,51,4.54
5119,332,18,0.62
5120,292,332,1.04
5121,145,195,0.56
5122,26,143,3.05
5123,36,36,0.12
5124,192,252,0.60
5125,121,124,0.35
5126,49,75,4.27
5127,223,592,1.11
5128,38,28,0.53
5129,199,411,0.73
5130,20,34,1.74
5131,22,68,2.85
5132,25,27,1.64
5133,270,292,0.43
5134,60,33,0.43
5135,29,39,1.48
5136,19,98,2.36
5137,36,140,3.10
5138,0,19,0.16
5139,12,17,0.50
5140,30,30,1.57
5141,56,61,0.43
5142,188,188,0.52
5143,0,27,2.75
5144,192,245,0.30
5145,218,277,0.30
5146,0,16,0.29
5147,91,104,0.40
5148,47,189,2.84
5149,0,144,2.32
5150,97,67,0.52
5151,219,394,0.43
5152,44,27,0.69
5153,0,67,4.98
5154,367,402,0.94
5155,526,577,1.18
5156,55,82,0.41
5157,23,133,1.45
5158,102,111,0.47
5159,209,656,1.15
5160,73,76,0.15
5161,42,124,3.22
5162,15,19,0.46
5163,121,123,0.20
5164,19,105,5.13
5165,20,184,4.79
5166,28,35,1.35
5167,24,25,0.97
5168,115,117,0.37
5169,0,121,4.15
5170,17,14,0.91
5171,15,95,4.33
5172,0,244,0.32
5173,16,43,2.51
5174,101,12,0.25
5175,126,148,0.49
5176,166,182,1.01
5177,53,55,1.80
5178,16,16,0.05
5179,157,164,0.44
5180,122,122,0.27
5181,0,139,3.60
5182,480,958,1.42
5183,251,285,0.28
5184,330,373,1.11
5185,236,468,0.40
5186,161,429,1.04
5187,22,18,1.37
5188,21,269,3.15
5189,0,0,0.00
5190,162,185,0.48
5191,14,24,0.68
5192,130,148,0.40
5193,18,19,0.66
5194,23,139,5.37
5195,454,1022,0.75
5196,63,75,0.37
5197,33,20,0.36
5198,74,79,0.18
5199,549,560,1.13
5200,0,101,4.42
5201,0,48,0.35
5202,102,123,0.33
5203,0,148,2.99
5204,117,120,0.26
5205,54,12,0.41
5206,0,150,4.00
5207,350,777,0.50
5208,25,207,0.73
5209,42,180,4.53
5210,78,100,0.62
5211,172,187,1.27
5212,219,221,0.73
5213,203,689,0.57
5214,16,109,2.58
5215,17,28,0.75
5216,27,38,2.36
5217,21,27,1.76
5218,0,17,1.24
5219,31,74,1.99
5220,23,0,0.00
5221,300,313,0.29
5222,0,134,1.12
5223,0,98,4.18
5224,289,330,0.36
5225,22,70,2.12
5226,17,25,0.32
5227,90,96,0.17
5228,0,31,0.47
5229,0,66,4.73
5230,61,62,0.19
5231,149,149,0.39
5232,71,75,0.37
5233,19,140,4.82
5234,38,47,0.68
5235,286,312,0.36
5236,34,177,4.71
5237,0,0,0.00
5238,71,21,0.33
5239,0,148,3.80
5240,13,72,3.42
5241,85,196,0.95
5242,0,67,5.31
5243,16,53,0.86
5244,151,172,0.43
5245,59,59,0.14
5246,212,230,0.25
5247,24,141,2.40
5248,142,939,1.23
5249,390,459,0.82
5250,199,218,1.04
5251,0,82,3.05
5252,139,139,0.39
5253,0,43,0.70
5254,0,19,0.50
5255,16,166,4.18
5256,145,146,0.26
5257,43,210,3.03
5258,16,123,3.22
5259,32,42,0.57
5260,200,794,1.13
5261,223,447,1.58
5262,0,152,0.28
5263,30,51,1.39
5264,32,199,3.20
5265,193,201,0.64
5266,19,31,0.91
5267,39,70,4.24
5268,85,18,0.24
5269,75,88,0.34
5270,0,59,3.66
5271,16,19,0.53
5272,210,502,0.54
5273,19,44,0.58
5274,0,77,1.39
5275,136,155,0.47
5276,85,100,0.40
5277,33,194,4.01
5278,53,18,1.41
5279,0,16,0.31
5280,21,15,0.38
5281,28,15,1.27
5282,13,38,1.33
5283,15,20,0.62
5284,162,27,1.04
5285,0,99,2.86
5286,172,184,0.36
5287,39,15,1.23
5288,42,27,1.09
5289,0,28,0.95
5290,14,20,0.94
5291,0,0,0.00
5292,0,179,4.31
5293,74,76,0.13
5294,13,132,3.72
5295,19,18,1.22
5296,147,150,0.27
5297,20,108,6.39
5298,19,17,0.70
5299,14,20,0.33
5300,75,123,0.31
5301,60,37,2.35
5302,51,21,2.24
5303,245,554,1.15
5304,0,19,0.59
5305,154,187,0.31
5306,0,27,0.62
5307,89,121,0.30
5308,0,35,1.43
5309,0,229,3.52
5310,152,154,0.45
5311,32,292,3.51
5312,176,21,0.48
5313,0,120,1.89
5314,0,17,0.49
5315,0,27,0.74
5316,237,257,0.38
5317,0,22,2.56
5318,0,104,0.40
5319,390,412,2.00
5320,11,25,0.59
5321,0,152,3.09
5322,210,369,0.50
5323,23,175,3.05
5324,18,170,5.87
5325,22,25,0.35
5326,360,384,0.37
5327,0,62,2.03
5328,15,0,0.00
5329,147,147,0.52
5330,46,29,0.47
5331,17,29,0.59
5332,17,52,3.03
5333,106,106,0.63
5334,0,21,1.35
5335,284,331,0.74
5336,20,215,3.43
5337,0,35,2.23
5338,208,225,0.34
5339,0,120,0.80
5340,0,22,2.03
5341,19,131,4.74
5342,149,153,0.35
5343,61,147,0.50
5344,0,16,0.43
5345,22,75,3.32
5346,12,36,0.80
5347,0,28,1.01
5348,0,119,3.43
5349,27,216,1.94
5350,13,64,1.73
5351,235,240,0.27
5352,277,295,0.36
5353,121,122,0.16
5354,0,126,3.08
5355,298,302,0.31
5356,210,235,0.57
5357,18,32,2.59
5358,26,45,1.62
5359,234,352,0.72
5360,40,18,0.46
5361,28,122,3.24
5362,30,22,0.38
5363,29,27,1.74
5364,215,226,0.39
5365,17,30,1.37
5366,0,35,1.74
5367,0,0,0.00
5368,40,173,4.45
5369,93,94,0.17
5370,0,18,0.37
5371,210,226,0.38
5372,125,127,0.19
5373,18,23,1.98
5374,14,225,4.84
5375,231,257,0.94
5376,0,33,1.69
5377,30,30,1.86
5378,47,156,2.73
5379,17,87,2.17
5380,22,208,1.59
5381,0,0,0.00
5382,148,299,0.60
5383,0,0,0.00
5384,125,125,0.25
5385,31,187,6.23
5386,16,75,3.29
5387,98,480,0.74
5388,21,21,0.49
5389,0,30,0.52
5390,19,181,4.76
5391,22,72,3.29
5392,208,227,0.32
5393,260,300,0.28
5394,202,202,0.67
5395,0,76,3.76
5396,181,199,0.27
5397,0,923,1.22
5398,146,146,0.51
5399,21,114,2.31
5400,143,154,0.31
5401,111,31,1.37
5402,194,168,0.89
5403,19,0,0.00
5404,59,333,0.86
5405,160,195,0.51
5406,23,20,0.53
5407,110,15,0.10
5408,63,25,0.54
5409,21,114,5.37
5410,0,224,1.71
5411,170,49,3.36
5412,0,43,3.36
5413,25,151,4.90
5414,584,37,0.14
5415,0,173,2.91
5416,0,16,0.32
5417,0,148,2.83
5418,13,13,0.08
5419,164,175,0.39
5420,273,619,1.15
5421,12,45,1.29
5422,323,357,1.02
5423,22,0,0.00
5424,779,801,1.14
5425,219,235,0.50
5426,27,21,1.18
5427,194,206,0.51
5428,12,56,3.28
5429,36,11,0.13
5430,47,65,1.18
5431,0,13,0.27
5432,0,36,1.57
5433,101,119,0.35
5434,31,117,2.73
5435,30,124,3.45
5436,519,547,1.05
5437,22,180,6.14
5438,0,142,3.57
5439,228,230,0.26
5440,235,237,0.94
5441,153,154,0.22
5442,74,388,1.83
5443,291,336,0.43
5444,41,74,4.30
5445,16,137,2.56
5446,28,0,0.00
5447,204,242,0.89
5448,14,26,1.45
5449,0,164,4.19
5450,0,151,3.88
5451,291,303,0.57
5452,102,118,0.25
5453,0,140,3.03
5454,0,0,0.00
5455,204,222,0.43
5456,19,43,2.62
5457,0,15,0.61
5458,58,23,0.52
5459,34,23,0.66
5460,0,158,5.03
5461,0,104,2.79
5462,121,133,0.41
5463,232,275,0.28
5464,25,16,0.73
5465,40,27,0.45
5466,0,75,2.34
5467,299,310,0.38
5468,72,72,0.13
5469,227,244,0.39
5470,189,240,0.39
5471,17,43,1.74
5472,240,286,0.37
5473,22,141,7.16
5474,209,16,0.48
5475,20,39,1.88
5476,0,22,1.05
5477,0,178,2.59
5478,19,154,2.57
5479,31,32,0.12
5480,19,138,5.00
5481,42,59,0.67
5482,56,55,3.42
5483,155,180,0.33
5484,231,248,0.38
5485,0,184,2.27
5486,71,114,0.66
5487,0,167,4.12
5488,16,80,2.37
5489,93,115,2.77
5490,109,112,0.19
5491,182,184,0.47
5492,29,30,0.46
5493,18,165,3.63
5494,194,198,0.53
5495,0,10,0.17
5496,0,117,2.28
5497,54,69,0.56
5498,0,130,2.06
5499,66,26,0.46
5500,43,20,1.69
5501,27,29,0.69
5502,309,589,0.38
5503,37,81,2.53
5504,27,56,4.19
5505,0,93,2.61
5506,158,17,0.34
5507,31,189,2.56
5508,197,199,0.62
5509,39,90,3.20
5510,0,48,0.98
5511,12,172,2.77
5512,123,429,1.96
5513,0,118,2.61
5514,34,79,4.16
5515,93,111,0.28
5516,33,29,1.51
5517,101,104,0.19
5518,281,286,0.90
5519,0,142,3.70
5520,29,151,2.75
5521,0,0,0.00
5522,184,249,0.48
5523,39,30,0.52
5524,78,111,0.30
5525,0,133,2.14
5526,16,134,2.48
5527,80,86,0.31
5528,0,0,0.00
5529,101,111,0.34
5530,129,130,0.17
5531,0,64,1.25
5532,48,139,2.67
5533,164,27,0.29
5534,0,17,0.75
5535,60,19,0.53
5536,22,155,2.07
5537,53,53,0.13
5538,85,103,0.24
5539,70,205,0.97
5540,65,32,1.41
5541,0,147,2.98
5542,15,132,5.70
5543,27,13,0.20
5544,369,14,0.16
5545,159,367,1.04
5546,186,186,0.51
5547,21,49,0.99
5548,15,45,3.04
5549,0,25,0.56
5550,256,698,1.14
5551,216,265,0.28
5552,23,131,4.41
5553,231,237,0.68
5554,191,196,0.32
5555,45,115,3.01
5556,0,26,3.49
5557,42,57,3.15
5558,0,130,1.97
5559,83,13,0.41
5560,18,113,4.03
5561,213,777,1.24
5562,22,83,2.89
5563,0,0,0.00
5564,164,190,0.38
5565,100,101,0.19
5566,228,232,0.56
5567,107,20,0.59
5568,518,538,2.15
5569,0,28,1.72
5570,20,51,1.67
5571,208,14,0.35
5572,45,209,0.96
5573,44,30,1.18
5574,170,195,0.85
5575,19,55,1.36
5576,127,130,0.23
5577,100,316,0.55
5578,19,35,1.64
5579,0,101,5.37
5580,55,58,0.09
5581,202,215,1.09
5582,35,119,0.67
5583,0,0,0.00
5584,0,40,0.96
5585,0,35,1.22
5586,83,24,0.53
5587,0,83,2.04
5588,59,49,2.19
5589,69,78,1.08
5590,99,20,0.08
5591,0,140,5.97
5592,114,139,0.46
5593,27,37,1.14
5594,108,108,0.22
5595,75,18,0.35
5596,972,981,0.42
5597,359,481,0.40
5598,0,71,2.65
5599,866,879,0.38
5600,61,13,0.58
5601,24,46,1.82
5602,12,22,0.62
5603,0,37,2.95
5604,243,268,0.27
5605,118,120,0.14
5606,169,171,0.40
5607,0,42,2.65
5608,18,75,3.14
5609,140,234,0.47
5610,0,196,0.46
5611,0,61,2.04
5612,21,32,1.56
5613,0,0,0.00
5614,209,351,0.33
5615,0,39,0.99
5616,526,544,0.86
5617,11,33,1.86
5618,132,133,0.25
5619,156,185,0.53
5620,0,36,0.93
5621,29,22,1.21
5622,44,47,1.77
5623,180,181,0.27
5624,32,49,1.95
5625,0,78,2.23
5626,0,65,1.71
5627,88,306,0.63
5628,11,32,1.63
5629,70,78,0.52
5630,0,72,5.08
5631,79,46,2.31
5632,0,27,0.78
5633,103,105,0.27
5634,22,17,0.33
5635,13,33,1.08
5636,0,110,2.34
5637,20,30,0.41
5638,0,70,1.00
5639,14,128,5.00
5640,51,100,1.58
5641,0,167,2.45
5642,83,22,0.47
5643,0,0,0.00
5644,81,123,0.44
5645,134,140,0.41
5646,0,35,0.71
5647,135,135,0.28
5648,55,55,0.11
5649,70,179,4.82
5650,19,135,6.02
5651,0,18,0.44
5652,62,33,0.79
5653,0,73,0.81
5654,208,247,0.42
5655,14,26,1.57
5656,0,239,1.13
5657,0,180,2.78
5658,90,278,0.46
5659,111,214,4.69
5660,29,20,0.70
5661,0,122,4.73
5662,41,183,3.24
5663,30,17,0.86
5664,27,195,1.27
5665,16,163,6.43
5666,15,59,1.08
5667,180,184,0.57
5668,81,82,0.13
5669,17,267,1.87
5670,0,130,6.39
5671,0,124,0.77
5672,15,13,0.31
5673,0,0,0.00
5674,20,239,2.87
5675,55,57,0.18
5676,363,366,0.28
5677,60,175,3.56
5678,0,84,1.92
5679,0,169,3.96
5680,222,261,0.55
5681,40,64,2.58
5682,205,489,0.46
5683,0,36,1.88
5684,115,563,0.71
5685,18,36,1.07
5686,170,0,0.00
5687,20,37,3.41
5688,48,30,1.49
5689,38,25,0.81
5690,188,16,0.77
5691,0,106,1.95
5692,49,212,2.95
5693,19,130,3.27
5694,115,115,0.37
5695,41,173,3.26
5696,318,346,1.02
5697,0,23,0.59
5698,238,242,0.35
5699,144,1642,2.76
5700,0,25,0.76
5701,46,130,3.00
5702,129,143,0.36
5703,93,20,0.53
5704,21,173,3.54
5705,306,315,0.22
5706,0,140,2.56
5707,18,77,4.77
5708,41,450,2.47
5709,0,152,3.02
5710,467,0,0.00
5711,105,14,1.49
5712,120,229,1.04
5713,37,37,0.95
5714,144,167,0.49
5715,18,83,2.91
5716,23,20,0.67
5717,19,150,2.51
5718,95,98,0.32
5719,0,29,0.50
5720,180,195,0.75
5721,24,145,6.30
5722,182,444,1.04
5723,200,206,0.34
5724,19,100,3.35
5725,60,187,4.48
5726,39,181,3.48
5727,18,46,3.27
5728,48,23,1.31
5729,185,185,0.38
5730,0,147,3.19
5731,610,633,1.17
5732,131,140,0.47
5733,0,151,7.03
5734,31,97,2.25
5735,340,361,0.29
5736,111,135,0.33
5737,37,54,2.13
5738,250,271,0.37
5739,122,124,0.18
5740,68,220,3.71
5741,0,104,2.79
5742,39,130,2.06
5743,12,37,1.24
5744,20,101,2.86
5745,24,12,0.96
5746,24,74,3.19
5747,27,57,2.07
5748,0,20,0.74
5749,0,279,0.28
5750,28,13,0.20
5751,0,75,3.73
5752,50,51,0.21
5753,113,114,0.27
5754,0,61,4.27
5755,12,80,2.56
5756,196,443,2.06
5757,141,379,1.03
5758,464,523,1.15
5759,0,100,1.66
5760,0,141,3.88
5761,0,969,5.21
5762,19,38,1.61
5763,395,25,0.45
5764,78,22,1.44
5765,36,23,0.57
5766,131,162,0.75
5767,0,75,1.96
5768,0,33,0.93
5769,35,138,3.46
5770,0,138,4.94
5771,257,554,1.03
5772,188,217,0.34
5773,303,328,0.38
5774,47,15,0.20
5775,47,19,0.77
5776,16,15,0.79
5777,0,15,0.43
5778,118,124,0.20
5779,0,145,2.94
5780,26,147,3.89
5781,188,212,0.48
5782,108,124,0.30
5783,82,21,0.44
5784,13,17,0.27
5785,0,69,2.80
5786,22,44,2.29
5787,97,119,0.55
5788,179,202,0.42
5789,0,108,3.05
5790,0,0,0.00
5791,16,892,0.68
5792,241,253,0.36
5793,38,156,4.12
5794,18,69,2.41
5795,118,118,0.20
5796,21,24,0.67
5797,0,32,1.33
5798,40,70,3.84
5799,32,21,0.80
5800,19,102,3.94
5801,24,26,2.16
5802,18,120,3.73
5803,215,1058,2.26
5804,0,51,1.62
5805,19,37,1.61
5806,134,140,0.25
5807,20,147,3.54
5808,374,444,0.53
5809,21,128,3.74
5810,289,307,0.25
5811,19,103,2.39
5812,62,165,0.54
5813,245,266,0.86
5814,0,32,1.38
5815,22,162,3.35
5816,20,318,0.47
5817,41,20,0.41
5818,0,44,1.12
5819,0,23,1.63
5820,0,142,4.54
5821,241,241,0.41
5822,536,753,1.21
5823,20,134,2.55
5824,0,40,2.14
5825,46,18,0.27
5826,12,269,1.85
5827,16,21,0.62
5828,0,54,2.96
5829,284,292,0.30
5830,48,27,1.20
5831,20,148,3.62
5832,15,69,1.68
5833,91,93,0.26
5834,20,19,0.62
5835,29,190,5.82
5836,184,449,1.09
5837,60,184,3.44
5838,19,78,4.04
5839,45,15,0.18
5840,15,29,1.11
5841,15,135,3.71
5842,0,0,0.00
5843,36,70,2.29
5844,31,209,3.19
5845,31,27,2.59
5846,36,51,2.41
5847,31,192,2.62
5848,16,80,4.22
5849,119,134,0.52
5850,118,133,0.35
5851,187,216,0.68
5852,21,69,5.02
5853,14,49,2.94
5854,257,603,1.15
5855,55,15,0.31
5856,121,24,0.45
5857,39,53,0.10
5858,19,70,2.83
5859,16,201,0.47
5860,17,131,4.06
5861,529,585,1.17
5862,334,351,0.31
5863,43,46,0.87
5864,17,131,3.41
5865,76,21,0.21
5866,70,84,0.18
5867,15,23,0.40
5868,75,75,0.13
5869,19,38,1.40
5870,26,99,2.35
5871,71,75,0.42
5872,0,54,1.30
5873,20,28,0.43
5874,118,122,0.23
5875,234,258,0.22
5876,0,115,3.29
5877,0,24,0.52
5878,58,65,0.96
5879,35,184,3.02
5880,433,452,0.28
5881,0,32,0.88
5882,350,360,0.88
5883,21,35,1.58
5884,261,306,0.46
5885,263,272,0.29
5886,21,27,1.61
5887,88,91,0.63
5888,15,84,2.07
5889,108,108,0.24
5890,38,183,4.74
5891,18,133,4.04
5892,92,99,0.14
5893,276,659,1.20
5894,0,121,3.17
5895,157,181,0.36
5896,0,41,1.30
5897,0,60,1.00
5898,131,131,0.18
5899,0,0,0.00
5900,24,92,1.30
5901,17,82,2.42
5902,240,279,0.31
5903,328,332,0.36
5904,0,135,4.03
5905,161,386,0.90
5906,62,25,1.58
5907,0,28,1.02
5908,20,98,3.03
5909,32,0,0.00
5910,0,21,0.38
5911,25,166,4.46
5912,15,249,1.94
5913,105,108,0.17
5914,165,175,0.41
5915,0,125,3.75
5916,11,29,0.63
5917,25,74,3.54
5918,46,26,0.29
5919,39,18,0.62
5920,219,374,0.57
5921,0,71,1.37
5922,50,252,0.50
5923,194,356,0.42
5924,41,177,4.06
5925,48,208,3.49
5926,107,122,0.39
5927,67,68,0.11
5928,0,86,3.99
5929,31,104,2.46
5930,21,31,1.98
5931,263,285,0.31
5932,229,247,0.81
5933,0,107,2.24
5934,29,19,1.00
5935,54,25,0.64
5936,29,79,2.32
5937,200,211,0.54
5938,30,69,2.37
5939,0,154,2.33
5940,176,189,0.44
5941,0,92,5.18
5942,28,21,0.58
5943,0,127,3.00
5944,175,188,0.53
5945,77,76,0.14
5946,50,82,2.18
5947,29,171,2.46
5948,0,115,2.78
5949,42,24,0.92
5950,57,69,0.21
5951,331,371,0.42
5952,184,185,0.36
5953,0,186,1.96
5954,24,107,2.57
5955,0,69,2.04
5956,19,101,2.20
5957,0,32,0.46
5958,17,17,1.26
5959,56,183,2.75
5960,57,311,0.28
5961,0,138,1.77
5962,0,35,1.85
5963,61,350,1.96
5964,108,142,0.38
5965,17,117,0.33
5966,13,151,3.44
5967,0,27,2.40
5968,24,25,0.46
5969,246,688,0.47
5970,110,141,0.38
5971,17,41,1.92
5972,30,23,1.23
5973,261,296,0.46
5974,29,105,5.14
5975,236,242,0.34
5976,14,81,3.29
5977,17,17,1.47
5978,15,23,0.50
5979,204,219,1.16
5980,38,40,3.41
5981,27,14,0.40
5982,16,121,3.11
5983,205,435,1.20
5984,188,207,0.41
5985,40,26,0.67
5986,0,19,0.48
5987,31,69,0.18
5988,0,17,0.46
5989,95,18,0.99
5990,107,280,0.70
5991,187,204,0.63
5992,0,120,2.47
5993,142,144,0.36
5994,317,330,0.27
5995,36,35,2.06
5996,0,144,4.13
5997,27,18,0.52
5998,0,77,0.40
5999,55,56,0.11
6000,0,143,2.93
6001,271,315,0.37
6002,441,483,1.07
6003,0,148,2.18
6004,126,127,0.21
6005,0,95,3.02
6006,19,173,3.12
6007,0,132,0.13
6008,0,21,0.91
6009,19,17,1.04
6010,301,336,0.28
6011,15,141,2.16
6012,0,92,4.58
6013,208,214,0.64
6014,0,21,0.33
6015,40,168,3.76
6016,168,186,0.46
6017,14,18,0.66
6018,0,20,0.94
6019,37,30,2.01
6020,76,188,0.42
6021,110,137,0.81
6022,37,165,2.44
6023,15,17,0.10
6024,108,128,0.72
6025,28,149,2.85
6026,0,21,0.57
6027,16,30,1.08
6028,0,180,3.73
6029,210,225,0.49
6030,75,103,0.25
6031,10,17,0.54
6032,298,14,0.16
6033,551,582,1.10
6034,0,118,2.52
6035,39,148,0.53
6036,95,92,0.32
6037,127,226,0.41
6038,161,189,0.41
6039,15,33,0.37
6040,632,664,1.31
6041,20,64,1.83
6042,10,89,0.36
6043,37,207,2.88
6044,28,36,0.85
6045,0,129,5.27
6046,0,17,1.38
6047,58,62,0.22
6048,79,164,0.47
6049,16,81,3.16
6050,162,176,0.24
6051,17,27,0.61
6052,169,281,0.39
6053,28,153,2.61
6054,16,123,2.87
6055,447,468,0.96
6056,0,0,0.00
6057,21,164,3.11
6058,48,17,0.72
6059,36,26,1.41
6060,28,15,0.24
6061,0,25,0.63
6062,0,30,0.71
6063,289,326,0.32
6064,179,210,0.27
6065,340,428,0.41
6066,62,13,0.34
6067,17,135,4.85
6068,130,131,0.20
6069,71,29,0.42
6070,16,31,0.61
6071,0,53,5.23
6072,177,190,0.74
6073,15,124,3.05
6074,18,0,0.00
6075,62,84,1.13
6076,54,39,0.57
6077,19,139,2.89
6078,14,101,2.81
6079,23,151,3.17
6080,59,240,1.32
6081,0,0,0.00
6082,0,89,2.67
6083,0,136,5.33
6084,255,278,0.76
6085,138,158,1.16
6086,11,25,1.31
6087,0,14,0.62
6088,213,216,0.25
6089,0,32,1.75
6090,18,21,0.64
6091,310,346,1.04
6092,96,96,0.15
6093,297,313,1.58
6094,0,119,3.93
6095,25,61,2.78
6096,46,188,4.99
6097,27,34,0.97
6098,149,727,2.20
6099,19,129,3.63
6100,87,89,0.14
6101,0,91,3.29
6102,452,510,1.08
6103,210,211,0.29
6104,154,165,0.57
6105,0,23,0.49
6106,22,145,7.53
6107,33,123,1.55
6108,21,178,2.83
6109,16,140,3.39
6110,0,29,1.58
6111,0,117,2.36
6112,48,16,0.44
6113,49,14,0.31
6114,69,26,1.56
6115,154,437,1.36
6116,16,98,2.33
6117,0,0,0.00
6118,24,18,0.04
6119,29,137,3.95
6120,0,142,5.26
6121,230,381,0.41
6122,22,25,1.41
6123,166,181,0.49
6124,18,69,1.97
6125,94,110,0.41
6126,114,149,0.57
6127,45,17,1.27
6128,84,34,2.27
6129,116,139,0.31
6130,0,47,1.22
6131,134,142,0.52
6132,0,120,4.16
6133,0,32,0.58
6134,170,173,0.53
6135,340,353,0.49
6136,0,0,0.00
6137,57,20,1.06
6138,17,49,2.67
6139,65,27,1.04
6140,29,140,2.03
6141,64,66,0.13
6142,44,19,0.14
6143,63,22,0.93
6144,0,38,1.89
6145,96,119,0.78
6146,100,109,0.58
6147,47,54,3.26
6148,215,228,0.59
6149,23,55,1.65
6150,171,177,0.45
6151,264,266,0.56
6152,162,166,0.23
6153,0,136,3.51
6154,66,16,0.68
6155,236,241,0.21
6156,15,118,4.77
6157,14,160,2.31
6158,362,381,0.37
6159,110,219,0.99
6160,15,24,0.44
6161,19,19,0.68
6162,15,35,1.05
6163,34,195,3.10
6164,0,318,0.71
6165,20,66,2.16
6166,196,204,0.31
6167,0,22,0.42
6168,24,0,0.00
6169,60,61,0.09
6170,190,211,0.34
6171,0,42,0.66
6172,31,0,0.00
6173,17,151,2.66
6174,17,120,2.29
6175,89,46,1.56
6176,161,206,0.44
6177,17,103,4.20
6178,24,80,3.78
6179,0,178,3.62
6180,129,137,0.41
6181,134,138,0.37
6182,0,83,3.50
6183,16,136,2.81
6184,0,513,0.33
6185,0,26,0.62
6186,36,16,0.64
6187,15,16,1.12
6188,0,149,2.52
6189,224,475,2.05
6190,500,509,0.40
6191,160,163,0.36
6192,27,118,3.37
6193,0,35,1.64
6194,0,217,2.69
6195,0,41,1.51
6196,41,159,2.79
6197,167,189,0.32
6198,17,45,1.49
6199,138,139,0.27
6200,57,33,1.83
6201,0,14,0.38
6202,29,25,0.43
6203,77,147,0.21
6204,0,71,0.99
6205,19,18,0.65
6206,236,283,0.43
6207,17,19,0.32
6208,0,23,0.38
6209,18,199,3.15
6210,369,412,0.45
6211,191,198,0.47
6212,232,237,0.74
6213,0,18,0.29
6214,38,17,1.02
6215,16,140,2.64
6216,0,148,3.71
6217,38,109,2.55
6218,114,114,0.44
6219,59,94,1.31
6220,0,0,0.00
6221,0,20,0.28
6222,0,122,3.61
6223,73,19,0.39
6224,0,154,2.13
6225,0,15,1.12
6226,48,48,0.12
6227,207,210,0.28
6228,182,188,0.37
6229,121,143,0.18
6230,0,93,4.79
6231,0,345,0.57
6232,0,84,2.30
6233,70,17,0.56
6234,91,20,0.50
6235,0,149,5.25
6236,0,58,1.90
6237,30,72,3.35
6238,16,228,2.79
6239,15,28,0.71
6240,17,33,1.87
6241,102,109,0.60
6242,118,304,0.57
6243,35,151,3.20
6244,126,137,0.32
6245,12,16,1.45
6246,0,77,4.30
6247,41,147,2.64
6248,49,43,0.05
6249,0,152,2.72
6250,353,369,0.33
6251,0,98,0.59
6252,111,141,0.53
6253,0,36,2.19
6254,47,89,3.49
6255,19,159,0.72
6256,399,342,0.60
6257,0,91,3.51
6258,0,715,1.12
6259,0,138,4.32
6260,0,87,6.19
6261,0,20,0.05
6262,103,114,0.29
6263,16,13,0.40
6264,232,259,0.25
6265,47,28,1.73
6266,38,41,0.75
6267,97,255,0.96
6268,0,80,2.46
6269,226,249,0.42
6270,20,22,1.37
6271,302,336,0.31
6272,418,445,1.11
6273,0,84,2.65
6274,19,23,0.33
6275,366,389,1.09
6276,13,47,1.57
6277,32,51,1.99
6278,383,395,0.31
6279,28,86,1.97
6280,154,185,1.72
6281,75,113,0.28
6282,12,151,8.40
6283,66,67,0.15
6284,202,239,0.45
6285,55,14,0.18
6286,268,396,0.88
6287,132,155,0.48
6288,0,140,5.92
6289,74,25,0.31
6290,61,17,0.56
6291,0,151,5.09
6292,122,19,0.51
6293,0,23,1.57
6294,225,509,1.00
6295,22,18,1.37
6296,90,99,0.23
6297,208,233,0.25
6298,25,40,3.56
6299,218,48,0.13
6300,13,93,3.54
6301,60,63,0.29
6302,12,141,1.52
6303,0,91,4.04
6304,14,114,4.53
6305,81,90,0.34
6306,28,136,1.37
6307,181,182,0.54
6308,23,133,3.12
6309,66,105,0.80
6310,233,236,0.34
6311,0,19,1.28
6312,185,240,0.29
6313,115,155,0.55
6314,50,57,3.44
6315,0,144,2.48
6316,98,115,0.39
6317,16,137,3.20
6318,14,16,0.35
6319,0,234,0.52
6320,17,72,1.70
6321,13,131,3.53
6322,689,979,0.48
6323,215,413,0.57
6324,0,29,1.12
6325,34,120,0.68
6326,83,91,0.21
6327,93,122,0.49
6328,234,240,0.50
6329,0,156,3.27
6330,30,27,1.00
6331,0,31,0.53
6332,17,218,3.09
6333,129,132,0.33
6334,0,56,2.44
6335,0,153,4.84
6336,0,126,4.47
6337,11,145,2.93
6338,645,971,1.17
6339,0,32,0.58
6340,0,86,2.70
6341,265,301,0.26
6342,155,172,0.35
6343,20,30,2.04
6344,0,137,3.72
6345,77,90,0.35
6346,0,138,2.75
6347,16,25,1.33
6348,274,312,0.34
6349,34,13,0.46
6350,20,53,1.97
6351,0,168,0.56
6352,136,145,0.58
6353,0,61,4.17
6354,26,36,1.54
6355,31,0,0.00
6356,81,125,0.43
6357,22,36,1.53
6358,0,43,1.04
6359,65,26,2.17
6360,152,189,1.41
6361,0,153,2.88
6362,266,619,1.08
6363,21,0,0.00
6364,47,207,2.85
6365,232,242,0.31
6366,254,663,1.07
6367,0,87,1.97
6368,18,36,0.59
6369,56,19,0.53
6370,81,160,0.60
6371,22,40,1.19
6372,362,396,1.00
6373,57,56,3.77
6374,15,34,2.86
6375,127,144,0.66
6376,240,245,0.42
6377,40,50,2.55
6378,18,41,2.94
6379,166,169,0.71
6380,0,23,0.63
6381,0,208,1.46
6382,214,217,0.65
6383,25,58,2.84
6384,25,39,0.39
6385,20,154,3.39
6386,596,645,1.16
6387,37,63,2.02
6388,0,150,4.85
6389,20,46,3.49
6390,255,1867,14.91
6391,19,19,1.02
6392,0,131,2.96
6393,107,19,0.36
6394,22,17,0.54
6395,72,76,0.38
6396,0,143,7.00
6397,100,21,0.52
6398,13,26,0.71
6399,447,876,1.01
6400,0,53,0.59
6401,163,328,0.77
6402,17,92,4.89
6403,0,146,2.70
6404,77,394,3.67
6405,401,552,0.93
6406,14,50,2.05
6407,58,63,0.27
6408,218,412,0.34
6409,0,29,1.06
6410,0,30,0.87
6411,309,324,0.35
6412,30,47,1.03
6413,17,110,10.03
6414,21,96,4.91
6415,15,151,5.60
6416,0,19,0.47
6417,25,144,4.72
6418,35,158,1.93
6419,28,21,0.70
6420,147,178,0.34
6421,203,391,0.34
6422,36,170,5.61
6423,109,111,0.20
6424,24,22,0.38
6425,61,201,2.22
6426,14,183,2.33
6427,0,114,3.86
6428,154,127,0.18
6429,0,21,1.38
6430,52,30,1.41
6431,56,49,2.04
6432,0,145,2.55
6433,196,208,0.35
6434,18,18,0.36
6435,0,38,2.18
6436,0,127,4.12
6437,51,0,0.00
6438,24,34,0.63
6439,60,223,3.47
6440,17,58,1.45
6441,95,13,0.30
6442,0,95,5.46
6443,32,16,0.49
6444,17,26,1.78
6445,81,84,0.12
6446,97,99,0.15
6447,31,39,1.27
6448,216,218,1.59
6449,112,112,0.17
6450,19,31,1.61
6451,0,22,0.73
6452,75,89,0.39
6453,403,422,0.38
6454,24,103,3.36
6455,301,989,1.28
6456,0,31,2.00
6457,0,16,1.52
6458,205,358,0.35
6459,63,64,0.24
6460,0,60,1.49
6461,168,278,1.04
6462,0,251,4.20
6463,113,138,0.48
6464,71,89,0.18
6465,30,31,2.11
6466,0,144,3.13
6467,338,364,0.33
6468,352,373,0.39
6469,36,17,0.55
6470,437,17,0.19
6471,0,74,3.26
6472,352,376,0.35
6473,0,0,0.00
6474,0,68,2.36
6475,0,60,1.32
6476,0,151,0.82
6477,0,138,3.26
6478,45,103,0.76
6479,0,17,0.89
6480,13,44,1.41
6481,0,17,0.94
6482,631,660,1.09
6483,22,59,1.62
6484,14,143,2.30
6485,116,118,0.19
6486,143,15,0.53
6487,23,48,2.41
6488,0,158,2.72
6489,78,20,0.38
6490,81,97,0.29
6491,0,21,0.50
6492,351,389,0.31
6493,119,121,0.50
6494,187,194,0.42
6495,23,140,5.11
6496,105,105,0.16
6497,84,86,0.36
6498,13,147,1.68
6499,0,168,5.26
6500,193,207,0.22
6501,16,111,2.28
6502,59,217,5.83
6503,210,290,1.01
6504,15,174,2.29
6505,16,29,2.44
6506,86,17,0.48
6507,219,243,0.41
6508,0,95,4.85
6509,63,269,0.81
6510,97,124,0.23
6511,154,170,0.38
6512,0,12,0.46
6513,289,294,0.31
6514,231,246,0.54
6515,0,64,1.83
6516,125,12,0.06
6517,439,465,0.36
6518,108,243,0.57
6519,21,13,0.47
6520,133,135,0.44
6521,0,19,0.84
6522,14,40,1.36
6523,15,25,1.37
6524,228,232,0.51
6525,186,187,0.66
6526,40,169,3.72
6527,0,58,0.87
6528,0,48,1.60
6529,22,36,0.96
6530,0,65,2.24
6531,0,72,0.38
6532,275,280,0.49
6533,149,164,1.03
6534,27,152,6.95
6535,269,281,0.32
6536,63,62,0.11
6537,193,252,0.34
6538,0,147,0.44
6539,39,181,3.70
6540,0,153,3.56
6541,53,144,1.32
6542,130,267,0.30
6543,26,164,2.38
6544,0,14,0.33
6545,0,123,4.83
6546,90,98,0.47
6547,155,178,0.18
6548,0,0,0.00
6549,141,22,2.91
6550,144,142,0.43
6551,0,83,5.66
6552,20,71,2.02
6553,445,485,1.15
6554,15,168,3.26
6555,147,147,0.19
6556,46,171,2.62
6557,0,30,1.56
6558,234,247,0.31
6559,54,22,1.45
6560,367,576,0.42
6561,165,170,0.67
6562,19,114,2.58
6563,105,107,0.16
6564,0,84,2.58
6565,0,21,0.41
6566,0,0,0.00
6567,0,116,0.38
6568,18,106,2.37
6569,26,30,1.14
6570,46,19,2.11
6571,0,19,2.04
6572,19,21,1.19
6573,25,101,5.32
6574,167,218,0.53
6575,185,188,0.59
6576,23,16,0.30
6577,0,21,0.72
6578,397,1034,1.53
6579,0,74,3.28
6580,178,187,0.41
6581,53,37,2.33
6582,70,111,0.33
6583,85,86,0.26
6584,256,415,0.52
6585,217,234,0.33
6586,0,50,1.08
6587,59,59,0.17
6588,265,390,0.52
6589,74,91,0.27
6590,0,85,0.04
6591,0,80,4.38
6592,121,163,0.43
6593,14,179,5.41
6594,423,147,0.29
6595,157,185,0.66
6596,15,293,1.48
6597,187,354,0.39
6598,172,22,0.63
6599,142,137,0.59
6600,0,76,3.65
6601,213,519,1.33
6602,275,291,0.41
6603,30,48,0.56
6604,487,814,0.40
6605,0,31,0.79
6606,0,0,0.00
6607,0,119,2.22
6608,184,189,0.51
6609,72,183,2.92
6610,16,20,0.64
6611,224,659,2.11
6612,11,81,3.01
6613,21,36,1.05
6614,0,445,0.28
6615,282,305,1.50
6616,38,123,0.39
6617,170,171,0.62
6618,127,140,0.20
6619,21,66,1.33
6620,38,23,0.62
6621,156,231,0.33
6622,129,18,0.20
6623,0,132,2.21
6624,141,454,1.48
6625,56,77,0.44
6626,0,18,0.43
6627,0,34,0.55
6628,373,0,0.00
6629,0,146,1.51
6630,116,117,0.28
6631,16,130,2.64
6632,198,198,0.44
6633,65,76,0.50
6634,249,285,0.36
6635,0,0,0.00
6636,15,28,1.23
6637,89,89,0.32
6638,247,277,0.44
6639,275,275,0.96
6640,128,19,0.48
6641,0,100,3.03
6642,92,98,0.29
6643,55,66,0.15
6644,17,69,3.22
6645,0,36,2.73
6646,0,17,0.43
6647,28,47,1.63
6648,20,241,0.56
6649,0,85,3.79
6650,198,260,1.42
6651,59,84,0.26
6652,0,52,2.37
6653,0,168,5.21
6654,20,183,5.57
6655,0,0,0.00
6656,22,25,0.38
6657,86,34,1.46
6658,41,185,2.90
6659,66,80,0.31
6660,122,124,0.22
6661,101,122,0.51
6662,0,95,3.62
6663,0,142,3.11
6664,37,183,5.10
6665,74,78,0.17
6666,446,468,0.62
6667,244,276,0.58
6668,26,16,0.39
6669,0,115,1.79
6670,0,19,0.37
6671,0,0,0.00
6672,262,267,0.29
6673,52,12,0.92
6674,21,17,0.97
6675,0,46,1.00
6676,0,19,0.36
6677,170,406,0.81
6678,19,125,2.96
6679,27,21,0.72
6680,204,231,1.07
6681,10,82,1.80
6682,66,221,0.96
6683,21,66,2.18
6684,46,32,2.09
6685,38,29,0.69
6686,22,30,0.45
6687,19,18,0.34
6688,22,16,0.37
6689,161,341,0.47
6690,20,29,0.98
6691,0,19,0.47
6692,13,105,0.95
6693,0,19,0.48
6694,0,26,0.33
6695,53,134,0.57
6696,0,131,2.57
6697,258,24,0.19
6698,18,97,4.14
6699,356,373,0.40
6700,480,1662,8.00
6701,24,14,1.59
6702,268,296,0.69
6703,13,558,0.60
6704,19,35,1.56
6705,0,265,0.22
6706,49,132,3.84
6707,552,567,0.37
6708,0,151,5.40
6709,58,20,1.62
6710,147,182,0.65
6711,63,36,1.53
6712,143,143,0.30
6713,0,137,3.25
6714,81,129,0.38
6715,43,133,2.73
6716,451,482,0.99
6717,273,226,0.36
6718,304,322,0.36
6719,0,36,1.25
6720,427,112,0.58
6721,397,441,0.33
6722,0,95,2.74
6723,18,40,0.83
6724,0,35,0.61
6725,326,70,0.26
6726,41,182,3.76
6727,210,222,0.25
6728,29,20,0.39
6729,0,32,1.48
6730,101,33,3.90
6731,17,160,4.85
6732,19,43,1.00
6733,146,0,0.00
6734,161,615,4.00
6735,13,133,2.50
6736,0,160,2.17
6737,359,374,0.38
6738,0,167,2.79
6739,0,16,0.28
6740,0,127,2.86
6741,128,150,0.36
6742,160,168,0.43
6743,14,107,3.04
6744,175,179,0.61
6745,66,69,0.40
6746,0,22,0.61
6747,248,490,0.46
6748,105,115,0.30
6749,13,20,0.38
6750,0,26,0.79
6751,159,396,0.85
6752,124,134,0.17
6753,19,41,2.31
6754,26,174,4.33
6755,249,384,0.99
6756,26,43,1.00
6757,0,68,1.43
6758,0,131,1.45
6759,157,163,0.36
6760,104,106,0.17
6761,53,156,3.31
6762,96,98,0.12
6763,13,24,1.00
6764,0,85,4.19
6765,0,80,2.66
6766,37,44,0.45
6767,0,150,4.22
6768,117,232,0.30
6769,253,262,0.32
6770,23,41,0.85
6771,19,136,4.53
6772,17,27,0.23
6773,0,86,0.18
6774,0,19,0.48
6775,316,342,0.22
6776,0,158,1.93
6777,14,87,2.77
6778,87,87,0.18
6779,89,89,0.16
6780,0,196,5.06
6781,0,49,0.91
6782,132,141,0.54
6783,107,115,0.28
6784,0,154,3.43
6785,725,1189,2.18
6786,19,37,1.73
6787,0,29,1.57
6788,238,380,1.02
6789,518,801,0.53
6790,151,162,0.89
6791,19,116,2.28
6792,184,285,0.39
6793,88,27,0.39
6794,0,77,2.11
6795,15,96,0.52
6796,670,699,1.26
6797,28,50,1.81
6798,219,219,0.36
6799,0,26,1.81
6800,188,191,0.77
6801,131,162,0.39
6802,38,25,0.44
6803,354,373,0.35
6804,0,18,0.47
6805,29,248,3.50
6806,87,100,0.28
6807,22,34,0.74
6808,20,115,3.15
6809,116,155,0.43
6810,0,0,0.00
6811,37,192,3.53
6812,19,54,3.59
6813,188,215,0.51
6814,579,633,1.09
6815,125,127,0.43
6816,0,165,3.54
6817,13,20,0.37
6818,353,425,0.49
6819,218,446,0.96
6820,16,0,0.00
6821,171,174,0.69
6822,0,0,0.00
6823,240,255,0.37
6824,42,134,4.06
6825,17,45,2.78
6826,600,621,1.10
6827,15,92,5.18
6828,17,165,4.29
6829,20,154,2.50
6830,104,18,0.38
6831,22,125,5.18
6832,42,136,8.92
6833,0,24,0.97
6834,101,0,0.00
6835,0,159,2.91
6836,54,66,4.49
6837,18,23,1.35
6838,101,105,0.13
6839,0,147,2.40
6840,18,22,0.60
6841,48,312,1.19
6842,21,23,0.73
6843,66,16,0.26
6844,0,19,1.39
6845,79,26,1.29
6846,188,17,0.32
6847,25,79,4.69
6848,357,373,0.27
6849,129,314,0.68
6850,20,144,4.92
6851,102,116,0.40
6852,0,19,0.86
6853,15,116,4.17
6854,114,123,0.17
6855,17,21,0.50
6856,258,261,0.36
6857,42,151,4.95
6858,228,259,0.50
6859,195,200,0.42
6860,65,83,0.28
6861,20,163,4.28
6862,0,103,3.52
6863,165,329,0.34
6864,182,445,1.08
6865,158,336,1.65
6866,0,169,3.61
6867,0,0,0.00
6868,17,46,2.25
6869,225,21,0.37
6870,0,75,1.98
6871,197,347,0.68
6872,124,432,1.15
6873,460,482,1.05
6874,231,442,0.88
6875,0,63,2.33
6876,175,549,1.53
6877,32,73,2.87
6878,0,167,6.34
6879,115,115,0.13
6880,0,102,3.04
6881,19,62,4.38
6882,133,475,1.39
6883,87,91,0.16
6884,274,321,0.37
6885,51,27,0.93
6886,0,134,2.33
6887,105,327,2.02
6888,61,146,6.75
6889,0,0,0.00
6890,94,99,0.09
6891,0,138,2.14
6892,55,47,1.22
6893,16,18,0.47
6894,317,345,0.48
6895,15,134,2.58
6896,33,39,0.17
6897,0,21,0.44
6898,200,229,0.48
6899,14,76,1.79
6900,0,26,0.94
6901,242,266,0.58
6902,33,173,4.47
6903,396,427,1.19
6904,0,30,2.26
6905,241,305,0.97
6906,22,0,0.00
6907,0,29,1.49
6908,0,71,3.05
6909,0,30,0.93
6910,21,145,3.45
6911,87,20,0.48
6912,12,28,0.73
6913,12,34,2.19
6914,36,24,1.34
6915,14,51,2.15
6916,27,196,0.69
6917,0,144,6.10
6918,157,157,0.26
6919,36,125,3.21
6920,73,21,0.54
6921,29,21,0.53
6922,14,98,3.64
6923,0,176,2.47
6924,153,22,0.82
6925,0,56,2.66
6926,0,99,1.50
6927,0,23,1.26
6928,54,60,0.13
6929,89,90,0.45
6930,588,757,1.20
6931,109,227,0.71
6932,310,354,0.34
6933,162,162,0.78
6934,0,67,0.50
6935,121,133,0.34
6936,152,184,0.47
6937,24,50,2.06
6938,253,179,0.38
6939,59,23,2.06
6940,35,115,5.11
6941,0,122,2.83
6942,169,511,0.40
6943,15,64,1.67
6944,78,78,0.40
6945,155,158,0.58
6946,23,74,3.70
6947,36,15,0.82
6948,15,74,1.93
6949,341,373,0.46
6950,15,99,2.91
6951,30,30,2.62
6952,15,26,1.51
6953,33,214,0.58
6954,16,120,3.10
6955,16,19,0.40
6956,308,315,0.40
6957,201,229,0.27
6958,336,13,0.13
6959,18,100,3.49
6960,40,162,2.59
6961,70,70,0.22
6962,31,128,2.22
6963,38,53,2.64
6964,18,139,4.29
6965,111,208,0.51
6966,18,104,4.01
6967,82,114,0.30
6968,244,256,0.42
6969,16,106,4.69
6970,0,78,2.95
6971,985,1370,1.03
6972,0,34,1.30
6973,209,363,0.34
6974,24,193,4.04
6975,0,19,1.68
6976,109,148,0.38
6977,26,73,2.56
6978,149,326,0.89
6979,140,20,0.40
6980,0,156,6.20
6981,0,208,3.13
6982,0,18,0.34
6983,0,34,1.99
6984,319,1244,3.18
6985,14,31,0.42
6986,0,14,0.30
6987,36,42,1.13
6988,210,230,1.19
6989,0,93,2.15
6990,108,108,0.23
6991,799,812,0.37
6992,24,111,4.28
6993,61,22,1.18
6994,194,209,0.24
6995,112,123,0.25
6996,26,19,0.51
6997,49,16,0.36
6998,12,171,4.84
6999,270,284,0.37
7000,20,92,4.70
7001,0,0,0.00
7002,159,181,1.09
7003,54,158,3.73
7004,0,147,2.27
7005,0,20,0.74
7006,145,22,0.62
7007,41,210,6.87
7008,19,58,1.59
7009,49,49,0.12
7010,157,168,0.20
7011,79,39,1.42
7012,42,84,0.50
7013,0,77,2.29
7014,39,16,0.68
7015,289,300,0.25
7016,46,186,3.79
7017,27,65,2.33
7018,118,192,0.99
7019,0,25,0.56
7020,19,93,4.53
7021,0,20,0.55
7022,301,431,1.18
7023,251,278,0.33
7024,37,18,0.67
7025,0,62,1.31
7026,25,160,1.94
7027,30,51,2.56
7028,213,269,0.34
7029,125,20,1.04
7030,0,92,3.34
7031,0,167,3.93
7032,0,274,0.56
7033,0,148,7.72
7034,15,42,1.27
7035,43,164,0.56
7036,255,629,1.63
7037,25,166,3.11
7038,0,76,4.74
7039,0,125,0.53
7040,0,74,6.43
7041,117,150,0.57
7042,214,521,1.33
7043,21,15,0.48
7044,15,17,0.24
7045,72,90,0.51
7046,47,48,1.71
7047,54,199,5.06
7048,0,113,4.08
7049,14,51,2.96
7050,17,85,3.89
7051,31,195,3.77
7052,0,33,0.44
7053,20,21,0.30
7054,0,44,1.50
7055,756,778,0.36
7056,30,55,2.90
7057,99,101,0.17
7058,18,196,4.24
7059,16,686,1.50
7060,0,182,7.29
7061,0,47,0.91
7062,277,1629,2.20
7063,51,54,3.00
7064,0,20,0.39
7065,175,182,0.96
7066,103,120,0.34
7067,46,72,3.91
7068,132,159,1.19
7069,74,20,0.28
7070,55,24,1.53
7071,0,139,4.89
7072,161,373,0.57
7073,127,239,0.96
7074,607,755,0.35
7075,18,57,2.68
7076,60,24,0.49
7077,0,27,1.29
7078,0,0,0.00
7079,49,103,0.46
7080,13,72,1.66
7081,318,27,2.25
7082,0,40,2.73
7083,0,27,0.55
7084,0,16,0.49
7085,20,19,1.11
7086,0,86,1.56
7087,305,306,0.25
7088,0,58,1.78
7089,121,133,0.70
7090,27,93,3.25
7091,237,513,0.47
7092,23,205,3.36
7093,14,520,5.53
7094,14,169,10.99
7095,38,17,0.85
7096,0,29,1.61
7097,726,752,1.12
7098,273,273,0.27
7099,140,13,0.16
7100,556,661,1.09
7101,50,15,0.48
7102,61,23,0.43
7103,16,17,2.13
7104,341,361,0.38
7105,133,135,0.33
7106,16,26,0.88
7107,77,21,0.50
7108,212,136,0.29
7109,531,883,0.54
7110,14,109,3.00
7111,33,179,2.58
7112,0,41,1.45
7113,73,13,0.33
7114,18,80,1.46
7115,134,149,0.50
7116,0,35,1.46
7117,0,142,0.53
7118,421,438,0.59
7119,13,119,0.34
7120,241,254,0.24
7121,25,26,1.57
7122,0,17,1.79
7123,130,173,1.68
7124,256,277,0.31
7125,0,107,2.32
7126,209,351,0.37
7127,0,41,1.26
7128,187,201,0.74
7129,16,200,5.35
7130,360,378,0.34
7131,0,103,3.70
7132,211,359,0.34
7133,81,83,0.13
7134,252,289,1.80
7135,70,70,0.19
7136,106,24,2.11
7137,41,41,0.12
7138,0,102,2.47
7139,94,97,0.41
7140,0,0,0.00
7141,46,21,0.37
7142,229,394,0.44
7143,0,117,4.84
7144,0,0,0.00
7145,0,13,0.34
7146,53,93,0.51
7147,0,19,0.36
7148,0,0,0.00
7149,15,105,2.07
7150,0,21,1.32
7151,13,46,1.70
7152,197,231,0.60
7153,62,33,2.17
7154,0,148,1.41
7155,15,18,0.54
7156,25,166,4.39
7157,20,139,2.85
7158,0,393,0.33
7159,56,17,0.95
7160,274,282,0.24
7161,78,213,0.72
7162,0,57,2.66
7163,127,138,0.42
7164,19,134,2.68
7165,19,86,4.42
7166,371,376,0.31
7167,122,166,0.35
7168,28,177,4.57
7169,0,148,2.33
7170,0,0,0.00
7171,161,180,0.41
7172,108,109,0.14
7173,29,16,1.00
7174,51,169,3.66
7175,38,191,3.97
7176,20,47,1.77
7177,180,182,0.58
7178,15,18,1.14
7179,576,608,1.09
7180,0,47,1.27
7181,29,273,1.50
7182,269,296,2.10
7183,0,129,4.51
7184,143,167,0.33
7185,0,153,5.83
7186,0,38,1.41
7187,593,859,1.17
7188,0,115,3.44
7189,14,32,1.37
7190,99,99,0.16
7191,62,62,0.09
7192,16,90,4.07
7193,57,17,0.42
7194,23,128,3.20
7195,44,155,3.40
7196,17,59,1.05
7197,47,15,0.34
7198,109,131,0.39
7199,20,65,1.56
7200,47,148,2.96
7201,88,124,0.29
7202,335,356,0.30
7203,23,31,0.37
7204,163,281,0.98
7205,19,30,0.51
7206,444,472,1.03
7207,121,128,0.54
7208,18,125,4.32
7209,34,228,7.45
7210,197,645,1.21
7211,35,13,1.34
7212,122,144,0.50
7213,80,89,0.46
7214,13,142,3.05
7215,158,158,0.37
7216,132,178,0.53
7217,0,49,1.82
7218,45,19,0.43
7219,16,19,0.47
7220,152,203,0.50
7221,0,130,3.83
7222,36,49,1.80
7223,161,355,0.38
7224,0,51,2.04
7225,12,40,1.45
7226,32,36,0.23
7227,0,124,2.67
7228,102,130,0.44
7229,21,17,0.55
7230,277,282,0.23
7231,109,136,0.63
7232,60,29,1.24
7233,17,47,1.70
7234,92,114,0.30
7235,30,26,1.08
7236,13,152,3.90
7237,238,18,0.31
7238,140,153,1.05
7239,15,110,4.85
7240,205,216,1.00
7241,27,177,0.69
7242,69,19,1.68
7243,0,28,1.50
7244,216,438,0.99
7245,19,75,2.92
7246,264,294,0.40
7247,54,40,1.04
7248,0,105,2.77
7249,40,155,0.66
7250,149,163,0.61
7251,0,46,1.53
7252,0,122,4.21
7253,0,58,1.05
7254,30,23,0.77
7255,76,25,1.48
7256,21,93,3.39
7257,35,197,2.40
7258,193,226,0.43
7259,176,208,0.32
7260,0,34,1.96
7261,83,96,0.28
7262,19,155,3.00
7263,114,122,0.29
7264,0,101,2.86
7265,163,185,1.26
7266,65,24,1.46
7267,374,109,0.48
7268,0,78,5.34
7269,639,842,1.29
7270,117,66,0.12
7271,74,21,0.41
7272,148,342,0.37
7273,0,59,0.76
7274,27,19,0.42
7275,0,102,2.35
7276,641,652,0.33
7277,108,150,0.30
7278,87,88,0.15
7279,13,22,0.61
7280,0,50,2.60
7281,0,17,0.52
7282,50,20,0.43
7283,23,38,1.86
7284,45,0,0.00
7285,12,53,1.17
7286,0,348,1.86
7287,0,37,2.17
7288,24,247,2.56
7289,279,280,0.26
7290,17,36,1.30
7291,85,85,0.22
7292,0,111,3.79
7293,0,784,2.57
7294,121,131,1.05
7295,0,28,0.56
7296,56,87,0.64
7297,60,228,0.68
7298,15,15,0.81
7299,0,0,0.00
7300,15,67,0.98
7301,273,342,0.72
7302,177,358,0.47
7303,0,116,2.58
7304,210,535,1.14
7305,226,237,0.42
7306,0,21,0.64
7307,182,191,0.20
7308,352,359,0.23
7309,0,131,4.16
7310,30,296,0.64
7311,319,343,1.72
7312,32,20,1.03
7313,207,0,0.00
7314,0,32,1.42
7315,0,144,5.38
7316,25,19,0.45
7317,33,184,7.41
7318,94,98,0.21
7319,19,27,0.42
7320,59,192,0.96
7321,44,19,0.58
7322,173,344,0.35
7323,13,145,4.53
7324,160,491,1.11
7325,0,89,0.76
7326,0,29,1.92
7327,213,265,0.38
7328,200,210,1.01
7329,269,273,0.70
7330,22,26,1.89
7331,211,404,0.56
7332,0,115,3.58
7333,140,160,0.19
7334,98,129,0.37
7335,0,74,7.55
7336,34,122,0.42
7337,20,14,0.41
7338,117,115,0.38
7339,84,84,0.14
7340,18,61,2.41
7341,74,74,0.12
7342,0,149,3.55
7343,15,106,3.02
7344,15,21,0.47
7345,27,102,0.43
7346,0,63,1.09
7347,202,321,0.36
7348,479,534,1.22
7349,57,178,0.76
7350,52,158,0.50
7351,0,102,4.53
7352,77,79,0.21
7353,99,132,0.37
7354,106,109,0.17
7355,90,24,0.46
7356,41,39,0.86
7357,18,119,2.80
7358,138,146,0.45
7359,38,23,0.40
7360,57,55,3.01
7361,17,26,0.46
7362,138,146,0.54
7363,119,119,0.18
7364,154,155,0.24
7365,14,131,4.11
7366,118,147,0.49
7367,0,28,0.52
7368,18,21,1.02
7369,152,596,1.17
7370,15,84,2.30
7371,170,164,0.97
7372,61,15,0.47
7373,0,112,3.46
7374,47,0,0.00
7375,212,407,1.18
7376,15,418,0.83
7377,350,740,1.33
7378,16,14,0.30
7379,199,212,0.31
7380,66,66,0.11
7381,0,12,0.18
7382,337,368,0.33
7383,213,16,0.48
7384,34,13,0.24
7385,42,178,4.59
7386,0,28,1.85
7387,122,224,0.96
7388,19,17,0.75
7389,0,182,0.37
7390,33,181,5.14
7391,89,20,0.37
7392,0,130,4.31
7393,52,286,4.55
7394,166,169,0.80
7395,61,68,0.27
7396,0,147,5.58
7397,191,196,0.61
7398,205,239,0.23
7399,18,36,1.00
7400,165,227,0.47
7401,139,142,0.35
7402,242,274,0.63
7403,0,98,4.27
7404,0,84,2.99
7405,103,16,0.41
7406,0,22,0.44
7407,98,98,0.24
7408,41,181,5.62
7409,37,27,4.32
7410,15,140,2.48
7411,0,71,1.77
7412,161,164,0.50
7413,580,1530,3.16
7414,0,25,0.60
7415,20,80,2.25
7416,193,359,0.30
7417,218,241,1.06
7418,18,0,0.00
7419,20,127,5.79
7420,65,90,0.49
7421,414,452,0.43
7422,0,110,2.88
7423,14,29,0.36
7424,408,404,1.07
7425,634,686,1.14
7426,17,16,0.63
7427,0,38,1.89
7428,0,90,3.64
7429,43,19,0.35
7430,206,474,1.18
7431,340,376,0.39
7432,38,25,1.51
7433,0,44,0.88
7434,232,264,0.29
7435,46,77,0.27
7436,0,136,2.97
7437,232,308,0.35
7438,0,68,5.47
7439,345,389,0.38
7440,24,18,0.13
7441,25,34,0.51
7442,121,155,0.55
7443,0,35,1.97
7444,125,14,0.28
7445,23,139,3.27
7446,57,208,5.20
7447,0,44,0.98
7448,223,365,0.42
7449,70,254,3.86
7450,0,21,0.63
7451,0,44,1.73
7452,19,23,1.63
7453,220,351,0.46
7454,166,191,0.40
7455,33,37,1.07
7456,11,85,3.20
7457,43,20,0.59
7458,33,64,3.48
7459,39,113,1.62
7460,144,272,0.40
7461,23,190,2.90
7462,18,145,5.14
7463,17,181,8.05
7464,16,111,2.95
7465,159,161,0.68
7466,37,24,0.99
7467,297,318,0.43
7468,0,19,1.60
7469,253,256,0.41
7470,18,31,1.08
7471,18,197,2.71
7472,0,20,0.35
7473,0,30,0.44
7474,132,123,0.19
7475,48,190,4.87
7476,15,150,2.99
7477,57,19,2.49
7478,180,178,0.43
7479,195,297,1.00
7480,0,89,3.83
7481,13,180,5.41
7482,52,137,1.01
7483,50,51,0.04
7484,17,0,0.00
7485,55,37,1.62
7486,43,178,5.77
7487,139,266,0.55
7488,31,39,2.90
7489,0,53,2.50
7490,185,188,0.37
7491,0,58,2.24
7492,243,245,0.30
7493,40,83,2.13
7494,25,133,3.18
7495,36,36,0.60
7496,95,115,0.29
7497,87,99,0.47
7498,173,182,0.49
7499,18,190,0.50
7500,23,19,1.38
7501,0,33,0.37
7502,0,72,4.81
7503,19,152,4.52
7504,98,100,0.30
7505,97,262,0.96
7506,0,132,6.76
7507,41,17,0.46
7508,35,118,3.47
7509,16,24,0.55
7510,0,149,3.03
7511,112,125,0.32
7512,0,174,0.38
7513,130,21,0.60
7514,0,52,1.40
7515,91,41,1.99
7516,0,131,4.51
7517,88,118,0.29
7518,0,150,4.32
7519,169,174,0.42
7520,102,106,0.19
7521,167,167,0.47
7522,202,531,1.20
7523,17,131,3.43
7524,0,189,2.21
7525,232,235,0.75
7526,25,24,0.52
7527,20,33,1.41
7528,67,0,0.00
7529,48,112,4.15
7530,20,42,1.99
7531,0,34,1.53
7532,35,21,0.35
7533,81,81,0.15
7534,154,156,0.38
7535,0,25,0.65
7536,124,129,0.23
7537,0,556,0.47
7538,15,108,0.48
7539,82,91,0.30
7540,12,58,1.92
7541,0,20,1.45
7542,16,42,1.44
7543,89,91,0.30
7544,23,41,1.28
7545,165,166,0.40
7546,195,216,0.58
7547,16,63,3.43
7548,61,14,0.19
7549,172,173,0.34
7550,16,29,0.72
7551,15,27,1.34
7552,21,122,2.15
7553,47,66,0.55
7554,31,27,0.51
7555,187,199,0.91
7556,22,42,1.57
7557,364,404,1.30
7558,97,116,0.44
7559,27,249,0.42
7560,104,111,0.42
7561,31,28,0.50
7562,0,143,5.56
7563,21,14,0.57
7564,114,115,0.39
7565,16,143,0.53
7566,0,144,2.53
7567,20,21,0.35
7568,126,126,0.59
7569,171,303,0.95
7570,19,141,5.07
7571,187,195,0.64
7572,17,48,4.53
7573,61,64,0.28
7574,17,19,0.28
7575,0,69,3.33
7576,16,24,1.10
7577,118,134,0.19
7578,0,42,2.02
7579,0,26,1.05
7580,162,164,0.31
7581,45,35,1.94
7582,21,138,3.12
7583,19,88,2.32
7584,0,50,0.77
7585,0,141,2.90
7586,0,18,0.35
7587,66,36,0.69
7588,192,200,0.33
7589,19,62,1.79
7590,0,142,3.87
7591,467,114,0.34
7592,140,19,0.39
7593,19,25,0.37
7594,0,131,3.86
7595,65,54,2.70
7596,84,22,0.61
7597,367,413,0.31
7598,106,106,0.34
7599,121,125,0.40
7600,177,178,0.25
7601,0,35,0.64
7602,203,586,1.08
7603,473,191,0.64
7604,279,285,0.25
7605,0,100,4.70
7606,112,16,0.30
7607,58,29,1.47
7608,0,24,0.77
7609,0,135,2.44
7610,34,18,0.36
7611,0,60,0.42
7612,40,181,4.01
7613,0,107,3.71
7614,14,14,0.24
7615,325,332,0.41
7616,94,109,0.39
7617,16,17,0.75
7618,137,138,0.26
7619,32,57,1.21
7620,220,450,1.22
7621,0,137,3.05
7622,21,19,0.38
7623,158,300,1.98
7624,182,645,1.16
7625,190,12,0.22
7626,0,17,0.43
7627,255,270,0.54
7628,32,22,0.39
7629,14,19,0.32
7630,19,83,3.86
7631,35,44,1.63
7632,79,83,0.44
7633,171,175,0.65
7634,26,152,2.82
7635,40,16,0.30
7636,24,169,2.45
7637,17,105,2.77
7638,101,117,0.46
7639,16,86,2.95
7640,114,115,0.20
7641,0,129,2.86
7642,73,18,0.44
7643,0,84,2.96
7644,0,25,0.30
7645,42,157,4.12
7646,68,90,0.42
7647,179,180,0.49
7648,0,22,0.58
7649,313,874,0.68
7650,0,79,4.80
7651,113,129,0.49
7652,0,19,0.44
7653,20,18,0.23
7654,170,193,0.73
7655,258,448,1.09
7656,0,23,0.35
7657,163,167,0.35
7658,0,45,1.34
7659,566,594,1.09
7660,46,55,0.26
7661,21,20,1.42
7662,184,654,1.11
7663,454,478,0.74
7664,96,24,0.75
7665,18,149,2.32
7666,68,74,0.07
7667,240,256,0.67
7668,17,170,0.51
7669,0,46,2.04
7670,549,578,1.22
7671,0,136,3.55
7672,18,18,0.26
7673,58,31,0.64
7674,16,119,2.27
7675,106,795,2.21
7676,0,28,1.17
7677,19,18,0.37
7678,156,284,0.41
7679,20,62,2.05
7680,15,20,0.37
7681,634,655,1.18
7682,327,345,0.26
7683,0,152,4.68
7684,481,513,1.13
7685,144,145,0.70
7686,0,31,1.39
7687,53,29,0.53
7688,23,62,2.96
7689,0,0,0.00
7690,0,126,3.59
7691,0,144,1.97
7692,291,321,0.34
7693,0,0,0.00
7694,224,455,1.21
7695,18,153,4.02
7696,652,657,1.38
7697,203,231,0.26
7698,26,39,3.65
7699,14,51,2.80
7700,39,29,0.99
7701,40,236,2.33
7702,0,152,5.22
7703,51,56,0.26
7704,0,145,1.91
7705,197,347,0.61
7706,0,61,1.75
7707,0,52,2.43
7708,88,30,0.55
7709,116,116,0.28
7710,0,36,1.84
7711,33,201,2.45
7712,49,24,0.15
7713,0,35,1.79
7714,309,337,0.29
7715,37,146,2.39
7716,24,199,2.92
7717,126,842,3.08
7718,19,99,3.77
7719,0,71,3.29
7720,55,33,0.65
7721,213,230,0.31
7722,116,29,1.37
7723,16,279,1.07
7724,230,21,1.05
7725,0,76,3.61
7726,191,191,0.36
7727,379,17,0.05
7728,49,39,1.40
7729,0,32,1.88
7730,0,21,0.39
7731,153,21,0.51
7732,152,160,0.31
7733,23,59,2.43
7734,280,43,0.84
7735,19,108,2.89
7736,22,12,0.18
7737,287,399,0.71
7738,0,89,3.14
7739,15,136,2.83
7740,264,24,0.18
7741,202,430,0.39
7742,0,113,2.96
7743,262,273,1.04
7744,0,38,1.47
7745,22,123,3.07
7746,172,174,0.30
7747,90,37,1.88
7748,904,953,1.35
7749,0,12,0.44
7750,153,169,0.65
7751,84,46,4.36
7752,19,43,2.89
7753,20,83,2.18
7754,21,17,0.56
7755,132,134,0.46
7756,18,16,0.81
7757,238,740,1.24
7758,216,661,0.86
7759,0,115,2.14
7760,260,292,1.04
7761,11,34,1.40
7762,0,131,5.81
7763,223,249,0.31
7764,177,335,0.39
7765,108,120,0.27
7766,23,57,0.79
7767,148,149,0.56
7768,163,169,0.65
7769,170,184,0.31
7770,16,43,0.64
7771,276,280,0.94
7772,21,76,1.87
7773,92,100,0.32
7774,0,60,1.07
7775,0,15,0.42
7776,0,39,2.23
7777,155,469,1.06
7778,0,117,4.01
7779,81,84,0.22
7780,667,725,1.13
7781,371,1057,2.68
7782,44,48,0.26
7783,66,192,3.99
7784,23,91,3.11
7785,0,108,4.28
7786,200,211,0.38
7787,0,16,0.36
7788,243,256,0.24
7789,27,24,1.63
7790,0,0,0.00
7791,20,55,0.74
7792,27,13,0.18
7793,127,208,0.29
7794,17,44,0.74
7795,14,38,0.75
7796,42,19,0.65
7797,24,106,1.24
7798,0,32,1.23
7799,33,64,1.79
7800,0,80,1.93
7801,108,25,0.34
7802,0,40,1.88
7803,28,111,4.15
7804,0,29,1.64
7805,128,170,0.50
7806,32,120,1.92
7807,21,146,1.89
7808,231,254,0.66
7809,0,74,0.48
7810,209,25,0.41
7811,464,479,1.15
7812,0,151,2.99
7813,29,172,2.82
7814,291,332,1.70
7815,36,29,1.65
7816,0,44,0.75
7817,21,18,0.65
7818,122,124,0.26
7819,26,19,0.61
7820,34,179,6.67
7821,0,24,0.57
7822,319,360,0.34
7823,0,106,4.22
7824,16,58,1.98
7825,211,246,0.35
7826,197,200,0.28
7827,296,315,0.71
7828,0,90,2.14
7829,36,154,3.48
7830,117,121,0.11
7831,96,100,0.27
7832,197,206,1.00
7833,215,218,0.22
7834,19,97,3.21
7835,40,26,0.53
7836,0,254,0.63
7837,117,13,1.19
7838,26,133,6.80
7839,0,15,0.40
7840,18,18,0.88
7841,15,33,1.64
7842,544,844,1.20
7843,113,35,2.55
7844,35,168,1.80
7845,26,33,1.39
7846,18,139,0.44
7847,0,144,2.38
7848,107,116,0.47
7849,27,17,1.46
7850,0,75,3.42
7851,116,126,0.19
7852,23,17,0.50
7853,0,35,1.84
7854,24,129,4.11
7855,123,126,0.17
7856,33,169,4.74
7857,0,171,2.51
7858,0,135,5.13
7859,10,49,2.08
7860,0,61,1.75
7861,42,34,0.81
7862,0,145,3.60
7863,79,83,0.15
7864,0,50,2.65
7865,371,387,0.35
7866,17,44,0.66
7867,11,19,0.75
7868,146,974,1.23
7869,0,50,2.15
7870,79,99,0.37
7871,81,81,0.16
7872,279,31,0.46
7873,0,254,0.41
7874,79,93,0.51
7875,92,207,0.97
7876,19,185,2.86
7877,174,625,7.85
7878,0,149,3.60
7879,180,210,0.43
7880,271,635,1.65
7881,0,21,0.81
7882,0,151,3.45
7883,18,25,0.36
7884,0,164,4.32
7885,63,17,0.14
7886,55,143,3.22
7887,345,372,0.29
7888,27,144,5.16
7889,0,54,2.60
7890,76,77,0.12
7891,166,175,0.37
7892,18,289,0.70
7893,54,183,4.16
7894,22,101,2.74
7895,0,152,3.11
7896,121,28,1.51
7897,191,62,0.30
7898,0,109,6.93
7899,0,76,1.42
7900,69,71,0.27
7901,49,25,0.53
7902,125,136,0.40
7903,0,59,2.08
7904,67,67,0.13
7905,36,107,2.44
7906,29,16,0.50
7907,169,197,0.36
7908,41,25,0.42
7909,0,119,3.41
7910,245,370,0.90
7911,36,20,0.26
7912,50,151,2.14
7913,0,136,2.36
7914,632,952,1.18
7915,275,492,0.41
7916,171,173,0.62
7917,154,169,0.26
7918,67,22,0.59
7919,0,146,3.73
7920,297,19,0.27
7921,82,68,0.27
7922,119,154,0.46
7923,438,486,0.84
7924,0,15,0.39
7925,38,156,3.73
7926,20,125,3.63
7927,40,29,1.46
7928,80,85,0.44
7929,0,28,2.02
7930,198,664,2.24
7931,45,133,0.51
7932,14,126,2.39
7933,366,378,0.51
7934,0,19,0.74
7935,30,156,2.68
7936,373,426,0.82
7937,61,14,0.60
7938,22,18,0.37
7939,33,64,2.34
7940,0,129,5.10
7941,40,245,2.06
7942,55,32,0.55
7943,0,174,3.75
7944,178,186,0.41
7945,112,56,0.12
7946,140,156,0.25
7947,0,114,4.43
7948,59,64,0.11
7949,179,294,0.81
7950,32,36,1.84
7951,0,123,2.05
7952,26,39,4.61
7953,224,224,0.37
7954,54,23,1.48
7955,19,135,3.93
7956,339,347,0.31
7957,24,54,0.68
7958,0,29,2.06
7959,105,104,0.12
7960,0,88,3.16
7961,21,17,1.60
7962,29,0,0.00
7963,165,169,0.19
7964,107,108,0.16
7965,567,580,0.39
7966,1483,1498,2.46
7967,44,50,0.32
7968,0,26,1.04
7969,0,13,0.36
7970,55,168,1.56
7971,299,370,0.40
7972,0,101,3.68
7973,116,125,0.30
7974,193,245,0.46
7975,14,151,6.06
7976,0,43,0.62
7977,0,104,3.41
7978,33,120,2.17
7979,14,19,1.39
7980,0,999,3.14
7981,0,173,4.20
7982,0,80,2.39
7983,199,213,0.22
7984,127,139,0.22
7985,159,162,0.27
7986,22,38,2.67
7987,95,104,0.16
7988,101,21,0.28
7989,0,16,1.16
7990,0,37,1.62
7991,14,106,4.44
7992,18,22,1.09
7993,152,153,0.20
7994,36,38,1.87
7995,0,38,1.61
7996,19,103,5.61
7997,252,600,1.09
7998,257,323,0.25
7999,0,60,2.09
8000,468,803,0.44
8001,115,16,0.28
8002,0,13,0.50
8003,134,134,0.42
8004,17,184,3.84
8005,68,34,1.48
8006,0,13,0.29
8007,93,97,0.07
8008,0,41,2.08
8009,281,329,0.47
8010,0,78,1.28
8011,0,78,2.26
8012,0,124,3.54
8013,30,51,1.62
8014,33,25,1.44
8015,122,131,0.44
8016,59,34,1.41
8017,0,61,2.76
8018,154,319,0.96
8019,21,45,1.53
8020,26,24,0.59
8021,52,27,1.52
8022,678,696,0.33
8023,18,54,0.89
8024,219,240,0.94
8025,140,140,0.35
8026,179,203,0.32
8027,25,49,1.83
8028,243,270,0.54
8029,0,89,3.84
8030,0,102,3.38
8031,115,119,0.39
8032,101,101,0.15
8033,0,31,1.27
8034,21,31,1.63
8035,179,268,0.60
8036,20,62,1.64
8037,57,25,0.53
8038,238,273,0.48
8039,11,161,4.43
8040,40,23,0.53
8041,0,825,1.08
8042,163,14,0.35
8043,341,371,0.31
8044,12,26,3.63
8045,351,1345,0.99
8046,27,20,0.52
8047,16,141,2.47
8048,35,116,3.43
8049,15,20,0.38
8050,15,18,0.53
8051,57,172,4.54
8052,15,20,0.19
8053,24,275,0.73
8054,0,17,2.21
8055,487,495,1.19
8056,218,729,5.01
8057,19,27,0.38
8058,0,114,0.56
8059,160,175,0.40
8060,161,192,0.37
8061,0,77,3.51
8062,131,132,0.30
8063,17,44,2.58
8064,0,49,3.64
8065,48,54,0.13
8066,30,23,1.69
8067,169,175,0.42
8068,295,352,0.38
8069,18,73,2.34
8070,48,98,0.35
8071,22,67,1.44
8072,84,85,0.15
8073,62,80,0.26
8074,51,19,0.77
8075,68,224,2.81
8076,196,224,0.91
8077,0,46,1.42
8078,146,332,0.44
8079,0,459,0.96
8080,94,121,0.37
8081,59,25,2.01
8082,235,610,1.10
8083,238,271,1.27
8084,16,15,1.85
8085,66,14,0.14
8086,24,68,2.29
8087,16,44,1.61
8088,302,336,0.31
8089,0,64,2.53
8090,54,23,0.81
8091,0,133,2.31
8092,23,37,2.73
8093,147,154,0.48
8094,17,22,0.99
8095,0,133,5.73
8096,13,17,0.46
8097,434,454,1.36
8098,22,99,2.46
8099,160,297,0.47
8100,73,323,4.52
8101,0,153,4.23
8102,50,138,0.46
8103,183,187,0.44
8104,21,143,3.42
8105,208,209,0.35
8106,14,55,2.44
8107,163,211,0.31
8108,31,79,1.98
8109,31,178,3.36
8110,90,95,0.26
8111,147,151,0.41
8112,22,21,0.61
8113,227,275,0.46
8114,277,904,1.26
8115,149,326,0.56
8116,25,89,0.39
8117,148,167,0.46
8118,0,141,2.61
8119,78,18,0.84
8120,334,356,0.80
8121,14,47,3.01
8122,24,45,0.91
8123,151,165,0.31
8124,59,37,2.99
8125,165,31,2.42
8126,13,24,1.77
8127,37,17,1.16
8128,0,135,2.70
8129,342,380,0.33
8130,280,299,0.24
8131,0,669,1.07
8132,0,143,2.12
8133,24,33,0.63
8134,77,18,1.35
8135,47,281,3.74
8136,14,145,4.05
8137,166,14,0.08
8138,0,142,3.14
8139,115,118,0.17
8140,24,101,6.08
8141,120,138,0.49
8142,0,46,0.73
8143,25,63,2.38
8144,102,116,0.48
8145,80,84,0.44
8146,0,73,4.12
8147,0,41,0.73
8148,108,115,0.47
8149,50,23,0.52
8150,210,234,0.89
8151,0,35,2.28
8152,0,23,0.86
8153,25,289,0.53
8154,0,94,2.13
8155,17,26,0.58
8156,20,23,1.64
8157,424,447,0.43
8158,0,38,1.50
8159,0,36,1.41
8160,324,354,0.61
8161,75,22,1.58
8162,177,316,0.27
8163,0,51,1.88
8164,66,68,0.20
8165,0,26,1.63
8166,102,102,0.30
8167,198,310,1.11
8168,13,161,3.41
8169,0,96,5.53
8170,46,15,2.32
8171,38,184,1.99
8172,168,370,1.50
8173,106,107,0.28
8174,0,28,1.74
8175,127,139,0.96
8176,177,186,0.44
8177,0,50,3.00
8178,20,94,3.43
8179,24,31,1.59
8180,47,60,1.30
8181,0,138,2.71
8182,120,132,0.36
8183,0,58,3.46
8184,0,140,0.80
8185,12,26,1.04
8186,0,146,6.80
8187,13,25,1.31
8188,0,41,3.48
8189,113,29,0.48
8190,129,151,0.64
8191,421,429,0.35
8192,27,151,2.04
8193,0,122,3.71
8194,203,203,0.55
8195,19,351,0.59
8196,0,128,3.84
8197,137,160,1.19
8198,50,81,2.91
8199,59,31,0.59
8200,0,117,3.96
8201,173,204,0.35
8202,329,348,0.29
8203,0,37,1.05
8204,110,238,0.99
8205,51,25,0.39
8206,18,0,0.00
8207,149,155,0.43
8208,0,152,6.85
8209,214,636,1.23
8210,14,17,0.35
8211,0,138,4.61
8212,23,21,0.55
8213,0,32,0.63
8214,74,19,0.32
8215,61,84,0.63
8216,0,14,0.32
8217,250,256,0.37
8218,314,335,0.41
8219,34,21,1.89
8220,324,339,0.30
8221,0,16,0.57
8222,136,141,0.26
8223,0,226,3.96
8224,181,196,0.38
8225,0,15,0.99
8226,124,370,1.88
8227,258,279,1.12
8228,169,186,0.39
8229,20,44,1.87
8230,88,100,1.72
8231,300,325,0.31
8232,100,412,1.97
8233,31,97,2.80
8234,37,23,0.38
8235,18,24,1.79
8236,21,178,3.80
8237,112,19,0.51
8238,0,91,2.71
8239,32,22,1.96
8240,0,151,3.03
8241,224,1061,1.24
8242,0,109,3.48
8243,19,18,0.47
8244,173,329,0.47
8245,0,0,0.00
8246,246,251,0.37
8247,350,376,0.24
8248,0,142,2.42
8249,39,0,0.00
8250,0,111,3.58
8251,95,121,0.71
8252,314,342,0.51
8253,0,161,0.47
8254,20,158,2.97
8255,31,36,2.01
8256,27,81,4.32
8257,554,883,1.16
8258,21,29,0.56
8259,222,228,0.50
8260,27,37,2.67
8261,180,528,1.18
8262,0,115,3.16
8263,108,24,0.46
8264,54,200,4.19
8265,56,19,0.20
8266,15,110,2.91
8267,32,57,1.07
8268,44,24,0.96
8269,390,411,0.27
8270,0,58,2.65
8271,339,356,1.27
8272,131,133,0.16
8273,39,197,4.16
8274,220,236,0.70
8275,19,71,4.04
8276,0,50,2.04
8277,0,102,2.37
8278,84,84,0.15
8279,17,55,2.21
8280,235,257,0.43
8281,0,46,1.68
8282,47,53,1.42
8283,88,218,0.99
8284,257,390,0.48
8285,26,29,1.35
8286,127,149,0.45
8287,14,36,0.38
8288,292,302,0.36
8289,13,32,1.87
8290,39,46,4.16
8291,0,27,1.38
8292,27,42,1.66
8293,0,162,2.09
8294,14,109,4.01
8295,12,16,0.15
8296,0,89,2.75
8297,21,196,0.93
8298,0,0,0.00
8299,59,15,0.44
8300,76,26,0.42
8301,21,17,0.90
8302,42,35,1.47
8303,32,17,0.44
8304,33,134,4.05
8305,189,194,0.67
8306,15,53,1.96
8307,30,20,1.06
8308,0,158,0.38
8309,14,45,2.34
8310,89,31,0.66
8311,0,17,0.36
8312,0,105,2.65
8313,76,329,0.57
8314,155,302,0.29
8315,30,0,0.00
8316,14,105,4.02
8317,262,303,0.32
8318,26,13,0.40
8319,15,107,5.17
8320,297,299,0.41
8321,12,171,3.86
8322,0,134,2.51
8323,0,125,2.85
8324,40,181,3.58
8325,0,42,1.87
8326,237,250,1.00
8327,0,13,0.03
8328,0,32,1.95
8329,48,188,3.65
8330,222,452,1.09
8331,170,193,0.54
8332,50,24,0.58
8333,19,126,4.47
8334,34,29,1.32
8335,40,160,2.31
8336,18,30,1.75
8337,52,161,3.41
8338,18,16,0.35
8339,21,135,6.51
8340,21,169,2.60
8341,0,0,0.00
8342,0,127,3.26
8343,91,37,0.49
8344,0,37,2.42
8345,26,198,4.97
8346,90,101,0.30
8347,0,59,2.29
8348,111,151,0.29
8349,12,19,0.49
8350,0,171,3.41
8351,50,188,1.65
8352,23,32,0.56
8353,99,100,0.15
8354,15,22,0.84
8355,0,21,1.60
8356,127,68,0.20
8357,106,128,0.38
8358,16,30,1.03
8359,19,136,2.30
8360,23,83,1.61
8361,233,240,0.40
8362,110,110,0.17
8363,77,78,0.15
8364,81,85,0.44
8365,118,18,1.15
8366,18,106,2.96
8367,15,59,2.38
8368,261,18,0.59
8369,0,118,3.08
8370,246,251,0.49
8371,0,41,1.65
8372,0,152,2.46
8373,16,44,2.49
8374,130,132,0.32
8375,54,56,0.07
8376,89,90,0.16
8377,0,21,1.79
8378,20,45,0.70
8379,160,224,0.21
8380,56,33,1.56
8381,28,47,1.98
8382,0,59,3.77
8383,32,34,1.20
8384,0,32,3.34
8385,0,34,0.99
8386,20,19,0.61
8387,114,151,0.52
8388,0,148,2.97
8389,0,26,0.34
8390,196,198,0.57
8391,75,96,0.29
8392,0,72,5.01
8393,193,234,0.63
8394,19,49,1.83
8395,37,82,2.85
8396,156,178,0.29
8397,24,0,0.00
8398,24,67,3.48
8399,11,19,0.46
8400,0,20,0.39
8401,0,84,3.09
8402,47,59,1.79
8403,49,55,0.12
8404,29,22,0.90
8405,241,395,0.60
8406,163,196,0.44
8407,0,140,3.14
8408,66,33,2.16
8409,76,84,0.26
8410,138,151,0.29
8411,0,17,0.48
8412,23,23,0.10
8413,142,301,0.97
8414,0,32,2.13
8415,0,52,0.81
8416,172,228,0.54
8417,111,114,0.33
8418,138,158,0.19
8419,0,130,3.66
8420,39,43,0.46
8421,197,16,0.32
8422,225,244,0.25
8423,0,107,2.66
8424,58,25,0.44
8425,0,87,0.41
8426,0,88,3.05
8427,17,97,3.90
8428,167,533,1.26
8429,13,16,0.64
8430,318,335,1.44
8431,151,17,0.63
8432,12,41,1.58
8433,17,53,2.44
8434,36,29,1.41
8435,214,174,0.43
8436,0,131,3.62
8437,143,313,0.45
8438,0,24,0.47
8439,219,369,0.83
8440,0,23,0.97
8441,155,603,1.18
8442,0,64,3.03
8443,19,163,2.86
8444,17,189,3.73
8445,138,139,0.29
8446,0,115,6.40
8447,98,110,0.29
8448,24,72,3.49
8449,105,254,0.67
8450,295,320,0.38
8451,0,207,3.58
8452,140,151,0.40
8453,0,21,0.62
8454,0,76,2.48
8455,23,20,1.25
8456,27,163,0.77
8457,30,238,5.45
8458,15,164,5.08
8459,31,25,0.95
8460,176,180,0.31
8461,0,28,1.73
8462,0,198,2.73
8463,39,48,2.10
8464,0,107,5.06
8465,305,332,0.57
8466,61,43,1.31
8467,58,25,1.62
8468,26,68,2.93
8469,256,264,0.60
8470,0,52,3.79
8471,0,110,5.23
8472,152,153,0.21
8473,182,255,0.34
8474,112,112,0.19
8475,210,269,1.18
8476,0,31,1.85
8477,25,140,1.78
8478,0,223,0.81
8479,0,45,0.88
8480,165,303,0.39
8481,69,90,2.29
8482,85,93,0.20
8483,41,17,0.50
8484,18,35,0.80
8485,256,281,0.46
8486,0,51,1.42
8487,17,46,2.92
8488,255,515,1.11
8489,0,51,1.64
8490,25,72,2.46
8491,20,35,1.24
8492,20,304,0.59
8493,0,25,2.37
8494,66,1094,0.55
8495,302,533,0.35
8496,38,175,5.16
8497,16,130,2.79
8498,109,129,0.40
8499,0,27,2.36
8500,0,139,3.60
8501,0,18,0.40
8502,0,157,3.67
8503,0,15,0.31
8504,0,26,0.37
8505,236,285,0.52
8506,283,0,0.00
8507,42,144,1.99
8508,42,18,0.54
8509,48,53,0.26
8510,39,67,0.42
8511,20,180,5.15
8512,220,584,0.87
8513,16,119,1.92
8514,22,14,0.51
8515,243,521,1.76
8516,0,25,0.57
8517,28,142,3.25
8518,141,164,0.24
8519,70,24,0.31
8520,0,28,0.60
8521,46,162,4.69
8522,14,130,5.01
8523,15,63,2.42
8524,209,18,0.46
8525,103,119,0.38
8526,163,176,0.36
8527,18,121,6.31
8528,28,23,0.57
8529,27,32,1.56
8530,107,256,1.14
8531,43,191,3.29
8532,0,76,0.09
8533,53,50,0.20
8534,18,144,4.61
8535,224,16,0.53
8536,28,30,0.66
8537,117,127,0.39
8538,22,105,3.57
8539,17,224,0.61
8540,0,53,2.07
8541,31,190,4.12
8542,89,102,0.35
8543,41,54,3.38
8544,136,298,0.72
8545,18,115,4.07
8546,82,85,0.28
8547,0,63,4.97
8548,46,251,3.70
8549,23,176,3.53
8550,109,135,0.29
8551,58,31,1.92
8552,19,139,2.74
8553,22,67,2.33
8554,13,79,3.00
8555,33,47,1.55
8556,73,74,0.16
8557,0,148,3.97
8558,16,119,2.27
8559,201,583,0.85
8560,0,48,1.81
8561,0,103,3.20
8562,15,101,1.03
8563,15,16,0.48
8564,71,75,0.41
8565,121,148,0.66
8566,24,55,2.64
8567,64,64,0.15
8568,120,125,0.46
8569,21,27,0.62
8570,251,256,1.03
8571,0,55,4.89
8572,30,20,1.26
8573,181,17,0.19
8574,63,17,0.70
8575,0,47,2.45
8576,0,108,2.94
8577,25,32,1.65
8578,200,248,0.38
8579,0,38,2.55
8580,52,71,0.39
8581,220,220,0.22
8582,387,20,0.28
8583,119,119,0.20
8584,0,138,3.91
8585,19,81,1.92
8586,68,40,1.49
8587,15,84,3.00
8588,26,169,0.44
8589,56,185,3.75
8590,0,87,2.44
8591,33,116,4.03
8592,0,18,0.36
8593,25,71,4.85
8594,24,150,4.23
8595,174,190,0.48
8596,0,503,0.40
8597,15,146,3.29
8598,32,28,2.34
8599,49,27,1.09
8600,0,125,3.00
8601,137,151,0.43
8602,0,103,3.47
8603,0,0,0.00
8604,601,667,0.46
8605,0,138,4.43
8606,99,132,0.38
8607,0,148,3.41
8608,37,176,3.40
8609,16,57,0.85
8610,98,122,0.30
8611,0,64,0.16
8612,81,85,0.14
8613,26,112,5.59
8614,12,166,2.98
8615,53,95,0.39
8616,0,95,3.70
8617,23,67,3.18
8618,102,161,0.71
8619,269,293,0.35
8620,0,83,0.59
8621,109,10,0.22
8622,0,128,3.24
8623,0,34,0.51
8624,150,155,0.19
8625,25,20,0.37
8626,317,351,0.34
8627,0,139,4.44
8628,0,0,0.00
8629,83,47,2.30
8630,32,164,2.32
8631,22,160,5.31
8632,21,17,0.43
8633,125,484,1.14
8634,16,145,3.81
8635,62,25,0.50
8636,80,22,0.61
8637,147,148,0.32
8638,32,124,4.54
8639,89,91,0.15
8640,20,52,3.22
8641,33,78,2.37
8642,25,167,3.92
8643,23,29,1.32
8644,53,107,4.76
8645,0,72,1.30
8646,198,205,0.33
8647,188,189,0.72
8648,0,156,3.87
8649,20,170,7.32
8650,163,187,0.50
8651,69,88,0.46
8652,59,17,1.49
8653,0,104,3.99
8654,46,67,2.97
8655,254,635,1.05
8656,68,42,0.74
8657,0,23,0.47
8658,18,129,3.80
8659,21,13,0.60
8660,155,1209,2.29
8661,20,142,7.84
8662,0,106,2.75
8663,53,25,0.52
8664,59,77,0.24
8665,31,220,0.37
8666,0,152,2.41
8667,240,563,1.33
8668,261,294,0.62
8669,447,749,0.58
8670,106,132,0.52
8671,167,304,0.33
8672,0,152,3.87
8673,151,173,0.35
8674,65,75,0.23
8675,170,16,1.02
8676,203,329,0.54
8677,25,169,5.61
8678,0,31,1.55
8679,148,149,0.34
8680,25,124,5.20
8681,0,40,2.15
8682,0,24,0.37
8683,0,0,0.00
8684,80,89,0.36
8685,14,80,3.54
8686,0,23,1.90
8687,22,127,5.29
8688,16,20,0.51
8689,0,79,1.43
8690,166,444,1.12
8691,11,16,0.25
8692,14,15,0.30
8693,507,511,0.31
8694,368,377,0.36
8695,15,48,3.57
8696,13,125,1.66
8697,37,74,2.62
8698,108,20,1.36
8699,83,89,0.12
8700,14,26,2.67
8701,60,70,1.25
8702,124,252,0.34
8703,271,308,0.53
8704,142,166,0.45
8705,53,18,0.14
8706,48,59,3.42
8707,252,330,1.21
8708,0,89,2.94
8709,28,35,0.55
8710,22,24,1.54
8711,0,34,0.88
8712,0,13,0.46
8713,16,176,3.90
8714,0,23,1.37
8715,14,223,0.64
8716,44,107,2.04
8717,459,482,1.20
8718,111,114,0.32
8719,0,123,4.84
8720,0,12,0.08
8721,134,144,0.17
8722,0,28,2.04
8723,0,29,0.65
8724,80,81,0.06
8725,80,152,0.61
8726,0,95,0.32
8727,173,173,0.64
8728,13,110,5.21
8729,28,176,2.98
8730,25,104,3.54
8731,62,77,0.33
8732,126,136,0.24
8733,0,46,0.77
8734,18,22,0.51
8735,120,123,0.31
8736,373,396,0.30
8737,16,36,1.22
8738,21,140,4.22
8739,0,120,1.72
8740,42,20,0.40
8741,30,26,1.36
8742,21,45,1.29
8743,19,53,0.58
8744,33,41,1.58
8745,131,143,0.25
8746,16,83,4.05
8747,17,28,0.17
8748,244,1513,2.25
8749,0,181,3.74
8750,200,203,0.50
8751,68,18,0.33
8752,0,114,0.76
8753,22,19,0.70
8754,123,140,0.33
8755,17,127,1.26
8756,0,127,1.61
8757,19,59,4.61
8758,0,25,0.59
8759,0,48,1.47
8760,0,0,0.00
8761,113,114,0.17
8762,38,32,0.52
8763,153,159,0.28
8764,16,25,0.56
8765,17,94,2.38
8766,129,484,1.96
8767,19,103,2.47
8768,22,112,5.08
8769,355,397,0.48
8770,243,271,0.42
8771,24,50,3.08
8772,0,50,1.48
8773,253,253,0.96
8774,24,170,4.22
8775,32,57,1.21
8776,17,74,2.89
8777,21,40,1.52
8778,32,37,3.38
8779,34,111,0.60
8780,49,25,0.25
8781,0,32,0.52
8782,0,0,0.00
8783,0,124,3.92
8784,0,0,0.00
8785,122,16,0.97
8786,38,47,2.66
8787,17,41,1.25
8788,26,142,2.25
8789,0,168,6.99
8790,29,17,0.61
8791,16,33,5.07
8792,0,52,0.94
8793,0,21,2.80
8794,0,92,2.54
8795,15,42,1.47
8796,124,120,0.36
8797,250,266,0.29
8798,0,167,5.69
8799,53,174,4.37
8800,77,21,2.17
8801,21,111,3.16
8802,26,159,5.54
8803,294,306,0.23
8804,19,190,3.63
8805,21,75,2.43
8806,404,428,0.40
8807,62,24,0.61
8808,0,25,1.51
8809,169,635,4.56
8810,17,136,1.52
8811,20,192,3.77
8812,34,133,3.24
8813,13,141,1.30
8814,109,109,0.23
8815,261,270,0.26
8816,25,0,0.00
8817,309,331,0.35
8818,42,23,0.39
8819,0,19,0.27
8820,14,35,2.45
8821,28,37,0.42
8822,0,141,4.26
8823,41,196,3.45
8824,220,1788,15.51
8825,221,222,0.38
8826,0,105,3.25
8827,244,400,0.75
8828,706,900,1.95
8829,40,24,0.55
8830,0,38,0.61
8831,21,157,4.20
8832,72,80,0.21
8833,17,69,2.85
8834,30,69,3.17
8835,0,17,2.20
8836,0,210,1.80
8837,0,33,2.54
8838,188,240,0.41
8839,494,573,1.34
8840,179,1007,0.95
8841,115,131,0.38
8842,0,136,3.48
8843,0,175,4.56
8844,372,390,1.10
8845,157,192,0.35
8846,13,61,2.09
8847,0,141,4.02
8848,26,19,0.39
8849,139,166,0.26
8850,0,20,1.21
8851,0,38,0.43
8852,132,136,0.45
8853,22,98,2.85
8854,11,108,0.50
8855,64,33,1.06
8856,51,17,0.42
8857,0,56,1.86
8858,17,77,3.60
8859,238,261,0.43
8860,0,150,5.13
8861,19,176,3.97
8862,27,111,3.85
8863,89,95,0.20
8864,17,69,2.42
8865,241,244,0.45
8866,57,204,4.01
8867,0,51,2.82
8868,34,42,0.40
8869,45,159,6.29
8870,215,218,0.37
8871,258,299,0.41
8872,0,18,0.71
8873,29,131,4.59
8874,15,13,0.51
8875,145,183,0.34
8876,0,20,0.60
8877,98,102,0.13
8878,69,71,0.30
8879,21,152,4.42
8880,21,17,1.03
8881,21,19,0.63
8882,186,206,0.38
8883,0,32,0.88
8884,438,850,0.65
8885,0,28,0.86
8886,51,51,0.18
8887,212,235,0.58
8888,260,303,0.26
8889,16,40,0.94
8890,0,140,3.52
8891,27,116,1.56
8892,12,63,2.00
8893,93,17,0.99
8894,43,156,4.69
8895,35,179,2.86
8896,78,78,0.34
8897,0,27,1.81
8898,0,62,3.73
8899,19,23,0.70
8900,179,205,0.45
8901,0,53,2.25
8902,12,178,2.55
8903,17,120,3.56
8904,0,0,0.00
8905,181,22,0.43
8906,104,105,0.14
8907,30,46,2.70
8908,15,154,3.54
8909,17,85,1.63
8910,0,120,2.51
8911,204,235,0.63
8912,237,236,0.68
8913,0,16,0.53
8914,0,43,1.55
8915,149,151,0.56
8916,0,37,1.31
8917,191,205,1.35
8918,262,276,0.41
8919,0,47,1.04
8920,61,28,0.67
8921,15,20,1.20
8922,188,191,0.43
8923,559,565,0.31
8924,20,42,2.40
8925,109,110,0.17
8926,105,18,0.23
8927,0,26,0.91
8928,98,103,0.35
8929,17,103,2.37
8930,30,219,4.29
8931,22,161,3.46
8932,0,50,1.37
8933,14,157,2.91
8934,45,16,0.09
8935,26,49,1.62
8936,427,445,0.72
8937,32,27,0.68
8938,113,124,1.24
8939,28,23,0.46
8940,0,41,2.44
8941,0,109,2.59
8942,12,108,2.63
8943,55,24,1.39
8944,16,198,7.43
8945,498,697,1.14
8946,250,422,0.49
8947,0,44,0.98
8948,312,458,1.51
8949,0,44,1.61
8950,39,19,0.38
8951,0,40,1.16
8952,45,96,3.42
8953,0,134,2.07
8954,18,26,0.34
8955,78,93,0.24
8956,124,149,0.35
8957,14,36,1.06
8958,254,304,0.42
8959,147,20,0.44
8960,15,31,0.70
8961,0,88,3.07
8962,381,442,0.62
8963,135,135,0.22
8964,200,215,0.27
8965,18,131,4.11
8966,411,1838,7.01
8967,464,479,0.89
8968,24,33,1.44
8969,154,155,0.22
8970,198,234,1.26
8971,134,140,0.39
8972,0,43,1.54
8973,0,129,3.70
8974,17,36,2.47
8975,0,49,1.70
8976,268,272,0.41
8977,0,41,1.55
8978,0,12,0.69
8979,609,610,0.30
8980,37,98,0.63
8981,69,106,2.13
8982,106,116,0.34
8983,61,183,2.99
8984,27,140,8.05
8985,245,386,0.51
8986,14,58,1.50
8987,15,35,1.89
8988,0,135,5.90
8989,177,185,0.36
8990,163,211,0.31
8991,18,24,0.84
8992,74,272,0.34
8993,18,100,3.15
8994,44,30,0.59
8995,0,84,1.93
8996,184,367,0.44
8997,346,383,0.77
8998,321,340,0.39
8999,58,23,0.97
9000,15,129,4.03
9001,63,16,0.42
9002,44,19,0.34
9003,130,132,0.20
9004,61,178,1.13
9005,33,108,1.95
9006,32,27,0.86
9007,42,14,0.34
9008,18,171,3.13
9009,14,29,1.14
9010,0,143,2.04
9011,14,158,2.48
9012,171,185,0.27
9013,226,232,0.56
9014,0,153,0.93
9015,249,279,0.39
9016,0,66,1.50
9017,35,66,2.93
9018,28,17,1.80
9019,13,22,1.43
9020,51,44,1.41
9021,17,142,2.91
9022,359,388,0.37
9023,133,155,0.28
9024,0,42,2.61
9025,20,55,2.88
9026,16,22,1.78
9027,0,126,2.46
9028,117,117,0.20
9029,28,182,3.43
9030,39,22,1.28
9031,27,104,4.20
9032,290,313,1.33
9033,179,183,0.65
9034,0,19,0.38
9035,18,119,3.25
9036,15,158,2.58
9037,37,17,0.48
9038,20,23,1.76
9039,0,65,2.20
9040,15,19,0.92
9041,203,223,1.24
9042,69,89,0.55
9043,0,22,0.95
9044,222,262,0.69
9045,400,444,0.46
9046,181,202,0.54
9047,0,23,0.54
9048,19,57,1.69
9049,224,543,0.69
9050,300,316,0.34
9051,12,42,1.94
9052,0,141,2.61
9053,33,25,0.52
9054,288,302,0.34
9055,80,25,0.45
9056,20,54,3.45
9057,58,26,0.70
9058,234,30,0.46
9059,342,359,0.37
9060,0,104,2.18
9061,155,161,0.67
9062,0,99,2.67
9063,174,195,0.37
9064,25,22,0.32
9065,246,256,0.46
9066,88,99,0.25
9067,60,62,0.54
9068,0,133,2.87
9069,168,282,0.36
9070,21,147,2.60
9071,81,17,0.29
9072,30,31,0.36
9073,0,23,0.62
9074,25,140,2.78
9075,101,127,0.24
9076,237,605,1.10
9077,31,69,1.91
9078,0,19,1.12
9079,0,139,0.30
9080,13,26,2.99
9081,0,78,1.79
9082,20,146,2.93
9083,0,91,3.04
9084,0,42,2.48
9085,0,54,2.51
9086,15,76,3.82
9087,29,52,1.26
9088,19,138,5.25
9089,0,53,3.26
9090,14,65,3.72
9091,182,189,0.20
9092,0,71,1.43
9093,35,29,1.14
9094,64,229,3.19
9095,20,148,3.80
9096,236,359,0.43
9097,317,351,0.99
9098,0,15,2.49
9099,205,226,0.55
9100,63,17,1.22
9101,0,282,1.02
9102,177,581,1.12
9103,19,162,4.26
9104,20,147,2.93
9105,19,190,2.58
9106,148,149,0.28
9107,15,141,3.02
9108,172,17,0.25
9109,33,19,0.71
9110,396,428,0.98
9111,26,12,0.21
9112,0,152,3.51
9113,154,158,0.74
9114,98,123,0.55
9115,379,398,0.44
9116,65,77,0.51
9117,15,21,1.40
9118,24,70,2.97
9119,74,55,3.49
9120,20,173,6.55
9121,0,64,2.99
9122,90,90,0.12
9123,40,149,5.18
9124,20,144,2.69
9125,0,151,5.43
9126,187,351,0.32
9127,332,335,0.30
9128,28,153,1.75
9129,31,181,2.70
9130,0,22,0.43
9131,218,18,0.38
9132,0,24,1.47
9133,12,143,4.64
9134,184,450,0.56
9135,0,20,0.24
9136,525,18,0.10
9137,77,82,0.21
9138,16,18,0.54
9139,11,26,1.52
9140,17,188,0.71
9141,137,137,0.80
9142,34,156,1.90
9143,29,101,2.82
9144,95,103,0.35
9145,528,21,0.45
9146,12,34,1.82
9147,19,66,2.36
9148,16,111,3.06
9149,264,297,0.25
9150,446,479,0.87
9151,19,182,4.36
9152,0,18,0.37
9153,15,102,3.92
9154,55,224,2.97
9155,57,75,0.43
9156,16,175,5.04
9157,116,125,0.45
9158,87,117,0.29
9159,0,44,0.84
9160,128,141,1.05
9161,26,160,3.32
9162,0,146,3.96
9163,216,216,0.49
9164,140,163,0.38
9165,62,464,2.71
9166,40,61,2.92
9167,85,27,0.91
9168,24,131,5.13
9169,16,49,3.50
9170,19,151,5.50
9171,15,170,0.60
9172,240,23,0.69
9173,15,112,3.21
9174,125,29,0.33
9175,207,220,0.36
9176,380,1238,5.10
9177,32,52,4.45
9178,53,58,0.14
9179,94,15,0.22
9180,18,99,2.88
9181,32,145,2.93
9182,16,178,3.08
9183,59,71,4.00
9184,97,97,0.14
9185,10,124,2.73
9186,14,20,0.11
9187,23,105,3.39
9188,0,24,0.64
9189,25,84,3.09
9190,15,147,2.21
9191,16,30,2.46
9192,52,38,1.17
9193,184,197,0.53
9194,0,112,2.66
9195,17,33,1.94
9196,19,224,3.52
9197,120,120,0.18
9198,196,197,0.15
9199,13,0,0.00
9200,0,133,3.98
9201,139,87,0.20
9202,0,53,2.75
9203,0,48,2.90
9204,322,365,1.05
9205,40,31,0.81
9206,33,132,1.91
9207,21,73,2.11
9208,252,313,0.56
9209,21,78,2.62
9210,213,487,0.40
9211,0,155,2.95
9212,293,361,0.77
9213,0,24,0.54
9214,0,62,0.68
9215,17,23,0.54
9216,0,55,1.04
9217,41,179,3.11
9218,0,51,1.44
9219,301,12,0.18
9220,95,101,0.51
9221,147,0,0.00
9222,227,246,0.53
9223,195,0,0.00
9224,191,363,1.12
9225,16,20,0.39
9226,0,26,0.55
9227,170,187,0.37
9228,16,33,2.22
9229,65,19,0.57
9230,18,127,3.44
9231,16,107,4.57
9232,212,412,0.93
9233,26,19,0.28
9234,0,107,1.97
9235,78,78,0.14
9236,36,13,0.23
9237,226,232,0.61
9238,17,62,2.38
9239,157,217,0.85
9240,0,102,0.32
9241,19,21,0.52
9242,19,125,3.32
9243,29,31,0.48
9244,0,97,0.49
9245,15,30,0.51
9246,20,128,1.07
9247,27,92,2.68
9248,31,20,0.56
9249,82,86,0.18
9250,17,175,2.52
9251,14,46,2.32
9252,0,153,4.61
9253,121,122,0.23
9254,0,58,3.96
9255,456,16,0.19
9256,0,54,2.01
9257,0,85,0.17
9258,256,317,0.46
9259,30,80,4.90
9260,142,378,1.09
9261,18,14,0.48
9262,143,173,0.35
9263,130,132,0.19
9264,99,31,1.15
9265,174,183,0.44
9266,0,132,2.71
9267,19,69,2.06
9268,80,43,0.23
9269,170,282,0.96
9270,102,0,0.00
9271,0,150,4.45
9272,94,47,1.25
9273,0,71,2.65
9274,47,184,4.06
9275,155,156,0.43
9276,275,37,0.12
9277,133,156,0.53
9278,0,74,1.68
9279,292,356,1.02
9280,91,98,0.49
9281,0,20,0.41
9282,112,22,1.55
9283,106,113,1.39
9284,0,81,2.45
9285,0,148,2.19
9286,56,18,0.44
9287,0,178,2.45
9288,235,274,0.51
9289,17,112,6.98
9290,14,58,1.06
9291,43,34,0.80
9292,102,16,0.42
9293,24,173,2.93
9294,0,60,1.22
9295,386,722,0.36
9296,117,117,0.18
9297,271,295,0.34
9298,0,94,1.80
9299,17,21,0.63
9300,27,68,2.35
9301,201,447,0.56
9302,0,18,0.59
9303,0,144,2.63
9304,21,29,1.30
9305,17,105,0.30
9306,20,24,0.16
9307,25,49,2.43
9308,18,30,0.74
9309,39,36,2.17
9310,19,104,2.27
9311,347,374,0.27
9312,115,133,0.38
9313,0,35,1.10
9314,161,379,1.01
9315,35,74,4.40
9316,0,42,0.82
9317,0,272,0.66
9318,131,210,0.45
9319,12,80,2.59
9320,23,27,1.21
9321,40,175,3.46
9322,90,94,0.19
9323,0,52,1.21
9324,126,137,1.77
9325,362,383,0.49
9326,0,20,0.39
9327,49,49,0.14
9328,29,181,5.21
9329,145,167,0.51
9330,0,29,1.04
9331,137,137,0.24
9332,53,207,2.21
9333,33,91,3.14
9334,109,109,0.15
9335,17,16,0.31
9336,43,41,1.68
9337,0,19,0.81
9338,0,53,0.43
9339,0,59,1.98
9340,13,122,1.05
9341,137,141,0.27
9342,14,115,4.71
9343,24,29,0.66
9344,70,16,0.59
9345,540,575,1.07
9346,0,155,2.57
9347,0,17,0.32
9348,44,53,0.49
9349,0,37,1.53
9350,944,948,0.43
9351,20,56,2.86
9352,27,79,2.63
9353,64,77,0.44
9354,146,323,0.48
9355,0,14,0.39
9356,186,193,0.65
9357,0,185,7.05
9358,150,228,1.12
9359,0,229,2.72
9360,52,39,1.44
9361,17,106,3.15
9362,212,215,0.77
9363,0,35,0.47
9364,170,224,0.42
9365,208,156,0.76
9366,190,206,0.34
9367,102,163,2.49
9368,11,121,3.58
9369,46,46,1.50
9370,66,69,0.18
9371,260,295,0.38
9372,202,204,0.71
9373,0,110,4.34
9374,408,905,1.37
9375,10,120,2.10
9376,0,34,2.68
9377,213,213,0.81
9378,21,35,1.58
9379,129,138,0.42
9380,14,157,2.97
9381,0,24,0.66
9382,21,36,2.04
9383,125,161,0.47
9384,20,41,1.06
9385,12,27,1.18
9386,0,153,3.13
9387,97,97,0.15
9388,206,216,0.33
9389,0,131,4.03
9390,0,322,0.91
9391,245,265,0.28
9392,25,20,0.89
9393,254,255,0.78
9394,14,156,2.55
9395,12,58,0.31
9396,125,139,1.46
9397,0,61,1.15
9398,39,165,2.89
9399,309,0,0.00
9400,0,217,1.07
9401,31,58,0.70
9402,24,121,2.52
9403,336,366,0.24
9404,90,92,0.22
9405,0,50,0.63
9406,0,119,4.41
9407,26,71,2.48
9408,89,117,0.66
9409,0,102,3.13
9410,39,23,0.67
9411,24,135,1.44
9412,17,210,0.45
9413,37,78,3.10
9414,24,42,0.69
9415,170,188,0.37
9416,143,154,0.35
9417,0,48,0.63
9418,118,232,0.56
9419,213,239,0.30
9420,61,74,0.51
9421,19,108,3.39
9422,26,135,2.99
9423,299,691,0.38
9424,236,241,0.46
9425,161,175,0.53
9426,242,517,1.95
9427,96,96,0.13
9428,19,25,0.51
9429,0,114,3.13
9430,16,180,3.29
9431,17,115,1.47
9432,21,17,1.15
9433,144,162,0.26
9434,111,211,0.95
9435,87,14,0.52
9436,12,100,3.37
9437,61,0,0.00
9438,17,14,0.50
9439,62,93,1.44
9440,12,221,4.30
9441,30,80,2.30
9442,52,211,5.49
9443,84,88,0.42
9444,396,24,0.06
9445,0,151,2.54
9446,154,156,0.57
9447,81,83,0.15
9448,0,42,2.64
9449,145,163,0.35
9450,141,577,0.49
9451,81,86,0.28
9452,14,118,2.08
9453,18,115,3.38
9454,14,139,3.79
9455,164,98,0.18
9456,28,64,1.57
9457,59,34,0.71
9458,15,83,1.90
9459,82,27,1.41
9460,13,71,1.65
9461,106,12,0.21
9462,101,103,0.15
9463,30,173,2.97
9464,78,97,0.74
9465,73,75,0.38
9466,258,302,0.35
9467,0,111,2.52
9468,27,20,0.76
9469,369,547,1.27
9470,22,16,0.33
9471,15,64,1.63
9472,239,505,1.03
9473,22,147,2.35
9474,132,140,0.48
9475,28,42,0.91
9476,260,295,0.45
9477,0,0,0.00
9478,17,72,2.23
9479,81,87,0.29
9480,178,287,1.48
9481,16,111,4.33
9482,22,164,6.03
9483,0,148,3.24
9484,175,207,0.49
9485,47,189,2.74
9486,39,176,2.62
9487,0,121,2.04
9488,183,222,0.31
9489,15,83,2.67
9490,0,21,2.68
9491,120,127,0.25
9492,0,61,2.35
9493,130,147,0.24
9494,16,20,0.75
9495,173,219,0.39
9496,172,182,0.31
9497,0,47,2.97
9498,96,97,0.36
9499,223,387,0.49
9500,109,15,0.57
9501,77,83,0.17
9502,64,76,0.34
9503,52,14,0.29
9504,126,143,0.43
9505,0,94,2.54
9506,301,322,0.31
9507,160,162,0.19
9508,103,16,0.49
9509,177,177,0.72
9510,36,29,1.80
9511,36,40,1.36
9512,52,142,2.29
9513,18,20,0.60
9514,0,0,0.00
9515,17,25,0.78
9516,78,79,0.29
9517,0,179,5.63
9518,0,33,1.13
9519,214,207,0.56
9520,907,1503,2.16
9521,123,132,0.39
9522,157,165,1.17
9523,211,215,0.63
9524,0,85,2.36
9525,37,23,1.25
9526,0,136,3.52
9527,49,173,3.09
9528,427,448,1.00
9529,30,30,0.03
9530,111,112,0.39
9531,0,19,0.68
9532,26,160,3.21
9533,27,26,0.81
9534,0,83,2.01
9535,25,19,1.34
9536,315,376,1.07
9537,262,595,1.05
9538,0,18,1.37
9539,87,99,0.87
9540,20,152,2.74
9541,20,89,3.77
9542,0,19,0.42
9543,324,351,0.34
9544,16,143,3.40
9545,86,86,0.17
9546,0,74,1.91
9547,66,69,0.11
9548,89,89,0.18
9549,493,515,1.23
9550,13,17,0.63
9551,32,178,3.11
9552,20,396,0.91
9553,17,18,1.54
9554,148,148,0.50
9555,140,140,0.21
9556,216,224,0.43
9557,181,182,0.42
9558,0,44,1.18
9559,186,339,0.38
9560,115,127,0.36
9561,74,24,1.38
9562,0,146,3.46
9563,388,389,0.33
9564,0,91,2.88
9565,0,22,0.60
9566,0,519,0.46
9567,86,96,0.31
9568,108,164,0.28
9569,277,280,0.81
9570,92,22,0.31
9571,113,113,0.14
9572,0,0,0.00
9573,17,130,4.14
9574,18,125,6.16
9575,143,264,0.95
9576,37,29,0.59
9577,27,148,3.63
9578,28,114,2.26
9579,0,17,0.49
9580,68,19,1.31
9581,197,199,0.80
9582,0,139,0.30
9583,0,128,4.80
9584,0,0,0.00
9585,0,114,2.50
9586,66,26,1.45
9587,33,191,6.19
9588,14,15,0.44
9589,30,186,2.79
9590,16,19,0.35
9591,45,32,0.82
9592,0,142,2.76
9593,163,378,1.08
9594,11,17,0.35
9595,29,59,0.61
9596,0,155,5.24
9597,34,29,0.40
9598,22,31,0.66
9599,190,196,0.69
9600,239,240,0.97
9601,125,127,0.42
9602,18,21,1.45
9603,0,0,0.00
9604,33,17,0.39
9605,90,119,0.40
9606,140,151,0.32
9607,44,13,1.45
9608,253,286,1.09
9609,306,311,0.96
9610,24,67,3.04
9611,230,376,0.47
9612,0,74,0.06
9613,16,178,7.44
9614,146,15,0.23
9615,0,197,9.16
9616,57,55,1.42
9617,129,130,0.23
9618,16,26,0.56
9619,16,113,3.88
9620,18,77,2.75
9621,0,91,2.78
9622,217,495,1.07
9623,20,16,0.35
9624,47,22,0.37
9625,26,18,0.45
9626,0,147,3.64
9627,0,106,0.45
9628,13,46,0.56
9629,137,152,0.34
9630,140,529,1.12
9631,0,672,1.14
9632,421,425,0.27
9633,19,68,2.71
9634,47,152,2.43
9635,162,777,4.30
9636,73,74,0.27
9637,24,36,0.17
9638,16,15,0.47
9639,184,187,0.68
9640,28,118,3.57
9641,43,183,2.85
9642,0,196,4.27
9643,130,170,0.32
9644,42,57,2.84
9645,0,148,6.04
9646,311,346,1.06
9647,37,194,4.20
9648,0,141,1.92
9649,131,172,0.31
9650,400,449,0.30
9651,184,201,0.54
9652,14,102,2.46
9653,0,131,4.23
9654,0,116,0.36
9655,0,43,1.70
9656,193,551,1.12
9657,28,145,2.54
9658,0,118,0.39
9659,35,102,2.95
9660,0,25,0.32
9661,67,17,0.85
9662,31,191,5.94
9663,0,143,3.82
9664,21,137,2.84
9665,12,13,0.03
9666,293,1387,7.95
9667,35,0,0.00
9668,107,280,0.73
9669,137,151,1.06
9670,18,20,0.90
9671,0,29,0.71
9672,45,193,4.31
9673,17,22,0.76
9674,91,105,0.29
9675,0,37,1.12
9676,0,39,1.53
9677,19,77,2.38
9678,0,0,0.00
9679,0,31,0.87
9680,246,394,0.48
9681,28,74,2.37
9682,0,154,2.52
9683,12,156,3.25
9684,71,76,0.19
9685,0,68,2.68
9686,54,93,0.27
9687,60,60,0.14
9688,0,104,5.29
9689,0,30,0.68
9690,213,266,1.13
9691,178,181,0.47
9692,0,23,0.80
9693,17,22,0.83
9694,58,24,0.83
9695,230,246,0.36
9696,0,26,1.95
9697,149,152,0.25
9698,143,143,0.25
9699,506,506,0.27
9700,0,104,0.99
9701,226,950,0.83
9702,348,1487,6.84
9703,0,57,0.97
9704,153,163,0.30
9705,66,18,0.28
9706,18,14,1.06
9707,63,63,0.14
9708,327,359,0.78
9709,106,108,0.20
9710,0,22,0.96
9711,19,43,1.73
9712,67,20,0.39
9713,0,89,1.46
9714,26,17,0.40
9715,15,68,2.72
9716,18,18,0.18
9717,26,37,1.44
9718,115,115,0.23
9719,19,87,1.66
9720,0,55,3.68
9721,77,79,0.16
9722,15,154,3.85
9723,0,186,3.39
9724,0,126,1.94
9725,137,455,1.15
9726,0,183,2.80
9727,28,218,2.42
9728,269,282,0.26
9729,0,121,2.95
9730,422,480,1.11
9731,127,128,0.30
9732,134,212,0.96
9733,0,60,2.83
9734,412,444,1.01
9735,95,218,1.03
9736,83,94,0.30
9737,101,136,0.30
9738,0,172,3.88
9739,160,706,1.22
9740,13,52,3.03
9741,531,552,1.52
9742,48,18,1.25
9743,0,26,1.47
9744,41,20,1.24
9745,18,40,1.35
9746,165,181,0.44
9747,21,137,6.20
9748,0,0,0.00
9749,12,0,0.00
9750,0,62,1.42
9751,65,46,1.58
9752,89,89,0.14
9753,78,36,2.16
9754,153,167,0.71
9755,162,163,0.64
9756,0,135,1.43
9757,98,100,0.19
9758,0,114,2.40
9759,66,24,0.66
9760,0,16,0.45
9761,97,120,0.33
9762,19,40,1.55
9763,190,218,0.46
9764,20,24,1.01
9765,27,47,1.66
9766,238,20,0.44
9767,67,70,2.78
9768,51,114,1.61
9769,0,54,1.93
9770,0,19,0.38
9771,89,15,0.55
9772,24,148,2.71
9773,0,127,2.11
9774,19,37,2.23
9775,52,181,6.69
9776,0,38,1.76
9777,45,193,2.91
9778,0,58,3.07
9779,0,125,2.42
9780,90,97,0.27
9781,103,114,0.75
9782,77,31,2.55
9783,192,235,0.45
9784,98,103,0.16
9785,198,223,0.37
9786,25,128,3.26
9787,69,89,0.39
9788,67,68,0.16
9789,291,296,1.01
9790,15,170,4.89
9791,69,19,1.81
9792,22,123,3.32
9793,18,50,1.40
9794,239,261,0.30
9795,213,401,0.97
9796,0,43,1.69
9797,154,162,1.03
9798,0,0,0.00
9799,0,16,0.97
9800,92,506,4.04
9801,240,620,1.10
9802,0,16,0.54
9803,0,122,2.69
9804,33,75,3.07
9805,28,183,5.29
9806,16,141,3.76
9807,61,19,0.51
9808,41,151,2.52
9809,16,58,2.09
9810,83,83,0.15
9811,128,349,1.05
9812,296,307,0.29
9813,15,29,1.47
9814,58,58,0.13
9815,19,60,1.89
9816,21,12,0.23
9817,210,214,0.77
9818,27,67,1.15
9819,0,93,2.79
9820,35,228,6.26
9821,97,121,0.51
9822,303,305,0.52
9823,236,605,1.14
9824,68,189,1.91
9825,70,79,0.21
9826,0,467,0.33
9827,0,85,2.22
9828,21,86,3.89
9829,0,31,0.46
9830,90,93,0.61
9831,22,113,2.54
9832,0,143,5.19
9833,17,22,0.50
9834,0,64,2.15
9835,15,124,6.20
9836,16,20,1.64
9837,0,40,2.59
9838,24,24,1.72
9839,0,127,3.62
9840,98,31,1.90
9841,218,220,0.96
9842,18,165,2.85
9843,24,116,5.14
9844,47,23,0.83
9845,22,39,0.61
9846,171,501,1.64
9847,64,289,4.86
9848,83,89,0.15
9849,89,105,0.32
9850,49,16,0.19
9851,0,34,0.81
9852,112,112,0.18
9853,44,184,3.82
9854,121,132,0.66
9855,0,37,1.36
9856,14,118,3.60
9857,327,351,0.61
9858,129,32,1.47
9859,0,179,0.61
9860,0,33,1.59
9861,16,109,3.85
9862,68,15,0.17
9863,138,140,0.20
9864,125,170,0.38
9865,17,24,0.55
9866,75,168,0.40
9867,78,27,1.40
9868,15,121,2.88
9869,18,48,2.00
9870,0,14,1.39
9871,217,428,0.41
9872,340,361,0.42
9873,19,33,0.86
9874,37,21,1.51
9875,56,16,1.97
9876,44,40,2.59
9877,17,25,0.45
9878,71,20,0.62
9879,19,88,3.77
9880,17,59,1.19
9881,74,77,0.26
9882,16,44,1.35
9883,24,91,4.27
9884,0,96,3.49
9885,129,116,0.38
9886,22,52,2.03
9887,80,375,1.95
9888,148,39,0.22
9889,13,110,1.81
9890,18,30,2.14
9891,141,162,0.67
9892,0,38,1.51
9893,18,57,2.00
9894,13,32,0.47
9895,197,218,0.37
9896,16,145,3.69
9897,814,826,0.33
9898,0,37,0.33
9899,19,43,1.61
9900,35,151,2.56
9901,0,99,2.88
9902,0,210,0.40
9903,0,0,0.00
9904,167,167,0.42
9905,165,360,0.57
9906,264,290,0.50
9907,0,95,2.02
9908,0,26,1.18
9909,584,602,0.46
9910,264,274,0.25
9911,18,119,3.24
9912,151,179,0.30
9913,21,14,0.38
9914,15,45,1.62
9915,24,128,2.70
9916,199,457,1.14
9917,62,80,0.28
9918,196,436,1.10
9919,0,44,2.06
9920,48,189,3.65
9921,0,146,3.45
9922,193,203,0.60
9923,0,21,1.70
9924,231,32,1.36
9925,82,88,0.37
9926,0,95,6.84
9927,48,22,1.14
9928,12,27,0.45
9929,39,142,3.19
9930,18,55,1.97
9931,0,105,2.45
9932,18,217,5.16
9933,116,123,0.29
9934,0,56,1.40
9935,889,1183,2.26
9936,124,134,0.18
9937,20,117,3.87
9938,372,375,1.12
9939,15,31,0.99
9940,23,160,3.16
9941,164,301,1.10
9942,20,175,3.43
9943,0,22,1.65
9944,281,733,2.65
9945,0,31,0.99
9946,28,181,3.98
9947,343,349,2.15
9948,18,20,1.03
9949,0,59,1.75
9950,0,63,1.13
9951,89,16,1.29
9952,0,59,0.33
9953,0,53,1.83
9954,0,126,3.69
9955,14,19,2.24
9956,82,84,0.34
9957,37,81,2.74
9958,234,600,1.98
9959,169,495,0.96
9960,18,42,1.24
9961,81,178,0.65
9962,196,205,0.40
9963,12,0,0.00
9964,162,201,0.41
9965,113,115,0.19
9966,64,86,0.37
9967,43,70,0.47
9968,162,256,0.34
9969,0,52,2.57
9970,104,21,0.36
9971,482,510,1.46
9972,310,320,0.33
9973,0,45,1.84
9974,0,143,2.67
9975,0,168,3.80
9976,13,163,1.61
9977,20,17,1.78
9978,0,0,0.00
9979,25,27,1.34
9980,25,175,3.41
9981,72,28,0.84
9982,17,144,3.76
9983,0,15,0.50
9984,138,170,0.43
9985,162,0,0.00
9986,33,80,1.55
9987,0,31,1.84
9988,0,123,5.69
9989,12,50,3.83
9990,102,127,0.51
9991,0,170,4.10
9992,0,46,0.97
9993,49,219,0.54
9994,158,159,0.14
9995,30,27,0.29
9996,0,20,0.31
9997,17,89,3.17
9998,0,0,0.00
9999,170,172,0.33
10000,41,98,1.76
10001,22,170,5.24
10002,0,34,0.94
10003,235,347,0.31
10004,160,162,0.27
10005,19,137,5.84
10006,16,20,0.51
10007,0,19,1.11
10008,125,129,0.37
10009,103,110,0.34
10010,123,126,0.23
10011,45,185,7.56
10012,266,269,0.23
10013,158,339,1.49
10014,233,430,0.71
10015,74,18,0.41
10016,51,17,0.19
10017,64,67,0.17
10018,0,103,3.23
10019,0,53,1.56
10020,27,49,1.41
10021,128,128,0.18
10022,0,0,0.00
10023,202,401,0.33
10024,103,109,0.14
10025,0,50,2.30
10026,302,304,0.42
10027,19,110,3.15
10028,0,38,0.54
10029,29,14,0.24
10030,0,91,4.39
10031,28,16,0.35
10032,0,45,2.39
10033,664,1914,3.52
10034,115,142,0.35
10035,288,322,0.25
10036,0,39,1.18
10037,0,140,3.17
10038,285,304,0.29
10039,29,26,1.82
10040,78,33,1.36
10041,325,341,0.36
10042,72,25,0.22
10043,23,141,3.89
10044,20,20,0.34
10045,100,127,0.49
10046,0,35,0.90
10047,22,101,4.66
10048,0,139,2.52
10049,0,143,5.84
10050,207,234,0.30
10051,18,17,0.40
10052,198,207,0.48
10053,26,141,3.89
10054,141,171,0.56
10055,338,364,0.29
10056,0,594,0.26
10057,130,131,0.18
10058,22,0,0.00
10059,96,103,0.32
10060,84,84,0.68
10061,0,25,2.63
10062,190,473,1.11
10063,18,21,2.52
10064,32,21,0.35
10065,0,0,0.00
10066,31,193,2.91
10067,12,121,4.83
10068,250,659,1.13
10069,16,186,0.39
10070,292,321,0.30
10071,25,62,1.19
10072,18,17,0.25
10073,0,38,1.18
10074,41,19,0.90
10075,94,95,0.20
10076,0,117,5.75
10077,22,0,0.00
10078,20,124,4.28
10079,47,14,0.34
10080,195,493,0.92
10081,70,45,0.56
10082,22,146,1.62
10083,0,46,0.87
10084,0,576,1.04
10085,358,406,0.97
10086,0,0,0.00
10087,20,147,6.12
10088,100,112,0.45
10089,14,168,4.69
10090,236,239,0.66
10091,23,150,4.75
10092,0,184,3.31
10093,0,15,0.98
10094,14,21,1.39
10095,16,169,5.08
10096,120,713,1.20
10097,79,17,0.15
10098,140,140,0.27
10099,0,145,2.03
10100,0,225,0.97
10101,210,261,0.56
10102,171,176,0.22
10103,161,160,0.38
10104,20,155,1.72
10105,227,325,0.33
10106,200,584,2.03
10107,431,495,1.15
10108,20,18,0.39
10109,24,34,1.42
10110,158,165,0.54
10111,15,18,0.28
10112,250,263,0.43
10113,0,86,0.30
10114,26,30,0.61
10115,101,29,1.37
10116,59,108,0.49
10117,421,57,0.10
10118,0,33,0.84
10119,102,106,0.31
10120,54,59,0.16
10121,23,153,4.01
10122,94,323,1.85
10123,12,43,0.90
10124,0,148,2.62
10125,0,81,3.08
10126,24,92,3.21
10127,35,185,4.31
10128,46,15,0.30
10129,221,554,1.14
10130,165,173,0.22
10131,85,27,1.38
10132,107,110,0.15
10133,73,19,0.66
10134,34,63,4.05
10135,199,214,0.90
10136,92,96,0.26
10137,0,17,1.85
10138,70,21,0.42
10139,24,137,4.81
10140,345,469,0.50
10141,0,0,0.00
10142,218,258,0.61
10143,232,237,0.63
10144,12,80,1.88
10145,483,499,1.14
10146,60,269,0.65
10147,52,64,1.23
10148,111,118,0.38
10149,167,169,0.46
10150,0,127,4.38
10151,276,291,0.28
10152,24,175,2.60
10153,50,174,5.17
10154,44,41,1.81
10155,43,73,2.65
10156,17,85,1.01
10157,237,618,1.19
10158,30,16,0.32
10159,173,197,0.45
10160,84,17,1.74
10161,16,91,3.85
10162,26,24,0.47
10163,201,201,0.70
10164,39,43,1.68
10165,11,38,2.32
10166,125,141,0.37
10167,242,261,0.46
10168,169,308,0.58
10169,19,56,2.69
10170,14,40,1.92
10171,133,136,0.39
10172,614,774,1.22
10173,26,182,4.22
10174,315,361,0.58
10175,16,230,0.90
10176,0,63,2.37
10177,89,21,0.31
10178,0,28,2.61
10179,67,27,0.39
10180,49,23,0.59
10181,15,173,3.26
10182,0,0,0.00
10183,23,79,3.88
10184,14,19,0.56
10185,336,350,0.31
10186,190,209,0.41
10187,209,217,0.43
10188,31,178,0.64
10189,18,88,1.97
10190,98,33,0.65
10191,226,232,0.25
10192,122,130,0.46
10193,31,195,4.15
10194,36,173,3.29
10195,41,146,4.27
10196,0,135,3.99
10197,70,70,0.40
10198,129,137,0.36
10199,171,380,0.86
10200,0,154,4.58
10201,17,14,0.22
10202,93,96,0.16
10203,65,200,1.49
10204,20,17,0.60
10205,32,133,3.94
10206,0,149,3.07
10207,16,172,5.14
10208,42,30,0.34
10209,13,359,0.28
10210,24,29,0.75
10211,173,208,0.31
10212,0,150,3.05
10213,339,476,0.29
10214,32,104,0.62
10215,141,142,0.21
10216,58,14,1.06
10217,0,171,3.96
10218,0,147,2.57
10219,480,512,0.66
10220,132,232,0.96
10221,14,17,0.65
10222,0,169,0.95
10223,201,460,0.60
10224,0,89,3.42
10225,178,183,0.32
10226,291,292,0.30
10227,252,1722,6.01
10228,21,100,2.42
10229,68,109,0.34
10230,0,71,1.92
10231,210,225,0.44
10232,86,86,0.44
10233,0,80,0.26
10234,0,15,0.18
10235,22,147,4.02
10236,18,170,2.37
10237,26,45,1.59
10238,68,152,1.71
10239,86,168,0.70
10240,33,78,4.29
10241,126,132,0.18
10242,141,151,0.35
10243,33,320,0.80
10244,12,144,5.34
10245,19,20,0.57
10246,195,204,0.35
10247,44,12,0.38
10248,39,39,0.11
10249,0,16,0.96
10250,568,576,0.28
10251,210,20,0.28
10252,34,0,0.00
10253,31,1318,7.45
10254,37,16,1.37
10255,47,34,3.28
10256,50,190,4.96
10257,57,69,0.30
10258,0,66,2.79
10259,21,26,1.50
10260,136,138,0.24
10261,0,49,1.64
10262,95,103,0.29
10263,179,179,0.36
10264,27,121,2.06
10265,0,12,0.34
10266,0,124,3.94
10267,140,150,0.31
10268,22,51,1.98
10269,16,172,4.99
10270,17,17,0.50
10271,201,596,1.53
10272,84,80,0.62
10273,0,97,3.62
10274,18,25,0.93
10275,176,201,0.40
10276,23,153,2.22
10277,162,163,0.52
10278,408,430,0.75
10279,0,148,2.48
10280,115,144,0.37
10281,24,70,0.95
10282,65,135,0.65
10283,19,114,3.07
10284,219,393,0.85
10285,18,141,3.31
10286,0,0,0.00
10287,408,434,1.11
10288,76,93,0.40
10289,18,35,1.27
10290,13,96,2.63
10291,24,201,0.39
10292,26,109,3.40
10293,144,144,0.39
10294,540,65,0.19
10295,81,85,0.15
10296,18,37,1.34
10297,164,165,0.30
10298,0,129,3.28
10299,197,216,0.38
10300,29,18,0.34
10301,320,357,0.29
10302,0,0,0.00
10303,188,190,0.63
10304,47,13,0.48
10305,142,144,0.41
10306,321,345,1.25
10307,0,66,2.78
10308,221,313,0.28
10309,146,147,0.22
10310,15,277,0.58
10311,135,19,0.55
10312,15,50,1.73
10313,49,28,2.77
10314,0,37,2.52
10315,0,89,5.20
10316,0,146,2.40
10317,65,28,1.05
10318,19,22,1.43
10319,25,29,1.46
10320,51,220,5.67
10321,23,40,0.85
10322,26,130,3.60
10323,0,109,2.01
10324,36,16,0.68
10325,42,93,3.91
10326,126,145,0.37
10327,140,303,0.48
10328,0,34,0.60
10329,244,303,0.42
10330,99,128,0.26
10331,19,31,1.08
10332,17,38,1.73
10333,14,118,3.53
10334,156,175,0.34
10335,267,270,0.38
10336,173,218,0.29
10337,54,201,4.11
10338,21,148,3.95
10339,49,24,0.35
10340,69,76,0.31
10341,31,28,0.86
10342,31,72,5.45
10343,219,235,0.73
10344,42,33,1.31
10345,167,168,0.38
10346,18,23,0.87
10347,105,132,0.58
10348,37,45,2.40
10349,21,37,2.43
10350,24,30,0.59
10351,0,20,0.32
10352,115,135,0.38
10353,20,126,3.44
10354,63,65,0.34
10355,44,195,1.70
10356,443,1641,7.15
10357,0,149,4.70
10358,281,312,0.43
10359,25,82,1.93
10360,0,122,2.56
10361,691,991,0.43
10362,170,353,0.52
10363,285,742,0.33
10364,142,27,0.73
10365,15,150,0.54
10366,245,272,0.36
10367,132,21,0.40
10368,0,23,0.98
10369,0,23,1.46
10370,179,311,0.72
10371,0,0,0.00
10372,49,19,0.63
10373,0,142,2.96
10374,110,111,0.20
10375,36,178,2.91
10376,79,82,0.10
10377,15,95,3.69
10378,32,38,1.09
10379,220,223,0.63
10380,46,22,0.73
10381,31,193,2.99
10382,343,364,0.32
10383,0,132,5.10
10384,408,444,1.03
10385,174,310,0.27
10386,21,34,0.98
10387,0,27,2.39
10388,44,0,0.00
10389,42,172,2.27
10390,14,188,3.96
10391,141,141,0.27
10392,47,26,0.47
10393,18,62,2.35
10394,368,764,0.40
10395,0,93,4.57
10396,165,18,0.32
10397,0,88,2.55
10398,0,0,0.00
10399,38,16,0.17
10400,175,398,1.10
10401,28,22,0.41
10402,76,13,0.46
10403,24,68,2.30
10404,128,18,0.40
10405,17,91,2.25
10406,113,17,0.63
10407,235,248,0.40
10408,71,71,0.16
10409,23,17,0.52
10410,0,118,3.44
10411,139,157,0.47
10412,27,229,0.37
10413,21,150,3.15
10414,38,114,6.46
10415,0,135,4.97
10416,0,157,4.85
10417,187,442,1.10
10418,0,27,0.89
10419,43,174,2.80
10420,29,234,2.52
10421,339,366,0.38
10422,0,127,3.34
10423,105,112,0.54
10424,22,20,0.96
10425,142,146,0.40
10426,17,192,4.70
10427,79,87,0.24
10428,311,337,0.28
10429,0,59,1.92
10430,58,0,0.00
10431,133,141,0.45
10432,0,38,1.54
10433,36,178,3.31
10434,15,17,0.12
10435,395,429,0.96
10436,127,143,0.20
10437,0,98,2.86
10438,75,18,0.64
10439,0,30,1.98
10440,0,0,0.00
10441,0,30,0.68
10442,0,125,3.75
10443,119,125,1.13
10444,0,96,3.73
10445,177,316,1.10
10446,52,53,0.13
10447,172,333,0.46
10448,0,53,1.18
10449,231,256,0.63
10450,21,94,3.74
10451,0,32,2.04
10452,28,99,4.49
10453,300,353,0.43
10454,24,106,2.34
10455,100,116,0.16
10456,192,258,0.51
10457,26,77,2.34
10458,150,203,0.53
10459,42,151,1.67
10460,0,110,2.77
10461,81,24,0.75
10462,21,74,6.77
10463,0,28,1.52
10464,131,445,1.15
10465,220,248,0.77
10466,44,28,0.88
10467,130,23,0.76
10468,16,120,2.24
10469,345,346,0.31
10470,20,53,1.96
10471,304,321,0.30
10472,17,55,1.73
10473,35,185,1.88
10474,24,38,1.60
10475,0,649,0.61
10476,53,20,0.41
10477,14,176,2.42
10478,0,97,1.89
10479,21,23,0.77
10480,78,103,0.61
10481,19,155,3.21
10482,76,49,2.41
10483,0,16,0.59
10484,155,156,0.40
10485,148,184,1.15
10486,87,118,0.48
10487,20,65,5.82
10488,211,196,0.66
10489,28,16,1.07
10490,0,128,1.84
10491,0,0,0.00
10492,552,58,0.24
10493,219,625,1.19
10494,0,44,2.56
10495,0,18,0.46
10496,94,98,0.13
10497,0,132,3.95
10498,12,37,0.60
10499,0,109,0.46
10500,230,276,0.37
10501,23,25,0.14
10502,182,15,0.40
10503,315,274,0.35
10504,27,37,1.48
10505,13,164,2.90
10506,301,322,0.87
10507,0,54,1.84
10508,67,168,4.58
10509,25,28,0.89
10510,184,185,0.20
10511,40,167,3.24
10512,17,26,1.32
10513,66,66,0.17
10514,197,690,2.08
10515,62,70,0.38
10516,0,146,3.37
10517,44,22,0.63
10518,414,455,0.46
10519,23,87,1.79
10520,23,37,1.41
10521,233,235,0.74
10522,81,82,0.12
10523,96,96,0.16
10524,0,80,2.16
10525,217,268,0.45
10526,255,17,0.24
10527,19,35,1.68
10528,0,131,4.03
10529,408,17,0.59
10530,0,166,3.63
10531,133,283,1.24
10532,31,78,2.72
10533,70,109,0.64
10534,0,25,2.53
10535,15,33,3.38
10536,169,170,0.45
10537,157,18,0.47
10538,286,312,0.28
10539,17,100,4.08
10540,54,19,1.61
10541,30,270,1.25
10542,95,116,0.39
10543,0,52,2.48
10544,15,185,3.03
10545,46,174,2.20
10546,0,13,0.43
10547,16,60,1.82
10548,15,20,0.34
10549,13,51,2.69
10550,152,152,0.25
10551,19,17,0.33
10552,103,107,0.16
10553,128,25,1.28
10554,18,54,2.65
10555,223,247,0.62
10556,17,39,2.47
10557,106,106,0.65
10558,19,189,2.15
10559,0,41,1.34
10560,145,174,1.37
10561,17,97,3.69
10562,239,255,0.62
10563,0,67,3.32
10564,26,190,3.35
10565,13,33,0.51
10566,191,192,0.42
10567,21,92,1.94
10568,263,270,1.18
10569,20,26,1.98
10570,104,125,0.58
10571,20,178,3.36
10572,35,66,3.09
10573,14,15,0.48
10574,117,12,0.34
10575,456,563,1.10
10576,321,361,0.40
10577,27,36,1.32
10578,188,194,1.36
10579,29,0,0.00
10580,23,22,0.10
10581,0,61,1.78
10582,0,27,1.24
10583,0,134,0.55
10584,229,232,0.39
10585,432,501,1.14
10586,68,23,1.14
10587,51,12,0.24
10588,365,377,0.36
10589,40,60,0.22
10590,24,55,1.62
10591,119,796,3.61
10592,134,194,0.41
10593,28,57,3.41
10594,0,115,3.02
10595,74,80,0.36
10596,236,279,0.31
10597,92,103,0.45
10598,0,18,0.55
10599,151,19,0.24
10600,44,17,0.39
10601,25,263,3.57
10602,194,196,0.67
10603,0,31,0.77
10604,21,358,0.69
10605,138,139,0.17
10606,28,176,1.70
10607,0,0,0.00
10608,0,98,1.93
10609,79,79,0.19
10610,280,312,0.23
10611,0,35,2.20
10612,0,39,1.43
10613,22,53,1.52
10614,175,176,0.73
10615,0,22,1.04
10616,0,33,1.84
10617,39,15,0.28
10618,19,129,5.39
10619,200,208,0.31
10620,38,157,3.36
10621,14,26,0.44
10622,34,14,1.58
10623,19,101,4.10
10624,376,394,0.34
10625,0,121,2.91
10626,119,129,0.12
10627,157,198,1.02
10628,35,76,5.61
10629,121,128,0.19
10630,0,31,0.72
10631,17,17,0.57
10632,0,114,0.43
10633,0,13,0.36
10634,57,67,0.19
10635,58,57,1.48
10636,0,195,8.08
10637,0,0,0.00
10638,63,75,0.19
10639,22,115,2.87
10640,0,0,0.00
10641,45,62,0.42
10642,114,132,0.48
10643,266,328,0.30
10644,31,120,1.77
10645,599,321,0.31
10646,0,67,5.04
10647,235,291,0.29
10648,19,174,1.55
10649,31,162,0.50
10650,231,236,0.40
10651,29,33,1.59
10652,206,229,0.23
10653,0,107,4.36
10654,196,196,0.49
10655,35,35,0.16
10656,325,554,0.74
10657,0,18,1.34
10658,0,84,4.25
10659,0,18,0.43
10660,19,41,1.93
10661,117,122,0.29
10662,113,120,0.33
10663,111,116,0.18
10664,0,82,2.91
10665,0,76,0.61
10666,11,24,1.75
10667,110,110,0.16
10668,0,0,0.00
10669,0,96,3.16
10670,329,363,0.37
10671,0,31,1.94
10672,14,22,0.77
10673,17,42,1.76
10674,90,104,0.26
10675,76,118,1.15
10676,13,72,1.59
10677,256,262,0.26
10678,108,114,0.25
10679,220,73,0.18
10680,177,197,0.57
10681,22,192,3.46
10682,0,140,2.21
10683,263,312,0.32
10684,55,64,0.48
10685,0,15,1.18
10686,225,230,0.79
10687,38,186,6.10
10688,24,147,2.81
10689,232,253,0.26
10690,20,15,0.28
10691,0,13,0.69
10692,31,13,0.79
10693,23,33,0.95
10694,13,31,0.89
10695,21,103,2.20
10696,16,57,7.33
10697,0,46,1.11
10698,39,239,0.95
10699,14,37,2.26
10700,40,40,0.05
10701,117,117,0.19
10702,46,51,0.76
10703,34,21,0.94
10704,17,20,0.44
10705,22,148,3.39
10706,19,24,0.52
10707,20,121,4.62
10708,238,245,0.23
10709,39,27,0.60
10710,27,106,3.71
10711,19,37,2.70
10712,13,117,3.63
10713,219,296,1.99
10714,13,19,0.33
10715,191,0,0.00
10716,0,19,0.40
10717,0,0,0.00
10718,0,126,2.09
10719,0,0,0.00
10720,207,214,0.96
10721,0,23,1.95
10722,0,34,0.94
10723,65,20,0.44
10724,242,748,1.13
10725,403,422,0.50
10726,80,81,0.17
10727,26,129,2.30
10728,403,407,1.15
10729,37,168,0.28
10730,12,26,0.75
10731,21,63,4.80
10732,0,10,0.18
10733,0,17,1.16
10734,30,29,0.43
10735,42,175,1.77
10736,18,150,3.38
10737,16,39,0.98
10738,110,118,0.42
10739,19,12,0.22
10740,210,220,0.39
10741,26,0,0.00
10742,0,100,5.99
10743,294,0,0.00
10744,190,223,0.32
10745,205,219,0.22
10746,123,214,0.62
10747,0,137,4.19
10748,201,201,0.22
10749,152,21,0.09
10750,172,447,1.16
10751,42,172,4.47
10752,17,128,2.58
10753,105,12,0.16
10754,223,243,0.48
10755,0,25,0.48
10756,19,176,8.64
10757,122,18,1.28
10758,79,115,0.48
10759,187,519,1.19
10760,0,26,0.53
10761,15,24,1.47
10762,22,53,1.66
10763,0,133,3.21
10764,143,175,0.48
10765,39,131,4.72
10766,31,17,1.04
10767,42,49,0.13
10768,16,148,4.06
10769,0,144,3.77
10770,41,42,0.31
10771,43,26,0.81
10772,19,119,3.81
10773,32,50,3.57
10774,146,1469,2.34
10775,15,97,4.98
10776,59,68,0.49
10777,17,18,1.32
10778,0,14,0.14
10779,112,120,0.35
10780,230,107,0.46
10781,0,129,0.70
10782,0,151,3.71
10783,100,23,0.42
10784,133,285,0.54
10785,42,149,1.86
10786,0,63,2.68
10787,125,126,0.19
10788,0,0,0.00
10789,0,0,0.00
10790,28,184,1.95
10791,0,122,2.42
10792,68,233,5.56
10793,270,273,0.77
10794,20,72,2.53
10795,28,152,3.25
10796,173,184,0.77
10797,0,92,2.47
10798,41,33,1.21
10799,214,32,1.46
10800,0,114,5.10
10801,299,343,0.45
10802,85,84,0.13
10803,23,124,2.97
10804,35,21,0.85
10805,98,99,0.14
10806,36,136,3.27
10807,15,83,3.27
10808,121,122,0.21
10809,169,257,0.96
10810,59,66,0.14
10811,296,316,0.43
10812,0,29,2.73
10813,58,19,1.44
10814,43,16,0.28
10815,0,61,1.67
10816,48,191,2.26
10817,184,24,0.44
10818,0,133,3.16
10819,47,199,4.75
10820,27,19,0.83
10821,0,113,6.25
10822,17,83,4.42
10823,124,124,0.20
10824,31,173,3.99
10825,26,56,1.88
10826,39,33,2.10
10827,17,155,3.56
10828,116,120,0.23
10829,36,174,5.98
10830,0,34,2.16
10831,0,116,3.96
10832,0,149,3.39
10833,33,191,3.81
10834,21,51,0.93
10835,0,19,0.44
10836,29,166,3.60
10837,115,19,1.47
10838,0,122,4.90
10839,55,13,0.37
10840,95,122,0.19
10841,47,20,0.58
10842,0,105,1.84
10843,114,16,0.58
10844,169,192,0.50
10845,62,184,4.18
10846,0,47,2.43
10847,287,613,0.33
10848,232,241,0.28
10849,19,77,2.73
10850,0,147,2.78
10851,37,26,1.43
10852,23,25,1.12
10853,72,28,1.46
10854,45,126,0.48
10855,338,351,0.38
10856,47,204,8.63
10857,24,181,3.70
10858,0,67,3.88
10859,0,54,0.15
10860,26,19,0.85
10861,0,129,4.32
10862,111,113,0.53
10863,62,16,0.45
10864,0,295,7.24
10865,22,142,5.19
10866,52,17,1.71
10867,211,174,0.23
10868,0,40,3.51
10869,168,195,0.89
10870,0,21,2.24
10871,175,184,0.36
10872,0,23,1.44
10873,15,152,4.57
10874,340,666,0.31
10875,35,38,1.80
10876,75,40,0.84
10877,246,590,1.07
10878,0,18,1.43
10879,24,188,3.80
10880,51,53,0.16
10881,119,42,0.11
10882,20,129,0.48
10883,0,151,4.90
10884,122,15,0.46
10885,360,381,0.31
10886,182,319,0.32
10887,0,0,0.00
10888,134,143,0.19
10889,174,175,0.23
10890,0,149,3.97
10891,0,196,1.06
10892,171,206,0.51
10893,17,159,5.40
10894,37,14,0.36
10895,19,149,5.51
10896,36,144,5.16
10897,58,21,0.45
10898,190,19,0.57
10899,50,214,0.79
10900,68,69,0.15
10901,25,144,4.99
10902,72,21,2.15
10903,102,102,0.17
10904,21,20,1.79
10905,15,29,0.76
10906,140,380,0.63
10907,292,324,0.43
10908,0,18,0.58
10909,328,361,0.28
10910,592,19,0.23
10911,168,168,0.37
10912,66,68,0.18
10913,189,17,0.38
10914,14,21,0.36
10915,0,48,2.24
10916,191,197,0.44
10917,175,185,0.29
10918,18,135,0.31
10919,40,19,0.49
10920,197,384,0.35
10921,0,148,3.65
10922,160,216,0.33
10923,0,34,2.37
10924,78,20,2.12
10925,58,59,0.09
10926,184,357,0.58
10927,121,162,0.64
10928,0,156,4.75
10929,16,185,3.47
10930,174,176,0.35
10931,166,189,0.94
10932,30,158,6.56
10933,52,138,3.15
10934,0,200,6.74
10935,16,152,2.95
10936,14,37,1.69
10937,321,342,0.61
10938,21,116,0.34
10939,29,119,1.34
10940,90,99,0.10
10941,0,142,2.63
10942,92,20,0.46
10943,193,342,0.40
10944,17,80,4.60
10945,246,352,0.35
10946,239,538,1.05
10947,160,165,0.71
10948,0,18,0.37
10949,27,101,5.00
10950,76,84,0.33
10951,238,20,0.68
10952,0,154,2.18
10953,31,189,2.69
10954,18,18,0.54
10955,28,132,4.27
10956,59,83,0.71
10957,0,0,0.00
10958,203,225,0.51
10959,0,154,4.14
10960,15,124,4.53
10961,49,61,1.20
10962,317,359,0.26
10963,18,92,1.61
10964,16,153,2.52
10965,148,397,1.05
10966,58,196,1.96
10967,0,98,0.41
10968,12,208,4.21
10969,109,56,4.18
10970,62,28,0.49
10971,0,94,1.25
10972,17,28,1.15
10973,21,91,2.10
10974,165,168,0.44
10975,17,35,0.67
10976,23,58,1.61
10977,41,23,0.52
10978,95,224,0.97
10979,18,80,3.54
10980,73,24,1.38
10981,86,87,0.15
10982,22,214,4.07
10983,138,187,0.38
10984,882,918,1.28
10985,19,69,4.32
10986,204,227,0.36
10987,0,18,0.25
10988,93,35,1.45
10989,36,210,3.98
10990,127,131,0.25
10991,0,61,0.56
10992,52,18,0.72
10993,0,110,1.72
10994,0,549,0.40
10995,133,138,0.28
10996,25,180,3.87
10997,0,12,0.39
10998,0,44,2.33
10999,16,34,2.79
11000,17,17,1.67
11001,61,62,0.13
11002,106,17,0.18
11003,32,138,7.46
11004,18,75,2.24
11005,280,329,0.53
11006,49,70,2.92
11007,231,275,0.26
11008,0,132,2.49
11009,110,310,0.47
11010,0,16,0.36
11011,117,132,0.41
11012,222,223,0.76
11013,60,134,0.94
11014,29,21,1.56
11015,0,26,1.39
11016,0,26,0.56
11017,316,348,0.37
11018,276,292,0.61
11019,29,125,6.93
11020,30,55,0.58
11021,15,26,1.36
11022,89,23,0.36
11023,0,79,2.64
11024,37,164,3.64
11025,0,18,0.49
11026,32,18,0.47
11027,308,333,0.30
11028,0,18,0.28
11029,157,157,0.32
11030,232,592,1.33
11031,82,82,0.26
11032,18,28,2.32
11033,235,328,0.36
11034,0,25,0.68
11035,0,301,1.03
11036,32,62,1.94
11037,195,255,0.30
11038,17,15,0.42
11039,50,62,2.55
11040,15,15,0.42
11041,83,97,0.24
11042,13,15,0.69
11043,147,414,1.15
11044,31,112,2.76
11045,84,90,0.46
11046,38,22,0.32
11047,0,108,1.82
11048,56,18,0.39
11049,74,93,0.28
11050,230,236,0.26
11051,41,83,2.88
11052,28,103,1.79
11053,10,170,3.53
11054,161,165,0.39
11055,0,143,4.99
11056,16,21,0.32
11057,232,248,0.43
11058,121,122,0.35
11059,143,144,0.19
11060,0,138,3.38
11061,164,167,0.55
11062,34,77,3.52
11063,246,260,0.34
11064,327,16,0.05
11065,0,27,0.60
11066,194,285,0.29
11067,20,491,0.60
11068,0,25,1.91
11069,75,79,0.13
11070,15,21,0.37
11071,21,277,1.59
11072,0,117,3.38
11073,44,167,3.71
11074,309,317,0.41
11075,0,108,3.47
11076,30,157,4.46
11077,226,522,0.85
11078,338,375,0.92
11079,0,26,0.72
11080,17,37,1.50
11081,578,20,0.34
11082,0,0,0.00
11083,0,131,3.90
11084,17,19,0.30
11085,0,25,0.15
11086,0,262,0.21
11087,50,36,1.28
11088,18,86,2.57
11089,375,414,0.42
11090,27,17,0.36
11091,112,115,0.33
11092,182,183,0.69
11093,18,23,0.38
11094,28,106,3.59
11095,347,376,0.36
11096,22,42,0.85
11097,22,111,4.13
11098,15,26,0.32
11099,113,126,0.27
11100,160,204,0.41
11101,151,0,0.00
11102,60,148,4.71
11103,0,66,3.16
11104,55,79,0.56
11105,113,244,0.96
11106,0,34,1.22
11107,15,46,3.42
11108,14,244,0.29
11109,0,151,3.07
11110,0,24,0.43
11111,173,205,0.53
11112,12,15,0.60
11113,20,144,3.78
11114,0,147,3.58
11115,27,25,1.31
11116,56,22,1.16
11117,115,133,0.27
11118,101,17,0.29
11119,16,17,0.23
11120,168,248,0.42
11121,18,94,3.20
11122,18,27,0.45
11123,21,0,0.00
11124,0,26,2.06
11125,19,145,3.56
11126,0,153,3.90
11127,144,242,0.95
11128,14,85,4.04
11129,146,146,0.23
11130,484,503,0.46
11131,26,84,3.23
11132,459,460,0.72
11133,212,232,0.53
11134,0,176,7.42
11135,58,79,0.20
11136,35,40,0.23
11137,0,25,1.95
11138,23,17,2.64
11139,18,16,0.55
11140,16,45,1.73
11141,19,131,3.00
11142,282,300,0.25
11143,23,173,5.68
11144,89,90,0.19
11145,19,152,3.51
11146,330,332,0.51
11147,0,68,3.99
11148,0,39,1.64
11149,40,33,1.40
11150,38,50,0.21
11151,0,134,5.96
11152,0,26,0.63
11153,261,276,0.27
11154,0,31,2.57
11155,123,139,0.57
11156,0,51,1.32
11157,0,119,3.68
11158,88,88,0.14
11159,12,26,2.00
11160,16,61,2.41
11161,120,137,0.24
11162,26,133,5.49
11163,449,470,1.36
11164,20,29,1.03
11165,169,170,0.73
11166,95,98,0.29
11167,161,161,0.23
11168,145,160,0.21
11169,258,258,0.35
11170,15,20,0.54
11171,0,27,0.91
11172,73,284,4.50
11173,163,72,2.39
11174,0,85,2.57
11175,168,182,0.51
11176,313,322,0.26
11177,45,188,1.95
11178,145,464,1.10
11179,21,15,1.36
11180,226,241,0.73
11181,93,97,0.35
11182,0,23,1.37
11183,0,86,2.77
11184,32,22,0.68
11185,28,105,0.40
11186,0,144,3.91
11187,0,22,0.89
11188,474,485,1.07
11189,15,18,0.67
11190,177,195,0.46
11191,130,18,0.50
11192,30,27,1.17
11193,33,96,2.07
11194,18,30,2.04
11195,12,28,2.33
11196,169,182,0.33
11197,23,24,2.12
11198,0,131,2.93
11199,424,439,0.42
11200,108,108,0.19
11201,144,254,0.96
11202,0,17,0.73
11203,33,0,0.00
11204,275,286,0.30
11205,23,12,0.46
11206,0,34,1.11
11207,904,928,1.14
11208,0,22,0.51
11209,27,165,3.70
11210,0,72,2.66
11211,230,14,0.09
11212,128,129,0.19
11213,70,19,0.52
11214,0,27,2.08
11215,0,61,5.37
11216,0,105,3.98
11217,19,174,3.69
11218,57,122,0.14
11219,0,140,3.49
11220,0,172,5.13
11221,54,19,0.42
11222,21,127,3.07
11223,0,42,1.83
11224,45,18,0.69
11225,126,272,0.34
11226,111,137,0.46
11227,0,157,4.11
11228,48,79,4.32
11229,47,36,2.86
11230,41,36,0.84
11231,51,14,0.43
11232,289,301,0.39
11233,0,36,1.52
11234,14,28,1.33
11235,72,17,0.26
11236,0,15,0.10
11237,320,14,0.34
11238,32,34,0.14
11239,0,39,3.23
11240,0,19,0.40
11241,190,391,0.50
11242,68,134,0.55
11243,47,17,0.35
11244,0,35,0.94
11245,43,25,1.31
11246,0,32,0.54
11247,165,166,0.30
11248,23,29,1.56
11249,160,160,0.20
11250,24,121,6.13
11251,25,18,0.49
11252,0,79,3.48
11253,57,154,4.01
11254,26,27,1.12
11255,0,110,2.46
11256,18,214,0.75
11257,21,31,0.92
11258,37,111,0.67
11259,159,208,0.37
11260,249,471,0.49
11261,0,59,0.23
11262,53,23,0.50
11263,0,131,3.36
11264,405,433,0.37
11265,16,135,3.14
11266,32,22,1.37
11267,101,520,3.74
11268,0,100,1.71
11269,166,182,0.85
11270,28,127,2.16
11271,0,21,0.36
11272,44,197,4.97
11273,0,71,1.42
11274,0,22,0.81
11275,13,68,1.41
11276,28,35,0.94
11277,382,0,0.00
11278,47,110,1.53
11279,0,18,0.57
11280,91,33,0.56
11281,33,21,1.57
11282,0,38,4.31
11283,0,0,0.00
11284,59,203,3.85
11285,634,995,0.48
11286,83,145,0.21
11287,95,95,0.14
11288,47,51,0.22
11289,0,22,0.40
11290,116,119,0.37
11291,171,177,0.22
11292,31,49,4.79
11293,135,16,0.43
11294,0,18,0.62
11295,48,21,0.31
11296,0,11,0.33
11297,37,133,4.09
11298,0,36,0.59
11299,0,71,1.39
11300,0,140,2.63
11301,309,358,0.45
11302,321,330,0.35
11303,103,17,0.35
11304,21,22,0.66
11305,0,29,0.97
11306,40,355,2.84
11307,166,22,0.65
11308,61,92,0.42
11309,43,0,0.00
11310,233,240,1.12
11311,68,68,0.13
11312,0,64,2.97
11313,22,19,1.46
11314,33,34,2.44
11315,184,224,0.43
11316,125,134,0.58
11317,17,78,1.62
11318,0,167,3.77
11319,54,58,0.17
11320,0,31,1.45
11321,90,96,0.29
11322,155,171,1.05
11323,96,104,0.33
11324,25,59,2.77
11325,0,816,1.15
11326,14,99,1.44
11327,32,43,1.00
11328,37,19,0.62
11329,35,27,1.78
11330,45,169,1.48
11331,16,144,1.61
11332,0,14,0.25
11333,13,97,5.23
11334,32,48,2.81
11335,40,157,2.98
11336,248,277,0.30
11337,21,47,1.71
11338,45,160,3.28
11339,99,99,0.13
11340,314,318,0.53
11341,0,157,3.50
11342,45,200,4.60
11343,0,27,2.08
11344,0,39,1.90
11345,358,371,0.32
11346,0,46,1.94
11347,118,118,0.22
11348,0,29,1.57
11349,21,37,1.49
11350,22,165,1.33
11351,253,31,0.06
11352,109,122,0.50
11353,37,21,0.91
11354,267,462,0.76
11355,25,121,4.24
11356,278,290,0.32
11357,0,29,1.79
11358,155,174,0.34
11359,0,237,0.90
11360,113,114,0.23
11361,214,428,0.39
11362,106,107,0.16
11363,15,31,1.52
11364,400,437,0.56
11365,127,128,0.17
11366,31,126,2.76
11367,32,17,1.42
11368,0,49,1.59
11369,0,641,0.78
11370,0,164,5.30
11371,0,41,0.61
11372,363,392,0.31
11373,176,424,1.10
11374,29,185,5.17
11375,39,153,5.18
11376,0,113,4.23
11377,22,21,0.53
11378,66,66,0.20
11379,129,130,0.18
11380,40,70,0.20
11381,119,165,0.67
11382,0,131,3.21
11383,54,18,0.43
11384,18,82,2.88
11385,69,86,0.48
11386,209,0,0.00
11387,29,24,0.95
11388,36,47,2.59
11389,91,108,0.36
11390,152,154,0.36
11391,86,89,0.34
11392,0,111,2.18
11393,41,14,0.67
11394,0,53,2.02
11395,0,32,2.38
11396,152,171,0.30
11397,0,65,0.48
11398,281,332,1.10
11399,83,86,0.29
11400,18,97,2.74
11401,0,0,0.00
11402,37,31,0.52
11403,199,362,0.62
11404,380,402,0.41
11405,24,87,1.81
11406,0,182,2.10
11407,77,78,0.20
11408,0,110,1.68
11409,368,705,0.35
11410,36,21,1.07
11411,222,479,1.01
11412,241,455,1.14
11413,211,234,0.34
11414,22,22,0.94
11415,44,75,3.59
11416,39,15,1.12
11417,23,23,0.33
11418,0,126,3.93
11419,341,589,0.49
11420,64,183,4.58
11421,21,139,2.81
11422,263,278,0.22
11423,35,30,0.50
11424,40,50,1.58
11425,29,18,0.43
11426,144,159,0.49
11427,144,21,1.05
11428,0,160,4.53
11429,19,92,1.19
11430,0,151,3.09
11431,23,129,2.91
11432,19,16,0.24
11433,51,149,2.34
11434,121,123,0.18
11435,0,35,2.20
11436,185,14,0.45
11437,0,87,1.42
11438,32,143,7.25
11439,159,159,0.32
11440,0,92,3.51
11441,79,83,0.39
11442,90,94,0.26
11443,106,153,0.84
11444,0,26,2.01
11445,15,136,2.68
11446,57,15,0.50
11447,35,58,1.97
11448,14,31,1.51
11449,148,225,0.49
11450,16,133,3.02
11451,24,90,2.92
11452,154,155,0.42
11453,144,144,0.21
11454,0,142,3.27
11455,110,21,0.33
11456,192,221,0.42
11457,310,333,0.97
11458,256,265,0.33
11459,166,13,0.22
11460,0,117,2.72
11461,40,33,0.49
11462,192,199,1.00
11463,48,123,0.52
11464,288,324,0.33
11465,71,0,0.00
11466,210,615,1.15
11467,0,0,0.00
11468,114,118,0.17
11469,129,0,0.00
11470,40,162,4.29
11471,18,80,2.40
11472,179,179,0.60
11473,31,16,0.62
11474,80,59,2.26
11475,80,89,0.15
11476,18,119,3.71
11477,0,25,1.03
11478,33,28,0.48
11479,226,240,0.28
11480,0,158,2.72
11481,73,102,0.35
11482,23,39,0.72
11483,152,159,0.36
11484,0,23,2.30
11485,337,337,0.47
11486,27,20,1.67
11487,14,88,3.06
11488,225,949,3.50
11489,0,103,2.21
11490,15,65,0.33
11491,81,114,0.29
11492,51,48,2.65
11493,21,14,0.43
11494,299,317,0.32
11495,0,122,2.71
11496,11,186,6.02
11497,275,271,0.96
11498,0,19,0.38
11499,0,73,2.71
11500,236,268,0.28
11501,0,28,1.81
11502,89,247,1.03
11503,31,104,2.74
11504,73,44,1.83
11505,71,17,0.39
11506,28,124,3.31
11507,96,17,0.40
11508,0,93,1.58
11509,16,56,3.02
11510,0,46,1.82
11511,22,33,2.30
11512,81,21,0.40
11513,141,225,0.96
11514,58,195,3.49
11515,17,70,2.09
11516,25,24,0.42
11517,36,197,4.45
11518,191,193,0.31
11519,0,43,2.75
11520,60,22,0.40
11521,166,170,0.37
11522,532,556,1.14
11523,0,42,1.56
11524,149,150,0.22
11525,0,144,3.29
11526,136,13,0.32
11527,0,62,0.24
11528,0,113,2.83
11529,188,207,0.35
11530,136,546,0.48
11531,240,258,0.26
11532,95,96,0.23
11533,0,26,2.45
11534,220,242,0.33
11535,0,42,0.97
11536,147,152,0.27
11537,20,45,1.74
11538,51,23,0.55
11539,511,566,1.04
11540,0,28,0.85
11541,65,69,0.54
11542,103,108,0.33
11543,73,99,0.27
11544,107,112,0.20
11545,370,385,0.45
11546,35,94,3.29
11547,0,20,1.39
11548,103,107,0.17
11549,86,123,0.21
11550,154,191,0.65
11551,95,115,0.62
11552,47,26,0.44
11553,315,346,0.25
11554,12,181,5.26
11555,0,27,1.86
11556,287,308,0.35
11557,643,678,1.11
11558,19,124,3.13
11559,154,258,1.08
11560,103,103,0.38
11561,28,178,2.61
11562,0,77,2.37
11563,158,319,1.10
11564,17,26,1.69
11565,0,0,0.00
11566,141,141,0.20
11567,172,196,0.52
11568,30,144,4.65
11569,0,96,1.38
11570,264,284,0.26
11571,16,137,2.49
11572,316,345,0.23
11573,14,0,0.00
11574,134,134,0.44
11575,0,118,4.42
11576,18,94,3.46
11577,0,119,3.29
11578,356,397,0.37
11579,29,67,0.55
11580,31,146,3.43
11581,197,1300,12.89
11582,16,39,0.69
11583,198,218,0.47
11584,74,21,3.95
11585,14,16,0.55
11586,61,61,0.11
11587,15,72,3.30
11588,90,103,0.33
11589,41,267,0.57
11590,59,162,4.29
11591,22,16,0.29
11592,149,151,0.17
11593,0,0,0.00
11594,45,333,0.58
11595,17,101,2.67
11596,57,197,2.07
11597,148,153,0.37
11598,0,0,0.00
11599,37,166,5.08
11600,0,23,1.05
11601,0,26,0.50
11602,131,16,0.18
11603,89,89,0.16
11604,18,117,8.16
11605,54,46,4.11
11606,23,150,2.06
11607,140,156,0.43
11608,20,26,0.35
11609,144,442,0.52
11610,255,340,0.28
11611,226,252,1.25
11612,273,304,0.98
11613,25,53,2.25
11614,19,28,1.29
11615,43,25,0.87
11616,22,80,2.36
11617,0,47,1.12
11618,142,281,0.54
11619,44,129,2.55
11620,17,138,0.64
11621,12,31,1.97
11622,0,114,4.12
11623,203,232,0.20
11624,27,19,0.39
11625,172,194,0.26
11626,0,25,1.36
11627,0,71,2.50
11628,237,245,0.20
11629,0,49,1.90
11630,54,187,4.22
11631,81,89,1.68
11632,27,15,0.46
11633,104,106,0.28
11634,121,133,0.35
11635,0,468,3.03
11636,15,28,0.84
11637,114,135,0.26
11638,60,63,0.13
11639,108,131,0.33
11640,0,128,5.52
11641,0,59,1.78
11642,0,36,4.17
11643,18,44,3.27
11644,0,28,2.44
11645,17,18,1.11
11646,713,745,1.22
11647,494,0,0.00
11648,0,175,3.69
11649,0,32,0.58
11650,0,29,2.16
11651,86,99,0.42
11652,0,65,1.79
11653,88,108,0.79
11654,119,136,0.19
11655,0,121,1.82
11656,331,356,1.33
11657,77,114,0.26
11658,20,149,3.18
11659,0,33,2.01
11660,164,170,0.24
11661,0,35,1.80
11662,0,97,2.67
11663,345,0,0.00
11664,37,130,0.58
11665,0,59,1.62
11666,119,119,0.18
11667,271,323,0.26
11668,74,81,0.34
11669,0,148,2.04
11670,50,50,0.13
11671,173,20,0.40
11672,103,108,0.13
11673,231,253,1.11
11674,18,27,1.22
11675,331,364,0.40
11676,300,346,0.93
11677,50,214,2.48
11678,19,72,2.57
11679,69,213,0.97
11680,0,295,8.33
11681,50,17,0.44
11682,321,338,0.43
11683,0,143,3.87
11684,31,89,3.77
11685,221,527,1.14
11686,15,144,3.55
11687,0,31,0.58
11688,161,291,0.34
11689,235,239,1.40
11690,185,280,0.25
11691,37,25,0.88
11692,0,57,1.23
11693,174,494,1.08
11694,248,486,0.48
11695,49,186,0.58
11696,227,242,0.45
11697,18,129,4.60
11698,0,146,3.64
11699,133,16,0.39
11700,12,45,2.10
11701,178,184,0.88
11702,58,35,2.23
11703,0,18,1.65
11704,43,148,3.27
11705,28,204,3.88
11706,0,109,7.09
11707,27,16,0.93
11708,69,329,0.51
11709,88,104,0.29
11710,14,27,0.70
11711,82,96,0.36
11712,16,100,3.59
11713,24,178,3.13
11714,156,158,0.21
11715,133,15,0.42
11716,35,189,2.31
11717,12,115,1.66
11718,159,285,0.61
11719,111,113,0.23
11720,18,153,2.18
11721,40,18,0.21
11722,215,249,0.37
11723,16,60,0.85
11724,28,80,2.08
11725,302,306,0.27
11726,152,147,0.37
11727,19,444,1.62
11728,0,145,5.28
11729,0,177,2.81
11730,30,183,4.63
11731,54,75,0.64
11732,40,16,0.40
11733,41,29,1.51
11734,59,14,0.39
11735,19,36,2.48
11736,156,53,0.97
11737,0,0,0.00
11738,13,114,4.06
11739,15,30,1.86
11740,146,147,0.19
11741,57,83,0.49
11742,21,266,1.58
11743,20,191,4.53
11744,0,48,1.23
11745,83,88,0.10
11746,0,169,0.84
11747,22,73,1.66
11748,22,52,0.12
11749,0,40,0.74
11750,332,394,0.49
11751,251,363,1.77
11752,0,129,4.93
11753,183,227,0.30
11754,48,191,2.57
11755,18,66,3.34
11756,14,193,2.56
11757,124,135,1.41
11758,20,101,5.32
11759,15,32,0.99
11760,95,35,3.29
11761,128,128,0.18
11762,32,193,4.56
11763,0,52,2.26
11764,0,122,2.55
11765,100,103,0.15
11766,15,14,0.23
11767,0,215,0.57
11768,16,25,0.42
11769,165,179,1.59
11770,184,345,0.45
11771,0,28,0.70
11772,0,123,3.75
11773,210,225,0.86
11774,268,269,0.30
11775,226,254,0.38
11776,280,433,1.62
11777,0,145,1.88
11778,93,129,0.38
11779,0,31,1.82
11780,14,183,5.53
11781,40,22,1.24
11782,588,606,0.54
11783,138,139,0.22
11784,32,26,0.40
11785,0,50,1.59
11786,137,156,1.19
11787,0,94,0.29
11788,179,25,0.43
11789,150,19,0.44
11790,357,405,0.35
11791,151,281,0.34
11792,0,128,5.46
11793,23,22,0.39
11794,32,102,5.68
11795,191,372,0.49
11796,51,63,0.17
11797,52,26,1.57
11798,0,75,4.16
11799,51,16,0.98
11800,143,156,0.27
11801,41,0,0.00
11802,0,33,2.19
11803,45,35,0.09
11804,42,51,1.01
11805,88,39,0.67
11806,17,17,0.47
11807,0,727,1.01
11808,0,66,2.02
11809,43,43,0.16
11810,299,324,1.14
11811,0,46,1.26
11812,95,108,0.36
11813,20,129,3.80
11814,180,338,0.33
11815,23,101,4.55
11816,0,166,0.14
11817,0,111,5.31
11818,0,25,0.83
11819,14,131,3.09
11820,0,47,4.81
11821,325,112,0.56
11822,27,36,0.53
11823,53,203,4.64
11824,12,127,2.99
11825,224,226,0.34
11826,122,124,0.51
11827,34,180,3.99
11828,0,112,2.26
11829,68,33,0.45
11830,41,188,2.84
11831,105,266,0.21
11832,35,99,2.76
11833,74,79,0.39
11834,21,30,0.70
11835,0,107,5.56
11836,32,44,1.64
11837,0,0,0.00
11838,16,26,0.54
11839,0,73,3.20
11840,0,27,2.14
11841,42,23,0.49
11842,366,446,0.88
11843,36,37,0.41
11844,60,76,0.30
11845,180,207,0.51
11846,170,174,0.83
11847,17,53,1.76
11848,305,326,0.29
11849,18,79,5.42
11850,18,28,0.53
11851,0,121,3.36
11852,301,789,0.95
11853,217,463,0.49
11854,18,18,2.57
11855,17,135,3.45
11856,15,17,0.14
11857,95,105,0.47
11858,177,192,0.50
11859,103,121,0.25
11860,79,16,0.39
11861,0,90,4.42
11862,144,577,1.10
11863,152,14,0.29
11864,16,47,2.09
11865,192,366,1.36
11866,17,29,1.09
11867,79,18,0.52
11868,56,61,2.45
11869,0,0,0.00
11870,37,42,1.85
11871,54,109,0.74
11872,197,208,0.37
11873,27,0,0.00
11874,131,171,0.28
11875,653,746,1.19
11876,13,53,2.53
11877,0,115,1.64
11878,40,19,0.53
11879,12,107,2.60
11880,63,19,0.95
11881,96,454,1.24
11882,155,176,0.27
11883,0,18,1.02
11884,127,420,1.25
11885,0,22,1.92
11886,31,27,0.48
11887,0,91,3.07
11888,0,24,0.68
11889,58,23,0.47
11890,16,149,7.06
11891,147,169,0.32
11892,26,15,0.36
11893,13,79,3.94
11894,429,439,0.66
11895,135,137,0.18
11896,16,113,2.59
11897,305,293,0.52
11898,0,0,0.00
11899,29,22,0.51
11900,265,301,0.19
11901,0,378,3.08
11902,90,641,0.71
11903,17,139,3.32
11904,0,39,3.95
11905,0,64,3.47
11906,29,170,4.12
11907,62,62,0.17
11908,51,143,2.93
11909,14,32,0.76
11910,16,14,0.19
11911,19,19,1.68
11912,0,18,0.30
11913,22,125,4.69
11914,29,161,3.33
11915,22,44,3.66
11916,0,0,0.00
11917,85,18,0.52
11918,0,18,0.52
11919,15,37,1.16
11920,64,16,0.39
11921,383,393,1.06
11922,256,274,0.35
11923,151,441,1.09
11924,21,168,8.80
11925,0,42,2.24
11926,257,294,1.13
11927,115,126,0.36
11928,48,20,1.63
11929,16,30,2.07
11930,46,18,0.46
11931,0,42,1.28
11932,0,23,0.59
11933,24,192,5.58
11934,156,494,1.24
11935,31,25,0.64
11936,19,390,0.73
11937,15,141,3.57
11938,244,255,0.41
11939,32,148,2.89
11940,54,171,1.91
11941,0,308,1.92
11942,63,23,1.47
11943,23,16,0.51
11944,42,30,1.04
11945,271,276,0.24
11946,0,146,6.32
11947,23,111,1.87
11948,462,559,1.24
11949,236,416,0.36
11950,157,175,0.49
11951,232,276,0.35
11952,0,53,3.39
11953,165,181,0.28
11954,102,23,0.78
11955,31,324,0.79
11956,54,57,0.18
11957,25,126,6.96
11958,0,20,0.44
11959,28,25,0.73
11960,161,74,0.43
11961,24,19,1.48
11962,161,172,0.47
11963,394,406,1.12
11964,0,21,1.24
11965,0,60,2.06
11966,110,118,0.20
11967,103,112,0.11
11968,29,36,1.30
11969,425,453,1.21
11970,261,261,0.29
11971,0,24,1.11
11972,203,204,0.47
11973,42,66,0.42
11974,13,74,4.67
11975,0,33,1.26
11976,75,99,0.32
11977,118,124,0.44
11978,99,99,0.13
11979,23,188,3.35
11980,22,27,1.08
11981,0,227,6.00
11982,285,301,0.43
11983,260,287,0.22
11984,37,19,1.02
11985,295,296,0.35
11986,187,196,0.37
11987,0,137,5.26
11988,163,171,1.20
11989,196,214,0.31
11990,0,15,0.50
11991,64,19,1.82
11992,109,145,0.55
11993,269,282,0.29
11994,193,196,0.65
11995,19,49,1.86
11996,331,353,0.39
11997,0,184,3.01
11998,86,89,0.19
11999,0,26,0.61
12000,33,182,3.32
12001,41,53,1.63
12002,0,156,2.63
12003,0,102,2.86
12004,11,21,0.43
12005,43,292,1.43
12006,50,50,0.12
12007,0,62,0.80
12008,47,171,3.72
12009,25,46,1.11
12010,21,34,2.91
12011,25,110,2.74
12012,22,40,1.42
12013,0,51,1.75
12014,24,20,0.58
12015,18,11,0.12
12016,0,23,1.26
12017,71,94,0.46
12018,57,19,0.63
12019,0,29,1.13
12020,0,21,0.38
12021,0,93,2.23
12022,427,461,1.15
12023,229,237,0.30
12024,302,317,0.30
12025,13,19,0.11
12026,12,137,2.24
12027,0,114,4.85
12028,103,108,0.17
12029,0,46,1.59
12030,118,127,0.54
12031,0,145,4.01
12032,40,116,2.71
12033,0,21,1.44
12034,15,28,1.86
12035,34,64,1.97
12036,0,175,3.08
12037,151,185,0.31
12038,0,145,4.59
12039,39,198,1.35
12040,167,20,0.35
12041,0,24,0.78
12042,16,35,2.38
12043,153,154,0.92
12044,0,145,5.54
12045,34,91,1.63
12046,30,29,1.79
12047,142,168,0.38
12048,13,61,3.93
12049,108,144,1.64
12050,0,161,4.39
12051,47,64,3.04
12052,19,19,0.54
12053,52,51,0.14
12054,28,162,2.86
12055,118,133,0.34
12056,28,186,7.00
12057,31,62,1.39
12058,0,39,1.72
12059,247,260,0.28
12060,16,26,1.55
12061,282,19,0.59
12062,47,138,2.51
12063,20,142,2.79
12064,85,86,0.30
12065,30,144,5.96
12066,368,389,1.16
12067,195,378,0.93
12068,0,35,2.53
12069,19,74,0.27
12070,28,39,2.14
12071,181,522,2.07
12072,33,25,1.46
12073,91,388,2.51
12074,173,187,0.53
12075,33,40,1.38
12076,309,337,0.24
12077,213,24,0.65
12078,246,267,0.68
12079,20,65,3.22
12080,59,16,0.26
12081,149,150,0.20
12082,37,45,2.02
12083,355,385,0.32
12084,0,147,4.23
12085,144,154,0.29
12086,124,354,1.25
12087,40,190,3.62
12088,0,95,2.29
12089,114,264,1.15
12090,0,19,1.77
12091,204,211,0.26
12092,18,52,1.75
12093,25,153,0.48
12094,156,19,0.25
12095,35,112,1.50
12096,85,127,0.46
12097,27,61,2.34
12098,0,110,4.35
12099,20,17,0.88
12100,225,313,0.32
12101,17,87,1.98
12102,39,45,0.30
12103,54,37,4.14
12104,0,153,3.46
12105,0,163,4.53
12106,0,181,3.12
12107,0,134,3.94
12108,287,314,0.31
12109,140,141,0.21
12110,22,85,4.32
12111,210,249,0.47
12112,146,189,0.53
12113,0,257,0.64
12114,277,668,1.22
12115,33,101,4.97
12116,16,94,2.71
12117,0,148,0.89
12118,105,122,0.57
12119,27,208,0.36
12120,122,142,0.20
12121,12,124,5.26
12122,112,21,1.08
12123,0,21,1.07
12124,67,259,0.61
12125,0,103,5.17
12126,558,788,1.18
12127,0,137,3.37
12128,26,78,2.30
12129,169,172,0.27
12130,172,219,0.52
12131,0,118,2.74
12132,287,297,0.29
12133,161,161,0.24
12134,122,17,0.35
12135,19,23,0.37
12136,15,17,0.92
12137,15,111,4.50
12138,149,245,0.35
12139,191,193,0.17
12140,48,134,0.61
12141,28,0,0.00
12142,19,144,2.89
12143,0,110,2.43
12144,0,21,0.57
12145,22,15,0.18
12146,0,167,0.25
12147,17,87,4.67
12148,181,198,0.41
12149,64,72,0.27
12150,21,84,2.15
12151,44,133,5.68
12152,0,49,1.54
12153,52,23,0.65
12154,0,20,0.62
12155,98,98,0.34
12156,0,54,1.93
12157,234,242,0.55
12158,0,17,0.60
12159,263,319,0.35
12160,0,21,0.54
12161,235,255,0.21
12162,20,146,1.86
12163,132,153,0.18
12164,13,19,1.55
12165,41,36,0.56
12166,17,143,1.78
12167,109,224,0.96
12168,501,527,1.06
12169,0,122,2.31
12170,84,91,0.31
12171,73,28,0.67
12172,0,102,1.60
12173,12,205,0.47
12174,109,127,0.40
12175,44,64,2.81
12176,88,19,1.91
12177,60,180,1.84
12178,263,307,0.34
12179,18,14,0.54
12180,115,23,1.22
12181,24,57,3.77
12182,0,145,3.81
12183,205,238,0.22
12184,104,126,0.46
12185,184,194,0.32
12186,305,336,0.31
12187,123,44,0.76
12188,20,96,1.93
12189,330,346,0.33
12190,87,224,0.96
12191,216,248,0.33
12192,135,135,0.34
12193,197,215,0.15
12194,122,124,0.30
12195,0,28,1.50
12196,21,139,1.43
12197,309,333,1.10
12198,289,338,0.46
12199,54,31,1.23
12200,50,20,0.42
12201,16,110,2.78
12202,24,41,1.62
12203,56,182,3.63
12204,18,132,4.29
12205,0,39,2.11
12206,46,152,1.98
12207,224,180,0.63
12208,96,0,0.00
12209,103,106,0.18
12210,0,52,3.31
12211,24,30,0.93
12212,24,308,0.65
12213,0,0,0.00
12214,19,44,2.11
12215,0,56,2.56
12216,74,77,0.34
12217,15,127,2.63
12218,0,99,2.94
12219,234,472,1.13
12220,232,237,0.23
12221,297,325,0.38
12222,0,24,1.12
12223,12,87,4.97
12224,399,425,0.49
12225,0,0,0.00
12226,13,60,1.63
12227,105,139,0.35
12228,227,17,0.48
12229,0,20,1.11
12230,21,104,1.78
12231,0,41,0.92
12232,328,350,0.27
12233,352,382,1.14
12234,67,108,2.49
12235,263,271,0.32
12236,0,39,2.90
12237,0,156,3.47
12238,0,250,4.88
12239,609,661,1.22
12240,112,115,0.86
12241,0,113,3.63
12242,106,107,0.14
12243,34,12,0.26
12244,33,39,0.80
12245,136,142,0.67
12246,12,127,2.06
12247,258,563,1.03
12248,0,61,3.57
12249,17,51,2.23
12250,650,679,1.09
12251,0,139,4.34
12252,191,335,0.33
12253,39,183,2.73
12254,22,40,2.36
12255,0,109,2.40
12256,19,138,2.92
12257,18,230,1.45
12258,68,76,0.11
12259,184,198,0.49
12260,0,126,2.60
12261,229,524,1.01
12262,81,18,1.71
12263,334,366,0.35
12264,42,28,0.43
12265,0,46,1.64
12266,143,183,0.24
12267,26,108,2.48
12268,167,167,0.41
12269,0,99,2.92
12270,32,22,1.41
12271,0,81,6.16
12272,405,444,0.43
12273,73,23,0.61
12274,15,18,0.48
12275,0,21,0.40
12276,27,33,0.43
12277,16,148,3.19
12278,308,369,0.40
12279,90,30,0.97
12280,151,164,0.34
12281,224,243,0.50
12282,0,42,1.58
12283,70,209,4.19
12284,110,29,0.49
12285,38,97,1.63
12286,98,16,0.35
12287,0,27,0.41
12288,89,19,0.45
12289,215,259,0.35
12290,0,52,0.67
12291,111,115,0.28
12292,122,132,0.38
12293,37,51,2.74
12294,256,300,0.42
12295,0,79,3.08
12296,560,563,1.34
12297,27,167,3.83
12298,211,212,0.74
12299,25,150,4.07
12300,0,141,3.29
12301,104,112,0.15
12302,141,248,0.96
12303,141,154,0.29
12304,0,83,3.37
12305,236,1008,2.22
12306,21,135,2.66
12307,50,51,0.22
12308,39,113,3.29
12309,193,16,0.35
12310,17,194,4.82
12311,0,70,2.74
12312,52,0,0.00
12313,20,101,4.72
12314,144,168,0.38
12315,176,12,0.31
12316,0,236,4.84
12317,47,186,2.57
12318,15,51,1.90
12319,0,14,0.08
12320,85,105,0.32
12321,125,15,0.36
12322,21,113,4.66
12323,158,188,0.48
12324,22,142,3.21
12325,16,127,1.72
12326,0,24,1.68
12327,0,38,2.29
12328,0,159,3.64
12329,48,47,3.32
12330,121,13,0.24
12331,0,18,0.33
12332,202,206,0.30
12333,77,94,0.24
12334,16,75,3.66
12335,36,35,0.51
12336,16,306,0.26
12337,16,121,2.74
12338,0,0,0.00
12339,20,33,2.46
12340,110,114,0.20
12341,26,184,6.83
12342,180,180,0.29
12343,96,124,0.45
12344,0,140,4.28
12345,23,140,0.25
12346,28,21,0.43
12347,39,93,0.58
12348,17,86,3.81
12349,17,100,2.85
12350,76,30,2.20
12351,28,179,3.50
12352,21,70,2.34
12353,174,399,0.76
12354,63,66,0.18
12355,178,25,0.04
12356,17,90,3.65
12357,263,293,0.39
12358,21,141,0.40
12359,0,106,2.51
12360,17,39,3.01
12361,143,158,0.31
12362,24,32,1.38
12363,0,159,6.63
12364,15,44,1.31
12365,86,23,0.71
12366,22,26,0.82
12367,92,92,0.14
12368,0,34,0.08
12369,0,114,2.02
12370,88,109,0.33
12371,0,25,0.85
12372,163,166,0.35
12373,17,135,4.09
12374,101,104,0.18
12375,0,78,5.10
12376,18,55,2.77
12377,144,426,1.15
12378,0,28,1.63
12379,183,194,0.29
12380,0,47,1.68
12381,271,308,0.26
12382,0,80,1.82
12383,118,135,0.30
12384,136,423,1.03
12385,295,637,1.16
12386,308,341,0.38
12387,16,132,2.66
12388,0,0,0.00
12389,88,14,0.55
12390,0,79,3.13
12391,153,153,0.36
12392,0,150,3.55
12393,136,297,3.17
12394,38,14,0.21
12395,20,105,5.06
12396,0,114,1.31
12397,167,170,0.26
12398,34,30,1.29
12399,0,61,2.46
12400,126,128,0.20
12401,71,90,0.43
12402,0,145,3.34
12403,122,130,0.39
12404,273,516,0.99
12405,21,193,5.08
12406,85,21,1.02
12407,33,183,2.77
12408,16,65,1.42
12409,50,167,5.20
12410,89,226,0.96
12411,18,165,5.62
12412,0,117,1.85
12413,54,27,0.77
12414,206,215,0.35
12415,0,113,1.95
12416,24,44,2.47
12417,351,377,0.30
12418,0,19,1.54
12419,54,23,0.22
12420,0,151,2.54
12421,0,29,0.55
12422,29,38,2.52
12423,15,171,2.46
12424,69,74,0.12
12425,0,147,5.95
12426,14,0,0.00
12427,118,132,0.98
12428,124,129,0.34
12429,94,100,0.37
12430,24,130,8.20
12431,331,371,1.02
12432,232,399,0.99
12433,126,127,0.38
12434,90,98,0.38
12435,464,485,1.17
12436,0,335,0.56
12437,24,23,0.53
12438,0,14,1.36
12439,166,366,0.44
12440,184,188,0.76
12441,64,19,2.06
12442,224,444,1.83
12443,221,224,0.37
12444,0,218,0.48
12445,16,143,2.73
12446,328,357,0.37
12447,646,685,1.10
12448,167,191,0.48
12449,14,30,0.49
12450,418,909,0.76
12451,212,221,0.30
12452,127,232,1.05
12453,94,226,1.34
12454,0,97,2.89
12455,177,184,0.41
12456,411,757,1.05
12457,31,26,1.49
12458,129,131,0.66
12459,354,613,0.34
12460,16,78,0.90
12461,86,226,0.60
12462,20,60,1.93
12463,25,28,0.40
12464,192,200,0.47
12465,0,23,2.47
12466,27,0,0.00
12467,0,43,1.40
12468,29,215,2.50
12469,84,91,0.20
12470,0,33,0.81
12471,70,20,0.52
12472,58,185,5.64
12473,0,20,0.45
12474,0,0,0.00
12475,0,108,3.16
12476,171,382,0.61
12477,14,19,1.12
12478,42,20,0.38
12479,34,112,5.12
12480,26,128,3.70
12481,0,53,1.79
12482,527,603,1.12
12483,101,102,0.36
12484,357,422,1.07
12485,13,69,1.37
12486,122,137,0.94
12487,0,29,1.34
12488,269,296,0.46
12489,109,110,0.17
12490,0,96,2.07
12491,0,266,0.23
12492,736,1023,1.21
12493,42,138,3.22
12494,164,177,0.50
12495,23,137,3.17
12496,46,33,1.48
12497,31,176,1.60
12498,40,19,0.93
12499,498,513,1.16
12500,141,142,0.24
12501,67,67,0.13
12502,36,66,3.38
12503,0,147,2.22
12504,41,162,3.39
12505,0,58,0.12
12506,0,26,1.27
12507,0,42,1.14
12508,169,466,1.27
12509,0,25,0.26
12510,115,115,0.17
12511,0,18,0.38
12512,71,71,0.13
12513,313,331,0.44
12514,0,0,0.00
12515,192,217,0.52
12516,0,0,0.00
12517,269,294,0.40
12518,39,29,0.43
12519,104,103,0.26
12520,165,812,1.30
12521,0,32,1.53
12522,159,159,0.19
12523,24,50,1.73
12524,71,41,1.56
12525,16,108,2.65
12526,22,109,2.56
12527,41,18,0.39
12528,200,415,2.07
12529,24,16,0.43
12530,29,48,2.07
12531,147,148,0.58
12532,89,38,1.67
12533,37,19,0.62
12534,0,21,2.24
12535,290,303,0.25
12536,29,119,4.49
12537,132,142,0.63
12538,185,189,0.33
12539,0,51,1.97
12540,0,0,0.00
12541,0,15,0.95
12542,309,355,0.31
12543,129,131,0.19
12544,301,297,0.96
12545,310,23,0.18
12546,0,135,2.45
12547,0,162,4.40
12548,14,25,0.99
12549,22,23,0.23
12550,0,0,0.00
12551,186,216,0.37
12552,0,122,5.58
12553,59,49,3.00
12554,65,196,4.22
12555,96,99,0.20
12556,0,39,0.82
12557,213,215,0.77
12558,96,98,0.16
12559,189,212,0.41
12560,236,251,0.35
12561,0,33,0.69
12562,19,163,3.19
12563,45,125,2.93
12564,0,18,0.65
12565,23,29,2.07
12566,293,302,0.90
12567,38,93,0.59
12568,0,178,5.10
12569,16,147,2.74
12570,15,44,0.80
12571,0,146,3.36
12572,17,57,0.65
12573,22,33,0.66
12574,0,30,1.52
12575,176,179,0.59
12576,124,88,0.45
12577,0,71,2.45
12578,13,18,1.72
12579,16,92,3.04
12580,21,76,2.35
12581,14,42,3.26
12582,18,185,5.41
12583,38,22,0.82
12584,0,34,2.12
12585,0,133,5.00
12586,13,175,0.65
12587,220,229,0.24
12588,239,239,0.39
12589,0,81,2.20
12590,0,135,3.60
12591,69,82,0.58
12592,12,88,3.82
12593,84,84,0.14
12594,0,74,3.23
12595,236,272,0.35
12596,227,19,0.46
12597,210,224,0.39
12598,26,129,2.87
12599,0,132,4.76
12600,70,104,0.30
12601,131,137,0.38
12602,0,134,2.85
12603,0,50,1.36
12604,76,18,1.43
12605,21,164,1.83
12606,0,155,3.69
12607,417,436,1.02
12608,34,49,0.18
12609,224,226,0.48
12610,17,203,2.85
12611,80,237,1.56
12612,0,136,4.82
12613,126,128,0.26
12614,256,279,0.44
12615,0,74,6.68
12616,19,141,2.48
12617,0,31,1.57
12618,110,111,0.13
12619,140,150,0.45
12620,0,28,2.28
12621,311,318,0.28
12622,75,75,0.25
12623,0,23,1.03
12624,25,17,1.06
12625,320,611,0.38
12626,205,205,0.28
12627,308,101,0.55
12628,21,146,4.68
12629,158,159,0.19
12630,0,48,0.96
12631,218,236,0.70
12632,75,626,0.68
12633,213,232,0.24
12634,0,115,0.38
12635,18,21,0.37
12636,34,42,3.53
12637,67,67,0.32
12638,44,13,0.72
12639,0,64,3.72
12640,0,134,2.09
12641,26,19,1.09
12642,131,136,0.57
12643,0,71,1.06
12644,0,156,4.66
12645,43,20,0.69
12646,0,40,1.17
12647,0,30,1.89
12648,55,21,0.59
12649,44,15,0.22
12650,26,82,3.61
12651,182,248,0.42
12652,0,27,0.79
12653,88,321,0.58
12654,16,19,0.43
12655,0,173,0.36
12656,15,147,4.69
12657,13,135,1.41
12658,28,23,0.78
12659,159,169,0.29
12660,24,137,3.11
12661,0,33,1.43
12662,91,104,0.39
12663,23,177,2.86
12664,14,30,0.73
12665,153,156,0.32
12666,222,261,0.43
12667,0,141,4.52
12668,81,21,0.79
12669,80,191,1.90
12670,51,18,1.05
12671,79,88,0.45
12672,100,114,0.36
12673,0,27,1.82
12674,36,109,1.50
12675,0,99,2.88
12676,0,662,3.46
12677,0,20,0.41
12678,223,221,0.62
12679,15,38,0.08
12680,33,43,1.51
12681,276,307,0.28
12682,71,26,1.34
12683,34,193,1.98
12684,101,109,0.49
12685,273,366,0.35
12686,114,116,0.20
12687,61,39,0.51
12688,36,160,2.46
12689,19,41,3.04
12690,469,512,1.10
12691,239,26,0.36
12692,46,146,3.40
12693,134,147,0.48
12694,97,111,0.44
12695,11,24,0.49
12696,0,44,2.86
12697,158,160,0.80
12698,0,43,1.12
12699,99,273,0.69
12700,88,88,0.18
12701,0,35,1.30
12702,275,312,0.46
12703,19,35,1.72
12704,60,14,0.19
12705,211,214,0.24
12706,29,90,3.25
12707,48,19,0.58
12708,229,244,0.32
12709,0,112,2.97
12710,16,46,2.72
12711,90,93,0.14
12712,515,530,1.26
12713,14,139,3.30
12714,0,19,0.80
12715,0,124,4.10
12716,31,93,1.58
12717,0,0,0.00
12718,32,49,2.20
12719,115,121,0.31
12720,0,28,0.65
12721,15,41,1.09
12722,60,70,0.22
12723,21,182,3.61
12724,96,96,0.17
12725,29,43,2.55
12726,171,176,0.63
12727,215,229,2.15
12728,189,202,0.99
12729,230,271,0.87
12730,0,131,2.87
12731,34,122,0.32
12732,53,25,1.69
12733,45,78,0.92
12734,0,145,3.45
12735,0,17,0.45
12736,113,18,0.26
12737,48,37,0.49
12738,0,41,2.46
12739,202,662,1.09
12740,78,397,0.42
12741,0,140,2.92
12742,0,32,2.18
12743,31,84,3.33
12744,207,257,0.35
12745,188,194,0.36
12746,77,23,1.35
12747,56,160,3.06
12748,16,161,2.71
12749,55,81,0.33
12750,0,167,8.88
12751,24,32,1.46
12752,0,78,2.46
12753,0,57,2.81
12754,194,17,0.80
12755,0,59,1.02
12756,62,63,0.08
12757,0,183,2.81
12758,109,113,0.37
12759,65,71,0.21
12760,96,16,0.27
12761,13,106,1.57
12762,103,106,0.24
12763,20,34,1.01
12764,284,301,0.33
12765,0,96,2.59
12766,76,88,0.28
12767,0,136,2.69
12768,123,265,1.09
12769,38,176,2.48
12770,122,126,0.24
12771,15,55,2.51
12772,63,63,0.12
12773,237,239,0.31
12774,161,180,0.34
12775,74,39,0.21
12776,0,27,1.85
12777,67,69,0.15
12778,61,0,0.00
12779,63,35,1.14
12780,100,358,0.55
12781,0,148,3.10
12782,52,97,0.56
12783,17,21,0.80
12784,128,133,0.32
12785,158,201,0.47
12786,28,54,2.12
12787,0,69,2.62
12788,170,252,0.41
12789,18,140,5.35
12790,21,92,2.53
12791,19,148,3.50
12792,59,21,0.28
12793,25,88,2.36
12794,63,186,3.38
12795,0,176,4.72
12796,149,160,0.24
12797,164,284,0.41
12798,0,84,2.95
12799,0,59,0.96
12800,154,163,0.50
12801,228,375,0.32
12802,47,47,0.14
12803,34,105,0.52
12804,0,34,1.55
12805,211,635,1.11
12806,0,110,3.90
12807,63,20,0.37
12808,72,21,0.25
12809,14,18,0.38
12810,32,25,0.38
12811,173,1491,2.21
12812,141,153,1.16
12813,95,95,0.15
12814,20,80,2.49
12815,0,159,3.72
12816,17,143,2.90
12817,209,247,0.39
12818,15,27,0.32
12819,63,34,1.66
12820,136,28,1.63
12821,0,0,0.00
12822,0,0,0.00
12823,0,156,2.08
12824,178,189,0.24
12825,40,137,2.56
12826,0,79,3.98
12827,0,41,2.86
12828,0,200,4.07
12829,0,0,0.00
12830,0,25,2.36
12831,47,192,4.24
12832,50,18,0.50
12833,282,313,0.39
12834,294,328,0.28
12835,11,41,0.85
12836,133,138,0.18
12837,0,113,3.00
12838,16,48,1.82
12839,161,165,0.71
12840,28,26,1.18
12841,0,24,2.05
12842,0,24,0.77
12843,37,148,2.02
12844,175,287,0.31
12845,0,129,0.14
12846,167,189,0.31
12847,589,593,2.07
12848,121,124,0.21
12849,172,189,0.42
12850,228,233,0.41
12851,0,126,5.28
12852,0,122,4.91
12853,47,17,0.51
12854,18,27,1.59
12855,81,85,0.25
12856,49,178,6.29
12857,0,157,2.71
12858,122,165,0.26
12859,208,222,0.36
12860,27,29,1.14
12861,26,120,3.78
12862,35,35,0.44
12863,0,27,0.73
12864,152,152,0.23
12865,23,178,3.63
12866,30,18,0.63
12867,0,355,0.56
12868,218,455,0.85
12869,14,131,1.83
12870,17,107,3.64
12871,36,28,1.53
12872,19,83,3.32
12873,20,17,0.38
12874,237,256,0.48
12875,0,88,3.60
12876,54,67,2.13
12877,200,219,0.25
12878,18,132,4.87
12879,80,264,1.31
12880,64,193,3.19
12881,72,346,1.15
12882,0,30,0.91
12883,0,34,1.94
12884,194,197,1.50
12885,24,39,1.99
12886,212,15,0.54
12887,91,91,0.12
12888,348,347,1.05
12889,14,71,1.53
12890,38,178,1.98
12891,11,32,0.45
12892,30,17,0.61
12893,90,90,0.29
12894,14,61,3.86
12895,24,172,3.92
12896,35,17,0.62
12897,47,147,1.91
12898,15,50,1.34
12899,16,24,0.67
12900,35,25,0.77
12901,19,20,0.33
12902,527,574,1.11
12903,136,562,1.25
12904,39,21,0.45
12905,88,686,3.21
12906,328,342,0.35
12907,245,641,1.29
12908,395,574,1.08
12909,0,31,0.93
12910,29,134,4.46
12911,0,20,1.32
12912,200,553,1.05
12913,0,27,0.40
12914,57,227,2.96
12915,0,25,0.90
12916,87,24,0.41
12917,0,19,0.39
12918,18,133,0.78
12919,28,51,1.96
12920,286,0,0.00
12921,50,22,1.20
12922,23,146,1.90
12923,16,34,2.60
12924,115,135,0.34
12925,0,41,1.85
12926,219,284,0.41
12927,173,318,0.43
12928,119,121,0.21
12929,0,102,1.98
12930,0,0,0.00
12931,0,164,4.62
12932,0,124,3.94
12933,353,369,0.58
12934,46,26,0.64
12935,17,100,3.47
12936,626,641,0.37
12937,34,191,3.70
12938,178,178,0.27
12939,0,83,2.58
12940,118,120,0.26
12941,66,84,0.44
12942,445,13,0.28
12943,0,20,0.57
12944,35,20,0.79
12945,180,188,0.42
12946,269,21,0.06
12947,51,0,0.00
12948,22,150,3.93
12949,151,24,1.67
12950,95,120,0.35
12951,27,230,1.62
12952,48,168,2.57
12953,35,13,0.41
12954,18,89,2.03
12955,0,300,2.77
12956,158,158,0.64
12957,162,180,0.48
12958,0,36,1.48
12959,0,30,1.86
12960,15,180,4.06
12961,83,90,0.16
12962,43,25,0.06
12963,30,203,2.75
12964,0,50,0.92
12965,49,166,3.30
12966,0,33,1.85
12967,0,47,1.78
12968,0,37,1.39
12969,80,87,0.61
12970,128,24,0.52
12971,19,17,0.53
12972,0,172,2.36
12973,39,39,0.09
12974,41,134,6.46
12975,51,0,0.00
12976,108,112,0.20
12977,19,48,2.17
12978,0,16,0.44
12979,116,129,0.27
12980,12,110,2.51
12981,23,67,1.90
12982,0,64,1.77
12983,108,0,0.00
12984,0,34,2.28
12985,136,141,0.25
12986,0,18,0.60
12987,20,43,1.93
12988,283,335,0.41
12989,0,31,1.54
12990,27,31,0.50
12991,252,285,0.25
12992,355,388,0.79
12993,17,35,1.28
12994,0,73,2.88
12995,17,17,1.88
12996,26,26,0.19
12997,0,124,4.11
12998,161,191,1.93
12999,129,132,0.26
13000,15,16,0.51
13001,164,199,0.33
13002,44,45,0.18
13003,55,72,0.11
13004,0,36,0.19
13005,19,47,2.26
13006,0,32,0.45
13007,32,26,1.67
13008,56,614,0.68
13009,17,127,4.43
13010,14,20,0.16
13011,0,41,1.35
13012,165,29,1.31
13013,31,53,3.40
13014,55,14,0.43
13015,0,46,1.60
13016,0,132,3.51
13017,59,157,2.70
13018,197,299,0.25
13019,0,18,1.26
13020,40,177,1.24
13021,196,199,0.44
13022,130,132,0.96
13023,564,601,1.07
13024,24,13,0.16
13025,0,56,2.23
13026,61,33,1.92
13027,363,502,0.42
13028,0,54,3.42
13029,191,216,0.46
13030,230,625,1.15
13031,25,24,0.27
13032,18,195,0.89
13033,23,139,1.71
13034,21,23,0.31
13035,23,90,2.21
13036,18,162,2.27
13037,76,83,0.58
13038,34,13,0.18
13039,0,38,0.74
13040,18,52,2.34
13041,141,163,1.42
13042,38,26,1.54
13043,0,26,0.86
13044,96,210,1.65
13045,108,108,0.17
13046,0,251,2.60
13047,0,146,1.46
13048,22,65,2.07
13049,208,407,1.11
13050,20,136,4.29
13051,0,184,0.55
13052,127,156,0.31
13053,31,31,1.98
13054,36,119,5.84
13055,19,152,2.98
13056,70,22,0.60
13057,0,22,0.53
13058,0,0,0.00
13059,0,29,1.40
13060,91,102,0.98
13061,0,98,0.39
13062,14,124,3.69
13063,273,296,0.29
13064,124,25,0.55
13065,22,265,3.75
13066,22,126,6.74
13067,67,80,0.24
13068,0,25,0.48
13069,41,187,3.13
13070,0,221,2.51
13071,0,125,5.60
13072,20,54,0.64
13073,273,664,1.25
13074,91,126,0.32
13075,18,31,1.83
13076,0,73,2.30
13077,84,91,0.15
13078,21,148,5.25
13079,48,54,0.26
13080,258,287,0.56
13081,101,147,0.40
13082,568,594,0.42
13083,0,25,0.38
13084,76,40,1.65
13085,25,0,0.00
13086,0,43,0.70
13087,0,28,1.49
13088,0,78,2.59
13089,61,61,0.13
13090,0,144,2.90
13091,90,103,0.09
13092,28,281,3.75
13093,115,121,1.00
13094,84,82,0.26
13095,0,74,1.95
13096,164,397,0.84
13097,0,118,2.93
13098,0,106,3.74
13099,454,497,1.05
13100,0,132,2.60
13101,62,24,2.10
13102,28,17,0.37
13103,17,124,4.75
13104,23,192,4.56
13105,128,129,0.19
13106,219,227,0.43
13107,32,24,1.14
13108,63,25,0.54
13109,0,50,1.81
13110,245,588,0.36
13111,48,50,0.13
13112,167,201,0.36
13113,280,303,0.38
13114,0,89,2.30
13115,46,164,3.36
13116,128,432,0.59
13117,113,113,0.19
13118,16,163,2.79
13119,14,44,0.74
13120,11,136,4.16
13121,0,150,2.97
13122,42,43,0.14
13123,23,20,1.78
13124,0,124,3.88
13125,207,240,0.39
13126,30,149,2.88
13127,15,113,2.20
13128,612,706,1.13
13129,237,262,0.48
13130,0,33,0.80
13131,224,235,0.36
13132,367,260,0.96
13133,18,89,2.27
13134,421,462,0.85
13135,0,79,1.64
13136,0,130,3.68
13137,17,27,1.09
13138,18,111,2.11
13139,80,210,1.84
13140,86,94,0.15
13141,122,130,0.19
13142,44,137,2.68
13143,0,17,1.00
13144,16,31,1.57
13145,135,150,0.31
13146,25,115,2.63
13147,26,221,2.92
13148,59,77,0.62
13149,14,56,2.23
13150,17,53,2.01
13151,217,219,0.26
13152,15,132,2.18
13153,41,179,5.54
13154,18,112,3.08
13155,0,32,0.37
13156,13,136,3.86
13157,13,15,0.50
13158,16,21,1.77
13159,175,506,0.31
13160,36,183,4.78
13161,0,77,1.51
13162,171,270,0.39
13163,106,144,0.33
13164,0,71,2.02
13165,209,401,0.72
13166,89,90,0.11
13167,0,54,1.13
13168,77,101,0.33
13169,18,99,1.45
13170,0,41,1.38
13171,109,109,0.23
13172,83,14,1.85
13173,29,155,3.02
13174,19,136,4.65
13175,184,373,0.41
13176,550,17,0.83
13177,88,102,0.53
13178,25,308,0.70
13179,86,21,0.81
13180,88,100,0.23
13181,16,149,2.53
13182,392,418,0.28
13183,164,194,0.28
13184,32,23,0.55
13185,40,43,0.18
13186,23,91,4.85
13187,120,120,0.16
13188,66,28,0.65
13189,45,78,0.20
13190,102,118,0.38
13191,22,15,0.26
13192,0,62,2.37
13193,29,193,3.08
13194,275,301,0.47
13195,38,99,4.23
13196,38,198,6.80
13197,559,1067,0.98
13198,0,106,1.40
13199,59,203,8.73
13200,155,157,0.32
13201,12,102,5.69
13202,231,240,0.31
13203,223,227,0.77
13204,16,85,3.34
13205,32,69,2.78
13206,56,119,2.49
13207,223,231,0.41
13208,214,241,0.48
13209,0,37,2.22
13210,23,185,4.10
13211,22,30,2.67
13212,0,89,2.68
13213,17,84,2.61
13214,179,210,0.71
13215,121,138,0.52
13216,16,208,1.34
13217,0,26,1.54
13218,15,0,0.00
13219,18,175,4.21
13220,22,128,1.62
13221,22,98,3.27
13222,16,169,2.60
13223,0,32,0.93
13224,181,254,0.54
13225,19,51,1.21
13226,25,170,6.83
13227,137,173,0.35
13228,0,0,0.00
13229,266,314,0.36
13230,14,107,1.90
13231,46,181,3.68
13232,233,393,0.46
13233,0,133,4.81
13234,210,247,0.53
13235,136,143,0.17
13236,16,24,0.84
13237,16,16,0.44
13238,0,23,0.27
13239,13,26,1.34
13240,0,89,1.89
13241,346,363,0.37
13242,656,677,1.09
13243,74,80,0.20
13244,228,26,0.54
13245,0,26,0.61
13246,0,155,2.94
13247,53,21,0.42
13248,91,39,2.07
13249,35,28,0.57
13250,221,283,0.34
13251,0,120,4.31
13252,98,20,0.26
13253,286,323,0.38
13254,24,180,2.74
13255,12,136,3.54
13256,0,105,3.63
13257,269,292,0.35
13258,159,488,0.77
13259,0,15,0.52
13260,36,76,2.81
13261,12,23,0.36
13262,116,116,0.16
13263,18,34,1.34
13264,20,82,0.41
13265,127,19,0.54
13266,36,73,3.38
13267,94,21,0.43
13268,107,124,0.31
13269,188,324,0.32
13270,0,26,0.76
13271,21,18,0.45
13272,0,26,2.00
13273,14,121,2.89
13274,113,122,0.25
13275,87,118,0.30
13276,38,164,4.19
13277,0,152,2.18
13278,152,152,0.24
13279,97,30,3.68
13280,226,343,0.42
13281,193,193,0.72
13282,0,117,5.02
13283,243,293,0.39
13284,0,61,2.05
13285,72,80,0.18
13286,43,84,0.33
13287,15,126,5.13
13288,36,166,3.91
13289,0,196,0.37
13290,0,55,1.86
13291,114,140,0.47
13292,0,27,0.92
13293,228,389,0.39
13294,119,123,0.17
13295,228,118,0.55
13296,0,40,1.71
13297,24,42,1.65
13298,17,81,3.49
13299,20,40,1.29
13300,227,13,0.60
13301,0,122,4.80
13302,190,198,0.28
13303,0,0,0.00
13304,0,0,0.00
13305,0,38,2.06
13306,19,71,1.22
13307,18,254,0.80
13308,0,0,0.00
13309,129,142,0.20
13310,73,48,1.83
13311,16,28,1.41
13312,63,173,2.92
13313,62,16,0.31
13314,150,150,0.28
13315,21,170,3.14
13316,227,243,0.33
13317,0,127,2.12
13318,0,15,0.41
13319,0,143,3.19
13320,0,15,0.31
13321,17,172,3.94
13322,0,118,3.38
13323,0,68,0.56
13324,0,0,0.00
13325,132,134,0.41
13326,0,32,1.32
13327,17,19,0.52
13328,256,290,0.35
13329,0,0,0.00
13330,23,158,5.39
13331,25,58,1.64
13332,0,151,3.07
13333,207,208,0.41
13334,132,162,0.52
13335,98,129,0.36
13336,355,392,0.35
13337,37,111,4.62
13338,117,124,0.46
13339,48,128,0.64
13340,129,131,0.08
13341,266,286,0.41
13342,22,127,2.85
13343,0,13,0.28
13344,162,619,1.13
13345,0,106,3.52
13346,24,23,1.11
13347,28,137,2.21
13348,0,127,5.30
13349,189,191,0.64
13350,37,165,4.42
13351,16,17,0.37
13352,0,59,2.13
13353,204,231,0.32
13354,221,233,0.57
13355,0,117,2.77
13356,96,17,1.43
13357,14,96,3.39
13358,244,268,0.34
13359,135,148,0.37
13360,108,108,0.34
13361,0,135,4.39
13362,30,148,3.05
13363,29,26,0.33
13364,0,50,0.80
13365,0,0,0.00
13366,25,19,1.54
13367,357,541,0.32
13368,80,111,0.49
13369,0,51,1.93
13370,17,81,2.06
13371,173,186,0.37
13372,19,155,6.07
13373,25,29,0.75
13374,16,83,3.31
13375,16,129,3.41
13376,127,151,0.42
13377,172,223,0.63
13378,99,126,0.34
13379,89,95,0.39
13380,575,707,0.42
13381,0,79,2.52
13382,151,178,0.46
13383,310,326,0.43
13384,105,26,3.47
13385,0,74,2.36
13386,285,294,0.23
13387,0,21,0.81
13388,73,24,1.12
13389,52,18,0.52
13390,48,197,3.44
13391,0,98,3.66
13392,153,183,0.86
13393,85,87,0.14
13394,0,19,1.56
13395,151,148,0.40
13396,45,166,2.91
13397,16,39,0.64
13398,167,168,0.50
13399,382,402,1.28
13400,154,154,0.34
13401,15,43,0.76
13402,504,523,0.35
13403,176,435,0.99
13404,0,38,1.16
13405,213,254,0.42
13406,58,41,2.08
13407,574,662,1.30
13408,47,47,0.10
13409,136,138,0.21
13410,18,22,2.29
13411,73,36,1.74
13412,19,258,0.60
13413,0,159,2.20
13414,95,529,1.57
13415,125,13,0.47
13416,23,48,3.22
13417,183,228,0.51
13418,50,201,6.66
13419,196,2625,2.52
13420,33,188,2.29
13421,270,279,0.29
13422,22,22,1.22
13423,18,117,4.85
13424,22,92,4.96
13425,24,34,0.15
13426,52,16,0.22
13427,111,124,0.35
13428,23,33,1.73
13429,203,108,0.43
13430,12,12,0.21
13431,49,163,4.39
13432,339,1118,6.33
13433,0,39,1.00
13434,0,52,1.50
13435,19,30,1.01
13436,53,42,4.31
13437,30,90,4.62
13438,258,1878,10.66
13439,0,0,0.00
13440,0,180,2.78
13441,21,171,3.59
13442,0,33,1.21
13443,19,35,2.30
13444,231,1504,7.10
13445,14,126,2.88
13446,266,669,1.24
13447,102,112,0.51
13448,262,15,0.39
13449,15,48,1.04
13450,72,43,3.26
13451,0,175,1.46
13452,56,38,2.55
13453,0,24,2.35
13454,12,85,0.51
13455,15,68,1.68
13456,230,233,0.25
13457,82,26,0.51
13458,86,91,0.20
13459,17,143,4.58
13460,210,212,0.56
13461,0,48,1.04
13462,109,109,0.23
13463,130,172,0.72
13464,33,85,1.50
13465,47,76,3.28
13466,484,525,1.18
13467,18,63,2.44
13468,48,168,0.53
13469,116,122,0.49
13470,243,56,0.19
13471,0,56,1.04
13472,0,451,1.22
13473,226,631,1.16
13474,92,103,0.52
13475,17,28,0.72
13476,191,215,0.67
13477,43,0,0.00
13478,50,20,0.43
13479,19,75,5.27
13480,183,187,0.66
13481,22,28,0.75
13482,39,39,0.96
13483,12,22,1.81
13484,20,75,1.55
13485,57,161,3.99
13486,26,85,3.57
13487,40,158,2.65
13488,276,336,0.43
13489,0,99,8.05
13490,224,316,1.25
13491,293,303,0.24
13492,86,156,0.49
13493,0,114,4.80
13494,247,274,0.38
13495,11,41,1.16
13496,204,239,0.29
13497,125,125,0.16
13498,14,0,0.00
13499,0,103,2.92
13500,64,22,0.48
13501,209,213,0.29
13502,18,17,0.43
13503,129,986,12.26
13504,213,233,0.44
13505,61,130,2.81
13506,0,43,1.41
13507,170,173,0.33
13508,22,113,4.07
13509,236,370,0.47
13510,0,139,4.38
13511,14,0,0.00
13512,83,23,0.62
13513,159,160,0.45
13514,168,205,1.12
13515,15,37,1.39
13516,25,30,2.01
13517,287,301,2.02
13518,36,81,4.26
13519,0,89,2.49
13520,19,133,2.46
13521,169,455,1.05
13522,0,21,0.52
13523,88,463,2.53
13524,208,232,0.34
13525,0,49,1.40
13526,212,214,0.27
13527,0,20,1.78
13528,207,226,0.41
13529,0,140,4.10
13530,194,195,0.67
13531,0,117,3.95
13532,14,102,3.70
13533,20,48,1.55
13534,97,138,0.48
13535,0,129,2.34
13536,47,37,1.37
13537,105,202,0.76
13538,0,45,1.38
13539,15,272,0.51
13540,0,44,0.17
13541,52,202,4.65
13542,30,21,0.51
13543,0,80,1.23
13544,49,120,0.77
13545,0,27,1.91
13546,0,14,0.36
13547,0,158,3.58
13548,0,0,0.00
13549,39,156,2.65
13550,22,153,2.69
13551,23,44,0.94
13552,140,145,0.46
13553,0,126,2.10
13554,0,18,0.59
13555,21,220,1.57
13556,118,24,0.46
13557,20,130,4.50
13558,0,18,0.40
13559,0,69,3.72
13560,50,129,3.46
13561,14,31,1.42
13562,0,140,4.48
13563,0,234,0.33
13564,127,401,1.18
13565,23,34,1.71
13566,16,80,2.51
13567,206,244,0.60
13568,322,366,0.35
13569,39,140,2.86
13570,236,284,0.45
13571,0,27,0.59
13572,18,33,1.71
13573,154,563,2.21
13574,0,54,2.20
13575,0,131,0.16
13576,30,20,0.16
13577,265,267,0.90
13578,50,164,0.81
13579,11,138,3.62
13580,11,195,2.02
13581,15,166,4.94
13582,0,174,0.38
13583,0,57,4.14
13584,36,174,4.38
13585,20,173,2.25
13586,48,13,0.31
13587,19,123,2.71
13588,17,46,1.10
13589,151,170,0.53
13590,99,98,0.14
13591,205,208,0.44
13592,80,24,0.59
13593,0,43,1.96
13594,14,85,2.49
13595,42,16,0.34
13596,0,153,2.84
13597,152,166,1.09
13598,74,75,0.25
13599,35,64,0.82
13600,275,340,1.29
13601,17,19,0.54
13602,256,19,0.50
13603,228,245,0.48
13604,130,131,0.25
13605,213,259,0.57
13606,20,38,1.64
13607,30,45,0.75
13608,0,33,0.56
13609,23,30,0.47
13610,22,134,2.64
13611,13,23,0.72
13612,262,849,1.21
13613,0,167,3.08
13614,0,72,3.66
13615,13,34,2.68
13616,15,104,3.17
13617,103,103,0.16
13618,72,78,0.19
13619,0,20,0.56
13620,0,32,0.75
13621,17,17,0.66
13622,0,119,2.91
13623,190,301,3.91
13624,24,166,6.86
13625,22,149,3.85
13626,54,33,0.51
13627,18,66,1.07
13628,12,106,0.55
13629,379,476,1.10
13630,116,131,0.32
13631,37,82,2.97
13632,0,113,2.74
13633,194,20,0.69
13634,0,144,2.66
13635,0,195,2.64
13636,18,44,3.17
13637,35,22,0.33
13638,0,119,2.33
13639,43,45,0.82
13640,24,27,0.67
13641,45,25,0.62
13642,13,76,1.52
13643,47,130,2.24
13644,10,165,3.65
13645,221,231,1.11
13646,22,57,0.98
13647,18,86,3.03
13648,148,148,0.25
13649,20,17,0.61
13650,139,138,0.26
13651,0,167,2.70
13652,40,27,1.63
13653,15,122,3.57
13654,257,661,1.15
13655,187,358,0.54
13656,138,49,2.72
13657,19,66,2.67
13658,12,114,3.32
13659,40,200,3.87
13660,0,141,4.08
13661,38,183,2.45
13662,0,31,0.78
13663,118,126,0.40
13664,15,22,1.72
13665,191,620,1.14
13666,343,364,0.27
13667,17,17,0.36
13668,44,197,3.74
13669,0,188,7.43
13670,17,51,1.82
13671,75,220,3.76
13672,126,133,0.23
13673,20,26,0.79
13674,17,97,2.28
13675,12,35,1.67
13676,84,42,0.36
13677,0,22,1.15
13678,0,0,0.00
13679,0,53,1.49
13680,156,206,0.75
13681,104,100,0.77
13682,16,125,3.11
13683,24,62,2.39
13684,28,39,1.60
13685,72,75,0.19
13686,172,199,0.57
13687,168,172,0.52
13688,50,18,0.42
13689,0,91,2.68
13690,41,44,0.10
13691,50,32,1.85
13692,23,197,6.89
13693,40,38,0.37
13694,106,107,0.17
13695,58,399,0.50
13696,32,155,4.84
13697,69,165,3.56
13698,28,172,3.32
13699,245,286,0.34
13700,0,128,3.37
13701,0,236,3.47
13702,19,171,5.39
13703,84,84,0.20
13704,19,42,1.21
13705,125,255,0.35
13706,199,457,1.11
13707,282,290,0.53
13708,363,368,0.50
13709,0,62,2.48
13710,215,441,0.34
13711,34,25,1.40
13712,18,64,2.16
13713,18,47,0.97
13714,83,93,0.43
13715,54,157,3.65
13716,94,126,0.45
13717,238,238,0.15
13718,65,422,3.68
13719,24,211,3.08
13720,0,165,6.28
13721,130,134,0.19
13722,298,308,0.37
13723,25,153,3.40
13724,19,30,1.37
13725,27,60,2.74
13726,17,56,1.05
13727,151,173,0.25
13728,17,201,2.43
13729,38,140,4.59
13730,155,1099,5.15
13731,293,307,1.38
13732,200,318,0.43
13733,0,30,0.54
13734,0,120,3.14
13735,185,193,0.52
13736,13,0,0.00
13737,17,19,0.26
13738,22,132,5.18
13739,235,249,2.09
13740,33,186,2.43
13741,0,149,3.15
13742,229,240,0.33
13743,62,20,0.60
13744,41,39,2.27
13745,147,151,0.82
13746,0,46,1.10
13747,0,28,0.79
13748,20,163,4.46
13749,391,416,1.03
13750,0,0,0.00
13751,47,34,0.77
13752,66,25,1.46
13753,136,161,0.73
13754,0,33,1.04
13755,22,142,2.55
13756,0,217,0.39
13757,26,20,0.62
13758,24,142,3.55
13759,0,42,1.98
13760,260,273,0.87
13761,0,134,0.22
13762,19,54,2.13
13763,59,34,1.49
13764,328,351,1.52
13765,71,142,0.66
13766,1019,1034,0.40
13767,27,81,3.72
13768,22,25,0.55
13769,0,38,1.94
13770,21,264,1.78
13771,169,169,0.63
13772,0,14,0.40
13773,264,579,0.52
13774,11,265,0.80
13775,16,126,2.31
13776,141,142,0.20
13777,30,128,3.41
13778,39,167,4.63
13779,12,35,1.83
13780,22,75,2.32
13781,307,113,0.35
13782,344,365,0.36
13783,317,322,0.32
13784,193,481,1.27
13785,505,554,1.08
13786,0,128,2.51
13787,23,249,0.28
13788,166,186,0.65
13789,271,292,1.02
13790,0,49,1.97
13791,0,32,1.63
13792,249,268,0.31
13793,21,111,5.19
13794,192,226,0.37
13795,172,178,0.54
13796,171,346,1.00
13797,88,101,0.44
13798,0,130,1.82
13799,68,182,0.73
13800,0,72,1.79
13801,34,48,0.20
13802,25,31,1.03
13803,0,23,1.95
13804,159,201,0.42
13805,17,40,0.85
13806,184,274,0.38
13807,158,159,0.22
13808,44,18,0.47
13809,0,133,3.86
13810,286,310,0.33
13811,94,65,3.69
13812,474,502,0.97
13813,21,13,0.44
13814,10,52,1.18
13815,30,147,3.43
13816,164,171,0.36
13817,788,826,1.13
13818,32,144,5.50
13819,17,42,1.55
13820,80,83,0.36
13821,58,17,0.51
13822,335,378,0.28
13823,97,115,0.38
13824,244,247,0.38
13825,0,143,3.46
13826,54,31,0.62
13827,0,38,1.05
13828,26,19,0.19
13829,230,246,0.46
13830,0,50,2.46
13831,0,93,1.63
13832,15,237,0.57
13833,51,20,1.28
13834,38,187,3.75
13835,0,88,3.91
13836,59,32,1.32
13837,53,14,0.47
13838,24,122,3.70
13839,37,121,5.26
13840,69,43,1.14
13841,47,45,1.74
13842,0,84,3.18
13843,296,484,0.40
13844,0,62,1.90
13845,182,189,0.46
13846,57,103,0.49
13847,576,579,0.30
13848,276,282,0.95
13849,154,156,0.37
13850,0,21,1.34
13851,45,28,1.26
13852,357,384,1.04
13853,18,26,0.38
13854,137,184,0.87
13855,342,350,0.29
13856,89,97,0.14
13857,32,20,1.62
13858,23,51,1.01
13859,34,138,2.93
13860,183,396,0.36
13861,40,173,3.88
13862,101,15,0.45
13863,0,95,4.56
13864,320,375,0.46
13865,20,170,4.47
13866,126,130,0.18
13867,244,301,0.26
13868,27,150,4.02
13869,192,212,0.55
13870,15,73,2.50
13871,34,181,3.21
13872,29,18,0.98
13873,16,106,4.81
13874,205,416,1.02
13875,51,51,0.31
13876,79,96,0.32
13877,48,193,0.54
13878,142,966,0.60
13879,240,280,0.54
13880,0,119,2.10
13881,11,83,2.54
13882,42,38,0.69
13883,31,143,3.24
13884,18,27,1.10
13885,15,98,2.44
13886,80,88,0.15
13887,252,279,0.31
13888,0,66,1.58
13889,0,32,1.73
13890,42,176,6.55
13891,25,19,0.53
13892,23,26,0.80
13893,216,34,0.21
13894,42,20,0.99
13895,17,106,2.50
13896,482,499,1.02
13897,0,17,0.23
13898,286,314,0.32
13899,213,172,0.91
13900,0,92,3.09
13901,40,125,3.43
13902,0,149,4.35
13903,16,19,0.30
13904,389,410,1.12
13905,92,110,0.24
13906,46,179,6.95
13907,19,23,0.58
13908,16,193,3.00
13909,14,144,2.76
13910,0,116,0.76
13911,0,144,2.85
13912,387,401,0.53
13913,99,102,0.16
13914,51,21,0.15
13915,20,128,3.98
13916,176,189,0.44
13917,0,21,0.33
13918,12,174,6.22
13919,229,243,0.37
13920,22,76,1.50
13921,173,406,1.21
13922,94,87,0.17
13923,0,25,0.39
13924,177,276,0.59
13925,41,16,0.13
13926,54,23,0.58
13927,52,52,1.91
13928,15,29,1.79
13929,127,146,0.59
13930,0,138,2.98
13931,160,166,0.45
13932,235,1907,13.37
13933,222,480,1.07
13934,88,98,0.47
13935,17,39,1.81
13936,15,25,0.42
13937,50,39,0.58
13938,27,19,1.29
13939,45,23,0.47
13940,122,123,0.78
13941,15,114,3.52
13942,346,362,0.36
13943,168,16,0.45
13944,110,234,0.96
13945,0,83,2.91
13946,223,235,0.34
13947,61,141,0.29
13948,116,20,0.34
13949,19,201,0.64
13950,143,168,0.38
13951,13,24,2.24
13952,15,57,3.62
13953,44,20,1.21
13954,0,220,5.24
13955,331,392,1.37
13956,125,22,0.56
13957,52,112,5.80
13958,19,182,7.96
13959,58,18,1.54
13960,220,0,0.00
13961,69,48,2.17
13962,41,174,5.10
13963,323,355,0.32
13964,0,76,2.23
13965,46,182,5.90
13966,0,0,0.00
13967,93,93,0.48
13968,25,32,2.53
13969,28,27,2.04
13970,73,92,0.45
13971,343,365,0.95
13972,104,440,1.03
13973,864,1551,2.20
13974,31,125,3.33
13975,173,346,0.42
13976,0,144,3.99
13977,0,87,2.79
13978,107,69,2.00
13979,163,184,0.38
13980,19,17,1.42
13981,19,131,3.76
13982,58,192,3.45
13983,28,76,4.75
13984,31,19,0.31
13985,18,16,0.60
13986,19,17,0.63
13987,499,525,1.07
13988,187,191,0.98
13989,23,159,2.33
13990,20,54,1.81
13991,221,239,0.41
13992,35,161,2.70
13993,26,90,0.65
13994,52,52,0.12
13995,44,202,3.69
13996,0,140,3.84
13997,62,41,1.50
13998,105,111,0.17
13999,74,78,0.13
14000,139,141,0.52
14001,0,24,0.46
14002,163,169,0.53
14003,19,26,0.45
14004,68,77,0.57
14005,0,25,1.47
14006,26,44,0.98
14007,0,0,0.00
14008,38,14,0.44
14009,20,35,2.01
14010,47,50,0.33
14011,194,439,0.44
14012,21,18,0.97
14013,440,19,0.45
14014,0,139,2.52
14015,17,106,0.44
14016,575,581,0.40
14017,0,23,0.43
14018,13,234,0.82
14019,15,106,3.88
14020,132,95,0.71
14021,0,439,0.69
14022,0,137,3.22
14023,29,28,1.21
14024,26,75,1.08
14025,328,370,0.28
14026,0,15,0.38
14027,0,184,3.17
14028,0,199,1.82
14029,0,20,0.65
14030,61,74,0.12
14031,86,103,0.29
14032,0,129,7.33
14033,13,131,0.16
14034,26,49,0.71
14035,14,53,2.40
14036,0,38,1.32
14037,58,70,0.42
14038,105,113,0.23
14039,17,163,3.73
14040,0,0,0.00
14041,0,60,1.79
14042,0,33,0.88
14043,0,58,0.15
14044,133,133,0.23
14045,55,32,4.13
14046,0,27,0.59
14047,0,122,3.25
14048,212,213,0.79
14049,0,162,3.37
14050,0,94,2.14
14051,0,92,4.03
14052,147,149,0.27
14053,197,202,0.58
14054,0,16,0.41
14055,26,38,1.02
14056,0,18,0.45
14057,0,133,2.00
14058,112,151,0.35
14059,0,116,4.93
14060,0,0,0.00
14061,123,145,0.22
14062,379,416,2.72
14063,96,96,0.20
14064,132,436,1.06
14065,85,86,0.16
14066,100,106,0.23
14067,12,107,2.46
14068,145,150,0.25
14069,95,96,0.61
14070,21,97,2.18
14071,211,217,0.35
14072,16,55,1.25
14073,0,181,7.69
14074,18,134,3.79
14075,13,96,2.51
14076,55,58,0.12
14077,26,26,1.43
14078,393,424,0.34
14079,47,77,5.22
14080,284,671,1.17
14081,256,473,0.34
14082,0,138,4.45
14083,180,412,1.03
14084,15,32,1.75
14085,43,21,0.45
14086,71,21,0.44
14087,26,116,1.76
14088,25,155,2.86
14089,15,25,1.04
14090,118,0,0.00
14091,232,239,1.05
14092,69,37,0.74
14093,48,30,0.53
14094,137,137,0.18
14095,0,147,3.50
14096,0,19,1.07
14097,0,14,0.21
14098,313,330,0.27
14099,45,17,0.42
14100,32,27,0.45
14101,16,43,1.87
14102,15,44,2.91
14103,17,20,0.84
14104,474,894,0.88
14105,18,23,0.78
14106,939,1242,0.86
14107,17,125,4.06
14108,116,118,0.21
14109,166,168,0.70
14110,24,73,3.74
14111,27,155,4.34
14112,0,25,0.46
14113,13,19,0.47
14114,42,174,3.35
14115,38,13,0.38
14116,15,47,1.47
14117,22,0,0.00
14118,35,174,4.01
14119,0,21,0.93
14120,19,23,0.47
14121,0,69,1.31
14122,213,383,0.94
14123,37,15,0.49
14124,343,352,0.32
14125,18,23,0.54
14126,365,414,0.31
14127,0,136,4.40
14128,0,77,4.97
14129,0,114,6.05
14130,107,128,0.39
14131,0,120,2.25
14132,564,586,1.24
14133,56,194,3.75
14134,14,92,2.79
14135,0,27,0.75
14136,16,14,0.27
14137,29,26,0.48
14138,139,139,0.54
14139,0,93,3.35
14140,0,208,3.87
14141,166,1085,0.70
14142,0,117,4.12
14143,105,17,0.22
14144,18,47,1.57
14145,17,144,2.95
14146,77,88,0.49
14147,15,93,3.02
14148,0,42,1.93
14149,0,427,0.30
14150,40,186,3.74
14151,0,152,5.14
14152,14,29,2.23
14153,19,40,1.13
14154,0,21,1.33
14155,0,38,4.10
14156,0,49,0.95
14157,0,17,0.26
14158,31,31,0.13
14159,426,456,1.12
14160,0,15,0.45
14161,28,182,2.24
14162,98,110,0.20
14163,38,66,1.92
14164,21,17,0.61
14165,35,146,1.46
14166,94,110,0.26
14167,18,19,0.53
14168,20,57,4.06
14169,46,175,4.45
14170,15,55,1.62
14171,62,301,6.33
14172,0,80,2.90
14173,177,179,0.32
14174,141,168,0.31
14175,86,16,0.41
14176,59,195,1.66
14177,0,132,3.36
14178,16,171,4.13
14179,0,36,2.41
14180,193,193,0.38
14181,34,124,1.86
14182,66,109,0.45
14183,0,110,4.16
14184,0,57,4.04
14185,33,158,6.49
14186,19,20,0.31
14187,179,221,0.30
14188,71,106,0.25
14189,185,273,0.41
14190,0,30,0.97
14191,95,21,0.92
14192,137,145,0.34
14193,93,98,0.34
14194,19,43,3.02
14195,22,20,0.31
14196,24,117,2.92
14197,0,49,1.58
14198,17,20,1.23
14199,0,137,3.59
14200,35,143,4.04
14201,100,102,0.22
14202,11,180,5.86
14203,0,24,1.66
14204,0,227,2.67
14205,19,123,5.36
14206,13,42,2.42
14207,47,88,0.69
14208,18,171,3.41
14209,0,208,3.63
14210,149,149,0.18
14211,22,128,2.82
14212,217,229,0.73
14213,508,510,1.01
14214,55,198,2.21
14215,47,20,0.55
14216,75,84,0.33
14217,15,30,2.14
14218,0,15,1.07
14219,140,208,0.37
14220,0,130,2.20
14221,55,202,0.36
14222,83,55,5.35
14223,137,89,0.45
14224,111,128,0.45
14225,0,93,0.88
14226,121,235,0.39
14227,130,224,0.40
14228,0,69,2.15
14229,139,11,0.11
14230,15,15,0.29
14231,39,23,0.35
14232,0,21,0.99
14233,39,20,0.41
14234,21,135,3.31
14235,24,194,6.18
14236,341,382,0.26
14237,12,115,2.57
14238,32,52,0.82
14239,0,134,2.72
14240,134,138,1.18
14241,222,240,0.64
14242,89,92,0.41
14243,22,52,2.24
14244,93,93,0.34
14245,60,165,0.36
14246,265,277,0.30
14247,0,164,1.68
14248,0,137,4.01
14249,31,19,0.41
14250,0,0,0.00
14251,38,0,0.00
14252,0,186,4.38
14253,0,29,1.33
14254,56,26,0.84
14255,42,45,1.63
14256,61,19,0.53
14257,0,21,1.20
14258,125,142,0.54
14259,0,45,1.88
14260,43,16,0.70
14261,231,317,0.40
14262,335,345,0.43
14263,0,101,3.61
14264,30,23,0.43
14265,114,23,0.63
14266,239,434,1.07
14267,166,168,0.67
14268,19,186,0.60
14269,0,18,1.29
14270,88,96,0.93
14271,158,193,0.38
14272,82,266,1.68
14273,0,168,2.55
14274,0,139,2.59
14275,0,179,1.99
14276,16,25,1.20
14277,240,560,1.11
14278,28,26,0.95
14279,27,80,4.44
14280,48,0,0.00
14281,212,217,0.57
14282,242,582,1.20
14283,0,35,2.07
14284,57,26,0.84
14285,30,42,4.35
14286,0,15,0.36
14287,154,203,0.42
14288,75,95,0.19
14289,154,157,0.20
14290,0,19,0.42
14291,0,23,0.37
14292,90,92,0.15
14293,0,32,1.04
14294,27,149,0.59
14295,24,33,1.75
14296,45,20,1.43
14297,217,226,0.45
14298,21,87,2.24
14299,0,33,1.65
14300,0,42,1.48
14301,220,233,0.27
14302,45,48,0.17
14303,0,51,1.34
14304,105,108,0.19
14305,17,22,1.42
14306,38,55,0.33
14307,0,182,4.10
14308,0,56,3.30
14309,58,27,0.92
14310,156,161,0.80
14311,30,65,3.15
14312,127,129,0.32
14313,30,14,0.07
14314,104,107,0.37
14315,0,81,2.98
14316,22,23,0.89
14317,0,143,2.80
14318,0,16,0.40
14319,19,16,1.00
14320,14,21,0.45
14321,23,16,0.14
14322,144,144,0.31
14323,14,94,4.10
14324,16,95,2.82
14325,312,339,1.20
14326,42,72,2.76
14327,21,57,3.48
14328,0,40,2.10
14329,33,186,5.67
14330,178,181,0.62
14331,0,0,0.00
14332,0,114,3.43
14333,82,88,0.25
14334,0,73,2.05
14335,168,14,0.22
14336,0,99,2.95
14337,98,100,0.22
14338,231,244,0.39
14339,167,301,0.46
14340,14,33,1.39
14341,126,158,0.40
14342,14,24,1.05
14343,0,52,2.72
14344,304,345,0.44
14345,270,293,0.29
14346,0,140,3.92
14347,37,193,3.89
14348,200,340,0.46
14349,121,157,0.45
14350,0,497,0.41
14351,150,195,0.42
14352,62,63,0.17
14353,0,108,4.44
14354,30,29,0.91
14355,0,64,2.42
14356,34,119,2.34
14357,19,33,0.65
14358,0,71,2.97
14359,140,146,1.55
14360,104,105,0.16
14361,247,452,1.18
14362,20,35,0.62
14363,18,12,0.43
14364,0,150,4.33
14365,179,181,0.26
14366,41,149,2.63
14367,44,141,1.64
14368,288,339,0.40
14369,0,134,3.53
14370,89,93,0.31
14371,72,23,0.41
14372,66,16,0.16
14373,11,59,2.16
14374,31,25,1.10
14375,0,63,1.98
14376,271,294,0.37
14377,604,1286,3.16
14378,283,307,0.36
14379,481,606,1.12
14380,20,58,1.62
14381,0,0,0.00
14382,0,143,3.99
14383,0,27,0.35
14384,105,107,0.14
14385,207,213,0.50
14386,40,18,0.97
14387,32,138,3.62
14388,119,136,0.40
14389,49,187,2.87
14390,59,148,1.96
14391,57,58,0.12
14392,17,15,0.51
14393,13,134,1.75
14394,17,40,2.80
14395,19,18,0.58
14396,408,417,1.21
14397,221,477,0.45
14398,23,146,3.51
14399,99,133,0.52
14400,32,176,4.18
14401,18,97,1.46
14402,26,105,2.97
14403,18,148,3.10
14404,0,59,2.02
14405,257,300,0.41
14406,201,463,1.05
14407,0,97,3.31
14408,32,0,0.00
14409,82,94,0.46
14410,0,150,4.82
14411,0,152,5.90
14412,29,107,4.53
14413,0,135,3.23
14414,12,143,3.55
14415,15,133,4.83
14416,0,133,2.63
14417,272,305,0.55
14418,142,145,0.21
14419,53,26,0.71
14420,19,58,3.55
14421,174,355,0.37
14422,18,190,1.58
14423,100,111,0.34
14424,22,20,0.52
14425,14,13,0.34
14426,0,131,2.86
14427,0,36,0.83
14428,90,17,0.27
14429,48,191,5.60
14430,0,25,0.59
14431,21,34,1.29
14432,171,189,0.38
14433,16,69,2.91
14434,690,1673,2.19
14435,138,138,0.16
14436,27,172,4.07
14437,35,32,1.53
14438,48,33,0.81
14439,27,27,2.70
14440,78,86,0.21
14441,13,76,1.93
14442,16,136,4.33
14443,23,67,5.53
14444,0,61,1.68
14445,223,504,1.05
14446,22,76,5.09
14447,28,15,1.24
14448,220,248,0.24
14449,173,363,0.67
14450,227,294,0.33
14451,127,127,0.18
14452,18,29,1.25
14453,0,134,3.80
14454,113,23,0.52
14455,233,482,1.04
14456,25,133,0.99
14457,0,79,2.24
14458,48,189,3.19
14459,37,166,4.26
14460,453,588,0.50
14461,120,155,0.42
14462,19,115,2.98
14463,0,195,3.26
14464,50,25,0.57
14465,22,226,5.84
14466,0,139,2.59
14467,15,24,0.53
14468,114,122,1.23
14469,20,93,0.90
14470,15,47,1.30
14471,176,328,0.36
14472,19,32,0.62
14473,33,20,0.27
14474,23,99,2.80
14475,24,21,0.40
14476,112,112,0.19
14477,93,94,0.18
14478,0,115,2.34
14479,50,181,4.00
14480,154,166,0.34
14481,202,214,0.69
14482,19,141,4.12
14483,180,413,0.49
14484,179,188,0.20
14485,23,83,4.98
14486,76,76,0.13
14487,91,123,0.34
14488,0,44,0.58
14489,243,267,0.76
14490,68,42,1.41
14491,23,29,1.18
14492,20,22,0.59
14493,256,264,0.46
14494,153,176,0.42
14495,36,52,1.43
14496,143,143,0.32
14497,0,76,0.16
14498,0,158,0.74
14499,18,95,1.13
14500,36,141,3.02
14501,134,134,0.14
14502,0,162,2.00
14503,22,54,1.24
14504,28,28,1.37
14505,92,0,0.00
14506,106,15,0.50
14507,222,501,0.46
14508,41,69,3.43
14509,27,196,5.48
14510,17,125,2.51
14511,27,187,2.04
14512,161,157,0.74
14513,224,225,0.79
14514,17,35,1.33
14515,0,38,1.41
14516,52,53,0.11
14517,14,268,0.91
14518,25,144,3.97
14519,0,23,0.66
14520,115,131,1.03
14521,15,27,0.74
14522,152,159,0.31
14523,27,77,3.91
14524,57,69,0.24
14525,123,147,0.60
14526,17,67,4.43
14527,218,413,1.05
14528,15,14,0.33
14529,15,14,0.54
14530,106,17,0.31
14531,0,50,3.32
14532,35,162,2.35
14533,207,246,0.41
14534,143,154,0.45
14535,185,189,0.78
14536,12,94,2.81
14537,126,140,0.54
14538,209,221,0.46
14539,154,21,0.51
14540,224,224,0.49
14541,200,397,0.33
14542,88,88,0.15
14543,23,45,2.69
14544,19,65,1.04
14545,105,105,0.16
14546,29,29,0.84
14547,0,38,2.51
14548,462,22,0.23
14549,76,41,3.49
14550,200,396,1.00
14551,61,155,3.12
14552,38,20,0.26
14553,0,59,1.45
14554,19,63,2.07
14555,55,20,1.04
14556,0,95,4.72
14557,341,380,1.00
14558,21,130,2.14
14559,29,24,0.50
14560,24,42,2.24
14561,22,82,3.11
14562,206,377,0.97
14563,45,185,2.05
14564,0,55,1.06
14565,105,110,1.35
14566,76,77,0.35
14567,37,31,1.13
14568,0,152,3.41
14569,15,16,0.37
14570,639,746,0.49
14571,47,178,2.64
14572,37,63,2.00
14573,0,81,1.43
14574,215,237,0.37
14575,238,247,0.25
14576,15,90,5.74
14577,39,45,0.12
14578,27,28,0.11
14579,49,35,0.53
14580,22,147,4.12
14581,28,52,0.82
14582,0,167,2.06
14583,0,23,0.98
14584,80,80,0.38
14585,0,156,3.91
14586,23,109,3.37
14587,24,44,1.75
14588,196,220,0.34
14589,40,0,0.00
14590,35,16,0.43
14591,0,20,0.38
14592,160,188,0.49
14593,95,175,0.33
14594,123,131,0.30
14595,0,87,1.82
14596,412,442,0.81
14597,268,335,0.33
14598,0,24,2.24
14599,44,52,0.18
14600,35,171,3.01
14601,52,54,0.32
14602,238,267,2.62
14603,162,180,0.59
14604,0,120,0.45
14605,27,161,4.03
14606,22,38,1.30
14607,63,235,3.83
14608,11,15,0.78
14609,43,142,2.41
14610,31,39,2.89
14611,15,235,0.64
14612,21,160,3.94
14613,47,20,0.27
14614,15,24,0.92
14615,15,25,0.63
14616,385,423,0.33
14617,189,212,0.59
14618,145,321,0.63
14619,15,107,4.09
14620,162,167,0.27
14621,0,116,4.29
14622,0,0,0.00
14623,43,43,0.13
14624,127,131,0.30
14625,0,0,0.00
14626,0,56,3.14
14627,100,100,0.22
14628,183,192,0.25
14629,0,154,3.92
14630,16,185,2.51
14631,0,0,0.00
14632,145,145,0.28
14633,0,44,3.48
14634,0,88,2.94
14635,24,116,4.39
14636,254,367,0.78
14637,0,70,3.06
14638,79,17,0.55
14639,162,178,0.51
14640,110,113,0.16
14641,27,125,3.93
14642,125,181,0.35
14643,40,117,2.16
14644,0,55,2.06
14645,159,222,0.97
14646,120,541,1.10
14647,47,29,3.54
14648,415,428,0.40
14649,23,156,4.96
14650,208,347,0.38
14651,95,113,0.46
14652,99,101,0.23
14653,103,120,0.42
14654,210,541,1.25
14655,0,138,5.78
14656,80,81,0.14
14657,37,20,0.09
14658,99,101,0.20
14659,87,96,0.17
14660,0,529,0.61
14661,34,213,5.74
14662,0,27,1.69
14663,66,36,1.54
14664,0,61,3.30
14665,17,150,6.51
14666,284,490,0.76
14667,126,128,0.23
14668,36,15,0.35
14669,0,17,0.52
14670,0,149,2.87
14671,149,17,1.11
14672,393,442,1.06
14673,0,26,1.27
14674,0,105,2.26
14675,233,235,0.72
14676,39,15,0.63
14677,101,221,0.99
14678,17,76,0.39
14679,18,174,4.12
14680,0,16,2.11
14681,118,122,0.16
14682,119,132,0.48
14683,258,269,0.31
14684,0,128,7.35
14685,76,100,0.39
14686,145,152,0.45
14687,37,28,2.10
14688,251,26,1.78
14689,15,100,2.33
14690,14,18,0.45
14691,0,108,3.55
14692,145,444,1.17
14693,125,136,0.83
14694,202,19,0.50
14695,39,19,1.68
14696,25,56,2.30
14697,0,66,4.34
14698,234,290,0.53
14699,0,46,2.92
14700,46,117,2.73
14701,125,223,0.93
14702,20,55,3.24
14703,16,141,4.24
14704,0,187,2.49
14705,0,65,3.80
14706,137,19,0.87
14707,60,60,0.11
14708,0,155,5.32
14709,0,100,0.49
14710,0,151,5.47
14711,215,334,0.35
14712,0,41,1.39
14713,11,141,3.87
14714,86,20,0.50
14715,117,118,0.25
14716,558,743,1.29
14717,46,188,4.89
14718,74,85,0.22
14719,16,114,1.48
14720,255,270,0.30
14721,102,103,0.15
14722,0,47,2.94
14723,19,125,3.93
14724,179,198,0.36
14725,53,87,2.14
14726,45,22,0.76
14727,14,86,2.66
14728,18,313,0.87
14729,0,108,3.12
14730,54,54,0.14
14731,0,183,3.38
14732,0,31,1.73
14733,0,113,2.87
14734,0,64,0.14
14735,317,349,0.32
14736,608,697,1.25
14737,0,125,3.26
14738,193,199,0.47
14739,12,21,1.69
14740,19,28,0.90
14741,18,68,1.75
14742,0,0,0.00
14743,69,80,0.31
14744,170,266,0.34
14745,0,1231,1.00
14746,0,32,1.56
14747,166,188,0.55
14748,111,133,0.47
14749,28,72,3.30
14750,258,309,0.54
14751,18,125,2.80
14752,41,208,4.00
14753,148,383,0.97
14754,0,67,2.47
14755,17,137,2.58
14756,166,179,0.96
14757,0,17,0.47
14758,174,187,0.37
14759,43,48,0.12
14760,298,324,0.37
14761,163,164,0.74
14762,0,29,0.59
14763,67,36,0.78
14764,290,301,0.24
14765,169,171,0.29
14766,253,270,0.34
14767,30,164,6.45
14768,0,159,2.56
14769,0,82,4.07
14770,193,195,0.37
14771,22,55,1.92
14772,199,326,1.32
14773,47,187,3.04
14774,1235,1936,1.97
14775,20,141,4.35
14776,194,230,0.40
14777,0,129,3.86
14778,190,198,0.44
14779,125,127,0.22
14780,30,46,1.89
14781,125,140,0.36
14782,183,733,1.13
14783,0,20,1.00
14784,15,54,1.25
14785,0,27,0.93
14786,24,42,1.45
14787,26,83,4.60
14788,15,31,2.42
14789,274,283,0.53
14790,36,21,1.35
14791,25,27,2.09
14792,0,54,1.96
14793,210,237,0.31
14794,28,106,3.28
14795,42,29,2.35
14796,0,99,0.13
14797,363,384,0.35
14798,12,297,0.89
14799,52,25,0.67
14800,260,18,0.24
14801,16,142,3.04
14802,273,273,0.86
14803,0,38,1.70
14804,138,21,1.10
14805,59,23,0.55
14806,16,76,1.19
14807,0,13,0.27
14808,75,82,0.64
14809,73,73,0.23
14810,136,17,0.32
14811,268,302,0.39
14812,18,118,3.60
14813,136,158,0.70
14814,105,106,0.18
14815,138,138,0.25
14816,0,120,3.85
14817,519,33,0.08
14818,38,26,0.38
14819,77,71,2.18
14820,388,400,0.58
14821,0,125,2.07
14822,145,159,0.30
14823,0,89,3.73
14824,278,0,0.00
14825,178,201,0.62
14826,273,284,0.57
14827,14,21,1.48
14828,0,539,0.40
14829,36,27,0.98
14830,0,93,5.07
14831,173,176,0.31
14832,28,66,0.54
14833,25,59,2.59
14834,13,30,2.22
14835,170,201,0.47
14836,0,72,2.39
14837,20,183,2.58
14838,40,32,0.87
14839,0,65,4.51
14840,62,204,2.80
14841,71,20,0.24
14842,311,358,0.37
14843,123,136,0.42
14844,0,16,0.60
14845,176,24,0.04
14846,0,178,2.53
14847,123,124,0.23
14848,27,181,2.41
14849,87,88,0.27
14850,0,32,0.44
14851,21,16,0.65
14852,52,39,0.57
14853,30,157,6.06
14854,15,19,0.35
14855,0,0,0.00
14856,0,131,2.30
14857,37,17,0.36
14858,198,481,0.43
14859,175,290,0.36
14860,180,475,1.00
14861,33,125,4.26
14862,61,20,0.94
14863,103,22,0.63
14864,357,421,0.76
14865,0,0,0.00
14866,15,51,2.07
14867,82,47,0.88
14868,0,137,2.15
14869,228,356,0.43
14870,0,45,2.28
14871,94,108,0.40
14872,196,196,0.56
14873,0,27,0.68
14874,13,44,1.57
14875,357,388,0.38
14876,14,443,0.31
14877,0,120,3.43
14878,101,19,0.48
14879,0,151,4.35
14880,56,19,0.32
14881,392,450,0.76
14882,157,0,0.00
14883,35,180,2.42
14884,208,2139,2.61
14885,313,624,0.73
14886,0,70,3.43
14887,131,140,0.17
14888,0,38,1.81
14889,112,131,0.20
14890,14,32,3.27
14891,0,25,0.53
14892,89,92,0.45
14893,0,0,0.00
14894,142,171,0.46
14895,260,532,0.31
14896,162,184,1.31
14897,21,23,1.12
14898,25,860,0.58
14899,0,147,2.87
14900,191,203,0.42
14901,283,476,0.46
14902,0,105,2.81
14903,19,27,2.08
14904,107,110,0.16
14905,174,174,0.26
14906,0,28,2.60
14907,228,246,0.50
14908,70,18,0.46
14909,0,130,3.36
14910,0,841,0.34
14911,43,222,0.79
14912,40,21,2.85
14913,0,60,2.16
14914,100,12,0.05
14915,14,37,1.62
14916,21,110,1.52
14917,0,19,0.42
14918,0,68,1.82
14919,45,179,3.38
14920,182,363,0.48
14921,158,162,0.66
14922,0,84,3.32
14923,331,596,0.35
14924,21,43,3.25
14925,0,0,0.00
14926,0,128,3.00
14927,726,117,0.41
14928,0,87,2.21
14929,0,51,1.95
14930,147,29,1.05
14931,244,269,0.57
14932,294,303,0.52
14933,153,204,0.41
14934,0,146,2.80
14935,199,206,0.24
14936,154,185,0.38
14937,14,38,1.65
14938,229,264,0.36
14939,0,272,1.98
14940,15,25,2.26
14941,26,56,1.03
14942,335,361,0.43
14943,11,22,0.43
14944,0,30,1.55
14945,245,897,3.09
14946,22,91,4.08
14947,57,64,0.41
14948,220,236,0.65
14949,27,192,1.50
14950,0,143,4.25
14951,482,878,1.02
14952,119,119,0.16
14953,251,17,0.05
14954,0,0,0.00
14955,0,62,2.28
14956,241,315,0.35
14957,25,17,1.17
14958,110,112,0.24
14959,93,125,0.64
14960,163,168,0.35
14961,135,17,0.26
14962,21,137,2.21
14963,0,123,3.53
14964,15,188,2.73
14965,227,248,0.97
14966,0,109,1.95
14967,282,328,2.13
14968,15,94,2.36
14969,99,211,0.48
14970,19,111,0.51
14971,269,814,1.25
14972,332,401,0.99
14973,0,72,2.79
14974,0,259,0.70
14975,178,223,0.28
14976,0,101,4.29
14977,0,138,3.39
14978,34,17,0.28
14979,17,181,2.82
14980,67,36,2.31
14981,0,204,4.35
14982,194,226,0.25
14983,16,40,2.20
14984,272,296,0.40
14985,66,66,0.12
14986,0,22,1.01
14987,0,183,5.54
14988,46,31,1.54
14989,16,28,1.90
14990,0,16,0.09
14991,20,42,0.86
14992,46,143,0.65
14993,0,68,2.41
14994,0,21,0.40
14995,28,182,3.65
14996,62,16,0.38
14997,20,21,1.38
14998,17,54,1.93
14999,79,16,0.40
15000,80,107,0.31
15001,214,239,0.38
15002,55,57,0.15
15003,188,17,0.05
15004,0,97,3.67
15005,36,123,3.07
15006,21,84,2.49
15007,0,25,0.59
15008,94,352,1.16
15009,0,19,0.39
15010,765,21,0.47
15011,0,521,0.33
15012,167,353,0.43
15013,0,21,0.78
15014,37,33,1.33
15015,31,102,1.51
15016,123,148,2.43
15017,14,92,3.03
15018,0,28,1.00
15019,170,258,0.39
15020,0,31,0.60
15021,114,117,0.17
15022,190,330,0.33
15023,186,187,0.79
15024,26,97,2.35
15025,43,139,5.08
15026,18,30,1.25
15027,149,259,0.96
15028,0,33,0.46
15029,73,15,0.48
15030,82,25,0.43
15031,67,43,1.59
15032,0,136,2.99
15033,392,420,0.41
15034,76,18,0.37
15035,133,175,0.48
15036,19,147,2.33
15037,199,247,0.31
15038,18,33,1.48
15039,158,16,0.15
15040,528,544,1.10
15041,30,113,0.52
15042,103,370,0.98
15043,0,24,1.54
15044,0,43,1.42
15045,20,224,0.61
15046,140,141,0.21
15047,47,18,0.50
15048,95,99,0.23
15049,78,141,0.28
15050,0,126,2.37
15051,172,210,0.42
15052,20,173,2.58
15053,32,18,0.57
15054,49,52,0.14
15055,105,128,0.17
15056,74,61,2.23
15057,0,31,1.74
15058,81,87,0.38
15059,78,22,1.77
15060,18,35,1.83
15061,0,93,3.33
15062,38,175,3.45
15063,328,336,0.95
15064,13,148,2.82
15065,0,97,2.74
15066,188,422,0.46
15067,0,121,3.91
15068,63,77,0.34
15069,0,22,1.33
15070,165,177,0.47
15071,14,130,4.03
15072,103,103,0.12
15073,0,20,1.30
15074,0,23,1.50
15075,174,188,0.51
15076,27,117,2.07
15077,0,22,0.40
15078,128,134,0.16
15079,113,139,0.41
15080,201,218,0.39
15081,63,68,0.20
15082,15,40,1.85
15083,68,25,1.05
15084,168,170,0.19
15085,129,233,0.97
15086,104,15,1.02
15087,50,113,1.32
15088,12,89,4.80
15089,124,127,0.22
15090,93,25,0.46
15091,0,22,0.37
15092,38,45,0.29
15093,178,195,0.69
15094,0,50,0.25
15095,81,81,0.16
15096,109,241,0.41
15097,0,117,2.19
15098,73,79,0.46
15099,306,335,0.38
15100,116,22,0.20
15101,0,96,2.05
15102,66,70,0.15
15103,239,275,1.14
15104,0,42,0.98
15105,27,145,1.76
15106,0,0,0.00
15107,25,185,2.25
15108,0,86,3.56
15109,57,62,1.46
15110,413,736,0.44
15111,0,26,1.79
15112,44,20,0.28
15113,0,35,1.76
15114,51,52,0.12
15115,21,84,2.00
15116,352,121,0.21
15117,44,183,2.77
15118,115,353,1.03
15119,24,45,0.62
15120,0,96,2.47
15121,0,91,2.13
15122,72,77,0.21
15123,199,223,0.54
15124,27,33,2.28
15125,0,85,5.74
15126,89,98,0.32
15127,11,164,3.16
15128,53,30,0.60
15129,27,103,7.04
15130,44,151,2.11
15131,0,85,2.22
15132,208,216,0.51
15133,40,31,1.27
15134,21,96,5.25
15135,31,20,0.34
15136,102,24,1.22
15137,20,160,4.49
15138,0,30,1.02
15139,126,141,0.55
15140,0,86,3.09
15141,86,111,0.57
15142,319,350,0.39
15143,44,45,0.13
15144,225,232,0.43
15145,155,24,0.51
15146,123,124,0.19
15147,97,99,0.34
15148,23,181,1.14
15149,0,129,3.16
15150,20,200,1.49
15151,229,235,0.76
15152,23,302,1.42
15153,20,138,1.80
15154,144,144,0.36
15155,0,18,1.96
15156,70,219,1.01
15157,18,245,0.60
15158,13,20,0.32
15159,414,436,1.09
15160,57,76,0.53
15161,0,35,1.13
15162,85,1053,5.22
15163,33,184,4.57
15164,109,137,0.19
15165,0,37,0.95
15166,38,168,5.12
15167,0,21,0.31
15168,23,17,0.29
15169,0,142,3.94
15170,55,24,0.37
15171,43,29,2.94
15172,14,34,1.05
15173,14,186,3.89
15174,0,0,0.00
15175,168,190,0.62
15176,24,78,2.99
15177,24,88,3.88
15178,27,94,0.54
15179,78,741,4.02
15180,33,36,0.19
15181,136,146,0.42
15182,24,106,5.21
15183,73,17,1.17
15184,15,25,1.08
15185,22,18,0.32
15186,0,115,4.20
15187,269,406,1.04
15188,115,124,0.11
15189,449,475,0.97
15190,47,168,0.57
15191,17,78,4.05
15192,147,152,0.40
15193,17,49,1.94
15194,18,176,0.47
15195,153,13,0.29
15196,193,305,1.21
15197,19,14,0.59
15198,19,37,2.67
15199,13,22,1.41
15200,51,17,0.45
15201,258,294,0.37
15202,14,168,2.91
15203,23,19,0.90
15204,15,109,2.90
15205,32,88,3.97
15206,153,165,0.57
15207,0,31,2.31
15208,26,16,0.38
15209,0,115,2.69
15210,95,308,1.19
15211,337,341,0.29
15212,265,501,0.58
15213,0,146,4.33
15214,133,133,0.21
15215,0,41,1.51
15216,23,19,0.49
15217,0,70,1.97
15218,241,266,0.32
15219,0,17,0.25
15220,24,26,1.52
15221,132,132,0.28
15222,0,39,1.90
15223,19,50,2.45
15224,0,23,0.38
15225,213,393,0.31
15226,53,24,0.55
15227,12,136,2.41
15228,0,28,0.50
15229,0,139,5.99
15230,14,30,0.10
15231,363,0,0.00
15232,0,64,2.11
15233,0,45,0.53
15234,21,173,2.79
15235,89,46,2.52
15236,143,171,1.07
15237,43,25,0.30
15238,0,36,3.35
15239,304,326,1.08
15240,55,55,0.25
15241,572,619,1.10
15242,120,271,0.68
15243,108,108,0.18
15244,268,288,0.29
15245,21,73,1.76
15246,293,295,0.27
15247,26,21,0.55
15248,18,19,0.32
15249,143,149,0.33
15250,89,49,1.59
15251,0,113,2.84
15252,0,96,3.97
15253,77,21,0.51
15254,0,52,1.31
15255,35,28,0.74
15256,89,199,2.74
15257,50,29,0.48
15258,15,51,1.26
15259,102,102,0.17
15260,229,230,0.59
15261,0,15,1.77
15262,166,173,0.35
15263,21,141,3.87
15264,117,134,0.35
15265,32,197,5.68
15266,19,36,1.98
15267,57,207,3.28
15268,191,193,0.73
15269,149,359,0.42
15270,21,115,4.51
15271,191,196,0.30
15272,282,312,0.31
15273,88,90,0.09
15274,175,230,0.29
15275,0,167,2.70
15276,308,381,0.92
15277,0,52,1.58
15278,29,139,3.56
15279,294,22,0.67
15280,22,59,2.79
15281,232,242,0.23
15282,17,63,2.28
15283,25,38,1.47
15284,24,97,3.88
15285,183,516,0.56
15286,26,188,4.65
15287,0,58,3.87
15288,0,142,4.17
15289,73,22,1.93
15290,215,267,1.86
15291,18,24,1.58
15292,36,0,0.00
15293,283,321,0.32
15294,646,698,1.17
15295,210,490,1.06
15296,16,88,2.55
15297,51,30,1.33
15298,16,48,0.80
15299,248,265,1.98
15300,23,183,3.39
15301,244,285,0.31
15302,197,353,0.75
15303,87,102,0.68
15304,0,18,0.31
15305,22,207,5.58
15306,150,140,0.67
15307,14,235,3.16
15308,16,86,1.12
15309,0,144,3.52
15310,23,82,3.51
15311,0,116,2.98
15312,89,89,0.14
15313,0,140,3.03
15314,14,50,0.52
15315,13,25,1.61
15316,169,201,1.14
15317,21,14,0.29
15318,96,328,0.64
15319,24,46,1.92
15320,50,191,3.97
15321,19,42,2.69
15322,0,21,0.40
15323,40,201,6.01
15324,40,68,2.30
15325,76,83,0.20
15326,0,17,1.76
15327,20,48,3.00
15328,577,612,1.06
15329,100,101,0.26
15330,224,733,1.18
15331,27,92,3.71
15332,15,110,2.95
15333,0,36,0.99
15334,105,107,0.37
15335,48,48,0.08
15336,15,26,1.39
15337,0,135,2.60
15338,148,288,0.67
15339,63,25,1.79
15340,18,58,2.61
15341,40,43,0.21
15342,62,86,0.11
15343,44,83,3.65
15344,13,66,2.90
15345,0,33,1.30
15346,173,360,0.54
15347,0,127,8.02
15348,37,19,0.36
15349,0,0,0.00
15350,100,265,0.38
15351,330,333,0.44
15352,13,20,1.68
15353,0,34,0.76
15354,24,93,3.75
15355,25,30,1.27
15356,53,24,1.48
15357,0,35,2.17
15358,43,209,2.27
15359,102,103,0.16
15360,152,154,0.31
15361,0,16,0.99
15362,27,102,3.59
15363,113,185,0.28
15364,149,30,2.57
15365,39,166,3.21
15366,0,17,1.24
15367,0,71,5.07
15368,128,325,0.63
15369,48,53,0.55
15370,47,20,0.44
15371,0,24,1.13
15372,324,343,0.35
15373,304,320,0.61
15374,209,825,1.11
15375,33,136,1.95
15376,13,161,3.52
15377,31,90,1.02
15378,0,135,3.17
15379,353,376,0.37
15380,135,135,0.19
15381,34,25,1.85
15382,0,40,0.72
15383,137,137,0.26
15384,50,189,5.86
15385,139,161,0.50
15386,52,35,1.58
15387,132,351,2.52
15388,66,17,0.21
15389,0,131,2.87
15390,100,120,0.33
15391,351,411,1.11
15392,162,24,0.65
15393,220,248,0.36
15394,104,104,0.55
15395,62,23,0.24
15396,137,38,0.33
15397,0,22,0.64
15398,254,262,0.29
15399,92,92,0.50
15400,242,535,1.07
15401,0,11,0.29
15402,0,138,5.53
15403,481,537,1.10
15404,149,150,0.21
15405,241,249,0.21
15406,703,764,1.14
15407,27,36,0.35
15408,155,288,0.27
15409,43,18,0.48
15410,0,134,3.31
15411,15,18,0.06
15412,298,319,0.29
15413,96,18,0.35
15414,0,20,0.82
15415,0,308,0.28
15416,180,36,0.41
15417,0,169,3.77
15418,33,94,0.56
15419,20,16,0.57
15420,72,72,0.21
15421,24,30,1.03
15422,52,118,2.28
15423,0,25,1.95
15424,17,78,1.57
15425,86,23,1.06
15426,117,117,0.26
15427,18,15,0.88
15428,19,25,1.51
15429,20,58,1.52
15430,108,125,0.42
15431,123,27,2.05
15432,0,129,3.11
15433,16,0,0.00
15434,135,142,0.37
15435,15,132,3.80
15436,0,12,0.50
15437,89,94,0.77
15438,19,116,5.67
15439,15,24,1.13
15440,68,192,5.87
15441,48,171,2.51
15442,0,67,3.49
15443,94,94,0.14
15444,61,61,0.08
15445,57,59,0.13
15446,128,128,0.19
15447,32,38,1.65
15448,163,166,0.35
15449,0,66,5.42
15450,0,14,0.57
15451,47,25,1.68
15452,17,67,2.52
15453,48,171,3.46
15454,19,37,0.82
15455,182,196,1.01
15456,22,27,0.39
15457,26,178,2.57
15458,20,133,5.57
15459,115,124,0.36
15460,404,413,0.55
15461,16,21,0.41
15462,43,49,1.90
15463,0,55,4.74
15464,11,28,0.46
15465,30,175,2.84
15466,28,50,1.10
15467,20,144,4.20
15468,66,201,3.10
15469,197,491,1.12
15470,99,111,0.41
15471,19,112,5.43
15472,0,19,0.27
15473,15,184,2.40
15474,20,108,5.93
15475,20,36,1.32
15476,15,224,0.82
15477,121,123,0.72
15478,12,128,3.61
15479,196,198,0.42
15480,216,220,0.69
15481,28,167,3.22
15482,0,231,0.37
15483,220,244,0.39
15484,21,134,1.83
15485,557,599,1.24
15486,243,296,1.32
15487,367,388,0.32
15488,0,74,3.60
15489,0,134,2.70
15490,11,21,1.07
15491,136,140,0.36
15492,716,761,1.12
15493,377,415,1.10
15494,17,206,1.25
15495,0,48,1.66
15496,77,215,0.55
15497,105,20,0.47
15498,181,181,0.24
15499,16,110,3.63
15500,16,16,0.37
15501,209,223,0.86
15502,270,284,0.22
15503,148,219,0.35
15504,131,144,0.40
15505,374,392,1.04
15506,99,104,0.22
15507,0,46,2.19
15508,0,38,0.51
15509,143,285,0.67
15510,0,134,5.35
15511,344,15,0.04
15512,0,21,0.47
15513,166,283,0.34
15514,158,279,1.03
15515,434,507,0.35
15516,14,34,1.35
15517,202,204,0.28
15518,0,46,2.37
15519,64,68,0.15
15520,15,13,0.36
15521,84,16,0.30
15522,0,20,0.45
15523,12,18,0.55
15524,51,198,3.79
15525,16,72,3.97
15526,53,17,0.47
15527,34,61,1.46
15528,20,70,5.17
15529,0,152,6.04
15530,169,174,0.42
15531,74,151,0.64
15532,0,39,0.97
15533,19,154,2.00
15534,447,199,0.68
15535,0,87,3.78
15536,110,618,0.53
15537,0,37,0.14
15538,45,46,0.16
15539,121,128,0.41
15540,0,0,0.00
15541,57,201,3.65
15542,0,19,3.37
15543,29,115,3.16
15544,132,141,0.47
15545,92,95,0.15
15546,22,27,0.56
15547,18,46,2.38
15548,17,46,1.25
15549,171,20,0.67
15550,107,147,0.46
15551,163,27,0.49
15552,0,74,2.40
15553,73,30,0.11
15554,317,328,0.30
15555,15,99,2.27
15556,114,22,1.78
15557,0,145,3.82
15558,304,21,0.65
15559,111,116,0.61
15560,0,128,2.24
15561,136,22,0.67
15562,125,329,1.21
15563,61,87,2.35
15564,199,28,0.54
15565,0,84,3.58
15566,131,441,2.24
15567,24,37,1.50
15568,48,20,2.03
15569,85,86,0.14
15570,0,139,2.75
15571,0,47,1.93
15572,112,114,0.26
15573,101,118,0.28
15574,330,369,1.03
15575,14,37,1.73
15576,0,59,2.06
15577,133,18,1.32
15578,0,23,1.52
15579,107,119,0.19
15580,0,148,6.05
15581,0,123,3.76
15582,131,131,0.16
15583,0,142,3.71
15584,79,24,0.32
15585,136,143,0.43
15586,83,22,0.57
15587,37,17,0.57
15588,32,154,2.90
15589,0,57,2.10
15590,69,28,0.51
15591,0,23,0.29
15592,29,96,1.94
15593,40,11,0.17
15594,24,143,3.43
15595,120,128,0.18
15596,23,104,3.51
15597,34,54,1.62
15598,31,187,2.11
15599,158,311,0.63
15600,340,348,0.29
15601,19,37,2.78
15602,170,216,0.42
15603,0,138,2.33
15604,124,127,0.24
15605,0,23,0.64
15606,243,638,1.10
15607,200,208,0.46
15608,0,42,0.99
15609,43,191,2.83
15610,0,31,1.44
15611,719,752,1.16
15612,0,90,2.86
15613,427,451,1.08
15614,133,222,0.39
15615,71,77,0.32
15616,650,1287,1.23
15617,21,67,3.65
15618,244,282,0.43
15619,54,25,0.34
15620,75,83,0.51
15621,291,493,0.41
15622,254,253,0.95
15623,37,41,1.87
15624,18,20,1.69
15625,0,32,1.01
15626,224,272,0.38
15627,99,133,0.36
15628,17,40,1.89
15629,225,343,0.29
15630,0,46,1.43
15631,19,176,5.67
15632,0,133,4.72
15633,20,53,2.94
15634,0,52,0.32
15635,0,47,1.43
15636,0,0,0.00
15637,25,85,2.37
15638,69,76,0.54
15639,235,243,0.45
15640,77,19,0.52
15641,0,25,0.69
15642,18,43,1.80
15643,60,91,2.98
15644,87,21,0.67
15645,254,347,0.65
15646,219,625,4.03
15647,17,68,2.06
15648,179,197,1.97
15649,163,180,3.04
15650,198,232,0.23
15651,663,942,1.19
15652,0,15,1.11
15653,23,98,0.72
15654,0,55,2.19
15655,91,24,0.44
15656,19,109,2.61
15657,199,203,0.71
15658,48,23,1.87
15659,28,156,2.97
15660,20,155,3.42
15661,44,53,0.96
15662,15,73,2.68
15663,0,102,3.76
15664,0,53,2.64
15665,30,149,3.40
15666,0,473,0.36
15667,64,16,1.29
15668,16,20,0.39
15669,58,60,0.16
15670,32,0,0.00
15671,22,33,1.08
15672,60,89,0.29
15673,160,163,0.34
15674,43,148,3.65
15675,203,216,0.38
15676,641,647,0.38
15677,204,326,0.39
15678,14,25,0.51
15679,0,122,1.86
15680,330,362,0.36
15681,0,0,0.00
15682,42,0,0.00
15683,386,422,1.07
15684,168,333,1.10
15685,18,24,0.64
15686,190,199,0.45
15687,230,25,0.39
15688,0,110,2.47
15689,260,502,0.44
15690,83,106,0.49
15691,14,82,3.18
15692,313,22,0.30
15693,21,41,2.36
15694,19,83,3.35
15695,32,203,6.23
15696,501,671,1.15
15697,0,190,1.66
15698,11,133,1.94
15699,17,21,2.24
15700,614,628,0.34
15701,18,46,2.22
15702,65,18,0.76
15703,0,31,2.32
15704,0,74,0.22
15705,186,408,0.90
15706,0,94,2.75
15707,231,274,0.27
15708,130,130,0.26
15709,20,148,2.82
15710,117,118,0.18
15711,14,26,0.44
15712,107,114,0.29
15713,0,27,0.69
15714,128,128,0.49
15715,13,19,0.61
15716,0,61,0.92
15717,0,21,0.38
15718,20,34,1.29
15719,92,97,0.39
15720,124,125,0.19
15721,141,146,0.19
15722,21,170,3.29
15723,0,93,3.82
15724,40,67,2.77
15725,173,591,2.00
15726,0,29,2.02
15727,37,164,3.12
15728,18,108,1.92
15729,93,105,0.47
15730,131,141,0.53
15731,19,130,3.65
15732,19,408,0.53
15733,121,124,0.16
15734,75,77,0.40
15735,14,107,3.11
15736,0,29,0.73
15737,0,134,4.43
15738,329,338,1.09
15739,0,182,0.31
15740,91,93,0.33
15741,154,180,0.35
15742,93,52,1.73
15743,0,44,0.78
15744,278,296,2.39
15745,0,33,0.78
15746,25,70,2.56
15747,0,30,1.16
15748,38,43,1.80
15749,323,352,0.35
15750,100,100,0.15
15751,0,168,0.37
15752,93,117,1.09
15753,17,171,3.90
15754,31,103,2.73
15755,0,283,0.57
15756,34,46,0.89
15757,59,39,1.93
15758,30,33,2.93
15759,83,83,0.13
15760,0,101,2.58
15761,0,140,0.39
15762,32,21,1.27
15763,61,31,0.50
15764,400,448,1.13
15765,224,245,0.34
15766,18,112,3.51
15767,131,130,0.30
15768,224,446,1.31
15769,26,217,8.53
15770,0,144,2.70
15771,321,21,0.07
15772,0,24,0.79
15773,0,99,2.82
15774,12,167,3.46
15775,0,14,0.84
15776,0,48,1.27
15777,44,26,2.90
15778,15,376,1.34
15779,177,204,0.33
15780,66,154,2.68
15781,0,43,1.50
15782,124,278,0.95
15783,0,131,3.20
15784,65,196,5.70
15785,17,180,4.20
15786,51,53,0.17
15787,152,158,0.37
15788,356,361,0.41
15789,0,116,5.83
15790,19,153,4.93
15791,0,129,0.25
15792,0,169,4.48
15793,126,154,0.31
15794,22,52,2.66
15795,19,92,3.81
15796,0,48,0.30
15797,14,145,4.47
15798,18,77,1.90
15799,196,218,0.57
15800,96,119,1.38
15801,714,721,1.20
15802,17,166,3.89
15803,0,145,4.76
15804,0,0,0.00
15805,18,116,2.93
15806,15,92,5.08
15807,29,48,0.15
15808,178,269,0.26
15809,0,16,0.33
15810,138,146,0.34
15811,20,167,6.54
15812,81,89,0.49
15813,111,125,0.39
15814,69,17,1.11
15815,129,165,0.31
15816,0,16,0.78
15817,108,133,0.39
15818,228,514,1.20
15819,17,53,1.56
15820,134,180,0.34
15821,21,79,4.81
15822,184,218,0.31
15823,224,238,1.02
15824,12,18,0.44
15825,17,100,3.63
15826,16,19,0.44
15827,22,123,3.26
15828,202,259,0.46
15829,15,187,2.49
15830,235,431,0.66
15831,99,99,0.16
15832,16,138,3.50
15833,786,1417,2.42
15834,16,114,1.42
15835,0,165,2.59
15836,27,18,1.57
15837,19,11,0.36
15838,0,139,4.46
15839,53,70,0.59
15840,98,113,0.48
15841,13,126,3.86
15842,0,168,0.65
15843,87,36,0.82
15844,109,127,0.45
15845,19,86,2.19
15846,0,67,2.73
15847,0,35,0.43
15848,15,103,1.70
15849,111,113,0.17
15850,189,365,0.56
15851,42,182,3.70
15852,41,39,0.83
15853,0,133,3.44
15854,193,198,0.36
15855,144,159,0.26
15856,18,199,2.55
15857,34,146,1.62
15858,33,35,0.84
15859,0,65,2.54
15860,10,16,0.46
15861,36,215,1.20
15862,17,22,0.94
15863,47,19,2.22
15864,19,43,2.13
15865,148,149,0.26
15866,0,28,0.81
15867,23,39,1.05
15868,20,92,3.35
15869,73,90,0.35
15870,61,62,0.09
15871,0,37,1.40
15872,0,17,0.53
15873,386,470,1.11
15874,0,145,5.71
15875,89,49,2.61
15876,0,93,4.42
15877,34,176,3.93
15878,30,19,1.40
15879,100,106,0.40
15880,22,120,4.96
15881,35,18,0.62
15882,160,165,0.61
15883,101,104,0.15
15884,0,58,1.60
15885,34,30,0.53
15886,79,18,0.70
15887,30,15,0.42
15888,47,164,2.47
15889,194,200,0.70
15890,15,133,1.65
15891,20,68,1.81
15892,133,133,0.20
15893,18,26,0.99
15894,32,22,0.96
15895,200,217,0.45
15896,135,404,0.47
15897,43,62,6.74
15898,34,256,1.31
15899,79,101,0.52
15900,39,19,1.58
15901,349,787,0.56
15902,19,136,2.74
15903,117,19,0.72
15904,0,74,0.77
15905,34,202,5.33
15906,76,75,0.38
15907,250,257,0.22
15908,14,72,3.21
15909,21,149,3.91
15910,0,151,1.64
15911,50,52,0.49
15912,19,87,2.08
15913,0,20,1.25
15914,19,141,6.23
15915,0,21,0.52
15916,0,59,1.07
15917,88,89,0.18
15918,211,223,0.48
15919,29,126,3.15
15920,0,179,2.82
15921,182,210,0.44
15922,29,54,1.98
15923,235,585,1.10
15924,0,59,1.93
15925,0,26,0.33
15926,336,479,0.58
15927,0,28,0.59
15928,103,119,0.24
15929,234,0,0.00
15930,273,287,0.37
15931,89,91,0.14
15932,25,53,2.58
15933,0,43,1.25
15934,126,131,0.30
15935,113,120,0.51
15936,155,157,1.00
15937,386,395,1.86
15938,17,172,3.56
15939,0,145,1.54
15940,31,19,0.82
15941,15,24,0.99
15942,40,50,0.31
15943,0,34,1.76
15944,40,182,3.27
15945,225,239,0.24
15946,22,147,2.97
15947,105,117,0.28
15948,0,133,3.65
15949,24,130,6.33
15950,262,279,0.43
15951,11,119,2.36
15952,53,53,0.11
15953,0,39,2.58
15954,103,124,0.44
15955,13,19,1.65
15956,0,13,0.87
15957,140,199,0.58
15958,603,821,1.21
15959,171,173,0.23
15960,0,57,1.04
15961,128,146,0.28
15962,27,65,4.48
15963,40,19,0.47
15964,33,31,1.20
15965,69,79,0.52
15966,28,140,0.40
15967,18,17,0.54
15968,16,70,3.11
15969,19,37,0.94
15970,37,20,0.44
15971,133,166,1.11
15972,0,128,1.46
15973,0,14,0.14
15974,31,20,0.32
15975,29,81,1.51
15976,389,509,1.14
15977,32,29,0.53
15978,74,60,2.01
15979,0,78,1.65
15980,342,381,1.19
15981,79,88,0.94
15982,301,327,0.23
15983,0,12,0.19
15984,42,51,2.95
15985,159,187,0.36
15986,0,15,1.11
15987,0,18,0.49
15988,70,134,0.39
15989,16,1309,3.90
15990,0,141,5.12
15991,79,18,0.47
15992,169,357,0.27
15993,25,26,0.36
15994,172,340,0.44
15995,353,223,0.39
15996,114,162,0.32
15997,82,20,0.50
15998,99,100,0.14
15999,114,116,0.17
16000,177,531,1.18
16001,18,152,4.58
16002,155,276,0.45
16003,102,105,0.34
16004,97,18,0.53
16005,0,15,0.62
16006,206,212,0.55
16007,21,35,3.94
16008,0,27,1.54
16009,53,117,0.36
16010,245,530,7.56
16011,82,94,0.22
16012,0,52,1.98
16013,23,42,1.94
16014,156,527,2.05
16015,13,48,1.48
16016,398,738,1.14
16017,99,112,0.40
16018,62,36,1.50
16019,19,39,1.40
16020,295,332,0.76
16021,12,149,4.73
16022,174,175,0.37
16023,0,16,0.39
16024,125,128,0.38
16025,0,84,1.31
16026,165,179,0.43
16027,0,97,0.59
16028,14,199,4.78
16029,137,19,1.04
16030,0,22,0.35
16031,47,28,0.62
16032,82,16,0.72
16033,14,42,1.44
16034,307,548,0.32
16035,15,59,3.03
16036,0,83,0.93
16037,174,215,0.38
16038,94,133,0.55
16039,41,169,4.73
16040,19,83,2.16
16041,0,55,0.44
16042,31,136,2.27
16043,16,126,3.97
16044,0,123,2.50
16045,0,128,4.28
16046,120,13,0.28
16047,159,16,0.39
16048,16,145,3.64
16049,109,109,0.17
16050,261,281,0.30
16051,35,82,5.52
16052,89,134,1.45
16053,36,183,4.87
16054,279,20,0.36
16055,35,29,1.47
16056,17,81,4.12
16057,0,150,0.38
16058,103,122,0.34
16059,22,26,1.53
16060,0,74,1.63
16061,97,113,0.65
16062,38,64,1.33
16063,213,259,0.39
16064,318,331,1.71
16065,85,90,0.34
16066,17,94,1.96
16067,70,83,1.41
16068,57,27,0.82
16069,42,23,1.29
16070,235,253,0.32
16071,19,116,3.28
16072,54,212,2.92
16073,227,250,0.53
16074,122,127,0.42
16075,15,124,3.07
16076,207,237,0.36
16077,47,48,0.11
16078,20,162,4.27
16079,26,27,1.75
16080,0,23,0.51
16081,43,123,1.97
16082,244,300,0.34
16083,19,17,0.63
16084,52,207,3.05
16085,34,63,3.97
16086,90,213,0.87
16087,196,293,0.47
16088,28,210,6.92
16089,16,141,3.24
16090,16,30,1.54
16091,122,123,0.46
16092,15,121,4.90
16093,18,56,0.41
16094,42,25,2.84
16095,33,174,2.35
16096,0,118,2.07
16097,105,114,0.43
16098,99,24,0.41
16099,115,123,0.40
16100,17,155,7.71
16101,142,144,0.36
16102,0,63,2.06
16103,246,244,0.96
16104,45,20,0.34
16105,179,188,0.29
16106,0,26,0.84
16107,23,0,0.00
16108,143,278,0.95
16109,252,252,0.96
16110,24,20,0.54
16111,0,119,2.47
16112,110,115,0.36
16113,161,131,0.14
16114,283,331,0.37
16115,0,21,0.37
16116,17,17,0.35
16117,140,141,0.26
16118,141,141,0.21
16119,23,97,2.31
16120,0,46,2.13
16121,144,148,0.26
16122,18,74,2.40
16123,0,120,4.49
16124,80,24,0.45
16125,0,124,3.40
16126,191,191,0.39
16127,114,188,1.07
16128,0,69,1.33
16129,135,147,0.48
16130,199,524,0.88
16131,16,16,0.32
16132,351,359,0.48
16133,56,16,0.55
16134,36,49,2.81
16135,243,498,1.09
16136,20,155,1.62
16137,28,135,3.23
16138,498,822,1.17
16139,0,29,0.49
16140,0,148,2.08
16141,168,177,0.46
16142,14,131,2.58
16143,84,87,0.32
16144,30,18,0.63
16145,22,33,0.55
16146,208,494,1.17
16147,23,169,6.93
16148,24,21,0.47
16149,0,26,0.69
16150,149,151,0.20
16151,287,287,0.33
16152,92,92,0.22
16153,12,26,0.85
16154,16,132,2.19
16155,14,23,2.33
16156,17,170,3.60
16157,193,421,1.15
16158,182,182,0.49
16159,212,238,0.35
16160,138,315,1.10
16161,0,65,1.82
16162,24,69,1.56
16163,82,81,0.15
16164,24,18,1.53
16165,109,114,0.14
16166,25,160,3.19
16167,103,102,0.36
16168,28,17,0.51
16169,240,20,0.36
16170,138,138,0.20
16171,0,0,0.00
16172,33,246,4.68
16173,0,130,3.81
16174,222,424,0.95
16175,39,19,0.44
16176,45,60,0.66
16177,0,122,2.65
16178,57,57,0.13
16179,315,345,0.36
16180,0,96,2.57
16181,29,510,6.76
16182,21,16,0.46
16183,0,110,0.55
16184,27,17,0.43
16185,146,148,0.76
16186,13,189,2.56
16187,22,107,3.07
16188,26,57,1.23
16189,133,150,0.32
16190,0,385,2.01
16191,19,95,0.63
16192,0,25,0.85
16193,0,23,1.96
16194,154,168,0.60
16195,370,447,2.38
16196,49,70,4.31
16197,105,125,0.46
16198,102,103,0.15
16199,0,78,1.97
16200,36,32,2.28
16201,18,64,2.11
16202,141,143,0.18
16203,70,176,5.41
16204,0,46,1.61
16205,16,185,2.77
16206,51,53,0.13
16207,200,335,0.39
16208,0,48,1.94
16209,261,264,0.35
16210,83,86,0.16
16211,296,343,0.40
16212,162,185,0.50
16213,56,56,0.11
16214,145,153,0.47
16215,55,39,1.21
16216,0,153,3.46
16217,0,139,3.73
16218,232,256,0.41
16219,156,189,0.35
16220,0,94,2.82
16221,222,524,0.90
16222,44,16,0.27
16223,43,25,2.49
16224,14,33,1.64
16225,15,56,1.72
16226,153,20,0.67
16227,21,18,1.18
16228,27,89,2.26
16229,120,121,0.29
16230,374,414,0.36
16231,208,99,0.33
16232,14,15,0.26
16233,0,154,2.55
16234,26,25,1.32
16235,397,456,0.79
16236,16,28,1.64
16237,38,201,0.43
16238,0,18,1.48
16239,238,19,0.13
16240,0,24,1.60
16241,84,103,0.50
16242,0,152,5.04
16243,20,53,1.57
16244,41,31,1.03
16245,39,25,0.36
16246,38,149,2.16
16247,118,118,0.14
16248,37,27,0.58
16249,81,81,0.21
16250,24,16,0.49
16251,15,108,6.56
16252,23,33,1.65
16253,0,19,0.31
16254,0,24,1.22
16255,44,21,1.22
16256,145,151,0.55
16257,37,23,0.44
16258,13,18,0.49
16259,0,147,5.20
16260,214,220,0.26
16261,0,30,2.98
16262,12,174,3.55
16263,178,552,1.10
16264,14,141,3.75
16265,0,155,0.72
16266,0,146,2.19
16267,72,273,0.71
16268,0,715,0.98
16269,33,57,2.04
16270,0,97,0.23
16271,16,46,4.22
16272,235,239,0.36
16273,33,49,1.79
16274,0,34,1.88
16275,76,31,1.59
16276,0,125,3.92
16277,429,441,0.80
16278,69,80,0.36
16279,80,93,0.51
16280,227,279,0.39
16281,107,118,0.36
16282,0,51,2.40
16283,83,99,0.40
16284,0,143,3.51
16285,219,230,0.48
16286,105,106,0.17
16287,0,81,3.79
16288,0,121,3.70
16289,22,19,0.28
16290,15,156,3.39
16291,99,107,0.21
16292,0,133,3.14
16293,64,290,0.52
16294,60,31,0.51
16295,142,149,0.72
16296,27,132,2.30
16297,114,20,0.81
16298,410,437,0.47
16299,14,143,2.97
16300,93,119,1.18
16301,162,183,0.74
16302,357,401,0.25
16303,27,67,0.11
16304,17,42,0.74
16305,0,31,0.63
16306,0,146,5.55
16307,37,34,1.86
16308,20,25,0.67
16309,0,107,2.59
16310,177,332,1.39
16311,17,159,6.08
16312,27,165,4.65
16313,89,92,0.25
16314,90,95,0.31
16315,0,16,0.18
16316,25,42,0.85
16317,24,122,1.72
16318,0,143,5.41
16319,125,220,0.36
16320,13,20,0.31
16321,74,75,0.13
16322,144,144,0.43
16323,44,15,0.11
16324,14,124,2.74
16325,0,181,3.10
16326,52,56,0.29
16327,81,86,0.68
16328,323,356,0.36
16329,26,101,3.51
16330,0,59,2.86
16331,203,216,0.79
16332,0,118,3.01
16333,13,134,3.21
16334,189,193,0.49
16335,19,106,3.86
16336,196,291,1.00
16337,107,140,0.54
16338,0,139,2.52
16339,35,147,2.67
16340,46,29,2.10
16341,45,176,2.72
16342,65,25,1.33
16343,16,0,0.00
16344,19,152,0.52
16345,0,148,3.57
16346,0,0,0.00
16347,158,18,0.40
16348,32,96,2.31
16349,0,55,0.77
16350,155,177,0.51
16351,0,71,2.32
16352,163,179,0.42
16353,19,134,3.60
16354,30,29,0.22
16355,18,109,2.79
16356,153,319,0.42
16357,154,158,0.21
16358,13,18,1.20
16359,255,287,0.91
16360,473,480,1.22
16361,32,114,2.89
16362,152,161,0.80
16363,258,258,0.34
16364,15,146,2.99
16365,120,133,0.25
16366,22,23,0.75
16367,102,114,0.36
16368,100,114,0.44
16369,0,78,4.60
16370,61,186,7.47
16371,67,67,0.26
16372,22,17,1.05
16373,57,39,1.44
16374,18,66,5.84
16375,26,208,4.56
16376,71,99,0.73
16377,18,141,3.68
16378,28,89,4.04
16379,67,20,0.40
16380,17,48,2.11
16381,0,66,3.93
16382,19,76,4.26
16383,17,30,0.46
16384,0,33,2.12
16385,21,104,2.27
16386,88,106,0.47
16387,193,215,0.26
16388,0,80,2.94
16389,84,101,0.59
16390,35,157,3.59
16391,15,80,1.90
16392,153,158,0.29
16393,183,201,0.67
16394,0,88,3.49
16395,63,65,0.11
16396,233,850,1.16
16397,93,193,1.03
16398,15,152,0.59
16399,0,0,0.00
16400,0,43,0.63
16401,0,49,1.84
16402,120,130,0.56
16403,208,217,0.21
16404,79,81,0.25
16405,346,0,0.00
16406,15,147,1.83
16407,27,160,2.38
16408,90,303,1.42
16409,0,91,1.86
16410,22,159,5.46
16411,27,41,2.50
16412,212,216,0.71
16413,39,29,0.56
16414,38,144,4.03
16415,49,40,1.17
16416,154,169,0.47
16417,0,65,2.43
16418,534,537,0.29
16419,35,38,0.15
16420,0,22,1.35
16421,0,20,1.12
16422,0,142,3.52
16423,34,26,0.86
16424,93,21,0.24
16425,20,32,0.48
16426,14,23,1.00
16427,35,15,0.32
16428,72,91,0.33
16429,0,75,0.30
16430,0,18,0.47
16431,103,103,0.15
16432,137,136,0.54
16433,113,119,0.93
16434,22,54,2.47
16435,211,245,0.51
16436,170,564,1.16
16437,150,154,0.23
16438,23,44,2.90
16439,0,25,0.94
16440,23,170,2.72
16441,61,61,0.15
16442,22,153,5.84
16443,11,21,0.66
16444,207,216,0.30
16445,91,119,0.53
16446,19,64,2.41
16447,16,58,1.17
16448,41,17,0.31
16449,138,139,0.21
16450,0,148,4.35
16451,86,99,0.49
16452,36,15,0.46
16453,325,325,0.38
16454,0,141,3.32
16455,0,121,0.23
16456,27,73,2.29
16457,0,54,1.23
16458,194,194,0.67
16459,23,108,2.08
16460,0,101,0.92
16461,30,90,3.93
16462,14,22,0.55
16463,80,80,0.14
16464,23,93,1.63
16465,0,13,1.12
16466,13,12,0.26
16467,73,89,0.44
16468,134,155,0.52
16469,0,44,0.14
16470,97,266,0.42
16471,192,229,0.24
16472,22,24,0.45
16473,0,142,2.71
16474,124,13,0.21
16475,99,113,0.39
16476,14,75,2.64
16477,34,41,1.76
16478,16,23,1.01
16479,121,274,1.21
16480,0,56,1.26
16481,233,380,0.41
16482,203,211,0.54
16483,161,163,0.49
16484,120,126,0.19
16485,187,232,0.42
16486,774,896,1.17
16487,0,30,1.69
16488,0,49,2.76
16489,0,0,0.00
16490,19,109,4.03
16491,54,199,3.35
16492,113,272,0.96
16493,0,115,2.22
16494,334,616,1.51
16495,17,180,2.38
16496,13,24,0.89
16497,131,147,0.37
16498,51,184,3.33
16499,0,131,4.95
16500,75,272,4.15
16501,282,324,0.35
16502,0,32,0.56
16503,21,118,2.77
16504,0,25,0.40
16505,13,110,0.50
16506,102,155,0.37
16507,24,26,1.98
16508,53,26,0.46
16509,159,299,0.44
16510,0,80,3.14
16511,0,17,0.25
16512,17,17,0.93
16513,0,147,0.22
16514,85,108,0.38
16515,0,118,2.47
16516,170,199,0.37
16517,56,146,1.54
16518,249,267,0.41
16519,127,137,0.42
16520,120,301,0.79
16521,53,20,0.20
16522,58,22,0.55
16523,67,80,0.41
16524,0,17,0.51
16525,478,538,1.11
16526,21,25,0.55
16527,277,281,0.24
16528,381,406,0.36
16529,40,20,0.42
16530,32,159,4.09
16531,31,17,0.32
16532,0,15,0.31
16533,49,40,1.60
16534,227,235,0.25
16535,24,101,2.19
16536,39,18,0.53
16537,135,140,0.49
16538,81,443,0.68
16539,20,47,1.73
16540,567,878,0.43
16541,31,27,0.97
16542,0,60,1.80
16543,0,188,3.78
16544,0,79,4.74
16545,207,411,0.43
16546,0,70,2.74
16547,0,156,4.96
16548,0,70,1.64
16549,254,287,0.36
16550,362,402,0.45
16551,155,156,0.57
16552,0,149,2.58
16553,49,50,0.14
16554,26,173,2.79
16555,133,17,0.27
16556,139,153,0.45
16557,280,310,0.38
16558,130,146,0.36
16559,161,186,0.41
16560,0,38,2.45
16561,103,223,0.39
16562,0,28,0.42
16563,648,1087,0.48
16564,25,170,4.32
16565,201,203,0.88
16566,0,20,1.37
16567,18,20,1.16
16568,641,828,1.13
16569,19,129,2.74
16570,0,31,1.58
16571,18,66,2.52
16572,88,99,1.07
16573,19,49,1.58
16574,37,137,3.05
16575,16,36,0.49
16576,17,23,0.33
16577,13,311,0.48
16578,0,128,1.45
16579,25,135,4.12
16580,82,22,1.51
16581,108,115,0.35
16582,0,145,2.41
16583,19,139,4.71
16584,21,23,1.34
16585,0,32,0.89
16586,282,491,1.69
16587,291,295,0.28
16588,101,101,0.17
16589,0,13,0.44
16590,35,200,4.89
16591,18,141,3.62
16592,55,163,0.84
16593,224,16,0.87
16594,18,30,1.86
16595,39,38,1.27
16596,32,32,1.72
16597,95,95,0.14
16598,45,27,0.37
16599,0,134,2.62
16600,611,697,1.11
16601,126,142,0.36
16602,0,134,4.15
16603,0,192,4.48
16604,0,64,4.96
16605,0,58,2.05
16606,38,45,0.74
16607,88,91,0.17
16608,0,49,2.50
16609,26,84,1.69
16610,88,114,0.40
16611,222,451,1.06
16612,0,28,0.83
16613,390,430,0.72
16614,26,113,2.58
16615,26,47,0.09
16616,242,256,0.62
16617,41,81,2.70
16618,34,23,1.11
16619,22,122,2.78
16620,167,180,0.39
16621,0,0,0.00
16622,37,15,0.40
16623,258,0,0.00
16624,95,108,0.33
16625,50,19,1.03
16626,0,23,0.65
16627,14,403,2.12
16628,32,31,0.69
16629,26,22,0.50
16630,15,66,1.61
16631,40,18,0.91
16632,0,118,3.37
16633,0,0,0.00
16634,0,17,1.09
16635,77,26,0.86
16636,92,114,0.36
16637,141,139,0.45
16638,45,68,3.97
16639,17,131,4.71
16640,149,162,0.59
16641,36,21,0.64
16642,140,161,0.30
16643,138,143,0.62
16644,17,21,1.41
16645,92,97,0.66
16646,0,124,5.10
16647,70,74,0.15
16648,543,564,0.43
16649,66,186,2.71
16650,0,31,1.83
16651,28,136,2.99
16652,331,341,0.51
16653,187,197,0.41
16654,19,134,3.46
16655,276,319,0.44
16656,35,78,6.06
16657,225,241,0.27
16658,338,352,0.35
16659,0,125,2.49
16660,0,30,0.67
16661,124,138,0.31
16662,0,139,2.48
16663,21,15,0.43
16664,0,123,3.49
16665,0,623,0.62
16666,23,25,0.18
16667,0,145,7.21
16668,17,42,3.05
16669,0,24,0.60
16670,0,30,0.59
16671,0,140,3.55
16672,16,144,2.71
16673,338,365,1.01
16674,10,98,2.94
16675,179,182,0.34
16676,343,1545,3.39
16677,148,148,0.68
16678,129,139,0.62
16679,149,494,1.08
16680,0,23,0.42
16681,90,85,0.15
16682,66,66,0.12
16683,244,245,0.74
16684,16,133,2.02
16685,0,17,1.05
16686,29,23,0.78
16687,12,80,2.47
16688,96,97,0.31
16689,163,165,0.26
16690,16,104,1.87
16691,36,39,0.14
16692,57,57,0.28
16693,0,26,1.43
16694,251,564,1.13
16695,239,260,1.96
16696,0,28,1.38
16697,168,173,0.48
16698,77,24,0.58
16699,16,18,2.20
16700,369,375,0.43
16701,0,121,4.78
16702,19,66,1.94
16703,0,149,3.56
16704,200,294,0.42
16705,102,106,0.26
16706,0,103,2.17
16707,127,219,0.97
16708,143,175,0.29
16709,0,14,0.30
16710,0,136,3.13
16711,42,181,2.95
16712,21,137,3.30
16713,15,119,0.96
16714,0,0,0.00
16715,0,95,0.27
16716,158,168,0.47
16717,281,25,0.17
16718,28,108,2.43
16719,111,21,0.89
16720,186,201,0.29
16721,222,235,0.72
16722,152,17,1.77
16723,126,150,1.10
16724,165,15,0.62
16725,33,70,4.21
16726,17,40,0.59
16727,60,59,0.64
16728,195,298,0.37
16729,36,109,2.88
16730,608,627,1.05
16731,28,75,1.34
16732,39,19,0.52
16733,217,227,0.37
16734,18,154,3.63
16735,187,209,0.15
16736,19,43,2.09
16737,112,114,0.24
16738,16,65,1.27
16739,21,144,4.97
16740,20,86,2.19
16741,21,274,2.06
16742,0,29,1.39
16743,0,52,1.83
16744,303,557,0.93
16745,60,91,1.87
16746,20,33,2.70
16747,0,38,1.50
16748,376,410,0.96
16749,25,149,1.54
16750,35,102,2.79
16751,22,106,3.93
16752,30,153,0.60
16753,0,0,0.00
16754,0,110,2.98
16755,0,57,3.25
16756,0,14,0.69
16757,204,246,0.53
16758,17,73,2.30
16759,343,372,0.48
16760,204,219,0.27
16761,0,101,5.18
16762,74,81,0.37
16763,151,152,0.20
16764,194,198,0.40
16765,53,55,0.13
16766,0,20,1.10
16767,26,146,3.34
16768,92,34,1.26
16769,0,14,0.57
16770,148,192,0.48
16771,19,141,3.65
16772,119,320,1.82
16773,25,113,7.29
16774,165,1066,5.32
16775,68,81,0.35
16776,17,50,3.00
16777,218,247,0.46
16778,157,227,0.24
16779,0,151,8.18
16780,83,18,0.42
16781,55,120,4.04
16782,0,58,1.56
16783,174,433,1.01
16784,131,724,1.12
16785,20,115,4.53
16786,15,37,1.36
16787,161,162,0.43
16788,0,34,0.69
16789,18,30,1.15
16790,160,182,1.62
16791,679,713,1.21
16792,224,259,0.33
16793,0,115,3.62
16794,11,228,0.77
16795,0,94,0.88
16796,0,36,1.12
16797,253,465,0.85
16798,0,38,1.83
16799,0,0,0.00
16800,25,28,0.52
16801,0,171,2.07
16802,158,178,0.25
16803,232,1097,0.73
16804,15,35,4.88
16805,187,354,0.47
16806,0,34,1.53
16807,145,185,0.93
16808,136,141,0.32
16809,313,393,0.36
16810,0,30,2.29
16811,48,186,3.28
16812,481,541,1.21
16813,241,261,0.27
16814,56,134,5.36
16815,144,149,0.34
16816,0,44,2.21
16817,535,560,1.08
16818,96,106,0.21
16819,0,169,2.76
16820,0,139,3.49
16821,183,417,0.97
16822,70,74,0.25
16823,16,18,0.46
16824,0,128,1.90
16825,163,181,0.41
16826,578,0,0.00
16827,0,132,3.17
16828,261,485,0.37
16829,180,183,0.79
16830,97,105,0.70
16831,19,191,2.08
16832,0,147,5.31
16833,23,37,1.92
16834,76,18,0.46
16835,198,209,0.52
16836,0,18,0.87
16837,0,244,1.60
16838,0,34,2.39
16839,29,110,2.83
16840,208,547,1.04
16841,35,18,0.46
16842,20,149,3.45
16843,0,209,4.72
16844,132,13,0.21
16845,78,12,0.89
16846,29,161,3.74
16847,17,172,4.47
16848,42,41,0.88
16849,0,0,0.00
16850,48,130,3.44
16851,0,67,3.36
16852,33,23,2.41
16853,21,64,0.98
16854,17,18,0.05
16855,0,170,2.92
16856,0,25,0.37
16857,51,21,0.42
16858,260,357,0.46
16859,0,703,1.13
16860,0,144,1.71
16861,126,131,0.36
16862,134,144,0.33
16863,18,114,3.52
16864,269,291,0.46
16865,425,434,0.54
16866,29,15,0.40
16867,0,44,0.72
16868,115,131,0.20
16869,16,47,2.28
16870,29,56,4.09
16871,324,363,0.37
16872,0,48,1.93
16873,24,0,0.00
16874,0,817,1.42
16875,67,11,0.51
16876,10,120,3.87
16877,0,41,0.64
16878,189,327,0.67
16879,40,22,0.53
16880,158,173,0.49
16881,15,198,3.09
16882,0,123,2.71
16883,29,25,1.47
16884,0,16,0.65
16885,430,473,1.10
16886,0,36,0.61
16887,102,105,0.17
16888,23,136,3.41
16889,244,411,1.26
16890,0,97,1.63
16891,19,192,3.01
16892,107,784,4.11
16893,162,164,0.24
16894,13,124,3.65
16895,23,30,1.36
16896,200,296,0.63
16897,19,143,7.95
16898,20,118,2.59
16899,20,25,1.36
16900,501,524,0.48
16901,0,137,4.44
16902,88,107,1.21
16903,0,150,2.77
16904,0,60,3.07
16905,106,239,1.52
16906,241,546,1.05
16907,44,181,1.86
16908,0,73,2.71
16909,98,111,0.21
16910,276,236,0.32
16911,0,25,1.79
16912,32,128,4.11
16913,203,229,0.39
16914,223,228,0.98
16915,0,154,4.63
16916,41,189,3.55
16917,0,59,2.45
16918,20,78,2.80
16919,126,126,0.19
16920,0,19,0.38
16921,21,144,3.26
16922,53,176,3.10
16923,151,160,0.45
16924,787,952,0.38
16925,0,37,3.09
16926,19,19,0.52
16927,23,85,2.62
16928,65,19,1.45
16929,0,112,2.21
16930,259,293,0.27
16931,0,19,0.34
16932,96,128,0.47
16933,47,26,0.56
16934,60,224,2.87
16935,22,142,3.91
16936,26,155,2.43
16937,0,47,1.08
16938,293,332,1.02
16939,207,217,0.33
16940,19,26,1.22
16941,0,25,0.46
16942,96,125,0.41
16943,47,23,0.92
16944,16,0,0.00
16945,75,78,0.14
16946,0,144,4.44
16947,198,239,0.51
16948,132,165,0.51
16949,27,18,0.95
16950,28,167,4.64
16951,0,22,0.55
16952,35,140,1.83
16953,508,796,2.00
16954,102,102,0.17
16955,0,132,3.44
16956,110,26,0.48
16957,0,104,4.85
16958,0,146,4.95
16959,144,146,0.31
16960,16,120,3.36
16961,392,887,0.47
16962,243,255,0.58
16963,311,342,0.29
16964,33,20,0.44
16965,36,26,1.19
16966,0,29,0.70
16967,18,0,0.00
16968,21,127,3.82
16969,14,173,5.36
16970,26,20,1.01
16971,18,60,2.31
16972,451,460,1.45
16973,152,170,0.54
16974,194,228,0.45
16975,11,26,2.41
16976,21,130,4.63
16977,385,410,0.99
16978,197,549,1.26
16979,16,11,0.06
16980,20,99,3.51
16981,185,192,0.73
16982,230,277,0.85
16983,251,277,1.02
16984,137,223,0.41
16985,254,23,0.51
16986,0,73,2.88
16987,139,156,0.27
16988,23,240,0.59
16989,154,156,0.21
16990,0,128,1.83
16991,53,953,1.78
16992,140,142,0.26
16993,18,44,1.20
16994,55,72,0.27
16995,136,137,0.21
16996,278,356,0.60
16997,246,444,0.42
16998,235,257,0.56
16999,0,42,1.41
17000,93,101,0.38
17001,163,69,0.28
17002,196,17,0.71
17003,24,15,0.19
17004,0,150,2.38
17005,32,21,0.94
17006,51,38,1.63
17007,242,325,0.66
17008,74,83,0.63
17009,0,133,2.93
17010,214,488,0.48
17011,143,148,0.23
17012,196,18,0.25
17013,165,372,0.87
17014,44,185,4.51
17015,0,19,0.90
17016,34,201,2.42
17017,28,167,2.51
17018,0,95,4.55
17019,0,35,1.26
17020,91,113,0.45
17021,0,14,0.33
17022,66,42,2.10
17023,99,190,0.47
17024,23,29,1.77
17025,44,128,1.49
17026,17,112,3.18
17027,173,173,0.45
17028,117,127,0.39
17029,151,112,0.32
17030,169,23,1.18
17031,23,117,3.76
17032,179,191,0.41
17033,241,302,0.45
17034,0,111,4.58
17035,253,255,0.61
17036,90,16,0.50
17037,108,111,0.26
17038,0,48,1.05
17039,16,24,1.82
17040,56,57,0.14
17041,17,127,4.93
17042,200,232,0.35
17043,16,18,0.41
17044,23,14,0.35
17045,156,208,0.40
17046,60,190,0.70
17047,68,69,0.14
17048,39,176,2.41
17049,19,33,0.60
17050,0,132,2.74
17051,26,176,10.46
17052,0,69,2.17
17053,110,118,0.31
17054,18,24,0.65
17055,244,74,0.29
17056,42,161,4.56
17057,15,144,3.90
17058,290,302,0.27
17059,0,67,1.35
17060,190,192,0.12
17061,0,35,1.24
17062,34,217,0.55
17063,342,359,0.24
17064,48,78,0.49
17065,0,162,3.20
17066,30,109,2.21
17067,25,166,3.44
17068,17,48,3.05
17069,326,333,1.29
17070,89,108,0.98
17071,47,130,4.13
17072,213,227,0.29
17073,15,54,5.89
17074,0,17,0.40
17075,19,33,0.71
17076,259,15,0.41
17077,0,20,0.89
17078,55,58,0.17
17079,45,173,1.87
17080,53,20,0.59
17081,13,27,1.48
17082,147,31,1.87
17083,94,212,0.96
17084,30,103,0.48
17085,30,24,2.31
17086,26,34,1.17
17087,0,121,0.49
17088,57,59,0.15
17089,0,143,4.58
17090,59,30,1.25
17091,297,326,0.27
17092,0,37,1.34
17093,0,72,3.32
17094,233,11,0.14
17095,93,103,0.43
17096,276,361,0.32
17097,22,28,0.99
17098,40,166,7.01
17099,191,371,1.79
17100,0,113,4.70
17101,122,123,0.28
17102,54,56,0.20
17103,272,283,0.46
17104,150,245,0.59
17105,0,136,2.61
17106,18,283,6.38
17107,64,259,0.27
17108,168,179,0.52
17109,17,51,2.60
17110,43,23,0.65
17111,246,271,0.27
17112,31,27,1.70
17113,100,113,0.50
17114,285,295,0.25
17115,119,151,0.65
17116,137,153,1.43
17117,0,123,2.82
17118,19,305,1.76
17119,42,11,0.32
17120,24,92,3.03
17121,16,143,1.76
17122,25,25,0.78
17123,88,116,0.33
17124,0,19,1.84
17125,265,288,0.31
17126,30,45,1.38
17127,0,33,0.67
17128,11,20,0.54
17129,127,132,0.51
17130,18,44,0.79
17131,130,200,0.31
17132,28,150,1.91
17133,15,41,2.27
17134,129,133,0.22
17135,51,169,3.59
17136,378,813,0.52
17137,492,521,1.25
17138,47,67,1.72
17139,28,87,1.89
17140,179,193,0.45
17141,0,36,3.47
17142,26,0,0.00
17143,18,22,2.40
17144,32,149,4.02
17145,18,18,0.55
17146,0,108,1.44
17147,0,159,0.43
17148,0,133,1.84
17149,58,198,0.44
17150,0,41,1.06
17151,32,16,0.41
17152,605,804,1.15
17153,125,19,0.62
17154,177,184,1.04
17155,0,35,0.55
17156,28,32,1.42
17157,270,414,0.44
17158,20,168,3.17
17159,353,547,0.36
17160,0,157,3.51
17161,285,301,0.48
17162,14,42,1.28
17163,16,17,0.41
17164,18,70,3.38
17165,155,176,1.31
17166,0,64,3.86
17167,13,25,1.06
17168,203,389,1.18
17169,22,138,2.47
17170,92,29,1.28
17171,41,174,4.10
17172,51,49,0.35
17173,20,30,1.29
17174,781,1693,2.41
17175,207,377,1.10
17176,0,151,5.21
17177,165,283,0.52
17178,0,257,0.52
17179,12,151,2.74
17180,35,157,4.85
17181,205,1444,5.49
17182,0,152,3.33
17183,0,150,8.64
17184,21,51,1.55
17185,21,16,0.27
17186,40,61,1.63
17187,18,53,1.26
17188,54,25,0.64
17189,289,324,0.25
17190,115,114,0.34
17191,15,110,2.36
17192,181,221,0.47
17193,48,29,0.40
17194,257,322,0.27
17195,0,62,1.61
17196,161,167,0.26
17197,40,182,0.60
17198,119,136,0.38
17199,170,407,0.47
17200,262,276,2.25
17201,18,107,4.41
17202,17,49,1.38
17203,0,19,0.37
17204,14,166,3.54
17205,347,17,0.50
17206,39,179,2.49
17207,14,19,0.50
17208,184,222,0.58
17209,40,36,0.50
17210,135,160,0.38
17211,16,41,0.97
17212,193,260,0.93
17213,41,30,0.53
17214,176,179,0.22
17215,50,18,1.19
17216,32,268,1.61
17217,15,21,0.31
17218,175,182,0.74
17219,280,0,0.00
17220,464,532,1.14
17221,16,155,4.35
17222,33,19,0.60
17223,0,36,2.32
17224,195,369,1.50
17225,72,73,0.29
17226,0,154,2.36
17227,15,43,1.47
17228,68,69,0.17
17229,0,156,4.45
17230,55,166,4.98
17231,67,0,0.00
17232,11,104,0.48
17233,148,153,0.34
17234,32,43,1.63
17235,140,17,1.46
17236,22,69,2.90
17237,237,259,0.33
17238,128,142,1.00
17239,243,239,0.58
17240,23,72,1.85
17241,28,91,1.40
17242,0,21,1.21
17243,31,81,5.29
17244,169,175,0.30
17245,0,18,0.97
17246,25,33,1.43
17247,19,76,2.70
17248,32,167,4.25
17249,20,92,1.96
17250,211,223,0.23
17251,451,458,1.13
17252,19,68,5.53
17253,75,362,2.17
17254,271,295,0.51
17255,0,135,3.52
17256,104,118,0.21
17257,19,59,0.65
17258,172,187,0.20
17259,41,49,0.15
17260,269,289,0.30
17261,0,408,0.22
17262,0,55,3.01
17263,0,0,0.00
17264,274,282,0.27
17265,0,17,2.55
17266,17,155,3.13
17267,274,14,0.38
17268,0,34,0.45
17269,244,247,0.33
17270,0,55,0.97
17271,0,248,2.58
17272,0,103,4.02
17273,201,348,0.37
17274,872,1289,1.20
17275,71,46,2.54
17276,34,78,2.51
17277,68,83,0.40
17278,102,106,0.35
17279,0,13,0.55
17280,27,28,0.53
17281,78,25,1.35
17282,26,193,4.94
17283,195,198,0.49
17284,195,211,0.55
17285,20,126,2.80
17286,286,22,2.14
17287,11,42,3.41
17288,290,316,0.40
17289,384,768,0.39
17290,267,287,0.34
17291,135,137,0.19
17292,87,100,0.16
17293,175,333,0.49
17294,0,139,4.03
17295,0,29,1.44
17296,69,12,0.50
17297,0,121,3.08
17298,78,90,0.40
17299,18,272,0.70
17300,28,34,0.42
17301,0,142,3.05
17302,19,97,2.68
17303,17,54,2.32
17304,49,17,0.35
17305,62,63,0.14
17306,35,67,5.02
17307,0,26,1.00
17308,229,244,0.83
17309,204,207,0.68
17310,185,186,0.67
17311,53,18,0.28
17312,19,166,3.75
17313,0,138,5.08
17314,102,111,0.45
17315,16,96,2.93
17316,152,152,0.28
17317,197,465,1.57
17318,0,166,2.92
17319,0,18,2.11
17320,0,147,5.80
17321,37,51,1.84
17322,0,121,2.89
17323,89,14,0.41
17324,0,127,1.41
17325,12,127,3.76
17326,77,107,0.20
17327,278,336,0.45
17328,159,159,0.26
17329,32,72,5.53
17330,20,141,3.33
17331,0,0,0.00
17332,13,29,0.41
17333,141,144,0.44
17334,20,20,0.07
17335,0,112,2.92
17336,136,141,0.43
17337,0,39,0.81
17338,0,27,0.99
17339,20,121,4.37
17340,239,251,0.26
17341,106,204,0.51
17342,35,129,3.66
17343,243,294,0.35
17344,0,0,0.00
17345,331,369,0.33
17346,0,40,1.03
17347,53,19,0.35
17348,479,528,1.01
17349,348,372,0.39
17350,150,143,1.01
17351,24,141,3.29
17352,21,25,0.54
17353,12,195,5.51
17354,13,63,2.78
17355,26,101,2.32
17356,173,175,0.25
17357,0,122,4.87
17358,69,205,5.12
17359,244,305,0.38
17360,0,79,2.14
17361,23,132,4.24
17362,16,160,5.02
17363,17,173,2.52
17364,68,68,0.11
17365,169,28,0.10
17366,149,47,0.38
17367,14,38,1.97
17368,260,636,0.50
17369,160,160,0.21
17370,0,71,2.02
17371,119,131,0.30
17372,11,191,2.98
17373,0,45,0.79
17374,223,626,1.11
17375,0,33,0.17
17376,128,23,0.65
17377,0,17,0.42
17378,243,264,0.45
17379,199,246,1.14
17380,0,122,3.76
17381,178,451,1.20
17382,19,206,4.40
17383,0,129,4.06
17384,10,28,0.59
17385,75,79,0.18
17386,17,171,0.93
17387,199,14,0.05
17388,0,24,1.31
17389,559,768,1.17
17390,94,95,0.43
17391,38,60,2.28
17392,207,576,0.72
17393,471,694,2.17
17394,0,0,0.00
17395,0,37,1.66
17396,0,400,0.43
17397,33,112,0.79
17398,367,379,0.48
17399,234,17,0.11
17400,20,120,2.96
17401,35,30,1.62
17402,50,50,0.12
17403,93,98,0.44
17404,24,115,3.30
17405,144,145,0.25
17406,11,17,0.12
17407,40,158,3.04
17408,228,248,1.06
17409,257,308,1.08
17410,50,76,0.79
17411,16,66,4.39
17412,19,65,1.76
17413,0,248,0.61
17414,130,131,0.19
17415,20,23,0.41
17416,180,198,0.46
17417,34,34,0.10
17418,61,215,4.56
17419,0,144,6.32
17420,48,82,6.14
17421,19,137,4.01
17422,94,76,1.19
17423,137,142,0.39
17424,0,23,0.57
17425,16,14,0.72
17426,294,329,0.37
17427,75,91,0.16
17428,35,16,0.55
17429,19,15,1.15
17430,79,84,0.38
17431,0,172,0.66
17432,13,138,3.23
17433,22,145,2.60
17434,97,22,0.35
17435,111,193,0.71
17436,18,151,1.91
17437,95,107,0.36
17438,14,297,0.90
17439,176,207,0.38
17440,37,165,3.19
17441,0,33,1.53
17442,42,68,2.69
17443,87,27,1.34
17444,383,445,1.28
17445,0,100,6.76
17446,35,81,3.60
17447,0,146,3.14
17448,80,45,0.20
17449,29,0,0.00
17450,25,98,2.63
17451,36,29,0.11
17452,303,395,0.66
17453,32,30,0.84
17454,0,19,0.48
17455,213,219,0.34
17456,0,117,2.73
17457,80,85,0.65
17458,175,178,0.56
17459,0,19,0.39
17460,83,85,0.15
17461,38,146,0.91
17462,322,331,0.30
17463,24,112,1.76
17464,61,61,0.12
17465,216,74,0.17
17466,178,205,0.51
17467,0,151,4.82
17468,144,44,1.85
17469,33,17,1.26
17470,39,16,0.45
17471,33,187,4.48
17472,190,436,1.13
17473,46,48,0.14
17474,17,66,2.83
17475,0,148,3.10
17476,0,104,2.14
17477,243,261,1.16
17478,0,20,0.39
17479,404,26,0.58
17480,0,39,1.88
17481,0,79,0.32
17482,19,0,0.00
17483,149,155,0.38
17484,89,97,0.45
17485,15,28,1.60
17486,15,80,2.32
17487,101,25,1.33
17488,25,100,5.33
17489,75,75,0.13
17490,230,0,0.00
17491,0,107,3.29
17492,0,0,0.00
17493,78,17,0.19
17494,192,336,0.46
17495,0,32,0.59
17496,125,128,0.23
17497,15,49,1.97
17498,32,21,0.39
17499,0,128,3.67
17500,204,204,0.40
17501,16,29,1.27
17502,17,18,0.58
17503,0,165,3.04
17504,0,55,4.82
17505,78,0,0.00
17506,53,121,0.57
17507,175,185,0.50
17508,199,341,0.37
17509,248,298,0.37
17510,13,65,2.75
17511,0,243,0.41
17512,132,573,1.12
17513,15,34,1.52
17514,0,132,1.45
17515,20,23,0.60
17516,52,17,0.54
17517,136,192,0.44
17518,113,116,0.19
17519,0,41,0.86
17520,50,24,0.97
17521,42,143,4.02
17522,16,114,0.90
17523,39,21,0.47
17524,45,190,4.68
17525,29,217,4.72
17526,90,19,1.47
17527,207,225,0.31
17528,0,134,2.71
17529,96,99,0.22
17530,11,221,0.38
17531,15,20,1.08
17532,0,110,3.29
17533,169,494,1.97
17534,207,362,0.66
17535,160,164,0.44
17536,38,20,0.67
17537,0,30,2.05
17538,117,17,0.33
17539,21,95,3.71
17540,366,386,0.32
17541,162,287,0.99
17542,0,63,2.85
17543,125,248,0.94
17544,195,211,0.52
17545,329,1023,0.48
17546,0,53,0.81
17547,13,22,0.09
17548,184,190,0.70
17549,11,105,3.82
17550,211,607,0.61
17551,100,102,0.14
17552,0,84,2.25
17553,109,80,0.35
17554,469,540,1.10
17555,83,18,0.39
17556,422,22,0.77
17557,0,28,1.11
17558,0,109,4.79
17559,138,447,0.71
17560,17,43,0.71
17561,24,92,2.29
17562,137,156,0.38
17563,251,251,0.61
17564,0,133,4.73
17565,26,51,1.39
17566,67,86,0.54
17567,82,131,0.18
17568,0,16,0.64
17569,198,851,0.70
17570,61,68,0.16
17571,25,12,0.11
17572,111,142,0.69
17573,0,145,3.49
17574,82,90,0.51
17575,236,406,0.94
17576,16,199,3.65
17577,0,43,0.81
17578,201,212,1.05
17579,19,74,4.99
17580,154,158,0.36
17581,145,154,0.33
17582,135,151,0.62
17583,0,109,4.66
17584,172,174,0.62
17585,27,14,0.18
17586,90,185,1.01
17587,14,155,0.57
17588,26,21,0.36
17589,0,30,1.31
17590,18,128,2.00
17591,43,158,3.62
17592,27,32,1.72
17593,14,196,3.97
17594,15,90,4.66
17595,0,321,0.22
17596,0,157,3.04
17597,39,25,0.67
17598,0,141,2.45
17599,13,43,1.56
17600,104,112,0.38
17601,24,80,2.31
17602,138,366,1.59
17603,62,77,0.24
17604,38,154,3.39
17605,0,38,2.06
17606,293,332,0.55
17607,150,170,0.47
17608,0,22,1.06
17609,400,406,1.48
17610,21,150,2.62
17611,17,132,5.08
17612,48,182,2.43
17613,87,100,0.21
17614,23,175,3.27
17615,0,101,4.43
17616,0,171,3.32
17617,118,12,0.16
17618,0,95,2.41
17619,90,90,0.28
17620,212,638,1.09
17621,108,120,0.33
17622,0,147,6.49
17623,0,18,0.41
17624,65,65,0.14
17625,19,34,1.36
17626,0,152,2.60
17627,11,134,2.42
17628,107,107,0.33
17629,33,31,0.39
17630,228,339,0.30
17631,23,108,3.97
17632,640,674,1.13
17633,13,89,0.54
17634,36,82,2.24
17635,418,448,0.24
17636,152,308,0.40
17637,322,340,0.36
17638,0,154,2.72
17639,141,138,0.32
17640,396,67,0.33
17641,24,171,2.48
17642,0,59,1.67
17643,0,182,0.17
17644,191,929,0.93
17645,234,262,0.36
17646,69,178,2.90
17647,51,30,0.97
17648,103,31,1.53
17649,20,135,4.11
17650,0,152,1.71
17651,18,236,2.34
17652,0,58,2.56
17653,18,66,1.37
17654,0,54,1.88
17655,36,0,0.00
17656,13,85,2.31
17657,465,477,0.30
17658,58,193,3.31
17659,352,364,0.38
17660,147,148,0.24
17661,51,191,3.17
17662,18,148,4.61
17663,246,616,1.10
17664,213,233,0.26
17665,0,44,2.89
17666,34,59,2.44
17667,21,87,3.75
17668,30,144,1.77
17669,119,136,0.28
17670,0,29,1.25
17671,0,144,6.60
17672,29,63,2.92
17673,208,482,0.47
17674,193,204,0.36
17675,14,81,2.72
17676,41,45,5.40
17677,54,37,2.20
17678,23,59,4.59
17679,18,163,2.41
17680,19,139,5.01
17681,440,457,1.13
17682,218,248,0.39
17683,15,39,1.45
17684,153,158,0.69
17685,132,141,0.42
17686,18,69,3.36
17687,0,54,1.49
17688,78,21,0.82
17689,87,451,1.07
17690,201,828,14.56
17691,0,66,1.94
17692,155,606,1.26
17693,0,34,1.16
17694,95,99,0.14
17695,20,99,2.06
17696,114,114,0.23
17697,0,204,3.88
17698,194,196,0.47
17699,131,217,0.92
17700,0,13,0.78
17701,48,34,1.62
17702,27,149,3.04
17703,349,373,0.42
17704,525,534,0.33
17705,0,33,1.90
17706,231,231,0.68
17707,22,160,5.00
17708,47,19,0.34
17709,17,186,4.06
17710,588,606,0.35
17711,199,462,1.02
17712,177,0,0.00
17713,16,149,4.08
17714,0,60,0.14
17715,63,229,1.23
17716,194,298,0.37
17717,19,123,0.62
17718,53,105,5.26
17719,49,147,4.33
17720,0,20,0.06
17721,14,17,0.84
17722,24,75,2.61
17723,174,174,0.33
17724,18,35,0.92
17725,0,26,1.59
17726,46,175,4.07
17727,58,0,0.00
17728,0,67,4.91
17729,14,39,1.32
17730,79,82,0.33
17731,19,94,5.24
17732,15,70,4.19
17733,87,24,1.27
17734,15,25,0.50
17735,0,119,3.27
17736,23,74,0.54
17737,0,54,4.35
17738,214,715,1.26
17739,96,200,0.42
17740,40,0,0.00
17741,0,30,0.68
17742,23,176,5.93
17743,102,116,0.31
17744,148,173,0.31
17745,17,107,2.67
17746,657,0,0.00
17747,202,205,0.79
17748,20,139,5.73
17749,316,0,0.00
17750,183,325,0.33
17751,23,88,4.33
17752,77,26,1.40
17753,0,39,1.48
17754,31,31,0.13
17755,35,241,0.65
17756,466,501,0.85
17757,23,22,1.43
17758,84,92,0.35
17759,18,21,0.58
17760,131,155,0.34
17761,20,207,2.20
17762,269,281,0.25
17763,13,12,0.19
17764,0,76,4.94
17765,0,95,5.40
17766,58,199,4.52
17767,219,219,0.84
17768,0,11,0.19
17769,14,44,2.99
17770,335,344,0.75
17771,0,78,1.90
17772,141,166,0.27
17773,37,17,0.61
17774,0,122,1.25
17775,145,171,0.22
17776,0,43,2.95
17777,12,201,2.22
17778,17,15,0.37
17779,15,17,0.40
17780,17,194,2.40
17781,25,13,0.18
17782,120,186,0.94
17783,0,25,1.40
17784,0,166,0.62
17785,17,147,5.57
17786,146,45,4.50
17787,81,96,0.33
17788,158,227,0.42
17789,0,132,8.04
17790,72,97,0.43
17791,125,137,0.43
17792,137,31,1.65
17793,36,70,0.85
17794,15,21,0.99
17795,324,128,0.30
17796,0,122,2.31
17797,60,60,0.14
17798,165,178,0.21
17799,28,19,0.44
17800,0,842,1.05
17801,35,18,0.38
17802,0,32,0.64
17803,242,243,0.57
17804,55,35,1.73
17805,0,122,4.41
17806,81,91,0.28
17807,46,25,0.36
17808,0,144,0.55
17809,0,62,3.22
17810,14,87,3.18
17811,199,229,0.85
17812,124,180,0.78
17813,0,29,0.71
17814,40,153,2.78
17815,171,175,1.56
17816,137,142,0.24
17817,152,175,0.54
17818,12,22,1.64
17819,10,133,0.62
17820,0,22,0.56
17821,396,429,1.04
17822,175,181,0.28
17823,82,88,0.53
17824,100,271,1.36
17825,0,62,2.15
17826,94,215,0.88
17827,23,18,1.13
17828,0,120,5.68
17829,151,163,0.44
17830,0,37,1.41
17831,130,137,0.35
17832,317,329,0.40
17833,17,15,0.49
17834,0,153,4.16
17835,48,20,0.35
17836,236,236,0.34
17837,14,25,2.06
17838,22,17,1.23
17839,548,611,1.11
17840,22,273,3.14
17841,0,44,1.31
17842,0,81,2.76
17843,33,30,1.09
17844,18,55,0.96
17845,67,193,2.70
17846,0,25,1.82
17847,305,397,0.27
17848,29,74,5.05
17849,0,28,0.30
17850,182,182,0.93
17851,17,111,2.34
17852,15,16,0.48
17853,377,415,0.50
17854,0,33,1.17
17855,41,41,0.12
17856,27,91,2.45
17857,105,121,0.43
17858,150,2089,3.52
17859,27,579,0.83
17860,148,14,0.17
17861,19,24,1.40
17862,0,43,1.39
17863,0,22,0.62
17864,21,17,0.42
17865,296,332,0.24
17866,172,196,0.40
17867,0,25,2.23
17868,299,332,0.37
17869,53,53,0.13
17870,0,18,0.54
17871,13,21,0.44
17872,178,18,0.32
17873,75,234,2.57
17874,183,350,0.53
17875,63,73,0.38
17876,15,137,3.37
17877,22,26,0.53
17878,0,93,2.19
17879,55,77,3.99
17880,223,256,0.26
17881,16,161,3.01
17882,25,88,1.43
17883,0,52,1.10
17884,56,20,0.68
17885,0,26,1.05
17886,24,21,0.59
17887,0,137,3.54
17888,190,375,0.31
17889,19,19,0.45
17890,0,140,3.48
17891,16,41,0.98
17892,0,49,2.26
17893,28,10,0.22
17894,258,277,0.28
17895,0,57,2.91
17896,100,103,0.48
17897,0,114,3.14
17898,0,14,0.51
17899,27,22,1.20
17900,18,146,5.09
17901,42,201,4.13
17902,26,180,3.04
17903,0,241,1.67
17904,39,47,3.55
17905,0,19,1.48
17906,549,870,1.20
17907,77,22,1.77
17908,93,93,0.24
17909,133,134,0.33
17910,200,411,0.47
17911,226,424,0.67
17912,38,17,0.37
17913,12,16,0.05
17914,0,49,1.43
17915,37,193,0.31
17916,22,58,0.71
17917,222,642,1.12
17918,124,156,0.44
17919,70,74,0.16
17920,17,30,1.00
17921,216,394,0.47
17922,271,316,0.45
17923,0,31,1.34
17924,202,22,0.53
17925,137,292,0.59
17926,198,223,0.39
17927,0,34,1.50
17928,64,88,0.27
17929,60,221,4.52
17930,80,23,0.53
17931,61,16,1.42
17932,0,0,0.00
17933,41,182,1.31
17934,28,56,2.26
17935,15,63,2.85
17936,242,275,0.36
17937,26,197,3.59
17938,107,109,0.17
17939,21,80,2.79
17940,0,76,2.66
17941,89,91,0.25
17942,103,274,1.07
17943,216,229,0.56
17944,141,254,1.05
17945,60,72,0.15
17946,178,179,0.19
17947,16,25,0.88
17948,22,29,2.49
17949,32,25,1.89
17950,41,28,1.33
17951,271,294,0.48
17952,36,178,4.07
17953,14,159,4.30
17954,347,538,0.41
17955,0,97,3.23
17956,13,281,0.92
17957,205,408,0.92
17958,28,31,0.67
17959,0,99,3.38
17960,40,64,2.19
17961,46,21,2.30
17962,135,143,0.45
17963,31,164,5.09
17964,300,16,0.14
17965,12,48,3.47
17966,237,277,1.19
17967,28,169,3.37
17968,25,18,0.35
17969,29,65,4.24
17970,0,0,0.00
17971,0,51,3.25
17972,65,13,1.11
17973,167,209,0.47
17974,0,123,4.97
17975,0,210,4.12
17976,20,19,0.84
17977,73,73,0.34
17978,42,43,0.14
17979,0,80,2.44
17980,20,17,0.59
17981,0,174,3.35
17982,0,0,0.00
17983,0,103,5.15
17984,43,176,4.19
17985,183,201,0.38
17986,0,58,3.69
17987,39,40,3.16
17988,0,149,4.22
17989,0,164,2.71
17990,101,101,0.24
17991,0,41,0.41
17992,14,28,0.52
17993,69,512,4.95
17994,0,19,0.45
17995,0,32,1.97
17996,68,71,0.16
17997,0,152,2.65
17998,994,1033,1.30
17999,0,0,0.00
18000,79,79,0.13
18001,178,0,0.00
18002,22,281,3.72
18003,0,26,0.62
18004,183,480,1.17
18005,0,86,1.56
18006,14,147,0.69
18007,253,266,0.40
18008,23,0,0.00
18009,39,20,1.54
18010,25,147,5.24
18011,149,262,0.38
18012,0,82,0.38
18013,17,24,1.09
18014,97,101,0.23
18015,24,156,2.81
18016,0,121,4.10
18017,22,61,2.14
18018,18,124,3.11
18019,126,469,1.56
18020,172,175,0.94
18021,279,324,0.88
18022,17,0,0.00
18023,31,75,2.18
18024,53,206,3.56
18025,618,859,1.17
18026,0,106,2.97
18027,291,312,1.84
18028,15,18,1.92
18029,235,47,0.37
18030,26,14,0.34
18031,14,21,0.40
18032,118,119,0.18
18033,11,258,7.87
18034,17,79,1.79
18035,76,18,0.38
18036,20,27,1.05
18037,21,22,1.00
18038,84,86,0.09
18039,330,349,1.23
18040,0,232,0.50
18041,0,142,1.87
18042,163,177,1.22
18043,0,40,2.83
18044,0,153,6.23
18045,142,155,0.37
18046,17,0,0.00
18047,134,137,0.34
18048,0,168,4.19
18049,165,177,0.65
18050,0,251,0.42
18051,0,22,0.38
18052,49,38,1.27
18053,0,0,0.00
18054,574,575,1.12
18055,0,41,0.64
18056,26,34,0.59
18057,26,168,2.58
18058,174,430,1.07
18059,0,22,0.48
18060,20,129,2.80
18061,45,147,2.77
18062,271,291,0.41
18063,43,44,0.09
18064,17,132,2.65
18065,34,154,2.18
18066,160,353,0.41
18067,0,86,2.53
18068,178,368,0.33
18069,138,138,0.31
18070,98,226,0.55
18071,23,92,4.07
18072,96,26,0.74
18073,53,73,0.44
18074,0,40,0.96
18075,34,40,1.33
18076,126,224,0.96
18077,107,107,0.18
18078,177,180,0.71
18079,0,141,5.18
18080,17,27,1.21
18081,0,142,0.17
18082,51,171,1.29
18083,62,206,4.58
18084,36,80,1.57
18085,0,31,0.53
18086,125,26,0.66
18087,0,47,1.06
18088,27,91,3.92
18089,122,145,0.28
18090,0,19,0.73
18091,279,279,0.37
18092,176,180,0.40
18093,0,28,1.72
18094,287,310,0.36
18095,75,25,0.13
18096,133,133,0.28
18097,0,106,2.76
18098,17,116,3.67
18099,228,279,0.42
18100,0,78,3.67
18101,99,202,0.95
18102,235,450,0.98
18103,25,27,2.09
18104,43,167,2.95
18105,0,71,2.52
18106,40,26,0.61
18107,17,36,1.50
18108,192,235,0.30
18109,0,128,2.28
18110,62,15,0.24
18111,0,67,1.08
18112,0,35,0.53
18113,24,103,2.43
18114,0,144,5.87
18115,0,0,0.00
18116,0,0,0.00
18117,0,19,0.24
18118,60,29,0.57
18119,188,206,0.17
18120,208,224,0.43
18121,0,79,2.40
18122,56,56,0.12
18123,166,203,0.43
18124,205,33,0.54
18125,0,121,2.52
18126,137,160,0.47
18127,159,34,1.40
18128,66,21,0.66
18129,0,59,2.92
18130,102,102,0.27
18131,190,191,0.47
18132,114,129,0.40
18133,127,18,0.93
18134,27,154,1.90
18135,0,33,1.63
18136,151,158,0.73
18137,335,345,0.29
18138,339,344,0.28
18139,23,160,1.79
18140,146,146,0.35
18141,24,58,3.45
18142,18,54,1.13
18143,0,34,0.56
18144,60,19,1.94
18145,86,162,0.36
18146,15,37,1.40
18147,102,30,1.26
18148,239,335,0.40
18149,347,394,0.97
18150,20,31,1.46
18151,188,200,0.54
18152,21,16,0.38
18153,251,313,1.15
18154,136,141,0.46
18155,21,25,0.51
18156,0,85,4.16
18157,174,218,0.40
18158,78,28,1.40
18159,158,154,0.35
18160,0,20,0.47
18161,0,146,5.31
18162,0,118,3.34
18163,147,195,0.29
18164,45,32,0.91
18165,219,254,1.32
18166,15,36,1.52
18167,56,48,2.71
18168,0,184,5.22
18169,27,30,0.81
18170,105,30,2.24
18171,103,19,0.36
18172,0,164,1.78
18173,0,115,2.58
18174,0,34,1.92
18175,0,26,0.48
18176,47,49,0.12
18177,23,47,1.82
18178,0,146,2.48
18179,0,114,0.24
18180,37,176,4.50
18181,16,181,5.55
18182,67,77,0.52
18183,39,105,2.98
18184,57,168,4.56
18185,16,38,1.41
18186,40,64,1.91
18187,0,14,0.69
18188,244,275,0.31
18189,40,236,3.14
18190,85,87,0.18
18191,0,92,3.11
18192,12,53,2.57
18193,92,97,0.39
18194,0,90,2.45
18195,140,271,0.31
18196,531,784,1.35
18197,18,52,1.34
18198,211,336,0.31
18199,140,140,0.20
18200,222,391,0.55
18201,19,148,5.29
18202,0,171,0.70
18203,112,20,0.37
18204,25,70,3.07
18205,133,243,0.32
18206,0,152,4.55
18207,11,212,8.63
18208,259,265,0.23
18209,17,24,1.67
18210,17,61,2.20
18211,16,174,2.33
18212,254,288,0.31
18213,30,13,0.04
18214,190,237,0.48
18215,24,143,3.38
18216,0,27,0.34
18217,191,191,0.36
18218,569,596,1.11
18219,23,153,4.43
18220,54,102,0.53
18221,78,155,0.14
18222,14,134,2.62
18223,41,44,1.48
18224,47,17,0.82
18225,0,158,6.19
18226,19,173,4.19
18227,214,230,0.61
18228,14,144,3.49
18229,167,169,0.31
18230,30,164,2.08
18231,0,68,1.50
18232,0,175,3.28
18233,172,181,0.53
18234,0,41,1.43
18235,14,60,3.47
18236,42,215,5.24
18237,75,177,3.31
18238,189,198,0.65
18239,31,55,3.00
18240,31,174,3.83
18241,457,509,0.98
18242,172,188,0.41
18243,62,16,0.41
18244,15,148,3.25
18245,14,106,4.67
18246,195,230,0.50
18247,59,71,1.45
18248,54,74,0.29
18249,0,27,1.73
18250,65,66,0.14
18251,102,164,0.54
18252,0,101,2.69
18253,118,125,0.22
18254,0,32,0.56
18255,12,168,2.89
18256,0,140,4.92
18257,251,292,0.27
18258,190,207,0.27
18259,0,153,4.89
18260,18,26,0.41
18261,23,157,5.56
18262,0,34,1.10
18263,0,58,2.19
18264,111,149,0.53
18265,0,77,1.70
18266,19,137,4.02
18267,620,646,1.24
18268,0,66,3.85
18269,59,24,0.49
18270,201,217,3.17
18271,142,146,0.27
18272,21,101,2.74
18273,23,39,1.90
18274,550,585,1.06
18275,130,268,0.50
18276,39,53,3.15
18277,52,51,0.09
18278,0,18,1.29
18279,636,647,0.31
18280,20,500,0.37
18281,120,129,0.13
18282,306,320,0.31
18283,192,194,0.68
18284,20,137,2.14
18285,67,81,0.67
18286,199,201,0.78
18287,0,94,0.81
18288,0,24,0.41
18289,16,54,1.41
18290,193,207,1.29
18291,40,183,4.91
18292,210,220,0.32
18293,0,0,0.00
18294,0,18,0.94
18295,105,14,1.56
18296,0,170,3.20
18297,236,1154,2.15
18298,24,111,2.53
18299,18,61,2.76
18300,54,79,2.34
18301,66,66,0.11
18302,0,142,2.60
18303,32,180,5.71
18304,161,175,0.32
18305,0,119,2.71
18306,0,0,0.00
18307,269,297,0.35
18308,22,38,1.04
18309,0,21,0.33
18310,172,174,0.33
18311,69,80,0.50
18312,16,122,3.38
18313,80,43,0.33
18314,143,0,0.00
18315,23,57,1.36
18316,61,478,2.89
18317,11,132,3.33
18318,21,39,0.77
18319,14,22,0.65
18320,110,27,1.87
18321,16,22,1.04
18322,16,135,5.27
18323,0,0,0.00
18324,228,235,0.26
18325,23,129,3.82
18326,104,113,0.52
18327,190,263,0.35
18328,0,18,0.83
18329,0,0,0.00
18330,21,176,3.27
18331,149,150,0.59
18332,19,115,2.85
18333,12,59,1.11
18334,18,90,2.11
18335,921,935,0.38
18336,106,553,2.08
18337,237,274,0.55
18338,0,22,1.15
18339,0,50,1.05
18340,125,129,0.23
18341,320,351,0.55
18342,0,112,5.45
18343,210,802,1.17
18344,364,396,1.05
18345,35,1197,3.52
18346,26,63,3.61
18347,43,19,0.46
18348,15,75,2.46
18349,16,170,3.36
18350,68,69,0.31
18351,0,129,2.40
18352,138,138,0.20
18353,53,312,0.52
18354,175,187,0.71
18355,76,29,0.49
18356,21,23,0.38
18357,28,82,4.25
18358,0,102,0.16
18359,27,26,0.53
18360,21,38,2.45
18361,19,107,2.54
18362,18,139,5.34
18363,0,131,5.45
18364,0,51,2.78
18365,0,139,0.21
18366,162,160,0.33
18367,23,93,2.38
18368,22,32,1.50
18369,60,67,0.51
18370,60,21,0.39
18371,0,110,2.41
18372,116,128,0.37
18373,58,263,0.63
18374,16,120,3.25
18375,0,142,7.07
18376,55,21,0.41
18377,0,75,2.86
18378,62,191,2.02
18379,0,29,0.61
18380,113,121,0.43
18381,0,169,7.33
18382,95,391,1.47
18383,334,363,0.47
18384,278,299,0.33
18385,131,135,0.18
18386,0,38,0.43
18387,58,186,3.01
18388,204,669,1.11
18389,16,335,0.39
18390,22,92,3.47
18391,0,28,1.61
18392,59,30,0.37
18393,44,27,0.43
18394,0,91,2.39
18395,13,28,1.05
18396,128,129,0.58
18397,412,436,1.07
18398,39,29,1.75
18399,198,200,0.68
18400,0,127,3.06
18401,39,56,2.80
18402,11,20,0.40
18403,169,171,0.36
18404,152,313,0.39
18405,0,134,2.99
18406,143,145,0.36
18407,0,277,2.08
18408,178,226,0.39
18409,0,118,2.20
18410,0,130,3.18
18411,123,125,0.19
18412,194,469,1.14
18413,0,64,4.54
18414,156,168,0.30
18415,0,66,2.94
18416,118,122,0.20
18417,0,26,1.41
18418,39,29,0.53
18419,21,21,0.56
18420,23,42,0.93
18421,0,146,2.97
18422,26,88,3.24
18423,27,15,0.46
18424,38,24,0.63
18425,156,163,0.31
18426,0,97,2.55
18427,273,308,1.20
18428,0,11,0.29
18429,79,100,1.32
18430,54,58,0.65
18431,127,36,0.04
18432,17,53,4.80
18433,18,32,1.22
18434,61,39,0.77
18435,188,209,0.28
18436,0,38,2.51
18437,0,143,0.40
18438,53,32,1.36
18439,44,19,0.79
18440,16,28,1.24
18441,64,75,0.15
18442,121,84,0.26
18443,210,223,0.33
18444,16,180,2.99
18445,0,36,1.36
18446,72,94,0.21
18447,46,28,1.43
18448,30,181,2.91
18449,22,113,1.82
18450,76,28,1.35
18451,0,150,5.78
18452,65,162,2.15
18453,128,232,1.54
18454,58,149,3.26
18455,17,144,2.87
18456,12,18,1.62
18457,18,170,2.21
18458,0,24,0.52
18459,43,22,0.43
18460,134,18,0.39
18461,133,135,0.45
18462,45,18,0.29
18463,73,21,1.20
18464,117,18,0.42
18465,0,122,3.79
18466,103,109,0.15
18467,18,60,2.00
18468,39,27,1.56
18469,237,264,0.48
18470,18,118,0.41
18471,63,24,0.58
18472,279,838,0.65
18473,373,400,0.32
18474,15,175,3.67
18475,0,148,3.60
18476,43,157,0.52
18477,17,41,1.36
18478,76,175,0.36
18479,0,46,0.80
18480,124,125,0.21
18481,16,20,0.91
18482,37,19,0.27
18483,0,155,5.81
18484,33,46,1.33
18485,0,16,1.69
18486,184,188,0.83
18487,0,0,0.00
18488,18,30,3.49
18489,539,917,0.40
18490,0,28,2.09
18491,43,28,0.65
18492,0,131,3.80
18493,192,381,1.05
18494,0,66,1.45
18495,44,315,1.13
18496,21,70,2.86
18497,35,31,0.60
18498,19,125,2.93
18499,18,0,0.00
18500,170,171,0.55
18501,107,112,0.35
18502,17,130,2.96
18503,12,46,1.43
18504,194,390,0.35
18505,191,197,0.23
18506,0,14,0.43
18507,176,178,0.31
18508,225,241,0.36
18509,0,65,2.22
18510,69,869,3.49
18511,28,117,4.09
18512,0,74,1.43
18513,33,19,1.30
18514,34,161,4.17
18515,11,34,1.11
18516,50,67,0.38
18517,0,0,0.00
18518,24,134,4.23
18519,60,160,2.94
18520,15,14,0.38
18521,179,194,0.31
18522,0,66,2.97
18523,15,42,2.35
18524,404,459,1.02
18525,0,21,0.47
18526,92,95,0.16
18527,225,239,0.34
18528,19,18,0.51
18529,0,150,2.23
18530,13,23,0.85
18531,23,20,0.54
18532,0,120,2.30
18533,44,25,0.52
18534,276,303,0.48
18535,0,152,3.97
18536,19,28,0.48
18537,103,29,0.39
18538,218,273,0.32
18539,318,705,0.38
18540,79,24,0.62
18541,0,20,2.02
18542,18,122,2.98
18543,123,11,0.14
18544,21,66,2.46
18545,260,282,0.38
18546,0,16,0.48
18547,0,29,1.18
18548,63,72,0.64
18549,15,28,0.85
18550,22,74,2.00
18551,79,102,0.17
18552,11,21,0.39
18553,151,334,0.47
18554,0,132,4.30
18555,232,231,0.96
18556,172,586,2.06
18557,126,138,0.28
18558,44,78,0.57
18559,78,80,0.11
18560,0,118,3.77
18561,0,0,0.00
18562,145,159,0.29
18563,172,182,0.42
18564,168,14,0.24
18565,0,85,2.72
18566,0,50,2.37
18567,0,82,0.59
18568,0,37,1.99
18569,0,51,1.94
18570,304,351,1.13
18571,43,36,2.81
18572,20,108,3.36
18573,81,23,1.46
18574,28,20,1.53
18575,212,219,0.72
18576,0,36,1.77
18577,15,34,1.82
18578,19,31,1.62
18579,0,80,1.95
18580,0,146,3.91
18581,29,164,3.75
18582,18,44,1.91
18583,0,103,1.76
18584,933,1086,0.39
18585,170,171,0.33
18586,34,38,0.14
18587,52,27,1.45
18588,16,222,4.45
18589,100,101,0.32
18590,22,17,0.43
18591,105,154,0.40
18592,18,47,1.56
18593,135,145,0.32
18594,25,194,2.85
18595,0,21,1.32
18596,13,26,1.38
18597,43,17,0.22
18598,17,120,2.77
18599,12,181,0.34
18600,13,16,0.19
18601,434,458,0.55
18602,16,44,2.82
18603,0,103,2.85
18604,209,255,0.55
18605,21,17,0.17
18606,0,24,0.30
18607,17,41,4.34
18608,0,13,0.26
18609,18,132,3.52
18610,130,133,0.34
18611,40,21,0.47
18612,98,104,0.27
18613,514,527,1.82
18614,24,85,2.66
18615,770,1055,0.54
18616,76,76,0.33
18617,0,35,0.50
18618,110,15,0.25
18619,18,201,6.95
18620,167,276,0.52
18621,24,37,0.78
18622,16,30,1.91
18623,220,258,0.25
18624,30,131,4.75
18625,19,30,1.27
18626,22,185,4.85
18627,63,19,0.19
18628,0,112,2.54
18629,0,37,0.61
18630,31,141,2.36
18631,17,84,2.49
18632,24,168,1.97
18633,16,29,1.52
18634,126,539,2.71
18635,21,38,0.83
18636,383,426,0.59
18637,356,372,0.36
18638,70,247,3.57
18639,0,127,4.10
18640,184,241,0.40
18641,56,23,1.96
18642,80,248,1.81
18643,72,15,0.40
18644,0,149,4.23
18645,26,124,4.37
18646,204,249,0.53
18647,53,132,0.19
18648,26,275,1.31
18649,279,312,0.22
18650,68,74,0.38
18651,0,0,0.00
18652,0,15,0.55
18653,176,177,0.65
18654,85,86,0.26
18655,27,43,1.08
18656,250,589,1.08
18657,133,141,0.60
18658,0,51,3.05
18659,49,35,2.43
18660,102,138,0.31
18661,20,26,1.22
18662,0,58,2.64
18663,119,120,0.19
18664,0,20,1.51
18665,619,637,1.13
18666,0,22,1.45
18667,633,687,0.88
18668,0,119,2.88
18669,112,19,0.45
18670,209,224,0.56
18671,0,112,2.76
18672,154,156,0.24
18673,73,78,0.13
18674,19,39,1.31
18675,15,73,3.26
18676,202,204,0.35
18677,0,153,2.34
18678,36,15,0.23
18679,376,414,1.18
18680,0,152,2.36
18681,66,97,0.51
18682,149,176,1.00
18683,0,133,2.61
18684,31,101,2.42
18685,0,36,1.47
18686,28,64,6.01
18687,150,152,0.23
18688,0,29,1.85
18689,0,47,0.27
18690,20,88,5.57
18691,19,31,2.05
18692,0,0,0.00
18693,716,743,0.28
18694,0,50,1.55
18695,81,17,0.47
18696,19,138,8.47
18697,127,127,0.20
18698,195,222,0.24
18699,38,55,2.35
18700,31,42,1.53
18701,0,53,0.10
18702,22,62,1.17
18703,20,132,6.72
18704,148,160,1.03
18705,0,189,4.83
18706,76,88,0.40
18707,52,64,0.48
18708,59,32,0.56
18709,31,59,3.92
18710,0,40,0.92
18711,16,246,4.61
18712,33,103,2.89
18713,105,133,0.34
18714,96,100,0.58
18715,141,143,0.17
18716,159,163,0.32
18717,0,129,2.49
18718,15,72,1.91
18719,103,131,0.30
18720,235,263,0.62
18721,38,20,1.10
18722,0,139,3.79
18723,545,577,1.18
18724,98,101,0.23
18725,81,85,0.21
18726,22,19,0.99
18727,47,32,1.38
18728,26,54,1.59
18729,249,279,0.30
18730,17,80,2.22
18731,391,838,0.53
18732,29,13,0.17
18733,0,147,4.06
18734,80,98,0.43
18735,0,308,0.93
18736,88,96,0.47
18737,40,146,0.78
18738,43,141,3.64
18739,87,87,0.12
18740,28,137,5.21
18741,22,301,2.97
18742,134,17,0.32
18743,46,38,2.03
18744,48,132,6.07
18745,0,135,0.66
18746,144,22,1.57
18747,37,139,3.69
18748,21,13,0.37
18749,59,14,0.47
18750,0,160,2.72
18751,135,27,0.50
18752,19,37,1.18
18753,16,139,2.68
18754,74,21,0.58
18755,306,314,0.28
18756,19,40,0.64
18757,0,66,2.90
18758,90,93,0.21
18759,19,152,3.90
18760,0,47,3.07
18761,25,44,0.68
18762,61,46,2.07
18763,60,72,0.19
18764,87,89,0.17
18765,46,236,0.39
18766,22,195,3.32
18767,125,138,0.40
18768,0,87,3.92
18769,15,144,2.95
18770,0,171,0.19
18771,257,279,0.23
18772,547,631,1.16
18773,11,28,0.69
18774,0,29,0.65
18775,22,12,0.09
18776,31,165,0.41
18777,0,25,1.32
18778,18,25,1.51
18779,211,213,0.34
18780,75,77,0.16
18781,0,105,3.57
18782,132,141,0.22
18783,291,307,0.26
18784,69,71,0.14
18785,21,23,1.35
18786,85,23,0.50
18787,0,59,1.48
18788,0,154,4.92
18789,29,158,1.89
18790,242,247,0.34
18791,159,17,0.69
18792,16,101,0.59
18793,54,22,0.44
18794,16,26,1.19
18795,187,191,0.50
18796,17,119,5.62
18797,23,16,3.22
18798,0,183,2.64
18799,210,233,0.38
18800,331,779,0.43
18801,0,134,3.65
18802,22,53,1.98
18803,18,16,0.73
18804,0,54,2.02
18805,0,159,3.44
18806,29,13,0.46
18807,22,121,2.15
18808,24,173,2.76
18809,43,26,0.40
18810,18,97,4.70
18811,84,88,0.29
18812,41,25,0.82
18813,23,109,1.83
18814,727,744,0.37
18815,42,59,3.88
18816,0,31,1.82
18817,144,150,0.33
18818,201,216,0.39
18819,142,147,0.50
18820,13,135,2.06
18821,245,288,0.25
18822,0,0,0.00
18823,18,214,2.88
18824,16,190,3.28
18825,0,32,1.69
18826,56,39,1.98
18827,200,19,0.12
18828,389,728,0.35
18829,0,155,6.15
18830,55,153,5.11
18831,18,181,4.06
18832,118,126,0.34
18833,14,66,2.49
18834,610,620,0.35
18835,0,28,1.03
18836,297,299,0.25
18837,16,43,2.34
18838,17,52,1.82
18839,93,101,0.37
18840,39,22,1.23
18841,0,0,0.00
18842,0,132,0.20
18843,264,289,0.35
18844,0,738,1.04
18845,0,75,4.78
18846,52,53,0.13
18847,49,49,0.10
18848,0,29,0.81
18849,0,159,0.41
18850,0,36,1.97
18851,56,160,2.76
18852,34,19,1.08
18853,14,139,3.54
18854,70,82,0.70
18855,492,508,1.05
18856,357,386,0.37
18857,199,216,0.54
18858,221,505,1.08
18859,125,129,0.50
18860,16,181,1.91
18861,186,189,0.26
18862,22,77,2.80
18863,53,53,0.20
18864,13,548,0.82
18865,84,86,0.14
18866,50,17,0.20
18867,0,125,3.76
18868,116,117,0.25
18869,57,20,0.49
18870,0,0,0.00
18871,259,645,1.09
18872,36,142,0.70
18873,355,401,0.53
18874,26,116,0.28
18875,0,615,0.38
18876,309,336,0.44
18877,1523,2503,6.03
18878,279,306,0.28
18879,14,163,5.45
18880,0,130,3.45
18881,32,147,3.26
18882,107,124,0.24
18883,0,112,2.73
18884,0,46,1.16
18885,24,146,2.22
18886,58,104,0.75
18887,177,433,1.52
18888,223,270,0.55
18889,68,71,0.10
18890,73,79,0.20
18891,16,0,0.00
18892,14,31,0.66
18893,0,63,2.01
18894,125,125,0.17
18895,20,121,4.78
18896,244,656,1.38
18897,124,149,0.31
18898,166,165,0.71
18899,332,358,0.45
18900,17,121,3.50
18901,92,96,0.17
18902,23,63,1.85
18903,0,0,0.00
18904,253,746,0.64
18905,0,144,2.44
18906,83,102,1.33
18907,14,63,0.29
18908,0,61,2.53
18909,195,204,0.36
18910,203,238,0.49
18911,22,120,3.52
18912,74,221,0.96
18913,197,208,0.39
18914,166,338,0.66
18915,318,359,0.48
18916,0,53,1.39
18917,229,249,1.67
18918,219,224,0.36
18919,37,160,0.66
18920,247,432,1.11
18921,0,148,4.08
18922,176,185,0.51
18923,82,0,0.00
18924,15,35,0.79
18925,130,16,0.34
18926,126,144,1.17
18927,130,137,0.35
18928,20,28,3.29
18929,204,251,0.27
18930,93,96,0.16
18931,15,136,3.58
18932,40,158,6.32
18933,0,62,3.39
18934,15,157,2.12
18935,80,85,0.15
18936,275,298,0.66
18937,180,181,0.28
18938,23,41,2.17
18939,0,106,5.08
18940,73,92,0.42
18941,20,20,0.42
18942,0,122,5.32
18943,25,0,0.00
18944,232,391,0.45
18945,174,0,0.00
18946,226,225,0.96
18947,21,131,3.35
18948,0,22,0.54
18949,0,121,4.09
18950,36,311,3.53
18951,140,298,0.46
18952,40,183,4.14
18953,0,67,1.34
18954,118,20,0.33
18955,0,0,0.00
18956,18,16,0.36
18957,282,307,0.29
18958,158,158,0.33
18959,21,134,3.56
18960,772,779,0.32
18961,638,1205,1.23
18962,0,129,2.70
18963,173,26,1.87
18964,86,482,2.05
18965,16,73,3.49
18966,0,37,1.68
18967,172,20,0.52
18968,26,32,1.57
18969,124,138,0.36
18970,22,129,4.42
18971,482,508,0.89
18972,15,153,2.55
18973,416,425,0.43
18974,177,198,0.36
18975,13,137,3.06
18976,416,440,0.53
18977,15,113,1.67
18978,397,746,0.40
18979,35,57,1.58
18980,41,172,2.84
18981,191,317,1.42
18982,160,189,0.41
18983,0,23,0.48
18984,23,27,1.26
18985,183,224,0.92
18986,52,52,0.15
18987,660,1635,3.25
18988,256,522,0.58
18989,66,21,0.87
18990,120,118,0.73
18991,24,27,0.68
18992,0,132,2.44
18993,130,130,0.31
18994,0,49,0.54
18995,26,18,0.35
18996,804,828,1.21
18997,22,15,0.31
18998,102,114,0.24
18999,28,67,1.76
19000,0,38,0.57
19001,0,0,0.00
19002,52,66,0.24
19003,0,46,2.12
19004,617,652,1.28
19005,14,34,2.23
19006,120,18,0.37
19007,117,126,0.30
19008,16,105,1.58
19009,285,288,0.30
19010,0,77,2.28
19011,15,128,3.14
19012,28,0,0.00
19013,15,456,0.82
19014,17,74,3.29
19015,18,170,6.31
19016,42,62,1.39
19017,0,138,2.57
19018,0,0,0.00
19019,143,143,0.31
19020,0,27,1.22
19021,184,220,0.32
19022,42,23,0.66
19023,0,102,1.85
19024,20,31,0.75
19025,26,31,0.23
19026,214,221,0.40
19027,99,99,0.18
19028,220,220,0.63
19029,266,312,0.31
19030,20,145,3.04
19031,0,103,4.97
19032,36,40,0.53
19033,150,167,1.53
19034,22,71,3.72
19035,54,179,3.39
19036,17,161,3.93
19037,104,112,0.46
19038,60,75,0.39
19039,0,38,1.67
19040,33,69,3.75
19041,58,34,2.26
19042,29,23,0.84
19043,69,31,1.63
19044,0,56,0.31
19045,269,398,0.51
19046,56,21,0.36
19047,24,20,0.33
19048,32,0,0.00
19049,43,186,2.03
19050,0,13,0.65
19051,46,13,0.19
19052,21,33,2.78
19053,57,16,0.82
19054,163,134,0.21
19055,82,312,6.12
19056,23,31,1.20
19057,26,44,0.53
19058,71,35,1.25
19059,42,182,2.14
19060,29,60,1.65
19061,113,119,0.71
19062,54,63,0.23
19063,83,93,0.26
19064,62,791,5.57
19065,68,190,6.15
19066,0,43,0.92
19067,93,0,0.00
19068,197,214,0.38
19069,0,124,5.81
19070,63,18,1.60
19071,129,140,0.33
19072,190,191,0.71
19073,0,28,0.16
19074,0,94,2.12
19075,0,30,0.49
19076,128,345,1.02
19077,19,21,0.35
19078,444,468,0.30
19079,117,117,0.20
19080,0,51,2.11
19081,0,57,0.84
19082,272,308,1.31
19083,63,63,0.09
19084,201,210,2.62
19085,43,205,3.28
19086,0,62,3.18
19087,443,480,0.92
19088,85,93,0.42
19089,68,203,4.01
19090,29,23,0.92
19091,0,85,2.01
19092,0,73,0.10
19093,36,88,4.34
19094,87,88,0.13
19095,24,98,2.18
19096,24,29,0.66
19097,228,246,0.44
19098,249,268,0.32
19099,38,65,1.50
19100,37,408,0.61
19101,24,39,1.07
19102,316,623,0.35
19103,0,166,3.60
19104,109,1696,3.17
19105,0,133,4.07
19106,60,60,0.08
19107,16,14,0.31
19108,29,26,0.37
19109,25,108,1.97
19110,411,437,0.48
19111,43,205,0.53
19112,0,0,0.00
19113,33,86,3.71
19114,16,26,0.49
19115,307,26,0.15
19116,19,32,0.51
19117,18,27,0.66
19118,42,47,0.36
19119,80,21,2.07
19120,0,32,0.91
19121,0,48,1.62
19122,40,167,3.64
19123,0,0,0.00
19124,0,99,1.45
19125,172,572,0.94
19126,0,148,4.26
19127,371,388,0.29
19128,0,37,0.75
19129,25,69,2.16
19130,22,82,3.10
19131,0,126,3.98
19132,18,47,2.05
19133,0,14,0.40
19134,203,905,0.92
19135,79,86,3.34
19136,127,18,0.39
19137,282,310,0.42
19138,0,137,3.67
19139,74,93,1.31
19140,16,48,0.99
19141,49,52,0.16
19142,280,575,1.16
19143,29,21,0.74
19144,245,256,0.21
19145,114,15,1.07
19146,205,256,0.26
19147,73,16,0.35
19148,35,158,3.35
19149,62,63,0.20
19150,23,49,1.95
19151,67,82,0.25
19152,19,94,2.87
19153,15,18,0.80
19154,77,222,1.66
19155,98,98,0.13
19156,197,198,0.63
19157,42,15,0.07
19158,29,14,0.51
19159,0,15,0.42
19160,246,256,0.98
19161,298,312,0.34
19162,176,193,0.34
19163,0,100,3.27
19164,0,0,0.00
19165,0,78,1.79
19166,0,13,0.11
19167,208,386,0.40
19168,0,56,2.37
19169,48,37,1.46
19170,138,559,1.12
19171,106,125,0.51
19172,15,22,1.03
19173,199,937,2.90
19174,70,26,0.62
19175,0,39,1.59
19176,324,348,0.52
19177,178,201,0.51
19178,0,144,3.42
19179,326,359,0.43
19180,0,101,2.26
19181,25,41,2.47
19182,256,272,0.23
19183,50,25,0.58
19184,16,0,0.00
19185,139,139,0.21
19186,274,307,0.38
19187,0,140,3.81
19188,0,44,2.69
19189,36,39,1.67
19190,71,77,0.53
19191,42,0,0.00
19192,0,21,0.47
19193,60,49,3.89
19194,20,163,3.56
19195,167,170,0.95
19196,238,253,0.29
19197,0,140,3.73
19198,0,22,0.49
19199,151,438,0.47
19200,0,74,1.03
19201,157,200,1.12
19202,189,202,0.39
19203,17,159,3.43
19204,0,29,1.63
19205,165,180,0.69
19206,21,25,0.55
19207,0,27,1.17
19208,0,15,1.06
19209,17,27,1.44
19210,179,187,0.63
19211,215,240,0.21
19212,14,68,5.40
19213,92,97,0.36
19214,14,63,1.60
19215,192,206,0.33
19216,16,191,5.34
19217,39,37,0.68
19218,19,152,4.55
19219,106,126,0.52
19220,32,43,0.90
19221,0,24,1.91
19222,33,167,3.78
19223,138,353,0.40
19224,0,148,3.50
19225,304,354,0.28
19226,14,47,0.88
19227,0,92,2.72
19228,59,69,0.60
19229,215,233,0.44
19230,84,392,0.59
19231,31,88,3.04
19232,221,273,0.42
19233,0,65,2.35
19234,161,187,0.26
19235,0,0,0.00
19236,19,42,2.48
19237,147,1100,1.20
19238,27,36,1.87
19239,19,115,4.42
19240,0,14,0.50
19241,54,23,0.81
19242,12,115,4.06
19243,334,367,0.33
19244,397,1063,5.07
19245,14,24,1.40
19246,0,1036,2.92
19247,18,0,0.00
19248,28,122,5.66
19249,198,1041,3.46
19250,0,17,1.28
19251,14,61,2.30
19252,17,110,4.60
19253,44,198,2.43
19254,121,18,0.27
19255,0,118,2.24
19256,118,17,0.33
19257,21,137,3.75
19258,20,127,6.35
19259,24,0,0.00
19260,0,95,3.28
19261,14,44,1.47
19262,144,157,0.40
19263,68,68,0.35
19264,0,35,2.03
19265,24,14,0.59
19266,186,226,0.48
19267,0,120,2.85
19268,236,493,0.98
19269,0,72,4.27
19270,67,82,0.31
19271,21,34,0.50
19272,115,116,0.20
19273,100,0,0.00
19274,130,139,0.86
19275,43,20,0.50
19276,0,95,5.81
19277,46,19,0.70
19278,0,143,6.20
19279,18,97,1.97
19280,190,209,0.52
19281,0,34,2.75
19282,19,202,2.16
19283,47,51,0.16
19284,113,123,0.24
19285,95,207,0.96
19286,0,154,3.83
19287,17,20,0.43
19288,26,29,1.81
19289,20,161,3.85
19290,209,365,0.32
19291,168,187,0.42
19292,34,17,0.25
19293,58,81,0.24
19294,20,130,1.90
19295,85,14,0.25
19296,0,21,1.16
19297,282,293,0.80
19298,0,55,1.30
19299,0,29,1.90
19300,127,48,2.00
19301,17,126,2.54
19302,233,288,0.48
19303,47,204,3.72
19304,15,141,2.36
19305,34,23,1.02
19306,0,78,4.15
19307,268,749,1.17
19308,36,117,3.53
19309,38,280,1.67
19310,0,94,4.05
19311,34,36,1.40
19312,105,45,0.43
19313,26,136,1.87
19314,195,328,0.45
19315,229,234,0.32
19316,23,89,1.55
19317,20,166,4.76
19318,187,432,1.02
19319,26,119,0.35
19320,23,20,1.91
19321,256,275,0.30
19322,54,23,0.82
19323,209,238,0.42
19324,97,104,0.26
19325,0,30,0.94
19326,17,24,0.96
19327,23,159,0.54
19328,121,299,0.58
19329,0,19,0.51
19330,90,13,0.33
19331,246,931,2.52
19332,39,122,1.89
19333,22,22,1.17
19334,60,24,1.98
19335,79,19,0.35
19336,17,128,5.51
19337,33,53,1.78
19338,69,71,0.16
19339,80,24,0.52
19340,0,45,2.74
19341,71,81,0.42
19342,99,39,0.40
19343,152,203,0.44
19344,0,16,0.37
19345,0,18,1.14
19346,29,31,0.03
19347,155,187,0.36
19348,27,77,1.67
19349,111,111,0.23
19350,42,20,0.31
19351,24,74,2.51
19352,100,105,1.26
19353,153,153,0.46
19354,0,111,3.02
19355,0,0,0.00
19356,0,142,2.55
19357,49,19,0.20
19358,190,219,0.38
19359,112,112,0.18
19360,234,622,1.10
19361,20,105,4.20
19362,25,128,5.44
19363,19,61,1.69
19364,247,259,0.28
19365,13,33,0.74
19366,80,19,0.62
19367,22,162,2.42
19368,259,303,0.43
19369,25,41,1.22
19370,100,27,0.52
19371,0,90,0.12
19372,0,21,0.51
19373,164,405,1.27
19374,0,107,5.56
19375,143,145,0.27
19376,34,169,4.03
19377,22,24,1.23
19378,205,221,0.27
19379,283,15,0.12
19380,17,69,2.62
19381,30,172,4.15
19382,46,42,1.48
19383,0,18,1.78
19384,0,139,5.33
19385,421,477,1.14
19386,35,106,3.36
19387,64,227,0.52
19388,0,0,0.00
19389,0,32,1.70
19390,25,102,0.64
19391,45,95,0.47
19392,13,26,2.01
19393,65,69,0.17
19394,16,46,0.97
19395,83,28,1.94
19396,0,171,2.70
19397,182,256,0.37
19398,21,53,5.39
19399,204,443,1.12
19400,0,85,3.68
19401,349,396,0.56
19402,221,261,0.61
19403,294,645,1.25
19404,0,40,0.97
19405,97,131,0.94
19406,245,151,1.03
19407,50,155,2.38
19408,0,84,3.20
19409,0,92,2.70
19410,99,99,0.15
19411,0,50,3.79
19412,21,117,5.54
19413,39,27,1.03
19414,476,0,0.00
19415,102,16,0.02
19416,0,159,2.93
19417,50,683,2.23
19418,0,133,3.06
19419,309,343,0.38
19420,152,242,0.96
19421,112,160,0.41
19422,15,136,1.85
19423,0,54,2.09
19424,38,38,0.04
19425,0,153,6.77
19426,37,14,0.45
19427,140,153,0.65
19428,349,376,0.25
19429,35,186,5.37
19430,189,29,0.07
19431,0,86,3.54
19432,13,20,0.52
19433,28,107,2.88
19434,32,188,2.52
19435,249,319,0.79
19436,184,212,0.46
19437,20,108,3.96
19438,228,419,0.68
19439,37,40,2.48
19440,39,23,0.48
19441,75,18,0.34
19442,0,24,0.51
19443,15,122,7.40
19444,0,150,3.46
19445,76,31,0.61
19446,481,497,0.70
19447,155,182,0.38
19448,0,57,1.66
19449,35,91,2.26
19450,35,140,5.75
19451,0,16,1.20
19452,56,118,0.64
19453,0,20,0.34
19454,41,128,4.08
19455,33,81,3.36
19456,157,170,0.37
19457,21,131,1.66
19458,0,43,1.82
19459,45,26,0.98
19460,517,570,1.00
19461,35,45,0.33
19462,17,20,1.33
19463,24,193,3.06
19464,19,94,3.33
19465,275,325,0.30
19466,34,128,3.15
19467,185,207,0.48
19468,115,115,0.13
19469,0,142,2.54
19470,20,164,2.68
19471,85,94,0.35
19472,0,0,0.00
19473,20,159,2.36
19474,31,165,2.67
19475,18,19,0.52
19476,0,21,0.65
19477,61,21,0.53
19478,158,420,0.38
19479,106,108,0.21
19480,110,123,0.30
19481,0,22,0.52
19482,1149,1172,1.55
19483,40,94,1.56
19484,298,303,1.04
19485,0,68,2.19
19486,15,140,0.61
19487,12,136,0.59
19488,0,110,2.49
19489,122,143,0.33
19490,18,27,0.40
19491,31,173,4.13
19492,19,43,1.59
19493,27,47,0.96
19494,187,192,0.36
19495,244,276,0.33
19496,85,86,0.12
19497,0,28,0.50
19498,0,27,1.94
19499,0,39,2.29
19500,0,161,2.10
19501,24,64,2.01
19502,0,32,0.40
19503,115,123,1.16
19504,83,99,0.39
19505,354,407,0.52
19506,16,187,2.90
19507,17,20,0.44
19508,45,29,0.45
19509,0,42,1.28
19510,0,48,2.58
19511,227,239,0.63
19512,661,765,1.13
19513,15,18,0.97
19514,46,232,6.10
19515,533,738,1.16
19516,0,18,0.35
19517,103,103,0.13
19518,0,42,2.03
19519,59,53,1.91
19520,25,150,4.21
19521,335,541,0.56
19522,207,209,0.30
19523,45,84,2.90
19524,22,154,3.65
19525,189,189,0.64
19526,149,149,0.59
19527,37,150,3.36
19528,0,142,2.97
19529,622,0,0.00
19530,26,32,1.11
19531,41,106,3.07
19532,34,24,0.33
19533,25,29,1.67
19534,0,57,0.71
19535,192,362,0.45
19536,157,237,1.09
19537,52,50,0.97
19538,197,197,0.56
19539,0,40,2.13
19540,115,536,1.12
19541,129,224,0.80
19542,22,129,3.16
19543,0,25,1.13
19544,189,410,1.03
19545,161,22,0.65
19546,56,65,0.20
19547,140,141,0.64
19548,21,112,4.36
19549,66,146,0.61
19550,131,131,0.36
19551,181,19,0.82
19552,19,49,2.16
19553,0,129,4.94
19554,55,149,3.55
19555,145,15,0.35
19556,39,130,4.55
19557,195,206,0.46
19558,0,141,6.68
19559,197,216,0.38
19560,22,16,0.16
19561,244,399,0.37
19562,23,127,4.99
19563,17,108,1.84
19564,86,46,0.04
19565,183,185,0.41
19566,22,135,2.34
19567,144,148,0.35
19568,0,25,1.53
19569,847,1705,2.33
19570,0,92,5.16
19571,43,27,0.93
19572,81,104,0.26
19573,0,17,0.31
19574,26,165,4.73
19575,46,145,3.18
19576,0,132,8.18
19577,16,26,1.95
19578,192,22,0.31
19579,136,136,0.20
19580,18,43,2.67
19581,212,233,0.37
19582,51,180,5.85
19583,0,24,1.49
19584,0,94,6.28
19585,92,97,0.18
19586,189,191,0.23
19587,185,191,0.30
19588,0,26,0.98
19589,13,117,6.92
19590,130,139,0.53
19591,166,172,0.33
19592,60,69,0.30
19593,0,0,0.00
19594,25,275,0.32
19595,21,27,0.43
19596,63,76,0.26
19597,23,50,1.74
19598,12,38,2.69
19599,225,243,0.53
19600,18,55,1.49
19601,206,413,0.59
19602,0,81,2.25
19603,134,22,0.37
19604,285,282,0.54
19605,32,187,3.67
19606,56,57,0.18
19607,0,40,1.41
19608,44,70,3.21
19609,75,75,0.11
19610,30,114,2.02
19611,94,100,0.38
19612,142,153,0.45
19613,0,31,1.28
19614,54,44,2.37
19615,153,160,0.40
19616,0,69,4.56
19617,23,99,1.85
19618,313,320,0.35
19619,60,27,1.14
19620,77,79,5.01
19621,0,46,2.83
19622,14,19,1.04
19623,25,113,3.78
19624,28,35,1.47
19625,13,28,2.21
19626,186,204,0.60
19627,190,192,0.70
19628,0,62,2.43
19629,0,136,5.19
19630,479,481,0.77
19631,0,14,0.24
19632,31,91,0.85
19633,43,17,0.47
19634,125,130,0.23
19635,0,0,0.00
19636,310,310,0.94
19637,0,71,2.25
19638,34,110,2.83
19639,343,362,0.32
19640,270,282,0.92
19641,19,24,2.41
19642,289,323,0.51
19643,17,60,1.60
19644,258,507,0.70
19645,25,26,0.36
19646,16,85,2.74
19647,28,17,0.37
19648,229,241,0.29
19649,27,36,1.42
19650,0,143,2.37
19651,220,591,1.09
19652,0,69,0.10
19653,228,642,1.21
19654,364,20,0.67
19655,0,0,0.00
19656,78,16,0.91
19657,18,128,2.54
19658,24,19,0.36
19659,0,49,1.75
19660,0,17,0.23
19661,147,163,0.38
19662,0,17,2.09
19663,60,211,5.00
19664,85,111,0.27
19665,15,128,1.51
19666,48,205,4.72
19667,54,28,0.74
19668,0,131,2.67
19669,30,137,6.89
19670,43,175,2.37
19671,239,259,1.00
19672,14,150,4.13
19673,16,18,0.50
19674,103,13,0.25
19675,0,45,0.76
19676,18,173,8.80
19677,186,203,0.35
19678,122,142,1.01
19679,0,138,4.38
19680,40,26,2.40
19681,27,53,1.31
19682,29,32,1.61
19683,0,173,4.15
19684,172,223,0.48
19685,28,34,0.55
19686,22,74,3.80
19687,220,710,1.11
19688,55,18,0.46
19689,0,96,1.42
19690,232,233,0.79
19691,182,182,0.31
19692,89,106,0.32
19693,17,77,1.38
19694,16,16,1.27
19695,216,611,1.10
19696,227,407,0.42
19697,19,90,2.88
19698,88,96,0.34
19699,15,16,0.35
19700,18,104,0.60
19701,0,22,0.37
19702,0,26,0.91
19703,117,12,0.18
19704,0,68,3.08
19705,105,109,0.30
19706,31,170,2.13
19707,50,18,0.91
19708,198,229,0.30
19709,18,18,1.13
19710,47,23,1.52
19711,0,134,5.03
19712,19,44,1.20
19713,326,339,0.28
19714,13,79,2.66
19715,377,696,1.94
19716,15,213,4.32
19717,60,61,0.12
19718,644,646,0.34
19719,0,84,4.84
19720,0,113,5.17
19721,19,45,0.59
19722,156,156,0.39
19723,17,119,3.08
19724,157,169,0.27
19725,337,372,0.25
19726,39,20,0.71
19727,0,38,1.26
19728,102,127,0.29
19729,26,253,1.50
19730,387,223,0.32
19731,45,195,5.89
19732,21,38,1.59
19733,372,30,1.52
19734,24,22,0.22
19735,0,95,2.10
19736,70,98,0.35
19737,108,113,0.19
19738,0,64,3.47
19739,26,24,1.51
19740,26,27,0.41
19741,16,83,4.12
19742,173,178,0.28
19743,0,17,0.58
19744,0,82,3.17
19745,0,53,2.05
19746,79,90,0.25
19747,193,226,0.38
19748,231,256,0.50
19749,0,0,0.00
19750,14,43,1.39
19751,0,51,3.56
19752,13,159,2.52
19753,0,103,3.49
19754,69,23,2.48
19755,35,216,3.08
19756,53,12,0.23
19757,21,154,1.70
19758,50,24,0.43
19759,38,38,1.64
19760,246,260,0.76
19761,94,24,1.36
19762,188,254,0.43
19763,0,58,1.52
19764,61,19,1.13
19765,0,84,1.87
19766,126,126,0.21
19767,31,90,4.42
19768,38,138,0.56
19769,0,0,0.00
19770,15,213,3.83
19771,0,60,2.24
19772,247,396,0.43
19773,100,110,0.36
19774,17,180,5.63
19775,0,38,0.90
19776,142,26,0.51
19777,116,23,0.49
19778,194,196,0.43
19779,0,21,1.45
19780,69,70,0.16
19781,304,316,0.36
19782,135,140,0.47
19783,0,111,5.89
19784,19,134,3.11
19785,243,243,0.30
19786,0,96,3.08
19787,11,164,2.80
19788,127,465,1.03
19789,13,84,2.30
19790,0,29,0.79
19791,18,24,0.46
19792,0,170,2.64
19793,18,78,2.53
19794,39,16,1.43
19795,18,54,1.14
19796,0,114,3.31
19797,17,24,0.58
19798,17,99,2.89
19799,588,600,1.01
19800,0,127,3.27
19801,215,241,1.12
19802,20,32,1.42
19803,40,172,0.54
19804,14,212,4.21
19805,0,118,3.59
19806,134,1606,3.19
19807,27,62,1.03
19808,50,182,6.08
19809,103,44,1.23
19810,15,188,4.65
19811,270,297,2.44
19812,0,17,0.60
19813,24,51,3.03
19814,51,52,0.11
19815,165,349,0.57
19816,46,43,2.56
19817,0,71,1.94
19818,10,34,1.32
19819,17,26,1.32
19820,256,271,0.31
19821,0,77,2.06
19822,42,189,4.49
19823,0,125,4.65
19824,175,19,0.46
19825,69,188,0.79
19826,228,413,1.31
19827,460,471,1.00
19828,0,11,0.20
19829,73,76,0.18
19830,28,123,2.91
19831,0,23,0.59
19832,22,132,2.46
19833,643,691,1.20
19834,43,46,3.29
19835,20,129,5.78
19836,42,40,1.32
19837,110,111,0.20
19838,16,51,2.33
19839,21,196,6.40
19840,178,17,0.23
19841,0,140,4.71
19842,93,100,0.45
19843,106,115,0.15
19844,124,131,0.34
19845,42,42,0.08
19846,0,121,3.14
19847,23,66,2.97
19848,0,62,2.78
19849,25,76,0.93
19850,242,236,0.94
19851,23,139,2.31
19852,138,17,0.40
19853,208,209,0.89
19854,0,149,6.27
19855,0,131,2.65
19856,127,127,0.20
19857,16,31,1.73
19858,218,256,0.30
19859,0,136,3.91
19860,31,20,0.30
19861,185,21,0.47
19862,128,128,0.18
19863,87,95,0.41
19864,45,181,2.62
19865,16,142,3.91
19866,26,18,0.39
19867,301,306,0.50
19868,28,15,0.16
19869,44,125,5.58
19870,239,451,0.67
19871,28,41,0.49
19872,146,157,0.28
19873,0,74,1.17
19874,0,74,0.32
19875,103,18,1.45
19876,13,116,1.61
19877,22,158,2.11
19878,50,17,0.36
19879,41,20,0.90
19880,17,91,5.73
19881,89,328,0.46
19882,79,81,0.14
19883,0,55,3.09
19884,0,27,1.37
19885,21,63,2.44
19886,110,149,0.46
19887,116,122,0.48
19888,58,15,0.38
19889,143,19,0.51
19890,0,14,0.36
19891,16,116,2.59
19892,22,52,2.60
19893,0,25,1.56
19894,18,21,0.51
19895,0,144,2.29
19896,191,239,0.48
19897,0,14,0.18
19898,0,372,0.25
19899,201,234,0.38
19900,217,233,0.27
19901,171,189,0.59
19902,0,85,2.38
19903,141,152,0.41
19904,0,143,1.62
19905,55,35,0.46
19906,22,22,0.12
19907,12,19,1.01
19908,27,21,0.48
19909,24,69,2.28
19910,294,314,0.44
19911,13,29,0.46
19912,26,95,3.74
19913,425,451,0.41
19914,0,65,0.52
19915,12,18,0.39
19916,30,178,5.86
19917,15,0,0.00
19918,19,75,2.58
19919,35,137,4.12
19920,29,21,1.54
19921,0,158,4.02
19922,88,102,0.32
19923,98,143,1.22
19924,0,150,2.94
19925,310,359,0.52
19926,0,18,0.70
19927,308,348,0.80
19928,110,384,1.97
19929,95,98,0.31
19930,16,32,0.83
19931,340,360,1.04
19932,317,356,0.45
19933,44,37,2.84
19934,20,127,2.08
19935,200,15,0.61
19936,102,112,0.37
19937,0,28,0.57
19938,27,33,1.75
19939,15,74,3.68
19940,56,253,6.97
19941,39,180,1.72
19942,0,58,1.12
19943,33,30,0.51
19944,39,199,6.02
19945,14,0,0.00
19946,18,59,0.30
19947,20,36,1.07
19948,39,25,0.64
19949,21,59,2.08
19950,19,143,4.48
19951,50,49,1.34
19952,215,419,0.38
19953,15,47,0.31
19954,42,198,4.06
19955,89,27,0.45
19956,0,39,2.27
19957,65,71,0.27
19958,19,21,0.98
19959,0,99,2.25
19960,0,157,4.97
19961,0,109,3.37
19962,28,171,6.92
19963,0,75,2.79
19964,111,114,0.40
19965,47,168,3.15
19966,238,264,0.48
19967,41,53,3.26
19968,0,12,0.76
19969,30,22,0.52
19970,171,522,1.14
19971,0,42,0.94
19972,17,23,1.61
19973,201,206,0.50
19974,279,23,0.07
19975,0,21,2.05
19976,200,440,0.62
19977,388,1749,20.13
19978,100,371,0.59
19979,40,66,4.80
19980,51,60,4.23
19981,48,21,0.54
19982,34,25,0.51
19983,76,82,0.31
19984,17,268,0.76
19985,422,475,1.20
19986,18,128,4.12
19987,37,106,2.70
19988,45,175,0.27
19989,258,16,0.18
19990,224,238,0.48
19991,0,134,2.25
19992,52,38,0.82
19993,0,138,2.72
19994,29,138,1.44
19995,41,164,3.75
19996,29,37,1.88
19997,21,57,3.26
19998,185,377,0.99
19999,17,176,2.96
20000,16,101,4.24
20001,0,33,2.51
20002,0,19,0.35
20003,17,84,6.13
20004,152,167,0.49
20005,112,135,0.38
20006,0,91,1.94
20007,364,383,1.29
20008,157,441,1.07
20009,15,71,2.78
20010,15,137,5.79
20011,32,117,0.43
20012,0,143,3.81
20013,167,181,0.36
20014,44,45,0.58
20015,116,119,0.19
20016,0,101,6.49
20017,30,120,2.57
20018,24,143,2.45
20019,86,92,0.17
20020,231,635,1.13
20021,40,85,3.00
20022,19,48,1.38
20023,129,153,0.31
20024,67,22,0.63
20025,22,135,3.18
20026,16,223,0.59
20027,0,133,1.70
20028,24,180,1.95
20029,149,179,0.38
20030,0,132,3.25
20031,403,1121,1.49
20032,17,156,3.98
20033,17,74,2.78
20034,29,16,0.60
20035,0,33,1.24
20036,161,219,0.41
20037,0,103,2.71
20038,0,25,1.20
20039,0,29,2.10
20040,37,27,1.59
20041,90,100,0.51
20042,104,104,0.18
20043,200,210,0.24
20044,47,15,0.15
20045,0,147,4.46
20046,51,30,1.66
20047,109,25,1.51
20048,30,55,2.41
20049,41,277,1.39
20050,17,173,3.18
20051,0,55,2.32
20052,98,99,0.18
20053,533,903,0.54
20054,60,71,0.16
20055,30,132,2.88
20056,487,552,1.28
20057,0,35,0.88
20058,143,143,0.19
20059,595,908,0.46
20060,163,170,0.56
20061,28,51,2.20
20062,19,20,0.58
20063,0,37,0.10
20064,46,199,5.75
20065,29,143,4.87
20066,0,45,1.38
20067,43,184,2.64
20068,108,31,2.17
20069,50,238,0.56
20070,24,135,6.67
20071,158,215,0.36
20072,0,80,1.71
20073,216,225,0.40
20074,28,39,1.69
20075,0,16,0.78
20076,0,15,0.45
20077,115,116,0.24
20078,91,94,0.16
20079,16,27,0.56
20080,32,20,1.38
20081,147,331,0.48
20082,0,0,0.00
20083,20,85,3.35
20084,81,0,0.00
20085,125,132,0.31
20086,64,21,0.41
20087,0,35,2.00
20088,29,132,2.49
20089,76,77,0.19
20090,0,42,0.79
20091,99,99,0.15
20092,23,15,0.27
20093,116,268,0.43
20094,171,17,0.39
20095,0,91,3.21
20096,235,254,0.22
20097,279,306,0.40
20098,0,104,6.06
20099,162,353,0.60
20100,15,179,3.24
20101,75,18,0.68
20102,268,313,0.35
20103,21,105,4.68
20104,97,19,0.31
20105,434,463,1.01
20106,45,231,1.95
20107,0,89,4.78
20108,417,430,0.83
20109,328,345,0.38
20110,0,37,2.93
20111,218,221,0.91
20112,0,92,2.21
20113,124,166,0.41
20114,0,152,3.19
20115,0,19,0.10
20116,126,126,0.25
20117,0,82,2.14
20118,77,31,1.59
20119,63,67,0.17
20120,13,70,1.34
20121,0,19,1.19
20122,46,67,0.31
20123,16,29,0.94
20124,0,24,1.04
20125,276,292,0.82
20126,21,13,0.10
20127,14,359,1.57
20128,16,14,0.82
20129,100,118,0.53
20130,0,24,1.87
20131,211,13,0.44
20132,87,97,0.40
20133,19,58,2.08
20134,88,235,0.96
20135,382,428,1.10
20136,26,0,0.00
20137,0,42,1.48
20138,170,219,0.22
20139,15,32,0.98
20140,279,294,0.33
20141,38,27,1.18
20142,0,151,3.15
20143,158,362,2.12
20144,168,174,0.65
20145,19,21,0.34
20146,0,59,1.42
20147,46,17,0.42
20148,0,16,0.63
20149,21,70,1.56
20150,1102,20,1.35
20151,83,83,0.18
20152,0,88,1.85
20153,219,234,0.36
20154,166,266,0.35
20155,0,46,1.50
20156,27,167,3.52
20157,158,282,1.00
20158,182,183,0.30
20159,29,187,3.70
20160,0,136,3.43
20161,119,125,0.49
20162,0,43,1.25
20163,0,20,0.45
20164,320,338,0.45
20165,19,114,4.06
20166,189,191,0.55
20167,125,127,0.22
20168,0,100,4.51
20169,21,67,2.38
20170,130,151,0.58
20171,130,139,0.49
20172,13,94,1.67
20173,17,132,2.20
20174,534,677,1.14
20175,208,224,0.47
20176,17,16,0.12
20177,40,40,0.09
20178,18,16,1.89
20179,245,276,0.30
20180,238,249,0.31
20181,263,280,0.54
20182,20,61,2.86
20183,0,38,1.55
20184,306,347,0.29
20185,0,58,3.19
20186,125,37,1.20
20187,89,92,0.26
20188,22,99,2.27
20189,32,146,5.10
20190,279,344,0.48
20191,187,284,0.41
20192,19,97,4.61
20193,197,16,1.02
20194,52,17,0.65
20195,0,23,1.12
20196,0,22,0.41
20197,63,61,3.30
20198,618,622,1.08
20199,215,457,0.59
20200,37,107,0.48
20201,57,73,0.50
20202,160,162,0.23
20203,0,17,1.22
20204,165,189,0.33
20205,0,56,2.28
20206,358,375,0.26
20207,109,27,1.48
20208,169,335,0.42
20209,122,142,0.50
20210,18,135,4.71
20211,47,203,2.89
20212,247,292,1.34
20213,0,12,0.45
20214,172,713,1.18
20215,198,207,0.42
20216,21,26,0.60
20217,0,27,2.47
20218,43,176,0.46
20219,404,452,1.07
20220,44,53,0.81
20221,116,121,0.60
20222,83,83,0.14
20223,0,17,1.17
20224,99,28,0.37
20225,34,181,3.13
20226,190,192,0.22
20227,243,248,0.92
20228,21,57,2.28
20229,28,239,0.51
20230,0,121,3.32
20231,46,37,1.23
20232,58,59,1.70
20233,0,0,0.00
20234,562,597,1.08
20235,163,167,0.70
20236,16,20,0.49
20237,258,270,0.39
20238,0,25,0.63
20239,75,82,0.33
20240,26,35,0.77
20241,17,36,1.11
20242,43,69,0.26
20243,72,17,0.56
20244,388,401,0.35
20245,23,125,2.03
20246,281,281,0.31
20247,43,21,0.43
20248,579,637,1.16
20249,15,66,1.83
20250,0,365,0.24
20251,82,87,0.13
20252,0,0,0.00
20253,15,22,0.43
20254,57,107,2.42
20255,20,52,2.19
20256,113,115,0.21
20257,195,220,0.46
20258,43,187,4.23
20259,0,93,3.43
20260,0,17,0.52
20261,173,174,0.46
20262,0,132,3.07
20263,106,354,2.28
20264,0,14,0.18
20265,0,54,0.43
20266,99,101,0.47
20267,87,88,0.14
20268,554,19,0.02
20269,0,147,4.60
20270,32,0,0.00
20271,0,91,5.79
20272,252,269,0.23
20273,131,181,0.29
20274,33,76,2.58
20275,33,178,4.29
20276,133,178,0.33
20277,363,369,0.51
20278,0,42,0.62
20279,319,330,0.29
20280,174,412,1.09
20281,0,0,0.00
20282,0,39,0.92
20283,150,298,0.37
20284,158,187,0.31
20285,15,44,2.90
20286,187,18,0.47
20287,0,146,3.02
20288,0,72,2.23
20289,64,64,0.15
20290,0,134,2.10
20291,23,168,2.33
20292,35,189,3.95
20293,25,53,1.57
20294,0,35,1.21
20295,75,199,0.97
20296,165,176,0.39
20297,45,200,5.41
20298,32,111,2.73
20299,829,840,0.35
20300,56,72,0.38
20301,250,807,2.57
20302,0,92,2.18
20303,168,172,0.26
20304,185,226,0.53
20305,41,196,4.53
20306,0,56,2.49
20307,18,118,5.08
20308,184,187,0.63
20309,172,175,0.42
20310,117,18,0.40
20311,20,61,4.89
20312,131,0,0.00
20313,19,167,2.79
20314,135,137,0.39
20315,245,300,0.37
20316,25,20,1.47
20317,0,148,4.23
20318,56,58,0.23
20319,43,14,0.26
20320,69,40,0.68
20321,48,207,6.88
20322,127,129,0.20
20323,36,54,4.10
20324,94,96,0.19
20325,11,136,0.99
20326,43,35,0.62
20327,93,95,0.18
20328,13,133,3.53
20329,57,214,4.07
20330,16,22,0.65
20331,0,86,2.39
20332,60,60,0.10
20333,0,136,3.85
20334,294,343,0.25
20335,17,19,1.34
20336,0,179,6.56
20337,39,38,0.52
20338,14,85,4.42
20339,0,24,0.42
20340,186,194,0.50
20341,104,243,0.96
20342,16,35,2.39
20343,35,18,0.61
20344,158,158,0.35
20345,23,36,0.22
20346,55,185,2.90
20347,23,188,5.26
20348,0,22,1.22
20349,12,30,0.52
20350,0,38,1.13
20351,0,142,2.45
20352,99,107,0.21
20353,0,15,1.94
20354,13,179,4.06
20355,480,31,0.41
20356,0,104,2.54
20357,243,267,0.25
20358,40,179,2.82
20359,143,143,0.49
20360,0,0,0.00
20361,25,42,2.34
20362,253,372,0.33
20363,243,636,1.14
20364,13,31,3.01
20365,18,88,3.59
20366,20,65,1.73
20367,24,47,1.75
20368,20,204,0.59
20369,20,83,2.36
20370,423,450,0.99
20371,177,180,0.27
20372,86,25,1.43
20373,46,19,0.96
20374,220,385,0.31
20375,0,81,4.67
20376,0,0,0.00
20377,0,163,3.58
20378,23,17,0.25
20379,14,114,2.79
20380,12,26,0.59
20381,0,22,0.50
20382,31,102,2.32
20383,0,153,2.75
20384,0,19,0.62
20385,439,540,0.29
20386,248,276,0.39
20387,32,25,1.97
20388,16,161,3.58
20389,602,20,0.24
20390,323,349,0.77
20391,153,29,1.37
20392,72,36,2.65
20393,399,964,0.63
20394,132,182,0.27
20395,0,20,0.22
20396,0,286,0.56
20397,108,126,0.37
20398,0,19,1.21
20399,37,70,2.05
20400,69,124,0.44
20401,18,35,0.86
20402,191,545,1.27
20403,17,96,2.46
20404,15,75,3.26
20405,483,488,0.34
20406,0,21,1.85
20407,596,603,0.36
20408,179,229,0.47
20409,0,52,1.12
20410,73,73,0.34
20411,65,26,0.67
20412,25,144,2.72
20413,191,361,0.40
20414,91,91,0.13
20415,0,32,0.95
20416,0,18,0.73
20417,0,137,2.35
20418,96,97,0.16
20419,22,33,0.83
20420,230,589,1.41
20421,0,0,0.00
20422,0,22,0.54
20423,21,17,0.36
20424,83,288,1.21
20425,17,129,3.84
20426,19,122,2.22
20427,15,28,3.44
20428,0,46,2.55
20429,25,31,2.01
20430,59,21,0.22
20431,135,280,0.39
20432,52,155,2.75
20433,18,29,1.48
20434,85,102,0.28
20435,0,152,3.31
20436,42,114,3.79
20437,13,164,3.26
20438,19,33,1.45
20439,0,132,2.91
20440,433,18,0.29
20441,13,69,1.46
20442,135,18,0.50
20443,13,165,2.11
20444,42,49,1.81
20445,27,84,2.64
20446,64,64,0.28
20447,35,143,1.32
20448,46,25,0.35
20449,19,63,3.88
20450,267,552,0.83
20451,0,69,3.53
20452,126,145,0.39
20453,27,115,1.53
20454,0,130,3.03
20455,0,433,2.69
20456,21,116,2.46
20457,33,103,1.03
20458,37,33,0.34
20459,104,104,0.24
20460,17,67,0.26
20461,35,198,5.46
20462,24,153,2.91
20463,22,47,3.30
20464,139,146,0.38
20465,94,47,1.76
20466,191,20,1.22
20467,42,20,0.46
20468,95,96,0.30
20469,0,128,3.45
20470,74,75,0.37
20471,50,0,0.00
20472,227,240,1.31
20473,83,70,2.41
20474,0,138,6.58
20475,18,27,0.41
20476,219,262,0.31
20477,72,197,1.67
20478,139,150,0.26
20479,0,46,1.50
20480,81,89,0.15
20481,367,18,0.35
20482,30,34,1.72
20483,29,97,1.41
20484,0,186,4.16
20485,123,212,0.97
20486,15,56,0.91
20487,125,128,0.21
20488,80,94,0.43
20489,12,18,0.83
20490,205,623,1.05
20491,24,74,2.45
20492,227,236,1.45
20493,82,43,0.46
20494,17,154,4.80
20495,22,16,0.44
20496,0,254,1.44
20497,17,70,2.20
20498,0,117,2.70
20499,0,0,0.00
20500,20,61,2.32
20501,62,67,0.70
20502,20,125,3.35
20503,12,56,1.72
20504,15,15,0.45
20505,890,1162,1.16
20506,141,397,1.05
20507,20,204,4.20
20508,109,111,0.17
20509,0,119,3.41
20510,17,198,3.28
20511,249,244,1.01
20512,283,22,1.59
20513,17,113,2.12
20514,128,141,0.18
20515,22,82,4.12
20516,22,29,2.14
20517,16,18,1.07
20518,21,484,0.36
20519,0,117,6.44
20520,23,31,0.70
20521,1074,1129,2.18
20522,100,117,0.39
20523,211,215,0.38
20524,27,14,1.03
20525,48,186,4.16
20526,0,56,0.97
20527,35,196,2.45
20528,341,921,0.38
20529,28,123,1.22
20530,124,242,0.94
20531,0,131,3.15
20532,287,308,0.25
20533,50,149,3.19
20534,562,585,1.05
20535,91,105,0.28
20536,105,116,0.36
20537,26,152,1.83
20538,38,173,2.70
20539,176,189,0.20
20540,102,120,0.14
20541,20,153,3.27
20542,36,141,2.49
20543,38,173,3.33
20544,16,121,0.57
20545,0,39,1.07
20546,0,37,1.25
20547,42,160,2.19
20548,23,51,1.84
20549,16,80,2.17
20550,20,81,1.93
20551,185,303,0.31
20552,60,91,0.75
20553,16,38,1.66
20554,0,62,1.61
20555,131,152,0.57
20556,206,244,0.43
20557,17,231,3.89
20558,255,257,0.24
20559,237,675,2.52
20560,100,18,0.49
20561,0,52,1.62
20562,160,161,0.64
20563,0,0,0.00
20564,445,570,1.12
20565,29,138,2.37
20566,0,0,0.00
20567,0,168,4.17
20568,66,40,0.67
20569,0,131,6.15
20570,17,44,0.66
20571,0,14,0.46
20572,35,21,0.39
20573,12,113,1.82
20574,127,135,2.03
20575,0,45,2.11
20576,168,172,0.44
20577,0,628,1.25
20578,0,38,1.87
20579,96,118,0.42
20580,35,156,3.61
20581,16,19,0.19
20582,0,117,3.40
20583,95,95,0.17
20584,113,20,0.41
20585,0,282,0.62
20586,15,101,1.84
20587,25,112,5.20
20588,21,30,0.56
20589,24,119,2.83
20590,257,293,0.55
20591,0,0,0.00
20592,18,23,0.65
20593,116,127,0.41
20594,142,205,0.35
20595,126,126,0.16
20596,21,12,1.25
20597,0,19,0.53
20598,0,35,0.56
20599,37,122,1.66
20600,54,17,0.30
20601,17,43,1.30
20602,0,24,0.47
20603,22,191,5.15
20604,0,20,0.44
20605,87,87,0.14
20606,196,242,0.44
20607,216,540,1.13
20608,19,33,2.28
20609,0,139,2.45
20610,54,164,2.29
20611,0,95,1.83
20612,319,354,0.29
20613,31,148,3.49
20614,17,87,2.71
20615,108,110,0.80
20616,16,0,0.00
20617,23,182,5.49
20618,18,147,3.51
20619,16,425,1.58
20620,0,25,0.49
20621,0,143,4.03
20622,17,147,4.16
20623,352,382,1.04
20624,22,54,1.52
20625,341,19,0.06
20626,18,39,0.81
20627,320,348,0.32
20628,0,31,2.69
20629,209,226,0.49
20630,26,51,2.46
20631,26,176,4.20
20632,24,92,2.27
20633,106,108,0.22
20634,23,162,0.69
20635,48,172,3.32
20636,209,364,0.31
20637,290,317,0.34
20638,147,931,1.18
20639,0,143,2.53
20640,41,17,0.59
20641,585,641,0.87
20642,0,39,1.36
20643,35,135,9.44
20644,18,77,2.14
20645,40,28,0.09
20646,137,19,0.75
20647,25,29,0.87
20648,0,134,2.58
20649,214,365,0.30
20650,91,91,0.47
20651,17,34,1.64
20652,11,38,1.27
20653,78,418,0.50
20654,21,324,1.92
20655,51,16,0.44
20656,0,332,0.56
20657,20,18,0.41
20658,196,42,1.43
20659,217,226,0.49
20660,0,32,0.51
20661,0,128,3.66
20662,128,154,0.45
20663,161,162,0.68
20664,30,815,1.88
20665,38,33,1.02
20666,0,45,2.28
20667,136,137,0.20
20668,115,117,0.17
20669,182,187,0.37
20670,0,45,2.64
20671,45,18,0.58
20672,61,26,0.73
20673,16,18,0.50
20674,0,134,3.27
20675,17,20,1.11
20676,0,88,3.51
20677,33,147,0.50
20678,25,143,2.22
20679,33,18,0.77
20680,80,96,0.30
20681,17,152,2.46
20682,19,257,0.60
20683,182,1279,1.31
20684,250,259,0.33
20685,63,42,1.64
20686,0,29,1.74
20687,0,32,2.40
20688,14,26,1.88
20689,145,447,1.08
20690,16,97,4.56
20691,239,282,0.26
20692,18,91,2.06
20693,171,408,1.09
20694,80,80,0.12
20695,59,14,0.29
20696,0,38,1.66
20697,125,396,0.75
20698,237,247,0.42
20699,181,189,0.27
20700,105,112,0.30
20701,0,41,3.60
20702,0,161,1.75
20703,24,30,0.84
20704,182,20,0.81
20705,37,19,0.41
20706,15,44,1.93
20707,129,288,0.48
20708,16,181,6.20
20709,0,16,0.42
20710,0,23,0.57
20711,42,23,1.01
20712,54,171,1.97
20713,222,525,1.66
20714,21,141,3.41
20715,0,17,0.49
20716,15,143,2.81
20717,60,21,0.49
20718,91,91,0.46
20719,201,210,0.69
20720,37,168,8.40
20721,0,18,0.63
20722,300,615,1.16
20723,94,96,0.22
20724,0,45,1.01
20725,447,433,0.41
20726,146,175,0.43
20727,0,121,3.69
20728,80,80,0.30
20729,207,259,0.44
20730,36,30,3.10
20731,323,343,0.37
20732,31,93,3.33
20733,195,197,0.61
20734,26,146,3.69
20735,38,29,0.97
20736,23,17,0.30
20737,0,0,0.00
20738,0,26,1.09
20739,18,69,2.16
20740,19,139,3.88
20741,26,21,0.27
20742,298,372,0.30
20743,23,138,1.96
20744,0,19,0.33
20745,14,103,2.57
20746,58,19,0.30
20747,66,260,0.90
20748,19,122,4.72
20749,0,0,0.00
20750,131,153,0.64
20751,36,59,0.29
20752,17,55,2.07
20753,100,15,0.35
20754,18,17,0.66
20755,29,179,4.60
20756,277,336,1.07
20757,0,150,3.40
20758,0,41,0.87
20759,60,23,1.67
20760,47,17,0.38
20761,94,20,1.46
20762,92,92,0.17
20763,0,113,2.22
20764,18,86,2.35
20765,57,30,2.73
20766,0,20,1.35
20767,19,40,1.55
20768,339,448,0.25
20769,16,112,0.73
20770,24,40,0.93
20771,0,98,2.64
20772,148,300,0.60
20773,265,21,1.65
20774,96,96,0.17
20775,0,119,3.24
20776,39,21,0.51
20777,85,88,0.14
20778,0,34,0.46
20779,237,338,0.45
20780,36,61,1.89
20781,18,21,0.59
20782,19,28,1.70
20783,55,169,6.05
20784,17,13,0.36
20785,80,100,0.49
20786,0,147,4.28
20787,262,286,0.27
20788,24,20,0.29
20789,257,394,0.65
20790,89,15,0.29
20791,16,62,2.44
20792,0,55,1.03
20793,193,208,0.50
20794,0,140,3.67
20795,0,981,1.43
20796,115,191,0.46
20797,59,68,0.20
20798,106,106,0.21
20799,107,106,0.15
20800,0,126,4.81
20801,0,138,0.52
20802,12,24,0.57
20803,105,299,0.96
20804,0,145,3.14
20805,22,90,5.78
20806,114,144,0.35
20807,62,186,4.05
20808,145,150,0.24
20809,0,137,3.32
20810,24,0,0.00
20811,16,144,2.73
20812,38,117,1.49
20813,47,71,2.95
20814,20,71,2.51
20815,163,603,1.08
20816,360,689,1.45
20817,20,19,1.24
20818,105,105,0.16
20819,0,230,0.56
20820,187,199,0.69
20821,0,27,1.34
20822,125,126,0.21
20823,66,70,0.15
20824,0,41,2.16
20825,57,22,0.85
20826,0,154,4.17
20827,16,21,0.34
20828,337,360,0.27
20829,26,32,1.73
20830,27,62,2.29
20831,18,134,3.48
20832,75,76,0.62
20833,148,177,0.56
20834,48,26,1.26
20835,15,84,2.77
20836,239,16,0.28
20837,180,196,0.47
20838,38,132,5.91
20839,178,180,0.45
20840,0,49,3.06
20841,47,26,0.52
20842,0,76,2.10
20843,0,26,2.35
20844,22,46,2.35
20845,34,126,1.58
20846,242,245,0.44
20847,44,205,3.91
20848,0,13,1.04
20849,0,23,0.88
20850,128,128,0.21
20851,133,133,0.25
20852,24,133,2.41
20853,15,65,2.54
20854,119,248,0.44
20855,223,18,0.32
20856,24,280,0.53
20857,0,40,0.76
20858,0,19,0.40
20859,70,72,0.15
20860,0,19,1.31
20861,176,178,0.58
20862,23,17,0.52
20863,26,125,6.23
20864,87,103,0.37
20865,18,118,5.32
20866,87,20,1.95
20867,49,24,1.30
20868,0,52,2.05
20869,620,630,0.36
20870,123,136,0.33
20871,49,40,2.53
20872,0,18,0.82
20873,73,73,0.14
20874,470,506,1.14
20875,0,58,2.61
20876,19,19,0.55
20877,203,324,0.43
20878,24,96,3.93
20879,44,203,6.48
20880,97,116,0.39
20881,133,135,0.20
20882,0,19,0.52
20883,161,263,0.96
20884,0,61,3.33
20885,20,60,1.72
20886,542,920,0.36
20887,171,212,0.94
20888,17,18,1.51
20889,37,17,0.39
20890,22,119,3.08
20891,12,38,1.64
20892,33,38,1.64
20893,314,336,0.47
20894,0,68,0.53
20895,16,150,4.52
20896,143,147,0.60
20897,27,14,1.05
20898,0,30,0.89
20899,34,144,3.68
20900,178,186,0.59
20901,0,74,2.09
20902,63,23,0.81
20903,34,165,3.12
20904,13,28,1.25
20905,15,21,0.57
20906,256,18,0.60
20907,23,110,4.72
20908,47,212,1.41
20909,0,87,0.07
20910,211,506,0.65
20911,0,375,0.26
20912,231,518,1.19
20913,0,152,4.68
20914,124,135,0.41
20915,0,83,2.09
20916,42,191,4.30
20917,38,93,3.74
20918,84,93,0.45
20919,145,149,0.47
20920,0,31,1.41
20921,0,124,0.66
20922,0,287,0.89
20923,12,14,1.16
20924,150,169,0.29
20925,0,143,4.48
20926,27,176,3.30
20927,31,34,1.21
20928,22,29,2.20
20929,384,1489,2.18
20930,134,43,2.67
20931,18,131,7.23
20932,0,137,6.39
20933,74,99,0.59
20934,0,91,0.84
20935,37,29,1.63
20936,0,20,1.43
20937,176,659,1.37
20938,20,20,0.62
20939,15,192,3.41
20940,21,23,1.57
20941,0,19,0.33
20942,0,135,5.54
20943,267,281,0.41
20944,130,149,0.52
20945,18,57,1.57
20946,23,18,2.27
20947,0,70,1.70
20948,26,169,4.13
20949,351,383,1.48
20950,0,88,2.10
20951,111,18,0.35
20952,20,162,3.77
20953,0,77,2.59
20954,194,206,0.38
20955,19,142,1.86
20956,41,15,0.71
20957,0,90,1.90
20958,172,664,1.13
20959,0,55,1.71
20960,332,345,0.26
20961,199,206,0.58
20962,25,30,0.99
20963,50,32,0.58
20964,18,36,1.17
20965,44,16,1.05
20966,17,74,4.34
20967,17,15,0.40
20968,0,77,2.20
20969,144,152,0.43
20970,0,33,0.46
20971,42,51,3.38
20972,12,105,5.74
20973,13,191,3.94
20974,0,44,0.91
20975,67,69,0.12
20976,331,344,0.27
20977,0,60,2.22
20978,105,24,0.47
20979,16,33,0.90
20980,23,113,3.41
20981,0,268,0.51
20982,21,17,0.77
20983,65,191,1.50
20984,0,21,0.43
20985,88,120,0.56
20986,0,79,2.11
20987,66,66,0.46
20988,0,169,3.99
20989,0,119,3.63
20990,184,184,0.33
20991,20,82,4.41
20992,53,365,0.85
20993,39,172,3.64
20994,21,80,3.00
20995,154,271,1.08
20996,95,34,1.93
20997,0,44,5.17
20998,270,303,0.45
20999,0,140,2.29
21000,171,173,0.29
21001,39,180,2.84
21002,20,14,0.16
21003,0,39,2.23
21004,152,125,0.15
21005,262,265,0.31
21006,442,481,0.60
21007,0,129,2.84
21008,81,89,0.19
21009,99,99,0.18
21010,42,133,0.66
21011,107,121,0.60
21012,108,131,0.84
21013,25,167,5.18
21014,18,84,0.37
21015,63,69,0.63
21016,174,543,1.18
21017,0,139,3.99
21018,57,47,1.87
21019,78,94,0.16
21020,475,538,1.04
21021,102,106,0.21
21022,45,125,2.05
21023,19,31,0.96
21024,59,19,1.48
21025,18,60,2.66
21026,0,17,0.31
21027,88,21,0.40
21028,0,26,0.93
21029,0,149,8.52
21030,38,128,3.11
21031,150,204,0.41
21032,112,125,0.33
21033,243,573,1.24
21034,32,31,0.59
21035,458,487,1.60
21036,30,167,4.55
21037,35,155,3.61
21038,22,35,2.25
21039,0,42,2.47
21040,69,27,0.52
21041,98,113,0.45
21042,134,153,0.49
21043,34,58,3.16
21044,149,158,0.38
21045,0,128,7.46
21046,162,175,2.16
21047,0,128,2.78
21048,133,154,0.44
21049,247,254,0.34
21050,0,137,3.91
21051,257,280,0.39
21052,23,161,3.12
21053,12,19,0.98
21054,16,140,3.02
21055,437,464,0.45
21056,18,30,1.04
21057,0,37,1.07
21058,0,24,0.44
21059,90,93,0.13
21060,29,29,2.72
21061,35,24,0.92
21062,0,95,3.00
21063,12,46,1.78
21064,194,195,0.71
21065,21,19,0.67
21066,83,103,0.34
21067,22,26,1.41
21068,55,19,0.74
21069,143,146,0.17
21070,171,182,0.41
21071,13,145,0.42
21072,12,57,1.29
21073,326,370,2.00
21074,15,181,0.33
21075,14,26,1.89
21076,163,364,0.37
21077,252,666,1.13
21078,0,28,0.56
21079,355,401,1.04
21080,16,22,0.39
21081,206,24,0.48
21082,81,94,0.30
21083,77,35,1.46
21084,0,147,3.23
21085,250,696,1.34
21086,68,81,2.74
21087,22,136,0.52
21088,17,74,4.37
21089,12,85,2.65
21090,0,130,0.53
21091,39,23,1.46
21092,0,91,3.41
21093,48,28,0.34
21094,34,62,1.75
21095,0,185,2.01
21096,0,47,1.46
21097,261,818,9.16
21098,185,665,0.43
21099,70,80,0.34
21100,0,21,1.50
21101,61,35,0.76
21102,31,34,0.08
21103,0,28,0.42
21104,18,162,4.00
21105,24,45,2.07
21106,180,328,2.12
21107,28,15,0.34
21108,353,393,0.76
21109,250,266,0.32
21110,71,232,3.99
21111,0,186,6.40
21112,19,45,2.63
21113,154,346,1.52
21114,25,16,0.47
21115,0,123,4.78
21116,0,16,0.67
21117,31,95,4.29
21118,27,220,4.33
21119,16,14,0.11
21120,22,155,2.66
21121,102,102,0.15
21122,33,37,0.66
21123,20,84,2.31
21124,0,19,0.51
21125,46,181,6.40
21126,209,874,2.28
21127,0,0,0.00
21128,12,61,2.28
21129,0,17,0.04
21130,0,24,1.17
21131,22,68,2.81
21132,0,21,0.57
21133,16,160,4.28
21134,15,124,2.49
21135,120,144,0.38
21136,32,19,0.47
21137,271,1013,2.17
21138,0,59,1.72
21139,61,89,4.80
21140,104,104,0.14
21141,339,342,0.23
21142,67,131,0.54
21143,16,46,1.17
21144,135,0,0.00
21145,0,27,0.54
21146,0,83,5.46
21147,22,127,3.28
21148,88,88,0.21
21149,0,36,2.48
21150,192,13,0.14
21151,71,21,0.40
21152,73,75,3.75
21153,44,57,2.83
21154,16,128,3.91
21155,0,17,0.54
21156,51,49,1.50
21157,113,188,0.40
21158,39,15,0.13
21159,64,71,0.46
21160,185,22,1.04
21161,16,49,2.03
21162,0,135,4.95
21163,0,164,4.48
21164,69,81,0.47
21165,135,140,0.26
21166,25,11,0.20
21167,17,20,0.33
21168,221,116,0.69
21169,324,344,0.38
21170,17,118,3.00
21171,154,157,0.49
21172,0,20,1.66
21173,66,19,0.43
21174,0,56,0.83
21175,48,47,2.80
21176,15,197,2.67
21177,60,21,0.40
21178,13,28,2.13
21179,59,156,4.25
21180,27,94,2.72
21181,29,602,0.70
21182,0,161,4.29
21183,0,122,4.36
21184,44,189,2.61
21185,29,128,3.09
21186,268,284,0.45
21187,19,48,1.60
21188,253,635,1.34
21189,68,16,0.93
21190,0,81,3.49
21191,28,103,1.62
21192,487,497,1.11
21193,297,332,0.49
21194,0,26,2.17
21195,0,0,0.00
21196,135,135,0.24
21197,110,147,0.28
21198,558,577,1.07
21199,18,119,3.11
21200,15,17,1.61
21201,168,187,0.64
21202,18,58,4.89
21203,23,23,1.56
21204,102,125,0.53
21205,0,111,4.32
21206,267,306,0.35
21207,0,62,3.38
21208,17,97,1.26
21209,0,46,1.55
21210,35,183,1.63
21211,37,0,0.00
21212,19,0,0.00
21213,0,0,0.00
21214,106,110,0.18
21215,22,43,0.71
21216,0,130,4.61
21217,73,132,0.90
21218,0,29,1.49
21219,0,107,1.92
21220,209,321,0.33
21221,58,39,0.69
21222,64,87,0.33
21223,0,0,0.00
21224,325,354,0.31
21225,118,33,0.48
21226,51,20,1.04
21227,19,190,2.50
21228,0,124,4.88
21229,20,79,2.37
21230,194,393,0.54
21231,16,130,2.38
21232,16,79,5.10
21233,86,113,0.34
21234,65,30,1.52
21235,97,95,0.13
21236,128,521,1.21
21237,0,149,7.33
21238,377,384,0.34
21239,35,629,0.54
21240,116,127,0.32
21241,197,326,0.97
21242,0,21,0.42
21243,0,23,1.50
21244,21,61,4.46
21245,25,156,3.58
21246,358,367,0.59
21247,212,212,0.74
21248,224,243,0.28
21249,20,133,4.22
21250,162,23,0.49
21251,43,18,0.62
21252,233,292,0.45
21253,0,116,4.58
21254,292,315,0.31
21255,174,186,0.29
21256,80,49,3.54
21257,15,144,4.47
21258,31,178,2.49
21259,17,102,2.44
21260,28,110,5.23
21261,0,0,0.00
21262,36,18,0.43
21263,97,17,0.30
21264,0,141,3.12
21265,401,420,0.31
21266,271,274,0.75
21267,227,400,0.43
21268,0,334,0.29
21269,118,123,0.30
21270,218,17,0.51
21271,13,123,2.45
21272,0,173,5.39
21273,0,13,0.33
21274,28,21,0.22
21275,0,24,0.23
21276,80,95,0.25
21277,22,19,0.43
21278,0,15,0.88
21279,17,22,0.53
21280,43,28,1.11
21281,206,506,1.13
21282,30,32,1.35
21283,62,70,0.16
21284,0,24,0.37
21285,0,19,1.64
21286,364,375,0.40
21287,124,139,0.24
21288,775,1131,1.28
21289,32,125,1.70
21290,393,456,1.08
21291,0,153,0.81
21292,44,165,1.79
21293,13,127,3.93
21294,204,207,0.75
21295,309,342,0.54
21296,19,144,2.69
21297,26,326,0.60
21298,196,227,0.30
21299,16,92,1.84
21300,37,71,2.94
21301,37,163,2.88
21302,0,90,3.78
21303,14,46,1.09
21304,302,336,0.70
21305,121,14,0.03
21306,156,161,0.22
21307,31,20,0.35
21308,0,43,0.99
21309,38,34,1.11
21310,0,31,0.98
21311,14,22,0.35
21312,0,59,1.61
21313,18,23,1.67
21314,99,158,0.56
21315,22,152,8.96
21316,15,55,0.74
21317,187,198,0.46
21318,24,20,0.32
21319,201,209,0.24
21320,35,150,3.58
21321,15,56,2.15
21322,194,228,0.82
21323,0,55,3.63
21324,22,89,0.89
21325,48,179,3.52
21326,39,30,0.31
21327,73,20,0.33
21328,0,0,0.00
21329,0,19,0.70
21330,13,85,4.00
21331,39,39,0.17
21332,36,28,0.39
21333,116,236,0.96
21334,38,38,0.10
21335,64,79,0.55
21336,50,26,2.14
21337,21,61,0.57
21338,18,216,0.63
21339,0,35,0.39
21340,48,63,0.19
21341,317,405,0.25
21342,151,189,0.64
21343,292,318,0.96
21344,19,44,2.81
21345,0,0,0.00
21346,175,143,0.38
21347,198,368,0.53
21348,87,30,0.52
21349,0,22,0.52
21350,0,183,3.89
21351,0,18,1.34
21352,24,158,4.33
21353,38,0,0.00
21354,189,558,1.13
21355,161,176,1.05
21356,0,120,4.02
21357,174,182,0.40
21358,122,187,0.33
21359,0,143,3.30
21360,27,11,0.21
21361,0,18,0.50
21362,48,29,0.50
21363,246,592,3.04
21364,16,13,0.22
21365,0,33,0.31
21366,0,31,0.95
21367,206,352,0.38
21368,13,23,1.00
21369,132,137,0.20
21370,84,90,0.16
21371,33,47,3.19
21372,0,87,2.92
21373,335,339,0.28
21374,128,16,0.21
21375,50,162,3.41
21376,225,238,0.44
21377,23,21,0.47
21378,24,140,7.15
21379,214,223,0.31
21380,38,22,0.43
21381,0,13,0.47
21382,19,136,2.71
21383,14,0,0.00
21384,55,47,1.40
21385,183,216,0.42
21386,21,91,2.10
21387,0,111,2.31
21388,63,100,2.89
21389,172,407,0.50
21390,0,150,4.20
21391,0,26,0.86
21392,126,127,0.21
21393,0,133,4.00
21394,60,74,0.32
21395,21,20,0.41
21396,14,115,4.65
21397,80,84,0.36
21398,27,18,0.23
21399,278,365,0.33
21400,18,120,2.45
21401,176,225,0.45
21402,266,268,0.23
21403,0,46,1.97
21404,70,25,0.45
21405,284,688,0.48
21406,0,103,3.21
21407,388,394,0.40
21408,13,77,4.82
21409,307,341,0.88
21410,70,28,1.43
21411,93,99,0.31
21412,0,0,0.00
21413,177,198,0.91
21414,14,127,2.78
21415,35,58,1.83
21416,79,214,1.74
21417,76,20,0.21
21418,15,132,2.48
21419,275,294,0.48
21420,412,419,0.43
21421,177,200,0.47
21422,249,0,0.00
21423,35,32,1.47
21424,12,22,1.33
21425,20,19,1.77
21426,0,153,2.38
21427,86,12,0.33
21428,0,166,2.94
21429,12,85,2.46
21430,25,240,0.56
21431,0,73,1.04
21432,106,111,0.29
21433,233,241,0.72
21434,163,350,0.39
21435,37,36,0.68
21436,845,1190,1.94
21437,0,30,0.74
21438,35,64,3.46
21439,159,34,1.27
21440,334,901,1.34
21441,355,380,0.46
21442,97,100,0.23
21443,21,106,4.44
21444,127,128,0.25
21445,139,141,0.23
21446,172,172,0.25
21447,14,0,0.00
21448,18,93,2.64
21449,65,65,0.20
21450,16,173,0.80
21451,35,320,0.62
21452,25,145,2.29
21453,13,22,0.24
21454,23,68,1.84
21455,0,80,3.23
21456,292,15,0.29
21457,0,139,2.63
21458,57,223,0.48
21459,348,374,0.36
21460,17,0,0.00
21461,90,19,0.93
21462,87,87,0.17
21463,16,137,3.10
21464,384,937,1.01
21465,215,216,0.65
21466,263,413,0.35
21467,59,150,0.59
21468,19,147,2.66
21469,97,107,0.18
21470,0,77,0.06
21471,28,37,1.47
21472,0,30,1.48
21473,41,23,0.45
21474,91,93,0.26
21475,206,216,0.30
21476,0,88,2.08
21477,88,206,4.20
21478,85,122,0.31
21479,0,38,1.50
21480,155,155,0.43
21481,128,21,1.43
21482,14,116,4.48
21483,272,301,0.23
21484,52,187,3.14
21485,0,136,7.27
21486,25,59,1.19
21487,19,20,0.49
21488,0,35,0.55
21489,164,17,0.53
21490,26,195,0.51
21491,0,80,5.69
21492,123,144,0.37
21493,132,155,0.95
21494,0,28,0.88
21495,0,101,3.33
21496,308,323,0.35
21497,28,132,3.57
21498,38,25,1.26
21499,0,61,2.52
21500,0,24,0.36
21501,0,36,1.77
21502,66,288,0.63
21503,52,35,2.02
21504,137,154,0.53
21505,65,108,0.39
21506,0,137,4.40
21507,0,96,2.47
21508,80,94,0.39
21509,62,37,1.11
21510,0,100,4.30
21511,122,134,0.19
21512,27,63,2.21
21513,29,198,3.18
21514,138,149,0.47
21515,0,118,3.51
21516,15,23,1.39
21517,25,55,0.90
21518,0,124,3.46
21519,58,69,0.43
21520,299,312,0.29
21521,22,23,2.37
21522,28,66,1.97
21523,22,157,3.39
21524,17,64,1.57
21525,200,214,0.30
21526,89,283,1.04
21527,0,25,1.59
21528,18,26,1.45
21529,70,22,0.26
21530,147,156,0.50
21531,23,120,2.56
21532,131,136,1.06
21533,15,21,0.70
21534,22,145,4.35
21535,17,74,3.68
21536,192,24,0.46
21537,553,599,1.27
21538,36,142,0.42
21539,425,467,2.09
21540,143,14,0.20
21541,19,131,2.44
21542,93,95,0.15
21543,12,53,2.93
21544,222,570,1.14
21545,116,120,0.20
21546,0,116,2.60
21547,63,182,1.38
21548,0,33,0.77
21549,30,122,0.52
21550,0,37,1.60
21551,243,257,0.36
21552,38,73,4.82
21553,315,343,0.38
21554,29,68,0.51
21555,51,38,2.55
21556,626,655,1.30
21557,180,179,0.62
21558,0,95,3.82
21559,170,31,1.02
21560,37,16,1.11
21561,25,25,2.01
21562,58,168,2.64
21563,82,15,0.23
21564,365,406,0.35
21565,26,46,1.49
21566,98,215,1.47
21567,221,228,0.73
21568,0,109,4.67
21569,13,48,1.80
21570,127,165,0.35
21571,150,411,1.54
21572,16,129,1.51
21573,42,41,0.63
21574,94,103,0.58
21575,66,66,0.18
21576,0,115,2.32
21577,39,107,2.45
21578,0,176,1.00
21579,20,41,1.01
21580,143,157,0.33
21581,28,78,3.20
21582,67,75,0.38
21583,684,941,1.18
21584,0,108,4.46
21585,179,1087,0.74
21586,52,0,0.00
21587,17,102,2.15
21588,73,84,0.31
21589,113,126,1.44
21590,183,285,0.37
21591,11,125,1.83
21592,0,22,0.89
21593,173,193,0.36
21594,30,0,0.00
21595,0,0,0.00
21596,17,30,1.19
21597,204,689,1.43
21598,336,357,0.37
21599,17,175,4.87
21600,0,53,1.61
21601,34,20,0.97
21602,334,355,0.30
21603,178,181,0.71
21604,13,0,0.00
21605,24,32,0.99
21606,477,485,0.46
21607,17,39,2.05
21608,0,39,2.49
21609,20,32,1.38
21610,16,23,1.81
21611,90,92,0.16
21612,36,167,2.74
21613,36,30,1.22
21614,0,42,2.53
21615,194,199,0.38
21616,26,55,2.52
21617,173,201,0.38
21618,28,28,0.13
21619,36,88,3.18
21620,317,331,0.29
21621,60,20,0.87
21622,0,28,1.48
21623,135,269,2.03
21624,47,191,3.04
21625,19,42,0.33
21626,0,15,0.47
21627,179,245,0.45
21628,167,246,1.49
21629,0,45,2.41
21630,18,0,0.00
21631,212,250,0.38
21632,48,59,0.08
21633,0,22,1.53
21634,36,137,1.91
21635,221,358,0.35
21636,0,24,0.35
21637,20,343,1.91
21638,212,606,1.49
21639,0,45,0.64
21640,15,149,3.67
21641,0,138,4.71
21642,0,41,0.16
21643,794,815,1.35
21644,318,342,0.34
21645,0,119,2.93
21646,195,214,0.32
21647,0,137,2.48
21648,125,135,0.37
21649,619,826,1.13
21650,25,106,4.10
21651,200,235,0.41
21652,164,166,0.23
21653,19,17,0.70
21654,159,173,0.99
21655,17,163,0.69
21656,97,160,0.37
21657,13,35,1.66
21658,0,137,1.78
21659,0,24,0.39
21660,85,100,0.46
21661,0,31,1.67
21662,252,14,0.38
21663,32,40,1.15
21664,31,148,2.83
21665,58,29,2.54
21666,239,284,0.37
21667,255,260,0.29
21668,245,259,0.34
21669,0,45,0.56
21670,15,109,2.35
21671,330,331,0.34
21672,29,32,1.45
21673,0,51,2.89
21674,46,47,1.71
21675,145,150,0.17
21676,196,338,1.03
21677,20,553,0.47
21678,611,631,1.26
21679,166,170,0.24
21680,0,0,0.00
21681,0,145,4.55
21682,15,296,0.62
21683,257,277,0.30
21684,0,48,0.96
21685,441,497,0.96
21686,21,181,5.39
21687,33,20,2.48
21688,142,165,1.18
21689,109,113,0.39
21690,26,139,2.32
21691,124,124,0.35
21692,14,73,1.26
21693,45,154,4.17
21694,140,149,0.27
21695,0,150,3.77
21696,14,27,1.08
21697,53,207,3.75
21698,165,180,0.32
21699,30,161,3.66
21700,0,19,0.37
21701,114,136,0.35
21702,234,44,0.60
21703,127,148,0.28
21704,0,65,4.28
21705,352,392,0.98
21706,163,167,0.30
21707,37,187,4.04
21708,217,249,0.30
21709,0,13,0.34
21710,180,311,0.40
21711,159,399,1.12
21712,47,200,3.80
21713,73,28,0.85
21714,52,33,1.95
21715,48,0,0.00
21716,41,173,2.54
21717,17,23,1.28
21718,0,77,2.76
21719,220,385,0.33
21720,30,114,2.86
21721,0,133,1.09
21722,24,111,2.60
21723,0,13,0.21
21724,131,131,0.15
21725,12,19,0.55
21726,0,35,2.43
21727,93,97,0.16
21728,17,19,0.36
21729,0,115,3.63
21730,0,19,0.56
21731,12,14,0.30
21732,251,576,1.00
21733,14,44,1.63
21734,0,76,2.19
21735,46,23,0.43
21736,157,1099,7.04
21737,14,59,1.59
21738,0,0,0.00
21739,0,121,4.43
21740,17,86,0.56
21741,0,46,0.11
21742,0,125,3.42
21743,18,114,2.50
21744,0,25,0.70
21745,20,16,0.42
21746,349,385,2.07
21747,0,23,1.63
21748,0,101,3.35
21749,29,33,1.25
21750,14,16,0.91
21751,0,196,5.51
21752,188,206,0.38
21753,236,263,0.25
21754,57,54,2.31
21755,0,101,2.83
21756,344,347,0.24
21757,0,146,2.18
21758,188,194,1.30
21759,15,16,0.46
21760,15,88,3.24
21761,17,12,0.11
21762,34,112,2.48
21763,0,60,3.14
21764,15,20,0.41
21765,26,173,0.81
21766,502,0,0.00
21767,19,83,3.84
21768,53,43,2.54
21769,0,30,2.63
21770,121,143,0.32
21771,176,475,1.11
21772,50,24,0.42
21773,284,493,0.46
21774,143,14,0.22
21775,17,43,1.88
21776,108,114,0.32
21777,150,36,1.49
21778,324,341,0.44
21779,19,290,0.38
21780,0,95,2.94
21781,38,17,0.47
21782,345,375,0.41
21783,0,129,3.12
21784,35,169,7.67
21785,262,274,0.42
21786,55,22,2.23
21787,23,139,2.30
21788,37,53,1.36
21789,217,252,0.74
21790,319,355,0.29
21791,15,32,0.91
21792,16,197,0.51
21793,35,191,3.12
21794,20,72,5.60
21795,162,173,0.55
21796,284,324,0.23
21797,0,140,3.35
21798,0,27,1.49
21799,52,24,0.52
21800,269,293,1.37
21801,34,31,1.67
21802,0,28,1.43
21803,53,162,2.46
21804,48,230,0.77
21805,14,61,4.47
21806,91,94,0.47
21807,73,19,0.76
21808,0,42,2.27
21809,17,141,4.35
21810,387,1415,15.27
21811,13,34,1.96
21812,108,304,0.38
21813,15,48,1.73
21814,17,124,0.68
21815,116,117,0.17
21816,0,132,4.89
21817,135,19,0.36
21818,16,41,3.31
21819,339,40,0.32
21820,14,75,2.97
21821,0,60,1.80
21822,174,190,0.36
21823,89,89,0.15
21824,36,21,1.07
21825,199,399,0.58
21826,14,146,2.49
21827,0,29,0.52
21828,0,120,2.23
21829,99,274,0.74
21830,38,166,3.12
21831,118,132,0.46
21832,42,207,0.50
21833,35,195,2.74
21834,26,13,0.54
21835,256,360,0.32
21836,0,154,3.95
21837,165,189,0.55
21838,0,24,0.59
21839,20,57,2.78
21840,151,162,0.56
21841,0,21,0.88
21842,130,130,0.55
21843,22,81,3.41
21844,23,21,1.26
21845,231,263,0.51
21846,0,113,3.14
21847,15,145,2.60
21848,30,164,7.97
21849,118,140,0.23
21850,0,145,7.70
21851,34,101,3.72
21852,0,187,0.46
21853,39,24,1.01
21854,67,193,1.19
21855,0,40,1.48
21856,18,27,1.04
21857,86,88,0.32
21858,0,122,4.56
21859,324,337,0.27
21860,103,103,0.16
21861,13,33,0.39
21862,77,81,0.18
21863,0,126,2.17
21864,321,345,0.25
21865,16,128,3.50
21866,87,98,0.24
21867,18,150,2.60
21868,16,28,0.93
21869,233,1762,8.09
21870,597,17,0.31
21871,37,296,0.25
21872,18,29,1.72
21873,118,118,0.18
21874,44,22,0.62
21875,81,81,0.13
21876,16,31,2.19
21877,370,239,0.70
21878,190,200,0.11
21879,133,129,0.57
21880,0,40,0.51
21881,0,16,0.58
21882,645,663,1.17
21883,189,203,0.52
21884,67,28,0.40
21885,291,292,0.95
21886,21,188,4.40
21887,13,322,0.62
21888,0,23,1.19
21889,48,22,1.87
21890,106,123,0.48
21891,15,137,4.16
21892,112,112,0.17
21893,245,343,0.41
21894,29,23,0.43
21895,209,28,0.08
21896,0,114,2.15
21897,0,128,2.67
21898,135,159,0.49
21899,0,24,1.05
21900,172,194,0.50
21901,40,185,0.26
21902,18,21,1.00
21903,56,191,5.76
21904,52,36,0.62
21905,63,21,2.86
21906,19,116,2.92
21907,221,251,0.30
21908,319,347,0.85
21909,0,16,0.37
21910,168,653,1.13
21911,0,194,5.92
21912,53,32,2.49
21913,0,24,0.50
21914,21,89,7.13
21915,112,116,0.43
21916,228,264,0.90
21917,181,257,0.40
21918,212,226,0.35
21919,67,71,0.08
21920,0,29,2.36
21921,27,167,4.40
21922,607,620,0.93
21923,104,27,0.66
21924,45,195,4.12
21925,145,190,0.47
21926,19,143,3.82
21927,161,200,0.26
21928,0,31,0.44
21929,301,346,1.65
21930,31,27,0.48
21931,0,143,3.73
21932,39,16,0.62
21933,42,49,3.89
21934,11,26,0.99
21935,0,46,0.54
21936,0,25,1.43
21937,0,93,3.83
21938,0,27,0.15
21939,194,352,0.47
21940,145,14,0.19
21941,0,350,0.29
21942,71,83,0.19
21943,0,44,0.91
21944,307,438,0.82
21945,0,0,0.00
21946,115,202,0.96
21947,74,200,2.79
21948,96,254,1.02
21949,143,0,0.00
21950,16,21,0.44
21951,75,81,0.30
21952,166,194,0.72
21953,15,40,1.82
21954,226,534,1.27
21955,129,157,0.58
21956,59,21,0.59
21957,0,49,1.75
21958,86,98,0.55
21959,78,80,0.23
21960,99,19,1.20
21961,65,60,2.56
21962,234,399,0.65
21963,0,56,0.72
21964,44,69,2.46
21965,133,155,0.26
21966,94,191,0.31
21967,128,25,3.65
21968,242,249,0.53
21969,0,132,2.58
21970,173,188,0.50
21971,25,26,0.47
21972,241,31,0.16
21973,287,296,0.23
21974,41,171,2.80
21975,40,219,3.14
21976,178,368,1.54
21977,0,134,1.73
21978,20,58,1.30
21979,30,303,2.16
21980,214,442,0.50
21981,32,50,3.11
21982,0,97,1.14
21983,22,65,3.14
21984,19,96,0.82
21985,81,29,0.66
21986,34,49,3.74
21987,191,318,0.33
21988,41,190,5.80
21989,18,21,1.03
21990,169,356,1.00
21991,17,196,3.08
21992,335,1293,1.02
21993,34,185,3.96
21994,18,59,2.99
21995,0,47,2.15
21996,142,167,0.40
21997,92,15,0.26
21998,0,37,0.81
21999,0,64,4.02
22000,16,65,2.03
22001,214,481,1.10
22002,47,170,2.38
22003,0,148,3.54
22004,163,353,0.60
22005,48,207,2.93
22006,0,16,2.01
22007,188,299,0.30
22008,37,149,2.35
22009,0,50,1.14
22010,26,33,0.09
22011,21,147,0.89
22012,18,182,2.32
22013,79,206,1.89
22014,26,60,1.80
22015,27,28,1.24
22016,56,15,0.66
22017,14,79,4.07
22018,108,17,0.29
22019,12,11,0.19
22020,19,127,3.84
22021,0,24,2.10
22022,0,56,2.55
22023,56,67,0.47
22024,341,361,0.41
22025,0,79,2.52
22026,112,112,0.26
22027,135,200,0.43
22028,181,257,1.09
22029,264,286,0.23
22030,51,46,3.62
22031,62,25,1.58
22032,0,149,3.57
22033,14,14,1.32
22034,123,136,0.30
22035,200,26,2.42
22036,17,134,3.16
22037,22,16,0.50
22038,0,42,1.51
22039,0,34,1.41
22040,0,140,2.69
22041,162,162,0.69
22042,0,43,0.96
22043,36,16,0.37
22044,164,180,0.23
22045,0,106,4.54
22046,120,507,0.65
22047,79,22,1.65
22048,34,152,3.89
22049,19,144,3.25
22050,0,93,2.87
22051,29,14,0.26
22052,0,19,0.39
22053,154,169,0.36
22054,0,39,1.52
22055,20,174,3.44
22056,14,22,0.06
22057,0,159,4.32
22058,241,257,0.42
22059,43,26,0.51
22060,14,60,2.45
22061,0,111,4.27
22062,24,15,1.31
22063,0,123,2.21
22064,35,185,4.28
22065,88,127,0.57
22066,0,100,4.26
22067,255,942,0.75
22068,16,17,1.44
22069,0,21,0.69
22070,97,97,0.15
22071,37,42,1.14
22072,117,22,0.38
22073,258,343,0.37
22074,84,22,0.58
22075,48,20,1.64
22076,0,75,2.10
22077,122,122,0.29
22078,99,112,0.47
22079,0,166,1.68
22080,31,172,2.67
22081,0,130,2.46
22082,49,14,1.70
22083,12,21,1.10
22084,97,105,1.35
22085,23,104,2.71
22086,138,167,0.53
22087,130,161,0.42
22088,0,0,0.00
22089,49,24,0.84
22090,197,445,0.99
22091,0,138,6.11
22092,401,438,0.67
22093,31,174,2.19
22094,62,31,2.06
22095,0,23,1.03
22096,332,338,0.94
22097,0,135,3.70
22098,35,156,4.04
22099,247,464,0.97
22100,0,149,2.73
22101,133,141,0.53
22102,19,146,3.33
22103,144,166,0.59
22104,0,239,0.33
22105,134,154,0.52
22106,0,41,1.66
22107,157,1243,2.20
22108,255,286,0.32
22109,63,368,1.96
22110,0,45,2.36
22111,60,54,3.78
22112,999,1059,0.43
22113,22,16,0.42
22114,30,207,5.70
22115,162,163,0.31
22116,0,29,0.61
22117,122,288,0.36
22118,165,194,0.56
22119,14,23,1.28
22120,263,269,0.33
22121,55,28,0.55
22122,0,88,4.71
22123,126,308,0.96
22124,0,97,2.70
22125,303,340,1.18
22126,206,306,1.07
22127,0,43,1.83
22128,329,362,0.41
22129,36,101,1.63
22130,162,165,0.42
22131,14,26,0.45
22132,0,31,1.61
22133,0,149,2.56
22134,17,70,5.50
22135,20,101,3.63
22136,191,13,0.28
22137,77,90,0.34
22138,0,65,3.08
22139,52,23,0.73
22140,0,137,4.82
22141,37,154,4.63
22142,97,120,0.28
22143,168,395,1.61
22144,614,633,1.07
22145,0,32,1.87
22146,295,0,0.00
22147,54,171,2.50
22148,278,302,0.33
22149,16,180,2.92
22150,139,140,0.21
22151,80,82,0.12
22152,22,71,4.27
22153,0,20,0.50
22154,230,271,0.46
22155,118,119,0.16
22156,14,175,3.90
22157,342,32,0.21
22158,17,119,5.78
22159,24,144,3.48
22160,0,73,2.50
22161,137,154,0.33
22162,115,128,0.18
22163,84,88,0.46
22164,285,299,0.23
22165,19,78,5.64
22166,142,157,0.38
22167,272,649,1.09
22168,0,21,0.43
22169,45,100,2.96
22170,0,29,1.27
22171,19,196,3.47
22172,23,37,1.69
22173,141,148,0.27
22174,141,140,0.37
22175,18,120,2.38
22176,223,262,0.41
22177,0,60,3.11
22178,36,15,0.39
22179,15,63,1.03
22180,199,353,0.37
22181,240,20,0.44
22182,166,167,0.24
22183,270,306,0.52
22184,23,76,1.53
22185,135,197,0.61
22186,16,167,3.42
22187,112,124,0.18
22188,51,51,0.18
22189,21,147,2.73
22190,32,149,2.83
22191,56,175,5.25
22192,102,104,0.23
22193,179,181,0.33
22194,0,156,5.19
22195,185,232,0.74
22196,37,83,3.14
22197,61,91,0.60
22198,0,56,1.38
22199,191,237,0.59
22200,165,167,0.65
22201,59,66,0.27
22202,261,281,0.68
22203,173,174,0.37
22204,0,67,2.19
22205,220,223,0.29
22206,119,127,0.98
22207,32,79,3.49
22208,84,84,0.11
22209,161,190,0.40
22210,32,84,2.39
22211,79,92,0.38
22212,0,19,2.77
22213,70,70,0.38
22214,0,159,2.54
22215,44,180,3.36
22216,218,103,0.59
22217,260,293,2.24
22218,23,139,2.70
22219,24,150,0.56
22220,214,215,0.78
22221,18,92,3.11
22222,0,53,1.70
22223,14,155,3.42
22224,85,27,1.14
22225,188,11,0.23
22226,104,20,1.10
22227,82,84,0.14
22228,0,148,3.88
22229,229,229,0.89
22230,130,130,0.18
22231,16,153,3.64
22232,97,101,0.12
22233,0,15,0.24
22234,148,150,0.39
22235,0,85,2.21
22236,317,346,0.38
22237,118,162,1.20
22238,24,71,2.29
22239,108,24,2.14
22240,15,66,3.26
22241,11,55,2.19
22242,44,111,0.49
22243,0,88,1.84
22244,125,12,0.31
22245,0,37,1.36
22246,271,712,1.13
22247,108,113,0.35
22248,14,140,5.64
22249,161,181,0.30
22250,133,144,0.36
22251,0,130,3.31
22252,44,117,1.03
22253,61,36,3.21
22254,0,147,8.40
22255,211,1391,1.17
22256,184,336,0.42
22257,176,186,0.42
22258,0,23,1.08
22259,167,190,0.33
22260,0,0,0.00
22261,14,69,3.90
22262,31,52,1.96
22263,28,120,3.59
22264,0,39,2.64
22265,74,25,1.51
22266,315,359,1.13
22267,0,122,1.93
22268,46,43,1.96
22269,97,134,0.36
22270,0,77,1.88
22271,113,115,0.98
22272,12,162,6.25
22273,16,20,2.78
22274,28,30,0.91
22275,104,14,0.38
22276,0,108,2.62
22277,0,52,2.20
22278,18,107,1.92
22279,0,119,4.28
22280,0,86,0.28
22281,31,100,1.01
22282,0,30,1.94
22283,212,674,1.41
22284,14,106,2.05
22285,0,128,3.44
22286,202,227,0.40
22287,0,106,3.29
22288,64,205,1.13
22289,45,61,3.13
22290,160,444,1.06
22291,20,26,0.63
22292,221,546,1.10
22293,13,16,0.39
22294,21,28,0.57
22295,185,214,0.51
22296,84,84,0.28
22297,0,26,0.71
22298,0,197,3.85
22299,24,116,2.86
22300,32,19,0.59
22301,0,81,1.98
22302,0,39,1.82
22303,237,458,1.15
22304,0,30,2.05
22305,38,12,0.38
22306,20,148,2.27
22307,204,397,0.39
22308,0,40,1.58
22309,72,14,0.48
22310,0,169,3.95
22311,38,194,6.83
22312,0,133,3.20
22313,95,98,0.22
22314,0,125,2.25
22315,95,95,0.59
22316,36,18,0.55
22317,340,369,0.28
22318,69,130,1.86
22319,105,56,4.88
22320,0,25,0.82
22321,0,58,3.04
22322,74,74,0.61
22323,140,141,0.19
22324,13,18,0.38
22325,25,94,3.18
22326,162,201,0.27
22327,157,157,0.24
22328,127,139,0.46
22329,0,34,0.44
22330,0,98,3.32
22331,0,35,0.46
22332,252,553,1.20
22333,13,61,1.98
22334,119,124,0.47
22335,258,289,0.39
22336,53,162,3.99
22337,139,316,0.64
22338,28,15,0.25
22339,413,457,0.81
22340,110,306,0.62
22341,49,29,0.94
22342,159,413,1.23
22343,19,131,2.46
22344,162,188,0.38
22345,48,21,0.54
22346,0,51,2.47
22347,231,277,0.41
22348,0,64,2.69
22349,0,0,0.00
22350,34,24,0.58
22351,15,72,0.97
22352,337,343,0.45
22353,0,17,0.33
22354,74,0,0.00
22355,163,186,0.53
22356,0,118,3.14
22357,130,138,0.37
22358,17,32,0.53
22359,0,19,0.50
22360,44,197,1.96
22361,77,82,0.38
22362,0,149,6.05
22363,20,120,2.56
22364,312,14,0.12
22365,26,151,3.79
22366,0,87,2.22
22367,17,152,4.22
22368,199,205,0.29
22369,0,33,0.93
22370,16,139,2.83
22371,49,172,3.47
22372,0,88,2.72
22373,181,186,1.16
22374,183,16,0.35
22375,176,194,0.33
22376,30,48,5.16
22377,141,279,0.43
22378,236,244,0.25
22379,23,89,4.90
22380,21,31,2.46
22381,152,175,0.45
22382,80,22,1.41
22383,223,247,0.52
22384,21,138,4.21
22385,11,34,1.85
22386,0,34,1.03
22387,163,201,0.26
22388,160,231,1.44
22389,542,23,0.08
22390,0,98,4.46
22391,80,107,0.15
22392,369,381,0.42
22393,65,169,2.45
22394,13,93,0.58
22395,0,25,2.99
22396,11,23,0.37
22397,14,107,0.47
22398,18,145,2.85
22399,159,162,0.27
22400,0,22,0.45
22401,62,213,3.70
22402,40,143,1.54
22403,0,111,4.08
22404,54,189,2.19
22405,183,201,0.47
22406,21,59,0.37
22407,116,119,0.16
22408,0,38,1.95
22409,197,173,0.33
22410,58,58,0.13
22411,328,763,2.50
22412,0,129,2.90
22413,183,389,1.10
22414,19,18,0.32
22415,187,188,0.38
22416,20,92,3.08
22417,23,52,4.45
22418,0,184,3.08
22419,22,41,1.06
22420,140,159,1.16
22421,0,0,0.00
22422,43,24,0.78
22423,159,328,0.60
22424,0,36,1.87
22425,632,18,0.07
22426,59,27,0.53
22427,18,107,3.02
22428,236,236,0.75
22429,14,179,5.56
22430,16,371,4.59
22431,64,81,0.33
22432,149,151,0.46
22433,0,22,1.74
22434,43,27,0.44
22435,0,23,0.98
22436,0,22,1.38
22437,210,376,0.31
22438,53,15,0.53
22439,141,217,0.91
22440,89,120,0.54
22441,0,21,0.49
22442,17,15,0.39
22443,155,156,0.47
22444,36,177,4.09
22445,0,97,3.31
22446,0,0,0.00
22447,162,16,0.34
22448,140,146,0.60
22449,154,0,0.00
22450,18,26,0.62
22451,16,41,2.49
22452,189,222,0.38
22453,17,49,1.93
22454,0,136,3.30
22455,287,294,0.70
22456,497,984,0.37
22457,64,70,0.27
22458,58,66,2.48
22459,0,131,2.61
22460,99,99,0.46
22461,115,139,0.51
22462,41,172,5.41
22463,313,1421,1.37
22464,259,276,0.38
22465,553,616,0.45
22466,0,148,3.18
22467,0,52,0.30
22468,169,181,0.71
22469,0,108,4.70
22470,18,129,2.43
22471,134,150,0.27
22472,119,20,0.95
22473,34,79,1.74
22474,36,16,0.45
22475,19,53,2.61
22476,0,80,3.09
22477,24,28,1.65
22478,0,0,0.00
22479,0,14,0.06
22480,19,148,4.21
22481,37,17,0.52
22482,14,63,2.92
22483,102,131,0.60
22484,40,179,2.45
22485,24,95,3.75
22486,0,34,3.17
22487,256,291,0.26
22488,37,21,1.01
22489,134,676,3.62
22490,111,118,0.34
22491,18,94,2.92
22492,797,1126,0.99
22493,55,62,0.15
22494,205,549,1.10
22495,51,13,0.34
22496,508,528,0.43
22497,0,102,3.82
22498,78,78,0.15
22499,282,308,0.35
22500,194,219,0.30
22501,0,26,1.01
22502,12,152,5.43
22503,15,31,0.54
22504,184,186,0.42
22505,34,100,2.26
22506,20,172,4.23
22507,0,187,2.93
22508,21,62,4.25
22509,0,22,0.88
22510,255,281,0.26
22511,162,169,0.90
22512,14,207,1.65
22513,0,49,1.80
22514,19,150,3.55
22515,72,88,0.21
22516,200,212,0.32
22517,125,128,0.36
22518,0,92,4.02
22519,117,117,0.17
22520,0,146,0.45
22521,114,118,0.25
22522,18,20,0.83
22523,18,55,2.26
22524,51,57,2.57
22525,244,452,0.84
22526,0,44,1.58
22527,80,80,0.13
22528,43,15,0.33
22529,165,217,0.55
22530,159,975,0.39
22531,17,33,2.14
22532,0,141,3.35
22533,135,231,0.44
22534,19,43,2.28
22535,115,117,0.17
22536,44,186,0.67
22537,165,186,0.41
22538,26,73,3.86
22539,224,241,0.38
22540,334,345,0.29
22541,0,36,2.12
22542,32,19,0.56
22543,274,274,0.16
22544,43,37,1.47
22545,200,503,0.99
22546,167,791,2.60
22547,13,52,1.74
22548,0,34,1.67
22549,118,122,0.41
22550,0,17,0.62
22551,116,121,0.16
22552,0,29,1.94
22553,291,293,0.94
22554,0,0,0.00
22555,0,87,3.37
22556,47,180,2.73
22557,93,94,0.14
22558,66,68,0.13
22559,17,115,4.58
22560,64,30,0.71
22561,17,24,0.67
22562,72,75,0.22
22563,16,139,2.29
22564,0,118,2.64
22565,216,256,0.77
22566,14,471,3.71
22567,83,119,0.50
22568,0,69,3.91
22569,46,47,0.16
22570,134,160,0.38
22571,0,109,4.70
22572,0,53,1.25
22573,104,118,0.52
22574,198,459,0.97
22575,128,135,0.20
22576,50,164,2.67
22577,506,528,0.42
22578,0,147,5.72
22579,0,0,0.00
22580,72,245,0.64
22581,55,59,0.31
22582,0,26,1.67
22583,129,338,0.28
22584,586,723,1.21
22585,14,138,5.74
22586,0,166,2.68
22587,11,76,2.38
22588,0,88,3.81
22589,29,16,0.38
22590,267,677,1.08
22591,125,150,0.56
22592,24,151,4.61
22593,0,184,0.33
22594,22,29,0.54
22595,17,96,0.33
22596,26,181,5.37
22597,0,79,3.87
22598,0,70,3.46
22599,11,41,2.39
22600,130,16,0.34
22601,17,14,0.35
22602,27,44,3.75
22603,24,240,0.68
22604,0,17,0.41
22605,0,113,5.29
22606,15,172,3.35
22607,172,374,0.48
22608,11,153,2.30
22609,130,142,0.65
22610,42,124,3.44
22611,0,143,3.70
22612,129,133,0.17
22613,253,274,0.32
22614,0,115,3.35
22615,60,18,0.74
22616,19,74,3.11
22617,40,0,0.00
22618,34,32,1.66
22619,0,80,3.17
22620,28,106,2.03
22621,16,35,1.33
22622,0,63,2.01
22623,185,211,0.30
22624,18,150,5.75
22625,37,153,1.80
22626,36,22,1.86
22627,14,59,2.69
22628,43,160,4.11
22629,202,394,0.92
22630,20,46,1.32
22631,205,222,0.79
22632,75,18,1.07
22633,0,69,2.16
22634,47,102,1.35
22635,0,1516,4.06
22636,88,99,0.45
22637,14,421,1.68
22638,127,129,0.23
22639,126,127,0.15
22640,20,197,3.31
22641,19,84,0.44
22642,26,15,0.78
22643,195,309,0.43
22644,19,75,3.55
22645,418,451,0.51
22646,15,17,0.37
22647,33,152,4.39
22648,19,79,2.56
22649,198,227,0.32
22650,29,185,6.53
22651,176,181,0.81
22652,47,18,0.28
22653,0,66,4.18
22654,122,193,0.85
22655,0,97,3.65
22656,34,26,0.91
22657,32,24,0.38
22658,0,137,3.87
22659,0,15,0.37
22660,16,41,0.49
22661,521,529,1.09
22662,86,86,0.14
22663,18,157,4.41
22664,86,485,0.39
22665,120,120,0.22
22666,15,133,6.01
22667,80,1164,3.23
22668,24,126,2.82
22669,326,349,0.39
22670,0,29,0.76
22671,64,367,0.44
22672,101,101,0.17
22673,79,85,0.18
22674,18,66,3.91
22675,29,222,2.52
22676,15,53,2.62
22677,100,99,0.23
22678,71,71,0.20
22679,0,14,0.09
22680,0,136,4.85
22681,0,76,5.40
22682,120,140,0.40
22683,532,1191,0.58
22684,152,205,0.27
22685,16,16,0.31
22686,248,14,0.22
22687,26,190,5.90
22688,92,376,0.76
22689,0,69,1.50
22690,28,58,1.82
22691,195,204,0.41
22692,74,28,1.53
22693,82,86,0.27
22694,0,73,1.94
22695,54,193,0.97
22696,130,23,0.56
22697,0,45,2.87
22698,0,85,2.80
22699,194,206,0.65
22700,112,126,0.34
22701,14,73,2.34
22702,20,149,5.27
22703,119,161,0.42
22704,45,138,1.91
22705,105,123,0.47
22706,79,79,0.13
22707,0,129,4.07
22708,37,190,6.47
22709,21,50,1.43
22710,168,29,0.51
22711,0,145,2.80
22712,0,120,1.87
22713,69,20,0.31
22714,20,180,0.54
22715,27,20,0.18
22716,13,323,0.26
22717,280,310,0.57
22718,0,59,1.36
22719,248,263,0.40
22720,0,0,0.00
22721,12,142,3.54
22722,113,126,0.32
22723,210,251,0.41
22724,163,172,0.53
22725,59,16,0.39
22726,84,90,0.28
22727,25,43,1.33
22728,205,222,0.29
22729,285,302,0.31
22730,0,50,2.20
22731,35,21,0.42
22732,0,134,3.51
22733,184,187,0.27
22734,219,157,0.37
22735,20,101,5.53
22736,237,730,1.21
22737,13,105,5.61
22738,162,179,0.36
22739,97,102,0.28
22740,16,0,0.00
22741,38,99,2.30
22742,0,135,6.40
22743,120,146,0.34
22744,0,132,0.99
22745,702,1170,2.15
22746,36,145,2.95
22747,0,105,2.80
22748,207,410,0.51
22749,26,18,0.46
22750,0,66,1.99
22751,21,99,0.77
22752,99,108,1.00
22753,17,78,1.31
22754,144,146,0.30
22755,42,28,0.48
22756,31,146,5.49
22757,145,340,0.87
22758,268,27,0.54
22759,197,469,1.09
22760,180,231,0.67
22761,158,163,0.39
22762,21,253,0.60
22763,117,117,0.18
22764,0,65,2.51
22765,18,221,6.97
22766,168,170,0.37
22767,39,30,2.89
22768,18,57,2.95
22769,37,142,3.13
22770,0,117,4.98
22771,251,254,0.97
22772,17,23,0.42
22773,303,1494,7.97
22774,0,0,0.00
22775,107,110,0.39
22776,18,148,3.01
22777,0,77,2.92
22778,94,94,0.16
22779,0,135,2.50
22780,283,314,0.34
22781,28,174,4.25
22782,48,40,1.54
22783,39,24,0.67
22784,0,134,5.48
22785,16,845,4.22
22786,25,21,0.52
22787,22,19,0.41
22788,84,89,0.71
22789,0,23,0.39
22790,0,78,1.35
22791,0,84,0.16
22792,209,216,0.72
22793,117,117,0.24
22794,16,40,1.10
22795,202,449,0.50
22796,82,84,0.20
22797,17,84,2.29
22798,0,217,6.51
22799,180,217,0.32
22800,0,19,0.43
22801,117,264,0.41
22802,38,22,0.73
22803,0,38,1.84
22804,36,158,3.21
22805,34,34,0.59
22806,0,22,0.30
22807,0,155,2.26
22808,0,23,0.45
22809,0,112,3.54
22810,341,346,0.96
22811,0,37,1.67
22812,0,41,2.14
22813,138,152,0.61
22814,319,332,0.43
22815,71,18,0.15
22816,0,143,4.44
22817,0,18,0.38
22818,149,163,0.22
22819,53,54,0.13
22820,0,56,3.04
22821,483,503,0.87
22822,135,135,0.21
22823,0,77,1.20
22824,88,110,0.51
22825,23,192,3.28
22826,19,38,1.98
22827,145,169,0.33
22828,15,141,4.55
22829,27,107,0.43
22830,0,77,2.15
22831,28,33,1.29
22832,67,67,0.12
22833,25,27,1.79
22834,422,467,0.39
22835,32,170,2.65
22836,13,57,2.47
22837,66,44,2.37
22838,99,100,0.28
22839,0,151,2.67
22840,0,60,0.32
22841,128,18,0.38
22842,17,24,0.34
22843,19,107,0.51
22844,133,136,0.19
22845,38,106,0.64
22846,90,103,0.22
22847,89,89,0.38
22848,58,18,0.61
22849,93,110,0.39
22850,0,106,1.47
22851,72,80,0.32
22852,106,118,0.83
22853,58,181,3.76
22854,105,42,2.97
22855,128,141,0.62
22856,14,47,1.04
22857,16,31,0.64
22858,272,300,0.67
22859,14,110,3.83
22860,185,319,0.35
22861,51,0,0.00
22862,0,368,0.30
22863,24,0,0.00
22864,22,51,2.68
22865,0,0,0.00
22866,264,498,0.59
22867,105,38,0.76
22868,160,165,0.46
22869,20,24,1.26
22870,33,44,1.69
22871,0,84,1.82
22872,31,166,2.60
22873,182,322,0.32
22874,0,145,2.66
22875,193,226,0.45
22876,196,212,0.41
22877,54,144,4.52
22878,535,957,2.48
22879,0,46,1.45
22880,264,447,0.48
22881,304,1923,4.07
22882,0,149,3.53
22883,366,720,0.50
22884,93,96,0.41
22885,255,545,1.10
22886,0,0,0.00
22887,41,41,0.09
22888,0,149,6.38
22889,91,100,0.44
22890,0,0,0.00
22891,0,94,1.69
22892,0,36,2.12
22893,0,127,4.42
22894,0,33,2.77
22895,231,610,1.21
22896,285,290,1.19
22897,94,96,0.21
22898,396,424,0.37
22899,0,30,0.99
22900,52,170,3.81
22901,0,94,2.31
22902,108,118,0.32
22903,97,93,0.26
22904,54,18,0.88
22905,16,146,3.24
22906,0,0,0.00
22907,199,58,0.16
22908,77,20,1.30
22909,12,25,0.47
22910,43,23,0.56
22911,45,194,3.12
22912,19,149,3.59
22913,75,192,0.99
22914,368,376,0.38
22915,0,21,1.15
22916,67,20,0.42
22917,0,159,2.56
22918,104,118,0.40
22919,0,11,0.15
22920,22,18,0.53
22921,0,21,0.36
22922,26,152,2.76
22923,42,170,2.97
22924,0,0,0.00
22925,20,52,1.56
22926,242,169,0.54
22927,98,98,0.27
22928,38,18,0.66
22929,19,162,4.36
22930,131,167,0.32
22931,20,18,1.00
22932,0,88,2.46
22933,240,252,1.54
22934,94,106,0.21
22935,0,77,3.47
22936,38,179,2.67
22937,35,67,2.66
22938,174,23,0.67
22939,233,825,7.43
22940,0,157,4.94
22941,52,88,3.71
22942,152,184,0.47
22943,93,96,0.19
22944,202,288,0.60
22945,15,24,0.91
22946,22,96,3.54
22947,27,37,0.97
22948,0,54,2.53
22949,0,0,0.00
22950,21,50,3.01
22951,18,82,2.32
22952,212,491,1.80
22953,31,122,2.38
22954,136,319,1.50
22955,12,45,1.38
22956,0,162,3.09
22957,256,290,0.59
22958,96,97,0.12
22959,0,149,3.31
22960,201,213,0.63
22961,13,14,1.24
22962,0,74,4.09
22963,16,143,4.53
22964,19,153,4.30
22965,0,86,3.11
22966,148,252,0.69
22967,487,501,1.11
22968,0,16,0.77
22969,35,153,0.51
22970,32,89,0.18
22971,185,200,0.32
22972,145,150,0.72
22973,0,35,0.78
22974,0,54,1.28
22975,0,50,2.29
22976,0,55,0.68
22977,0,106,2.76
22978,0,195,4.33
22979,0,127,3.22
22980,14,88,3.80
22981,18,44,1.67
22982,55,65,0.32
22983,0,121,1.95
22984,54,0,0.00
22985,57,164,0.63
22986,35,206,2.97
22987,20,110,3.54
22988,89,91,0.11
22989,17,131,2.83
22990,315,377,0.62
22991,186,217,0.56
22992,16,125,4.22
22993,109,110,0.18
22994,60,26,0.75
22995,63,168,1.49
22996,0,66,2.16
22997,54,47,1.54
22998,0,44,2.69
22999,0,102,3.04
23000,279,285,1.36
23001,68,21,0.44
23002,17,90,4.99
23003,29,100,0.38
23004,14,41,0.67
23005,0,18,0.27
23006,0,56,0.79
23007,56,16,1.01
23008,12,95,1.59
23009,170,287,0.34
23010,25,88,5.03
23011,10,34,1.30
23012,142,147,1.13
23013,221,249,0.31
23014,172,210,0.45
23015,14,93,2.88
23016,0,35,1.34
23017,0,157,0.34
23018,27,176,1.41
23019,47,176,1.80
23020,74,144,0.30
23021,12,16,1.00
23022,17,96,2.57
23023,186,232,0.33
23024,293,967,1.19
23025,345,374,1.03
23026,164,411,0.41
23027,45,189,5.37
23028,0,124,2.82
23029,0,45,1.83
23030,16,163,3.33
23031,102,140,0.70
23032,13,20,1.15
23033,0,40,1.14
23034,15,46,2.03
23035,0,0,0.00
23036,0,18,0.62
23037,100,102,2.93
23038,211,19,0.21
23039,125,125,0.18
23040,35,19,0.42
23041,0,34,1.66
23042,106,138,0.58
23043,22,33,0.88
23044,255,520,0.82
23045,157,349,0.48
23046,0,102,4.55
23047,0,28,1.60
23048,373,398,0.37
23049,61,171,2.48
23050,23,106,2.20
23051,222,629,1.16
23052,254,392,0.51
23053,139,288,0.60
23054,128,179,1.06
23055,59,68,0.28
23056,0,124,3.79
23057,299,361,0.33
23058,0,14,0.18
23059,0,131,2.86
23060,220,264,1.97
23061,0,79,3.18
23062,586,589,1.03
23063,19,17,0.66
23064,0,132,2.26
23065,280,425,0.41
23066,16,17,0.91
23067,590,619,1.09
23068,39,19,0.30
23069,86,89,0.64
23070,11,156,3.43
23071,235,543,2.06
23072,0,0,0.00
23073,467,518,1.02
23074,198,234,0.20
23075,15,159,4.44
23076,0,33,0.97
23077,13,16,0.59
23078,38,156,0.46
23079,289,727,1.11
23080,0,48,1.93
23081,285,285,0.56
23082,96,18,0.42
23083,268,273,0.30
23084,0,143,2.53
23085,28,27,1.02
23086,28,46,3.39
23087,0,116,4.55
23088,26,139,5.93
23089,235,260,0.24
23090,133,160,0.53
23091,0,143,4.94
23092,257,280,0.25
23093,32,332,0.73
23094,13,138,1.19
23095,218,220,0.46
23096,0,12,0.41
23097,16,182,3.29
23098,97,98,0.17
23099,0,54,2.34
23100,46,188,3.57
23101,20,162,5.80
23102,62,62,0.15
23103,19,16,0.03
23104,0,126,3.53
23105,102,21,0.62
23106,0,90,6.79
23107,0,23,0.55
23108,23,89,3.44
23109,253,676,1.08
23110,190,14,0.20
23111,143,697,1.17
23112,85,132,0.31
23113,17,15,0.43
23114,29,26,1.96
23115,36,187,2.48
23116,0,180,6.28
23117,147,148,0.24
23118,0,72,2.36
23119,19,190,0.53
23120,21,137,5.56
23121,229,246,0.37
23122,119,119,0.20
23123,93,97,0.16
23124,0,129,3.45
23125,114,115,0.34
23126,0,98,0.22
23127,123,141,0.20
23128,21,19,1.05
23129,227,237,0.24
23130,312,363,0.34
23131,28,75,2.11
23132,0,0,0.00
23133,130,154,0.84
23134,0,83,2.34
23135,148,44,1.67
23136,0,130,2.76
23137,16,17,0.87
23138,0,113,2.41
23139,0,548,0.34
23140,0,18,0.77
23141,0,41,0.90
23142,439,469,1.42
23143,120,212,0.32
23144,276,303,0.46
23145,281,756,1.14
23146,0,132,2.94
23147,99,101,0.30
23148,15,19,0.34
23149,201,215,0.81
23150,190,451,1.10
23151,241,373,0.38
23152,0,21,1.31
23153,110,26,0.50
23154,0,177,0.59
23155,0,93,1.76
23156,66,68,0.15
23157,21,152,3.33
23158,0,46,1.64
23159,88,92,0.73
23160,81,32,1.44
23161,0,21,0.44
23162,193,193,0.58
23163,14,118,2.81
23164,158,181,0.49
23165,0,65,3.02
23166,0,25,1.20
23167,45,299,0.62
23168,129,132,0.18
23169,27,44,0.34
23170,0,60,2.08
23171,0,18,0.41
23172,0,61,2.15
23173,548,564,1.00
23174,31,22,0.51
23175,0,57,2.38
23176,13,16,0.32
23177,17,220,0.73
23178,98,16,0.23
23179,16,97,3.03
23180,21,180,0.37
23181,24,188,6.68
23182,22,39,1.93
23183,0,114,5.02
23184,369,372,1.04
23185,20,190,2.08
23186,0,82,1.57
23187,19,15,0.27
23188,74,104,0.33
23189,28,200,1.99
23190,91,43,1.86
23191,217,235,0.25
23192,20,80,3.48
23193,0,27,1.35
23194,18,38,1.51
23195,27,22,0.64
23196,120,121,0.19
23197,0,35,0.94
23198,14,88,3.03
23199,127,206,0.36
23200,10,15,0.49
23201,22,355,3.46
23202,253,296,0.40
23203,0,145,3.59
23204,348,395,1.12
23205,17,209,3.40
23206,0,0,0.00
23207,101,103,0.17
23208,187,437,1.14
23209,0,145,6.49
23210,145,146,0.26
23211,38,200,3.86
23212,0,27,0.92
23213,16,25,0.32
23214,55,29,0.34
23215,0,81,3.39
23216,72,80,0.15
23217,31,45,1.81
23218,0,38,2.03
23219,96,97,0.19
23220,0,136,4.13
23221,0,25,0.70
23222,0,0,0.00
23223,81,86,0.46
23224,130,141,1.11
23225,107,110,0.16
23226,0,76,1.58
23227,210,212,0.34
23228,21,22,0.21
23229,153,155,0.38
23230,0,46,2.52
23231,32,75,4.14
23232,0,551,0.63
23233,0,183,3.03
23234,20,25,1.06
23235,103,103,0.14
23236,22,28,1.01
23237,19,15,0.43
23238,245,502,1.15
23239,110,32,1.72
23240,14,39,0.51
23241,0,170,0.13
23242,18,29,1.65
23243,154,159,0.57
23244,187,189,0.74
23245,259,289,0.37
23246,55,168,2.92
23247,30,16,0.45
23248,20,53,1.07
23249,36,112,3.39
23250,123,137,0.20
23251,45,18,2.15
23252,16,220,3.41
23253,26,187,0.76
23254,302,655,0.96
23255,45,92,0.42
23256,0,82,1.84
23257,53,173,2.48
23258,136,139,0.80
23259,0,30,0.64
23260,26,26,1.15
23261,28,27,2.80
23262,34,72,2.39
23263,232,236,0.49
23264,344,361,0.34
23265,195,207,0.58
23266,19,104,3.53
23267,89,209,0.95
23268,284,320,1.26
23269,15,364,1.56
23270,96,0,0.00
23271,228,259,0.32
23272,22,28,0.72
23273,74,239,0.79
23274,228,21,1.63
23275,130,1288,1.59
23276,33,124,2.29
23277,39,50,2.55
23278,20,217,1.64
23279,38,145,1.47
23280,29,31,0.18
23281,179,193,0.52
23282,0,88,2.57
23283,17,79,0.46
23284,0,0,0.00
23285,0,32,0.64
23286,22,191,2.51
23287,17,20,1.38
23288,344,345,0.38
23289,0,49,4.85
23290,17,68,2.31
23291,0,23,0.71
23292,91,92,0.16
23293,0,0,0.00
23294,155,167,0.29
23295,21,148,2.57
23296,14,17,0.51
23297,147,150,0.67
23298,0,268,4.23
23299,95,96,0.12
23300,13,25,1.48
23301,123,131,0.69
23302,0,144,8.99
23303,0,122,0.64
23304,47,46,1.53
23305,0,175,4.42
23306,86,95,0.25
23307,49,289,1.42
23308,14,148,2.75
23309,376,395,0.71
23310,21,37,1.20
23311,101,106,0.21
23312,0,0,0.00
23313,17,18,1.02
23314,100,101,0.21
23315,128,166,0.51
23316,22,25,2.40
23317,0,25,1.57
23318,98,18,0.50
23319,34,13,0.47
23320,12,141,2.33
23321,285,286,0.27
23322,94,29,1.28
23323,0,13,0.29
23324,21,63,1.33
23325,232,245,0.37
23326,17,15,0.51
23327,104,129,0.58
23328,75,100,0.35
23329,26,162,7.49
23330,580,778,1.15
23331,0,132,4.35
23332,0,22,0.50
23333,0,76,2.50
23334,28,44,2.31
23335,336,380,0.50
23336,25,42,0.91
23337,16,47,0.91
23338,269,296,0.30
23339,0,14,0.61
23340,20,372,0.60
23341,115,145,0.47
23342,0,123,4.00
23343,0,39,2.62
23344,20,22,1.95
23345,37,40,1.31
23346,17,178,3.63
23347,89,91,0.14
23348,12,24,0.37
23349,326,354,0.40
23350,0,0,0.00
23351,20,37,2.19
23352,138,144,0.29
23353,73,74,0.18
23354,95,27,0.42
23355,0,165,2.09
23356,46,44,2.96
23357,0,48,1.77
23358,17,279,3.33
23359,52,28,0.35
23360,19,163,4.55
23361,230,13,0.12
23362,19,82,2.70
23363,126,151,0.48
23364,172,434,0.86
23365,25,197,3.67
23366,344,373,0.40
23367,23,118,4.15
23368,0,162,4.14
23369,339,1114,1.25
23370,0,72,2.23
23371,31,51,0.94
23372,101,105,0.17
23373,0,0,0.00
23374,167,212,0.24
23375,0,141,6.64
23376,168,166,0.67
23377,141,294,0.33
23378,15,104,3.77
23379,39,27,3.06
23380,169,176,0.32
23381,25,40,2.82
23382,401,429,0.42
23383,0,78,3.09
23384,20,21,1.44
23385,114,115,0.40
23386,17,142,2.61
23387,363,364,0.38
23388,90,104,0.23
23389,39,174,2.86
23390,16,160,3.39
23391,19,51,2.88
23392,0,105,1.36
23393,29,49,2.34
23394,14,81,1.44
23395,208,252,0.28
23396,23,63,3.12
23397,109,126,0.38
23398,15,169,4.23
23399,0,29,2.44
23400,627,658,1.32
23401,0,29,1.05
23402,135,136,0.14
23403,23,102,0.84
23404,0,95,2.40
23405,18,184,4.70
23406,0,22,0.51
23407,143,0,0.00
23408,0,11,0.26
23409,0,142,3.02
23410,74,74,0.15
23411,27,174,4.91
23412,28,14,0.26
23413,0,119,4.98
23414,33,90,2.99
23415,177,192,0.48
23416,0,145,3.75
23417,348,375,1.12
23418,24,48,2.68
23419,46,21,0.32
23420,0,43,1.16
23421,32,188,7.58
23422,177,178,0.74
23423,103,120,0.29
23424,0,20,1.60
23425,11,206,4.66
23426,55,62,0.22
23427,138,138,0.24
23428,328,345,0.93
23429,23,172,3.64
23430,19,59,2.61
23431,72,80,0.17
23432,318,332,0.26
23433,0,15,0.51
23434,303,315,0.26
23435,16,271,0.67
23436,25,144,4.16
23437,0,28,0.13
23438,174,177,0.20
23439,0,31,1.61
23440,144,146,0.28
23441,0,89,4.63
23442,85,85,0.14
23443,46,19,1.21
23444,261,491,1.20
23445,18,65,5.15
23446,0,143,5.10
23447,302,1069,2.40
23448,185,195,0.45
23449,137,143,0.63
23450,192,614,1.08
23451,126,128,0.24
23452,181,188,0.62
23453,0,46,1.62
23454,54,69,0.49
23455,264,753,1.12
23456,180,23,1.02
23457,295,0,0.00
23458,98,102,0.19
23459,238,272,0.30
23460,13,24,1.62
23461,276,282,0.82
23462,0,140,4.95
23463,14,143,2.44
23464,46,183,4.34
23465,15,198,5.31
23466,15,38,0.03
23467,0,85,2.30
23468,0,75,3.64
23469,233,331,0.59
23470,383,24,0.09
23471,20,69,2.80
23472,81,262,0.63
23473,0,143,3.78
23474,30,322,3.58
23475,0,142,3.19
23476,178,178,0.57
23477,0,89,3.22
23478,11,143,0.40
23479,401,1250,2.98
23480,12,133,3.72
23481,14,25,1.66
23482,156,2123,7.40
23483,114,143,0.44
23484,118,18,0.50
23485,636,655,0.41
23486,115,119,0.51
23487,196,568,1.21
23488,295,323,0.25
23489,0,44,2.06
23490,17,25,0.41
23491,276,278,0.91
23492,20,99,3.49
23493,0,36,1.99
23494,50,187,1.86
23495,16,314,4.61
23496,16,19,1.28
23497,38,22,0.99
23498,36,74,2.14
23499,95,26,1.60
23500,21,36,1.75
23501,208,322,0.39
23502,0,28,1.16
23503,213,493,1.07
23504,35,16,0.36
23505,85,85,0.75
23506,21,178,5.44
23507,22,79,3.01
23508,142,153,0.38
23509,162,182,0.45
23510,31,283,4.77
23511,42,171,7.42
23512,16,19,0.72
23513,28,33,2.13
23514,0,0,0.00
23515,38,33,2.36
23516,19,93,3.57
23517,50,64,1.39
23518,148,148,0.19
23519,224,570,1.10
23520,0,116,3.44
23521,12,86,2.71
23522,0,87,6.20
23523,633,741,1.13
23524,0,79,0.52
23525,181,189,0.39
23526,16,16,0.74
23527,121,121,0.18
23528,215,395,1.21
23529,182,763,0.54
23530,303,333,0.27
23531,204,218,0.79
23532,17,167,2.86
23533,19,47,3.47
23534,0,18,0.42
23535,106,110,0.30
23536,116,116,0.21
23537,75,95,0.50
23538,14,117,2.36
23539,48,186,3.48
23540,178,181,0.76
23541,0,138,1.77
23542,57,201,4.26
23543,29,64,2.10
23544,87,88,0.14
23545,157,178,0.52
23546,0,82,2.35
23547,104,104,0.15
23548,0,157,8.72
23549,75,26,0.46
23550,335,387,0.48
23551,21,47,2.25
23552,67,18,0.38
23553,55,55,0.08
23554,85,24,1.79
23555,461,502,1.12
23556,232,237,0.35
23557,99,102,0.35
23558,17,150,4.09
23559,272,281,0.29
23560,58,40,1.57
23561,28,50,3.00
23562,64,24,0.36
23563,195,687,1.19
23564,121,306,1.09
23565,23,151,2.26
23566,21,15,0.38
23567,25,86,3.93
23568,529,548,1.11
23569,177,177,0.52
23570,260,472,0.35
23571,0,20,0.58
23572,0,181,2.97
23573,65,309,0.36
23574,18,0,0.00
23575,227,227,0.71
23576,211,355,0.33
23577,144,146,0.39
23578,0,43,1.19
23579,17,31,0.57
23580,0,93,2.83
23581,141,169,0.42
23582,18,110,3.35
23583,337,21,0.06
23584,219,232,0.38
23585,31,73,1.71
23586,190,290,0.44
23587,0,145,5.06
23588,86,86,0.13
23589,142,143,0.40
23590,12,72,2.90
23591,21,136,3.50
23592,153,169,0.46
23593,0,0,0.00
23594,0,20,0.48
23595,17,38,1.04
23596,0,129,2.55
23597,165,602,1.12
23598,0,35,0.59
23599,0,44,0.08
23600,36,16,0.35
23601,24,131,4.43
23602,50,178,4.39
23603,46,201,3.53
23604,58,117,3.34
23605,0,106,0.70
23606,0,126,2.16
23607,257,277,0.31
23608,24,63,3.29
23609,0,160,5.85
23610,116,123,0.39
23611,11,175,4.01
23612,23,13,0.43
23613,0,156,3.84
23614,64,218,0.72
23615,346,418,0.90
23616,39,62,2.20
23617,84,109,0.33
23618,0,44,2.80
23619,35,121,3.36
23620,14,18,0.35
23621,211,226,0.26
23622,60,117,0.42
23623,104,233,1.86
23624,20,149,4.12
23625,137,148,0.39
23626,221,523,0.43
23627,17,98,1.42
23628,58,931,1.19
23629,194,194,0.62
23630,107,108,0.22
23631,0,90,4.79
23632,0,0,0.00
23633,23,185,3.44
23634,18,91,4.17
23635,244,244,0.36
23636,0,498,1.02
23637,14,145,5.47
23638,64,23,0.35
23639,24,118,2.62
23640,122,131,0.29
23641,287,315,1.12
23642,234,237,0.48
23643,125,374,0.84
23644,104,104,0.15
23645,17,161,1.60
23646,19,23,0.51
23647,313,368,0.34
23648,18,85,4.92
23649,235,251,0.27
23650,0,20,2.23
23651,72,15,0.42
23652,57,17,0.40
23653,169,195,0.26
23654,0,0,0.00
23655,274,302,1.02
23656,229,476,1.23
23657,27,27,0.47
23658,20,28,1.85
23659,14,30,0.82
23660,262,470,0.32
23661,266,309,0.55
23662,30,28,1.85
23663,20,145,6.23
23664,305,337,1.03
23665,14,61,3.09
23666,170,198,0.33
23667,132,150,0.34
23668,15,56,0.98
23669,21,66,2.10
23670,0,242,4.88
23671,0,0,0.00
23672,139,148,0.40
23673,18,76,3.04
23674,19,149,3.36
23675,54,187,1.33
23676,0,23,0.58
23677,30,138,1.81
23678,215,232,0.38
23679,0,18,0.75
23680,16,113,3.19
23681,26,24,1.87
23682,108,175,0.29
23683,112,15,0.03
23684,20,117,1.75
23685,0,183,6.58
23686,39,184,4.67
23687,16,72,3.42
23688,0,87,1.38
23689,105,155,0.88
23690,15,99,5.85
23691,21,33,1.57
23692,25,793,1.08
23693,145,145,0.18
23694,0,70,5.05
23695,13,19,0.33
23696,51,52,0.11
23697,0,112,4.49
23698,64,68,0.20
23699,153,404,0.77
23700,281,286,0.49
23701,0,100,1.98
23702,27,142,1.80
23703,153,276,0.95
23704,29,89,5.96
23705,294,908,0.49
23706,350,386,0.48
23707,20,21,0.85
23708,27,131,5.88
23709,20,373,0.74
23710,36,42,2.47
23711,22,23,0.63
23712,32,43,2.60
23713,134,156,0.33
23714,41,183,3.88
23715,64,31,1.59
23716,0,123,3.06
23717,70,77,0.36
23718,86,17,0.34
23719,83,83,0.10
23720,0,43,2.10
23721,70,70,0.15
23722,24,13,1.26
23723,163,182,0.49
23724,556,573,1.46
23725,15,178,3.12
23726,0,89,2.92
23727,24,152,0.49
23728,14,16,0.38
23729,19,177,2.36
23730,79,176,6.45
23731,236,304,0.62
23732,28,30,0.15
23733,110,127,0.32
23734,18,42,1.09
23735,0,22,0.41
23736,0,80,2.08
23737,356,686,0.45
23738,119,122,0.25
23739,34,369,2.61
23740,107,107,0.42
23741,29,97,0.31
23742,0,43,0.95
23743,70,496,0.66
23744,13,190,3.30
23745,92,116,0.37
23746,0,30,0.98
23747,0,125,2.89
23748,253,471,1.18
23749,29,165,2.47
23750,0,124,3.41
23751,248,914,1.17
23752,21,33,1.67
23753,616,626,0.55
23754,61,156,2.13
23755,22,18,1.31
23756,0,93,1.88
23757,42,71,3.05
23758,18,99,3.89
23759,16,109,4.53
23760,384,551,1.11
23761,12,16,0.41
23762,179,184,0.33
23763,24,45,1.84
23764,13,172,3.62
23765,0,14,0.34
23766,67,69,0.27
23767,508,523,1.14
23768,23,125,3.02
23769,187,196,0.44
23770,25,65,1.94
23771,17,35,1.15
23772,51,39,1.74
23773,24,155,2.32
23774,0,146,5.77
23775,151,0,0.00
23776,16,56,3.15
23777,0,110,2.80
23778,301,577,0.29
23779,15,42,2.12
23780,66,18,1.50
23781,54,90,3.37
23782,157,184,0.44
23783,28,46,1.12
23784,448,502,0.35
23785,53,17,0.40
23786,99,29,2.10
23787,0,182,2.77
23788,12,37,1.46
23789,148,208,0.32
23790,120,153,1.28
23791,21,33,1.06
23792,14,29,1.75
23793,15,27,0.70
23794,120,153,0.44
23795,0,21,0.45
23796,247,329,0.86
23797,75,85,0.47
23798,25,232,1.83
23799,23,26,1.86
23800,79,160,0.89
23801,18,55,4.58
23802,189,200,0.54
23803,0,76,0.97
23804,19,13,0.30
23805,25,99,3.78
23806,196,224,0.46
23807,182,303,0.36
23808,39,28,0.57
23809,132,132,0.22
23810,0,113,2.91
23811,40,199,4.54
23812,0,130,3.61
23813,48,56,0.12
23814,24,25,0.70
23815,23,118,3.10
23816,30,67,1.50
23817,0,103,3.90
23818,27,178,4.70
23819,188,232,0.39
23820,0,115,2.98
23821,40,80,1.91
23822,0,29,2.18
23823,95,139,0.49
23824,94,95,0.16
23825,67,28,1.71
23826,0,215,6.86
23827,135,153,0.39
23828,189,224,0.92
23829,34,59,2.06
23830,68,19,0.97
23831,97,115,0.37
23832,67,69,0.12
23833,17,15,1.50
23834,20,167,3.28
23835,0,61,4.77
23836,113,113,0.09
23837,0,136,5.55
23838,83,83,0.44
23839,92,128,0.49
23840,436,454,1.06
23841,0,35,2.66
23842,59,42,1.06
23843,40,29,1.62
23844,0,14,0.39
23845,48,23,0.57
23846,0,70,2.22
23847,224,245,0.87
23848,0,76,2.11
23849,136,318,0.35
23850,50,74,3.59
23851,72,14,0.46
23852,201,216,0.54
23853,0,137,2.59
23854,0,31,1.94
23855,23,289,0.58
23856,0,169,2.49
23857,45,22,1.24
23858,23,202,5.63
23859,37,135,3.01
23860,244,1043,0.28
23861,49,48,1.31
23862,259,263,0.78
23863,36,76,0.46
23864,0,14,1.28
23865,228,243,0.38
23866,0,29,1.79
23867,23,134,3.16
23868,88,93,0.15
23869,90,114,0.41
23870,0,114,1.18
23871,21,144,7.05
23872,113,124,0.84
23873,256,18,0.02
23874,26,377,10.92
23875,14,33,3.27
23876,15,18,1.58
23877,0,98,2.12
23878,11,19,1.18
23879,32,22,0.54
23880,588,1801,8.08
23881,139,17,0.40
23882,0,141,7.36
23883,16,16,0.72
23884,166,169,0.21
23885,72,31,1.50
23886,264,296,0.25
23887,122,171,0.44
23888,0,83,4.27
23889,32,53,1.92
23890,65,27,0.39
23891,16,178,4.03
23892,592,15,0.24
23893,626,750,1.15
23894,20,57,1.81
23895,0,1182,0.52
23896,36,31,1.11
23897,271,214,0.50
23898,134,134,0.17
23899,18,24,1.13
23900,117,134,0.46
23901,0,47,1.13
23902,227,493,1.13
23903,306,324,0.37
23904,70,70,0.11
23905,103,113,0.31
23906,12,131,2.64
23907,48,19,0.38
23908,196,391,0.30
23909,0,101,6.09
23910,12,24,1.45
23911,0,23,0.38
23912,67,344,1.52
23913,0,125,3.62
23914,0,23,0.58
23915,27,90,1.30
23916,104,106,0.17
23917,153,173,0.36
23918,0,111,3.40
23919,131,13,0.32
23920,74,30,0.90
23921,197,204,0.70
23922,0,143,1.45
23923,175,480,0.66
23924,27,154,3.22
23925,367,398,1.53
23926,0,13,0.45
23927,47,181,4.83
23928,12,50,2.66
23929,170,425,1.03
23930,0,137,8.24
23931,35,164,2.52
23932,579,583,1.12
23933,73,108,0.36
23934,0,39,2.66
23935,89,106,0.37
23936,0,43,2.36
23937,66,73,0.49
23938,0,122,3.78
23939,370,1060,0.98
23940,38,166,4.38
23941,139,139,0.23
23942,17,18,0.79
23943,18,248,2.68
23944,191,196,0.56
23945,0,54,2.24
23946,67,433,0.42
23947,0,29,0.58
23948,0,118,2.42
23949,46,181,3.46
23950,0,128,2.93
23951,168,200,0.92
23952,0,39,1.60
23953,102,218,0.98
23954,0,17,0.05
23955,112,785,3.34
23956,0,106,2.60
23957,0,125,0.95
23958,179,20,0.64
23959,218,219,0.90
23960,163,203,0.49
23961,0,25,1.94
23962,0,108,2.75
23963,16,97,2.47
23964,62,62,0.14
23965,16,103,3.35
23966,0,17,0.49
23967,44,20,0.37
23968,229,296,1.21
23969,544,549,0.33
23970,0,177,5.02
23971,18,101,3.72
23972,0,107,2.06
23973,40,187,3.82
23974,18,118,4.34
23975,43,72,1.51
23976,0,182,5.69
23977,16,90,2.85
23978,22,97,4.09
23979,73,17,0.39
23980,204,421,1.05
23981,243,284,0.97
23982,586,710,1.33
23983,45,22,1.06
23984,0,144,4.05
23985,459,601,0.36
23986,17,34,2.18
23987,0,105,4.47
23988,182,184,0.70
23989,55,15,0.33
23990,295,305,0.44
23991,0,27,2.02
23992,476,544,1.09
23993,24,37,1.84
23994,244,246,0.53
23995,57,62,0.23
23996,0,58,2.46
23997,273,323,0.96
23998,68,195,0.64
23999,273,0,0.00
24000,225,255,0.47
24001,40,29,0.88
24002,31,121,2.22
24003,96,111,0.32
24004,38,40,0.91
24005,16,14,0.45
24006,0,567,0.61
24007,37,49,2.59
24008,14,19,2.28
24009,0,16,0.33
24010,37,150,4.07
24011,0,0,0.00
24012,17,44,1.50
24013,158,178,0.44
24014,292,298,0.25
24015,0,79,4.39
24016,25,193,2.97
24017,57,57,0.14
24018,39,26,0.45
24019,49,161,3.40
24020,15,37,1.71
24021,0,77,3.96
24022,94,112,0.41
24023,59,19,0.62
24024,97,102,0.30
24025,0,29,1.53
24026,49,28,1.57
24027,70,129,0.69
24028,0,19,0.45
24029,250,278,1.37
24030,211,249,0.46
24031,200,263,0.47
24032,23,21,0.49
24033,16,212,0.67
24034,17,56,1.59
24035,297,328,0.48
24036,68,78,0.36
24037,0,128,2.58
24038,0,18,0.98
24039,25,110,3.44
24040,232,347,0.85
24041,0,48,1.73
24042,0,94,0.16
24043,63,69,0.12
24044,105,105,0.17
24045,42,210,2.03
24046,20,147,3.73
24047,225,1071,2.10
24048,297,310,0.99
24049,19,19,0.47
24050,170,30,0.09
24051,213,221,0.41
24052,20,28,0.44
24053,28,23,0.55
24054,0,125,1.47
24055,202,230,0.40
24056,86,89,0.15
24057,13,27,1.06
24058,33,51,2.62
24059,161,387,1.05
24060,0,162,2.96
24061,127,0,0.00
24062,20,28,0.53
24063,0,29,0.34
24064,153,154,0.47
24065,227,232,0.35
24066,16,45,1.03
24067,149,155,0.46
24068,144,158,0.74
24069,55,31,1.52
24070,43,162,3.50
24071,219,228,0.35
24072,0,62,1.91
24073,183,200,0.41
24074,13,68,2.42
24075,75,76,0.67
24076,17,33,0.55
24077,167,196,0.41
24078,0,135,4.31
24079,112,112,0.37
24080,49,101,2.52
24081,29,103,0.91
24082,127,137,0.25
24083,99,120,0.30
24084,50,53,1.24
24085,0,0,0.00
24086,70,70,0.14
24087,286,329,0.35
24088,130,133,0.32
24089,0,64,2.30
24090,59,38,0.74
24091,158,760,1.17
24092,273,303,0.36
24093,174,207,0.37
24094,16,137,3.32
24095,56,79,0.98
24096,250,291,0.60
24097,21,29,1.37
24098,49,177,3.06
24099,34,67,3.04
24100,13,18,0.23
24101,306,330,0.93
24102,91,98,0.15
24103,0,94,2.81
24104,347,361,1.41
24105,225,253,2.07
24106,35,45,2.22
24107,196,496,1.34
24108,15,13,0.14
24109,0,154,2.50
24110,0,35,2.71
24111,0,261,0.61
24112,17,29,0.50
24113,64,96,0.29
24114,136,156,0.49
24115,18,136,2.37
24116,87,103,0.21
24117,14,113,1.80
24118,116,257,0.96
24119,19,28,1.54
24120,0,145,3.61
24121,16,130,2.28
24122,0,15,0.52
24123,31,19,0.95
24124,125,296,0.69
24125,162,171,0.26
24126,12,33,0.95
24127,0,0,0.00
24128,153,169,0.48
24129,394,487,0.44
24130,29,101,2.68
24131,25,109,3.14
24132,17,74,3.33
24133,31,112,2.89
24134,45,45,0.25
24135,148,149,0.39
24136,16,77,0.98
24137,213,233,0.28
24138,179,187,1.08
24139,67,30,0.67
24140,19,98,4.46
24141,180,185,0.65
24142,20,31,1.91
24143,0,25,0.47
24144,129,148,0.37
24145,0,72,2.30
24146,0,237,0.59
24147,0,128,2.63
24148,99,135,0.42
24149,0,136,3.50
24150,210,211,0.86
24151,303,330,0.72
24152,38,78,2.63
24153,15,120,3.73
24154,213,475,0.44
24155,0,153,4.25
24156,0,149,2.82
24157,14,79,2.60
24158,66,30,0.76
24159,15,142,5.34
24160,18,176,2.84
24161,516,545,1.19
24162,37,86,3.23
24163,0,0,0.00
24164,0,25,0.86
24165,102,119,0.15
24166,0,93,2.34
24167,271,290,0.31
24168,91,26,0.46
24169,125,235,0.32
24170,0,28,1.55
24171,14,69,1.83
24172,333,14,0.27
24173,285,563,0.41
24174,17,109,2.02
24175,98,25,0.52
24176,25,166,4.17
24177,33,45,1.35
24178,79,186,3.73
24179,0,19,0.51
24180,13,151,3.38
24181,71,20,0.37
24182,135,202,0.18
24183,39,0,0.00
24184,104,105,0.20
24185,232,248,0.33
24186,0,118,2.42
24187,90,93,0.18
24188,65,24,0.65
24189,0,56,1.03
24190,69,0,0.00
24191,150,177,0.43
24192,0,200,2.35
24193,16,33,1.07
24194,135,162,0.44
24195,0,42,0.76
24196,125,128,0.19
24197,264,273,0.36
24198,0,121,4.36
24199,93,16,0.37
24200,0,43,1.78
24201,14,140,3.55
24202,30,185,3.73
24203,0,115,4.31
24204,67,17,1.41
24205,181,18,0.88
24206,80,95,0.73
24207,60,178,4.62
24208,16,39,1.05
24209,0,190,0.37
24210,96,13,0.07
24211,119,14,1.74
24212,14,126,2.38
24213,144,153,0.37
24214,23,18,0.57
24215,110,114,0.14
24216,28,96,2.97
24217,0,177,3.55
24218,177,192,0.27
24219,62,295,0.42
24220,34,155,3.19
24221,15,30,0.81
24222,26,164,2.39
24223,178,199,0.31
24224,19,15,0.54
24225,19,17,0.74
24226,0,90,2.97
24227,0,132,2.01
24228,142,265,0.50
24229,30,41,1.98
24230,12,28,0.45
24231,0,15,0.75
24232,199,206,0.38
24233,85,101,0.61
24234,387,416,0.65
24235,20,142,2.97
24236,101,135,0.30
24237,70,15,0.31
24238,0,29,1.00
24239,0,13,0.47
24240,0,133,1.77
24241,48,51,0.12
24242,15,87,2.77
24243,0,199,4.62
24244,47,16,0.50
24245,137,180,0.79
24246,98,34,0.72
24247,0,154,3.76
24248,114,14,0.19
24249,39,39,0.11
24250,0,41,0.58
24251,0,142,2.99
24252,274,282,0.26
24253,25,51,2.14
24254,60,212,4.09
24255,0,20,0.53
24256,18,145,1.89
24257,187,187,0.78
24258,0,27,0.90
24259,0,431,3.80
24260,144,288,0.38
24261,0,34,0.59
24262,21,12,0.16
24263,200,208,0.56
24264,230,249,0.52
24265,17,47,0.63
24266,45,149,1.49
24267,16,46,0.68
24268,0,48,0.59
24269,503,523,1.11
24270,182,402,0.54
24271,211,234,1.39
24272,14,99,2.61
24273,405,217,0.39
24274,183,199,0.98
24275,27,49,1.11
24276,24,89,2.62
24277,283,319,1.09
24278,79,79,0.32
24279,20,23,0.42
24280,23,17,1.84
24281,16,28,0.47
24282,256,18,0.60
24283,15,48,2.84
24284,28,99,1.77
24285,0,22,0.39
24286,37,88,3.33
24287,0,61,1.10
24288,238,256,0.82
24289,0,32,0.56
24290,23,20,0.78
24291,55,58,0.11
24292,15,53,3.17
24293,166,254,1.31
24294,14,99,4.70
24295,33,109,3.16
24296,0,135,3.39
24297,0,320,1.71
24298,121,127,0.19
24299,26,36,0.42
24300,31,138,3.93
24301,63,29,2.15
24302,17,19,0.45
24303,0,36,1.19
24304,15,312,0.65
24305,34,186,3.51
24306,20,19,0.24
24307,13,1064,2.99
24308,17,80,2.65
24309,52,204,3.80
24310,0,136,3.68
24311,78,91,0.64
24312,89,27,0.54
24313,27,137,3.53
24314,0,85,3.99
24315,0,313,0.35
24316,41,17,0.83
24317,515,805,0.39
24318,61,220,1.46
24319,22,70,2.87
24320,187,191,0.64
24321,82,52,1.46
24322,27,149,4.21
24323,338,361,0.31
24324,553,572,1.21
24325,62,74,0.18
24326,0,122,2.87
24327,544,559,1.12
24328,14,70,2.48
24329,0,46,2.82
24330,214,414,0.51
24331,50,166,3.92
24332,0,41,0.68
24333,17,148,2.85
24334,136,241,0.34
24335,20,24,0.39
24336,0,135,3.05
24337,0,93,5.60
24338,130,139,0.61
24339,30,31,0.76
24340,0,150,3.70
24341,333,0,0.00
24342,77,80,0.23
24343,16,28,1.97
24344,449,456,1.00
24345,21,23,0.78
24346,16,74,5.60
24347,40,24,1.86
24348,89,89,0.18
24349,18,80,2.39
24350,0,31,1.52
24351,68,83,1.12
24352,33,28,1.11
24353,174,329,1.47
24354,21,42,0.75
24355,83,89,0.44
24356,208,56,0.25
24357,35,27,0.50
24358,168,457,1.11
24359,300,312,0.26
24360,257,267,0.37
24361,23,35,1.35
24362,282,305,0.27
24363,0,122,4.55
24364,55,18,1.66
24365,0,121,2.36
24366,248,303,0.51
24367,0,99,3.27
24368,0,177,3.98
24369,365,380,0.53
24370,0,28,2.08
24371,24,87,3.62
24372,0,0,0.00
24373,40,58,3.34
24374,160,160,0.49
24375,0,147,3.18
24376,31,160,4.46
24377,0,93,1.79
24378,164,0,0.00
24379,164,169,0.49
24380,329,356,0.25
24381,182,203,0.24
24382,0,116,2.56
24383,77,86,0.53
24384,68,70,0.10
24385,0,47,1.94
24386,143,518,1.05
24387,31,66,2.04
24388,0,34,2.71
24389,22,32,1.29
24390,12,143,3.19
24391,15,169,5.21
24392,76,16,0.29
24393,194,195,0.87
24394,0,92,3.94
24395,26,37,1.68
24396,22,179,1.60
24397,205,426,0.43
24398,15,168,5.79
24399,42,172,4.14
24400,0,105,4.91
24401,78,78,0.12
24402,17,19,2.48
24403,187,271,1.01
24404,281,0,0.00
24405,223,240,0.39
24406,18,159,3.51
24407,205,207,0.38
24408,58,183,6.75
24409,84,0,0.00
24410,23,14,0.33
24411,22,122,3.94
24412,49,26,0.63
24413,238,270,0.13
24414,261,19,0.41
24415,259,289,0.99
24416,21,106,2.74
24417,0,78,2.01
24418,14,38,0.96
24419,178,183,1.04
24420,194,205,0.43
24421,0,0,0.00
24422,0,147,4.17
24423,121,12,0.09
24424,155,162,0.23
24425,86,179,0.23
24426,0,34,0.95
24427,135,134,0.22
24428,437,444,1.12
24429,28,176,4.94
24430,0,81,2.85
24431,146,332,0.40
24432,57,166,3.52
24433,20,18,1.20
24434,28,21,0.39
24435,174,20,2.01
24436,18,149,0.58
24437,104,230,0.63
24438,196,205,0.44
24439,198,210,0.89
24440,0,22,2.02
24441,103,117,0.54
24442,155,21,0.52
24443,226,395,0.42
24444,20,18,1.23
24445,34,31,0.80
24446,0,146,5.32
24447,175,263,0.37
24448,15,29,0.98
24449,33,146,2.33
24450,215,227,0.45
24451,0,86,1.67
24452,175,316,0.50
24453,126,126,0.17
24454,24,43,0.92
24455,187,188,0.79
24456,46,37,0.52
24457,0,143,2.68
24458,173,174,0.78
24459,0,79,1.88
24460,24,85,1.49
24461,23,20,2.53
24462,0,179,7.84
24463,446,454,0.28
24464,140,451,0.58
24465,0,130,5.43
24466,171,178,0.35
24467,33,171,3.35
24468,196,22,0.50
24469,0,18,0.53
24470,21,15,0.43
24471,0,87,4.90
24472,258,252,0.96
24473,44,61,3.33
24474,57,24,0.53
24475,123,22,0.46
24476,0,209,2.25
24477,18,147,2.50
24478,44,176,3.76
24479,29,26,0.87
24480,18,136,3.23
24481,223,244,0.34
24482,0,45,0.15
24483,106,27,2.36
24484,32,136,2.25
24485,59,81,0.61
24486,23,56,2.58
24487,118,118,0.29
24488,0,82,1.64
24489,43,29,0.66
24490,89,120,0.56
24491,0,63,2.45
24492,0,29,0.89
24493,141,159,0.67
24494,30,185,4.51
24495,136,137,0.21
24496,0,14,1.30
24497,154,410,0.56
24498,63,66,5.59
24499,23,68,2.80
24500,18,40,1.25
24501,185,193,0.36
24502,0,21,0.87
24503,141,143,0.37
24504,42,195,1.91
24505,0,49,2.82
24506,0,46,2.48
24507,65,80,0.17
24508,0,122,2.05
24509,22,173,3.19
24510,119,417,0.35
24511,14,22,0.35
24512,52,70,3.04
24513,23,92,3.10
24514,0,29,1.80
24515,53,29,0.89
24516,93,123,0.40
24517,14,16,0.26
24518,0,23,0.49
24519,27,25,1.71
24520,63,80,0.37
24521,235,248,0.25
24522,34,34,0.75
24523,0,25,0.36
24524,0,45,1.66
24525,266,279,0.31
24526,19,105,4.15
24527,0,32,0.77
24528,52,177,2.30
24529,38,77,3.27
24530,0,55,2.86
24531,95,18,0.56
24532,56,67,0.33
24533,156,14,0.46
24534,18,96,1.80
24535,0,62,1.87
24536,174,348,1.10
24537,414,505,0.54
24538,0,0,0.00
24539,39,43,0.24
24540,33,149,2.99
24541,90,151,0.92
24542,50,45,1.56
24543,16,181,3.49
24544,18,145,4.40
24545,38,21,0.29
24546,33,157,2.79
24547,0,116,3.07
24548,222,287,0.28
24549,0,13,1.42
24550,22,109,2.52
24551,80,46,0.54
24552,61,63,0.14
24553,162,51,0.26
24554,180,35,0.45
24555,103,104,0.17
24556,13,41,0.97
24557,64,27,1.86
24558,79,79,0.14
24559,0,34,3.52
24560,17,120,6.23
24561,188,188,0.37
24562,19,14,0.27
24563,167,332,0.35
24564,202,258,0.25
24565,13,15,0.91
24566,183,354,0.85
24567,192,205,0.45
24568,16,14,0.68
24569,44,25,0.67
24570,74,31,0.56
24571,94,97,0.36
24572,0,151,1.96
24573,30,62,2.92
24574,201,625,1.09
24575,74,15,0.25
24576,0,14,0.25
24577,0,46,2.87
24578,119,146,0.37
24579,20,84,1.92
24580,173,509,2.00
24581,0,35,0.92
24582,0,29,3.81
24583,539,593,0.92
24584,30,20,0.31
24585,27,48,0.91
24586,15,120,3.14
24587,258,470,1.01
24588,213,15,0.49
24589,174,191,0.48
24590,0,23,0.78
24591,103,164,0.48
24592,244,477,1.01
24593,17,34,1.65
24594,0,139,3.97
24595,0,66,2.84
24596,14,17,0.66
24597,0,271,7.54
24598,0,20,0.40
24599,225,434,1.02
24600,236,255,0.78
24601,0,118,4.18
24602,44,209,0.67
24603,0,97,5.63
24604,0,132,6.54
24605,104,134,0.78
24606,0,67,3.52
24607,143,145,0.20
24608,0,111,2.35
24609,97,106,0.49
24610,27,28,0.99
24611,21,75,2.88
24612,229,232,0.29
24613,26,73,3.50
24614,0,59,2.03
24615,264,296,0.26
24616,55,58,0.31
24617,0,79,2.52
24618,94,94,0.15
24619,106,14,0.15
24620,79,15,0.63
24621,0,35,0.80
24622,165,166,0.72
24623,92,138,0.90
24624,160,252,0.96
24625,79,97,0.63
24626,0,25,0.38
24627,126,130,0.14
24628,35,27,2.42
24629,0,137,4.04
24630,113,16,0.35
24631,0,27,2.65
24632,92,17,0.60
24633,18,125,3.35
24634,18,53,2.46
24635,78,21,1.18
24636,44,205,3.31
24637,32,43,1.34
24638,0,20,1.86
24639,0,83,5.84
24640,65,17,0.32
24641,84,89,0.10
24642,22,105,6.46
24643,0,214,0.89
24644,104,106,0.18
24645,96,101,0.33
24646,65,66,0.15
24647,0,73,1.41
24648,20,43,0.57
24649,351,371,1.02
24650,100,127,0.46
24651,72,15,0.33
24652,151,159,0.61
24653,19,115,2.86
24654,189,347,0.48
24655,62,76,0.23
24656,79,85,0.25
24657,57,25,1.55
24658,0,54,1.65
24659,0,31,0.92
24660,202,210,0.49
24661,290,379,0.40
24662,29,151,4.07
24663,105,220,1.77
24664,118,18,0.42
24665,25,20,0.96
24666,30,41,2.10
24667,0,69,1.01
24668,19,38,3.38
24669,196,377,1.12
24670,22,34,1.69
24671,26,128,2.40
24672,72,76,0.24
24673,0,80,3.61
24674,245,307,0.87
24675,136,136,0.48
24676,0,111,3.71
24677,81,95,0.29
24678,14,44,2.35
24679,191,194,0.73
24680,147,149,0.27
24681,76,20,0.32
24682,57,100,0.33
24683,311,1092,0.46
24684,0,145,3.33
24685,116,143,0.51
24686,21,40,2.03
24687,20,34,2.85
24688,17,41,0.50
24689,79,79,0.14
24690,189,534,0.48
24691,40,33,2.37
24692,22,118,2.64
24693,154,170,0.38
24694,90,90,0.14
24695,175,232,0.32
24696,37,161,5.45
24697,183,349,0.98
24698,0,78,1.52
24699,19,160,2.23
24700,24,24,0.29
24701,0,62,1.83
24702,0,15,0.91
24703,92,111,0.27
24704,0,55,1.52
24705,81,84,0.23
24706,0,114,2.64
24707,0,21,1.83
24708,24,155,4.15
24709,0,21,0.64
24710,38,25,0.73
24711,0,104,3.44
24712,102,21,0.90
24713,0,27,2.47
24714,114,118,0.18
24715,0,0,0.00
24716,576,611,1.37
24717,0,63,2.58
24718,13,88,4.61
24719,45,47,0.15
24720,326,353,1.20
24721,0,0,0.00
24722,73,72,0.21
24723,265,323,0.26
24724,35,17,0.65
24725,0,173,0.31
24726,24,36,2.08
24727,225,235,0.35
24728,20,307,0.89
24729,107,27,1.13
24730,0,24,1.76
24731,28,128,2.76
24732,20,69,1.36
24733,80,99,1.07
24734,0,39,1.59
24735,0,148,4.83
24736,184,215,0.63
24737,0,66,3.64
24738,107,116,0.31
24739,0,158,4.74
24740,18,54,4.49
24741,0,27,1.17
24742,0,38,0.95
24743,141,144,0.27
24744,138,138,0.21
24745,246,270,0.29
24746,19,109,2.17
24747,14,51,0.78
24748,52,267,0.53
24749,72,72,0.13
24750,0,142,3.57
24751,205,207,0.54
24752,50,22,0.40
24753,0,101,2.94
24754,0,31,0.92
24755,39,175,4.46
24756,18,18,1.13
24757,79,21,0.48
24758,203,16,1.46
24759,21,45,3.04
24760,139,176,0.32
24761,80,31,1.44
24762,84,86,0.69
24763,790,827,1.14
24764,0,49,2.17
24765,0,59,2.33
24766,16,21,0.13
24767,194,474,1.06
24768,184,193,0.57
24769,0,299,0.90
24770,17,120,3.47
24771,0,55,1.55
24772,33,177,4.31
24773,195,20,0.71
24774,14,96,2.47
24775,458,734,0.41
24776,52,46,2.11
24777,15,46,0.60
24778,54,34,1.25
24779,204,18,0.32
24780,16,25,1.61
24781,201,205,0.61
24782,146,149,0.37
24783,0,62,4.68
24784,611,674,1.16
24785,197,326,0.38
24786,19,29,2.12
24787,17,64,3.46
24788,144,161,0.44
24789,44,19,0.30
24790,0,37,0.41
24791,165,204,1.29
24792,47,47,0.13
24793,19,31,0.47
24794,20,131,2.91
24795,28,67,3.48
24796,45,295,0.69
24797,0,166,4.51
24798,147,166,0.40
24799,18,18,2.04
24800,25,210,0.90
24801,111,127,0.42
24802,139,165,0.52
24803,15,181,2.94
24804,61,70,0.20
24805,29,51,2.59
24806,209,222,0.26
24807,327,608,0.72
24808,0,30,0.45
24809,0,44,2.78
24810,57,56,3.80
24811,36,23,1.49
24812,26,56,2.89
24813,87,88,0.13
24814,50,75,2.16
24815,22,28,1.47
24816,32,154,4.24
24817,16,16,0.20
24818,24,23,1.14
24819,206,17,0.47
24820,55,16,0.20
24821,135,136,0.65
24822,181,0,0.00
24823,201,33,1.01
24824,243,263,2.04
24825,0,155,5.42
24826,13,18,1.48
24827,0,35,0.64
24828,17,66,2.01
24829,27,31,1.93
24830,40,23,0.50
24831,0,103,3.44
24832,234,250,0.42
24833,64,65,0.26
24834,17,44,1.33
24835,263,299,0.38
24836,0,86,2.45
24837,16,32,0.86
24838,84,88,0.49
24839,19,57,3.43
24840,21,206,1.47
24841,51,36,2.26
24842,25,64,0.34
24843,181,46,0.40
24844,0,21,0.42
24845,168,203,1.90
24846,247,392,1.11
24847,157,380,0.66
24848,130,130,0.19
24849,252,436,0.47
24850,20,136,5.61
24851,12,18,0.32
24852,39,65,0.35
24853,108,119,0.31
24854,26,30,1.78
24855,149,179,0.48
24856,184,649,1.06
24857,191,193,0.54
24858,0,79,2.07
24859,0,41,0.51
24860,94,105,0.36
24861,72,73,0.18
24862,22,80,1.94
24863,0,44,1.63
24864,65,34,0.42
24865,30,40,2.44
24866,0,41,0.47
24867,17,71,1.65
24868,72,178,0.45
24869,153,166,0.36
24870,30,51,1.83
24871,15,26,0.60
24872,0,60,2.75
24873,104,269,0.97
24874,106,0,0.00
24875,0,144,1.97
24876,54,56,0.42
24877,26,15,0.32
24878,214,264,0.38
24879,24,84,5.03
24880,202,549,1.13
24881,0,135,1.59
24882,0,98,5.69
24883,158,162,0.71
24884,31,15,0.41
24885,19,73,2.71
24886,46,46,0.15
24887,15,75,2.50
24888,19,21,0.81
24889,21,19,0.32
24890,17,128,3.46
24891,156,156,0.22
24892,36,194,4.28
24893,218,18,1.10
24894,15,42,1.10
24895,80,183,0.40
24896,0,43,2.67
24897,163,218,0.50
24898,141,141,0.25
24899,33,20,0.36
24900,151,0,0.00
24901,308,1125,2.13
24902,19,255,0.77
24903,19,106,3.65
24904,0,20,0.50
24905,229,110,0.58
24906,189,17,0.29
24907,0,25,1.02
24908,0,139,3.11
24909,608,623,1.11
24910,232,250,0.98
24911,259,288,0.27
24912,227,360,0.97
24913,0,61,0.69
24914,17,24,0.37
24915,49,32,1.46
24916,74,74,0.12
24917,0,16,0.98
24918,17,183,6.51
24919,17,134,1.76
24920,83,83,0.24
24921,57,18,0.69
24922,336,23,2.05
24923,271,278,0.22
24924,37,57,2.58
24925,97,129,0.24
24926,20,72,1.96
24927,39,177,5.25
24928,32,23,2.02
24929,61,139,0.62
24930,104,26,0.30
24931,28,23,0.40
24932,76,82,0.18
24933,23,135,5.84
24934,70,19,0.39
24935,495,0,0.00
24936,0,125,2.81
24937,308,324,0.29
24938,265,273,0.31
24939,21,21,1.12
24940,120,29,1.34
24941,116,143,0.35
24942,224,656,1.14
24943,21,74,1.88
24944,32,173,3.08
24945,113,24,0.46
24946,0,20,0.70
24947,13,71,1.53
24948,19,153,3.36
24949,0,36,1.41
24950,36,30,1.75
24951,38,198,5.61
24952,21,148,4.48
24953,33,181,3.38
24954,14,59,2.47
24955,112,113,0.16
24956,24,28,0.09
24957,21,219,3.03
24958,21,0,0.00
24959,32,138,5.74
24960,106,24,0.51
24961,38,34,1.37
24962,69,48,3.05
24963,16,19,1.26
24964,37,303,4.11
24965,272,446,0.33
24966,19,93,1.94
24967,210,229,0.95
24968,128,141,0.24
24969,0,110,2.21
24970,186,201,0.69
24971,19,43,1.00
24972,17,112,1.97
24973,101,27,1.43
24974,252,726,0.73
24975,20,27,0.81
24976,18,53,3.94
24977,14,119,3.05
24978,0,126,2.22
24979,0,129,3.71
24980,0,24,0.25
24981,295,327,0.35
24982,127,127,0.15
24983,0,186,3.62
24984,34,96,2.99
24985,415,16,0.20
24986,131,131,0.19
24987,0,87,1.61
24988,335,336,0.30
24989,83,15,1.33
24990,24,134,4.39
24991,395,446,0.46
24992,14,172,2.51
24993,167,173,0.21
24994,284,297,1.10
24995,0,153,3.51
24996,0,198,4.38
24997,70,205,0.87
24998,27,17,0.42
24999,17,303,1.51
25000,101,101,0.18
25001,0,52,1.10
25002,177,0,0.00
25003,202,344,0.36
25004,519,572,0.47
25005,25,62,3.06
25006,0,52,0.40
25007,0,192,3.13
25008,23,42,0.82
25009,274,391,0.31
25010,132,142,0.27
25011,718,877,1.48
25012,0,60,1.45
25013,14,221,1.88
25014,356,402,0.64
25015,0,597,0.54
25016,207,255,0.29
25017,16,139,7.57
25018,24,39,1.45
25019,29,167,3.72
25020,43,107,3.04
25021,179,322,0.27
25022,22,47,2.31
25023,129,152,0.33
25024,0,78,1.04
25025,0,25,0.84
25026,98,103,0.26
25027,0,40,0.89
25028,101,103,0.15
25029,23,32,2.59
25030,0,193,0.98
25031,65,41,0.95
25032,190,324,0.68
25033,17,14,0.97
25034,133,146,0.47
25035,19,14,0.40
25036,15,169,5.04
25037,0,373,0.50
25038,328,388,0.44
25039,116,186,0.53
25040,96,141,0.37
25041,155,178,0.44
25042,0,0,0.00
25043,15,20,0.34
25044,185,202,0.48
25045,189,206,0.26
25046,21,42,0.77
25047,22,142,2.99
25048,215,215,0.70
25049,115,138,0.30
25050,0,124,2.74
25051,24,142,5.09
25052,51,18,0.35
25053,161,28,0.74
25054,0,22,0.83
25055,33,38,1.36
25056,20,134,2.97
25057,101,135,0.63
25058,240,253,0.27
25059,182,38,0.49
25060,27,18,0.32
25061,441,1279,3.95
25062,0,19,2.27
25063,142,16,0.36
25064,526,947,0.44
25065,0,94,2.94
25066,36,98,2.36
25067,709,715,0.29
25068,22,17,0.20
25069,57,103,0.30
25070,30,40,0.22
25071,0,27,2.34
25072,17,17,0.21
25073,78,78,0.13
25074,16,14,0.26
25075,45,195,2.96
25076,0,93,2.58
25077,151,175,0.37
25078,40,36,1.60
25079,38,102,5.18
25080,76,94,0.31
25081,221,280,0.32
25082,73,98,0.31
25083,0,20,0.70
25084,100,118,0.38
25085,26,176,0.52
25086,199,210,0.54
25087,63,84,0.30
25088,274,925,1.26
25089,183,191,0.20
25090,0,89,3.81
25091,0,237,3.40
25092,17,107,2.29
25093,11,26,3.29
25094,27,56,1.66
25095,21,144,0.31
25096,16,29,1.35
25097,51,15,0.22
25098,14,22,0.44
25099,45,193,3.10
25100,0,142,5.05
25101,29,23,0.84
25102,256,308,0.46
25103,396,458,0.81
25104,20,96,1.77
25105,0,147,2.85
25106,20,141,3.74
25107,21,45,2.75
25108,0,52,0.76
25109,300,320,0.31
25110,45,176,4.77
25111,54,188,4.37
25112,15,33,0.88
25113,156,169,0.26
25114,78,20,0.42
25115,0,114,0.12
25116,0,49,1.00
25117,39,37,2.14
25118,196,258,0.33
25119,0,0,0.00
25120,0,116,2.93
25121,33,189,2.76
25122,71,71,0.20
25123,139,139,0.29
25124,0,19,1.39
25125,416,428,1.60
25126,107,111,0.20
25127,20,27,1.08
25128,174,184,0.28
25129,17,16,1.09
25130,491,545,1.20
25131,33,19,0.53
25132,0,87,4.87
25133,38,104,0.39
25134,0,21,1.95
25135,135,281,0.52
25136,11,42,0.80
25137,256,17,1.04
25138,0,115,2.70
25139,0,38,1.44
25140,0,107,3.21
25141,0,168,3.54
25142,16,151,3.82
25143,443,483,1.11
25144,0,138,1.97
25145,101,121,0.45
25146,22,103,2.04
25147,16,21,0.34
25148,0,102,2.40
25149,354,377,0.36
25150,212,212,0.40
25151,0,41,0.89
25152,365,400,0.53
25153,31,85,4.51
25154,95,95,0.20
25155,41,31,1.31
25156,208,211,0.84
25157,246,13,0.26
25158,18,102,3.25
25159,117,119,0.19
25160,178,266,0.43
25161,36,82,0.62
25162,41,60,4.29
25163,0,34,0.68
25164,87,44,1.62
25165,344,463,1.50
25166,88,101,0.84
25167,0,44,1.66
25168,202,206,0.63
25169,291,313,0.31
25170,113,137,0.55
25171,0,169,0.73
25172,0,70,3.68
25173,0,18,0.99
25174,54,180,6.32
25175,143,158,0.92
25176,0,23,1.07
25177,224,247,0.37
25178,0,29,0.05
25179,50,266,5.53
25180,165,166,0.68
25181,79,79,0.13
25182,25,82,3.50
25183,25,18,0.44
25184,146,146,0.76
25185,0,110,5.23
25186,103,107,0.32
25187,16,32,1.43
25188,106,127,0.33
25189,19,94,3.02
25190,30,114,2.77
25191,299,327,0.39
25192,17,105,4.27
25193,45,47,2.00
25194,278,292,0.38
25195,0,115,3.74
25196,191,239,0.37
25197,24,22,0.58
25198,14,151,3.01
25199,172,424,1.01
25200,0,72,3.73
25201,117,24,1.17
25202,0,110,3.88
25203,284,298,0.53
25204,18,14,0.34
25205,0,91,0.31
25206,100,26,0.45
25207,0,0,0.00
25208,28,0,0.00
25209,199,728,1.83
25210,26,14,0.21
25211,277,284,1.06
25212,17,140,3.90
25213,33,178,3.04
25214,162,41,1.94
25215,0,25,0.44
25216,61,89,0.68
25217,19,115,0.40
25218,140,1180,5.10
25219,15,0,0.00
25220,24,139,2.48
25221,0,18,0.22
25222,350,359,0.37
25223,151,168,0.31
25224,28,214,1.90
25225,88,121,0.31
25226,0,136,5.78
25227,82,83,0.16
25228,19,46,0.86
25229,66,21,1.31
25230,0,153,3.14
25231,0,142,4.94
25232,183,187,0.44
25233,146,0,0.00
25234,0,29,0.55
25235,46,64,2.93
25236,0,85,2.19
25237,69,91,0.48
25238,120,124,0.18
25239,435,504,0.90
25240,21,68,2.57
25241,0,31,1.46
25242,44,40,0.53
25243,38,24,0.27
25244,260,273,0.27
25245,128,155,0.45
25246,48,80,2.41
25247,0,894,1.28
25248,19,45,2.33
25249,240,300,1.02
25250,0,32,0.95
25251,0,22,1.46
25252,405,436,0.36
25253,14,105,1.85
25254,104,113,0.46
25255,96,17,0.45
25256,19,123,3.02
25257,0,28,0.58
25258,78,78,0.19
25259,0,157,3.31
25260,84,110,0.27
25261,0,133,2.18
25262,91,91,0.14
25263,41,19,1.19
25264,0,114,4.08
25265,198,477,0.75
25266,112,112,0.20
25267,40,178,5.51
25268,55,56,0.25
25269,0,18,0.35
25270,19,379,0.80
25271,0,0,0.00
25272,157,291,0.36
25273,0,62,3.01
25274,56,26,0.38
25275,39,47,1.15
25276,278,306,0.35
25277,195,213,0.43
25278,14,129,2.51
25279,35,123,1.77
25280,21,23,0.63
25281,0,0,0.00
25282,0,63,1.91
25283,22,26,0.39
25284,24,148,3.26
25285,0,129,3.55
25286,0,64,1.39
25287,46,35,1.72
25288,15,82,3.50
25289,632,713,1.11
25290,17,46,1.58
25291,126,127,0.24
25292,133,153,0.38
25293,143,350,1.06
25294,65,85,0.24
25295,127,132,1.58
25296,29,118,2.98
25297,134,37,1.80
25298,127,186,0.70
25299,15,64,2.77
25300,283,311,0.33
25301,471,490,1.06
25302,214,215,0.59
25303,12,210,2.18
25304,0,18,1.55
25305,48,170,3.34
25306,18,188,1.85
25307,269,277,0.34
25308,182,246,0.51
25309,0,44,1.90
25310,47,28,0.93
25311,200,237,0.48
25312,121,128,0.34
25313,18,32,2.28
25314,0,55,1.01
25315,14,55,1.29
25316,178,178,0.48
25317,172,175,0.23
25318,111,72,0.12
25319,42,17,0.48
25320,15,156,2.36
25321,231,275,0.78
25322,16,88,4.53
25323,24,224,0.50
25324,0,15,0.49
25325,152,327,0.64
25326,421,544,1.12
25327,92,24,0.41
25328,0,22,0.71
25329,45,46,0.75
25330,312,313,0.39
25331,0,23,0.52
25332,19,34,1.84
25333,37,191,2.09
25334,1774,1933,1.52
25335,0,18,1.07
25336,0,84,0.47
25337,193,630,1.18
25338,80,22,0.38
25339,13,83,4.77
25340,33,101,0.73
25341,144,219,0.97
25342,169,461,1.71
25343,34,16,0.54
25344,15,143,2.97
25345,107,112,0.06
25346,0,133,4.64
25347,440,497,0.46
25348,0,44,3.74
25349,174,183,0.81
25350,0,0,0.00
25351,42,95,2.45
25352,31,260,4.02
25353,277,303,0.31
25354,27,60,2.45
25355,14,16,0.45
25356,150,12,0.16
25357,234,458,0.53
25358,22,138,2.79
25359,61,166,0.37
25360,15,14,1.85
25361,36,22,0.37
25362,12,14,0.34
25363,27,173,4.12
25364,87,87,0.16
25365,12,149,3.42
25366,27,124,3.91
25367,27,170,3.58
25368,16,59,4.16
25369,275,315,0.37
25370,185,208,0.97
25371,0,25,0.33
25372,41,109,0.54
25373,0,35,1.31
25374,310,316,0.26
25375,156,331,0.35
25376,53,195,2.38
25377,19,91,4.18
25378,0,138,4.06
25379,21,0,0.00
25380,0,66,2.82
25381,131,133,0.30
25382,117,16,0.68
25383,27,107,0.60
25384,110,114,0.54
25385,115,22,0.12
25386,29,23,0.55
25387,0,126,4.56
25388,66,71,0.41
25389,979,2004,4.85
25390,32,188,3.66
25391,117,127,0.35
25392,44,169,3.15
25393,37,162,0.55
25394,0,129,3.09
25395,92,16,0.49
25396,20,46,1.81
25397,30,150,2.72
25398,191,242,0.39
25399,0,106,4.19
25400,0,83,2.88
25401,18,120,3.09
25402,0,203,4.79
25403,179,332,1.07
25404,15,96,2.20
25405,0,0,0.00
25406,0,0,0.00
25407,149,149,0.30
25408,16,133,2.63
25409,0,24,0.64
25410,164,165,0.21
25411,25,30,0.79
25412,15,142,2.65
25413,97,113,0.49
25414,22,130,2.88
25415,259,266,0.35
25416,114,470,2.11
25417,0,51,2.35
25418,32,55,1.97
25419,247,304,0.48
25420,52,130,0.39
25421,12,135,4.05
25422,29,23,0.52
25423,410,426,0.45
25424,128,128,0.27
25425,20,137,2.40
25426,0,49,0.92
25427,23,153,2.90
25428,0,126,3.37
25429,50,32,0.86
25430,0,15,0.40
25431,86,86,0.14
25432,17,17,0.71
25433,0,114,4.43
25434,24,164,2.15
25435,20,99,0.72
25436,46,19,0.93
25437,87,237,2.57
25438,0,117,3.56
25439,98,111,1.09
25440,67,94,0.44
25441,0,159,4.76
25442,121,211,0.96
25443,0,39,2.53
25444,332,334,0.51
25445,490,604,1.18
25446,0,50,1.18
25447,61,20,0.48
25448,87,93,1.05
25449,20,28,1.48
25450,0,94,2.90
25451,27,16,0.49
25452,0,19,0.32
25453,212,18,1.16
25454,24,127,5.16
25455,30,22,0.59
25456,27,28,0.59
25457,32,19,0.55
25458,29,24,0.62
25459,0,35,2.91
25460,62,62,0.13
25461,0,24,2.36
25462,569,579,1.06
25463,70,18,0.48
25464,353,383,0.32
25465,87,90,0.56
25466,0,59,4.59
25467,212,27,0.25
25468,202,263,0.35
25469,19,15,1.21
25470,24,32,1.60
25471,80,104,0.48
25472,25,32,0.12
25473,0,98,3.74
25474,237,385,0.49
25475,19,135,4.43
25476,0,48,1.30
25477,214,214,0.65
25478,555,603,0.93
25479,0,26,0.78
25480,74,20,2.95
25481,37,14,0.49
25482,54,170,6.06
25483,26,126,2.51
25484,321,14,0.49
25485,32,42,0.86
25486,17,44,1.50
25487,233,240,1.92
25488,26,129,4.90
25489,0,47,2.76
25490,45,31,2.10
25491,135,150,0.25
25492,22,97,1.55
25493,75,16,0.25
25494,0,180,1.43
25495,128,135,0.14
25496,168,227,0.37
25497,13,208,1.40
25498,0,115,2.15
25499,15,31,2.05
25500,15,16,0.50
25501,0,33,0.65
25502,68,31,1.65
25503,19,20,1.18
25504,0,124,4.05
25505,0,27,1.28
25506,166,209,2.51
25507,0,21,0.57
25508,218,345,0.50
25509,254,266,0.27
25510,215,212,0.37
25511,296,1149,0.87
25512,0,147,3.46
25513,32,24,1.41
25514,0,24,0.98
25515,442,621,0.40
25516,314,327,1.57
25517,23,55,0.89
25518,238,254,0.35
25519,145,40,1.07
25520,15,35,1.47
25521,238,36,0.36
25522,11,24,1.86
25523,20,38,1.25
25524,322,368,0.99
25525,47,158,2.81
25526,311,0,0.00
25527,228,345,0.92
25528,61,79,0.18
25529,20,22,0.57
25530,291,19,0.33
25531,0,129,3.54
25532,86,106,0.76
25533,76,76,0.20
25534,218,133,0.59
25535,0,106,0.43
25536,0,28,0.58
25537,120,155,0.38
25538,0,115,1.68
25539,0,40,1.58
25540,40,21,0.53
25541,120,27,0.43
25542,24,121,2.85
25543,24,88,0.48
25544,383,402,0.60
25545,34,98,0.57
25546,137,145,0.45
25547,20,133,3.40
25548,33,12,0.16
25549,0,22,1.61
25550,0,148,4.87
25551,289,321,0.28
25552,52,0,0.00
25553,33,43,1.22
25554,18,124,0.65
25555,0,134,3.81
25556,296,324,1.05
25557,0,263,0.40
25558,0,54,1.86
25559,17,136,0.55
25560,17,24,1.34
25561,0,147,3.04
25562,232,243,0.27
25563,181,199,0.39
25564,44,44,0.12
25565,56,20,0.54
25566,14,56,1.74
25567,83,83,0.13
25568,21,119,4.44
25569,28,88,2.46
25570,0,31,0.71
25571,405,432,0.96
25572,0,81,0.17
25573,0,136,3.00
25574,58,45,2.03
25575,148,152,0.42
25576,19,191,1.47
25577,0,81,2.69
25578,88,89,0.13
25579,98,145,0.19
25580,0,25,0.53
25581,148,45,0.13
25582,0,23,1.39
25583,86,29,1.27
25584,0,161,3.11
25585,333,608,0.74
25586,64,167,1.00
25587,64,69,0.48
25588,163,163,0.25
25589,0,22,0.62
25590,21,138,2.33
25591,422,481,1.24
25592,197,221,0.32
25593,85,90,0.20
25594,25,147,4.01
25595,361,394,0.35
25596,30,160,3.26
25597,15,82,3.09
25598,225,452,1.83
25599,37,42,0.77
25600,97,47,2.08
25601,0,19,0.72
25602,34,160,2.61
25603,22,164,7.87
25604,0,65,2.88
25605,14,28,0.89
25606,214,392,0.55
25607,27,101,2.18
25608,302,303,0.36
25609,231,590,1.09
25610,218,255,0.37
25611,26,57,0.21
25612,74,88,0.15
25613,86,86,0.19
25614,18,113,2.75
25615,45,185,0.37
25616,408,456,1.22
25617,0,156,2.87
25618,144,144,0.33
25619,225,373,0.59
25620,18,158,1.83
25621,664,943,1.24
25622,91,18,1.74
25623,0,128,5.66
25624,17,150,4.83
25625,12,38,0.34
25626,16,104,3.28
25627,0,0,0.00
25628,18,47,1.56
25629,318,342,0.43
25630,0,84,0.76
25631,28,21,0.42
25632,0,35,0.17
25633,20,0,0.00
25634,23,116,4.43
25635,21,61,0.72
25636,22,25,2.24
25637,0,31,1.40
25638,37,188,2.51
25639,20,144,3.34
25640,62,23,0.70
25641,232,469,1.34
25642,48,131,1.57
25643,0,143,4.82
25644,97,100,0.21
25645,126,143,0.61
25646,121,123,0.16
25647,13,59,1.04
25648,184,189,0.32
25649,202,205,0.37
25650,193,193,0.93
25651,0,71,0.96
25652,158,172,0.33
25653,403,455,1.04
25654,49,217,4.72
25655,98,110,0.49
25656,145,150,0.23
25657,158,161,0.57
25658,0,29,0.52
25659,23,56,1.10
25660,19,113,5.23
25661,33,226,3.88
25662,0,81,4.34
25663,29,18,0.34
25664,0,171,2.78
25665,205,222,0.52
25666,99,110,0.31
25667,0,20,2.17
25668,58,179,5.43
25669,18,457,0.27
25670,84,17,0.33
25671,21,137,2.30
25672,30,86,2.25
25673,128,14,1.03
25674,0,17,0.45
25675,0,139,2.59
25676,196,198,0.94
25677,0,132,2.25
25678,18,41,2.41
25679,47,161,5.68
25680,250,283,0.27
25681,0,140,2.34
25682,14,28,0.39
25683,185,187,0.28
25684,119,139,0.28
25685,73,22,2.06
25686,109,19,0.31
25687,35,52,0.57
25688,361,397,0.49
25689,36,51,2.74
25690,70,27,0.59
25691,0,147,5.59
25692,17,268,1.30
25693,51,47,1.67
25694,0,41,2.80
25695,26,200,3.79
25696,0,19,1.29
25697,0,282,0.23
25698,368,390,0.37
25699,30,18,0.46
25700,629,651,1.10
25701,42,30,1.09
25702,176,204,0.38
25703,0,137,3.71
25704,62,202,3.41
25705,0,16,0.73
25706,21,33,1.97
25707,0,142,2.36
25708,85,95,0.38
25709,105,119,0.34
25710,278,278,0.45
25711,0,26,2.67
25712,0,35,0.12
25713,69,26,1.57
25714,162,342,7.34
25715,21,180,3.80
25716,210,19,1.54
25717,48,165,2.32
25718,0,114,3.87
25719,20,28,0.77
25720,0,349,9.80
25721,107,19,0.24
25722,20,152,3.41
25723,232,811,10.06
25724,40,198,5.19
25725,23,33,1.26
25726,0,99,3.15
25727,188,284,0.35
25728,144,145,0.41
25729,68,27,2.40
25730,117,151,0.16
25731,0,14,1.01
25732,178,369,0.43
25733,32,148,2.05
25734,133,130,0.64
25735,0,16,1.59
25736,39,19,1.92
25737,43,145,2.38
25738,75,80,0.19
25739,21,41,1.48
25740,59,40,1.67
25741,164,239,0.37
25742,0,94,3.77
25743,16,28,0.57
25744,189,210,0.48
25745,250,596,1.17
25746,446,488,0.36
25747,0,57,2.10
25748,26,111,3.59
25749,81,81,0.17
25750,152,174,0.23
25751,30,28,2.20
25752,198,184,0.32
25753,21,141,2.29
25754,177,189,0.46
25755,23,15,0.51
25756,0,26,1.53
25757,25,127,0.17
25758,19,152,3.34
25759,14,204,3.56
25760,135,20,0.30
25761,0,222,0.19
25762,48,99,0.27
25763,0,138,6.32
25764,304,320,0.31
25765,65,25,0.58
25766,27,149,2.27
25767,22,183,4.37
25768,15,14,0.02
25769,15,159,3.54
25770,21,153,1.98
25771,273,16,0.32
25772,24,61,2.55
25773,18,85,1.92
25774,50,55,2.32
25775,0,137,3.14
25776,18,98,3.97
25777,0,54,1.70
25778,102,30,0.96
25779,69,339,0.56
25780,17,169,2.83
25781,111,20,1.40
25782,0,72,0.45
25783,23,92,3.19
25784,28,186,6.74
25785,50,190,3.26
25786,21,131,3.86
25787,33,154,1.05
25788,254,88,0.86
25789,0,40,2.14
25790,17,21,1.56
25791,64,21,0.51
25792,0,139,3.36
25793,20,136,3.20
25794,242,246,0.54
25795,14,31,3.43
25796,98,102,0.39
25797,0,74,1.82
25798,102,102,0.13
25799,13,167,3.91
25800,16,165,3.44
25801,66,83,0.39
25802,57,196,0.34
25803,0,132,2.39
25804,124,17,1.36
25805,25,102,2.81
25806,53,24,0.39
25807,17,30,2.19
25808,84,18,0.50
25809,0,144,4.33
25810,268,509,2.12
25811,269,349,0.24
25812,54,14,0.53
25813,218,239,0.26
25814,15,137,3.84
25815,159,163,0.31
25816,0,144,7.20
25817,16,34,1.66
25818,117,147,0.45
25819,0,147,3.61
25820,33,27,1.40
25821,50,51,0.16
25822,47,194,3.02
25823,50,65,2.23
25824,23,76,2.44
25825,147,172,0.45
25826,129,141,0.38
25827,0,73,2.43
25828,15,158,2.25
25829,0,70,4.29
25830,123,171,0.34
25831,133,150,0.50
25832,0,152,4.33
25833,385,494,0.41
25834,174,232,0.32
25835,30,201,6.35
25836,0,147,2.43
25837,106,116,0.49
25838,82,43,2.44
25839,60,64,0.19
25840,319,340,0.52
25841,27,145,6.34
25842,39,41,2.03
25843,297,306,0.95
25844,81,199,0.50
25845,189,79,0.33
25846,113,117,0.27
25847,18,14,0.25
25848,35,14,0.47
25849,17,20,0.52
25850,91,117,0.33
25851,193,200,0.95
25852,228,229,0.74
25853,191,0,0.00
25854,80,81,0.17
25855,0,177,4.64
25856,0,18,1.52
25857,31,182,5.77
25858,32,16,1.17
25859,246,298,0.69
25860,0,24,0.44
25861,88,291,1.05
25862,23,43,1.40
25863,15,181,1.79
25864,15,33,0.66
25865,0,16,0.44
25866,104,119,0.35
25867,23,41,0.69
25868,32,14,1.96
25869,121,114,0.46
25870,187,188,0.62
25871,0,31,2.61
25872,18,19,0.30
25873,32,37,1.31
25874,144,146,0.41
25875,60,23,2.08
25876,56,288,0.79
25877,209,211,0.72
25878,15,95,3.05
25879,0,142,3.77
25880,141,167,0.53
25881,15,33,0.41
25882,69,69,0.14
25883,20,106,2.34
25884,0,34,1.00
25885,16,270,0.82
25886,25,85,5.89
25887,0,239,0.65
25888,71,71,0.10
25889,15,21,0.43
25890,0,43,1.59
25891,64,18,0.28
25892,198,340,0.36
25893,14,107,2.68
25894,17,41,1.82
25895,14,51,2.83
25896,0,2246,3.19
25897,30,154,0.35
25898,15,151,5.70
25899,65,92,0.28
25900,0,38,1.53
25901,39,150,2.90
25902,22,265,0.68
25903,46,135,5.62
25904,0,50,1.89
25905,153,158,0.88
25906,328,443,0.33
25907,142,19,0.39
25908,36,58,2.17
25909,14,54,2.07
25910,52,24,0.45
25911,19,190,4.14
25912,13,28,2.14
25913,25,190,4.27
25914,44,56,2.23
25915,465,478,1.01
25916,35,220,0.73
25917,28,188,5.62
25918,102,114,0.32
25919,19,116,5.04
25920,337,657,0.46
25921,240,287,0.45
25922,50,173,0.41
25923,21,151,6.63
25924,76,87,0.56
25925,16,73,1.18
25926,22,56,1.14
25927,299,328,0.35
25928,0,14,0.46
25929,181,191,0.45
25930,265,17,0.49
25931,20,67,1.39
25932,70,180,0.38
25933,18,98,1.90
25934,104,104,0.10
25935,134,247,0.96
25936,18,153,5.92
25937,20,33,0.72
25938,188,189,0.43
25939,0,162,3.55
25940,0,0,0.00
25941,14,20,0.52
25942,37,17,0.38
25943,0,113,2.88
25944,0,35,1.98
25945,0,111,3.58
25946,342,348,0.39
25947,18,130,2.34
25948,65,75,0.34
25949,15,32,1.55
25950,52,84,0.86
25951,12,121,5.89
25952,0,43,3.31
25953,247,257,0.35
25954,0,122,1.76
25955,25,92,1.82
25956,0,22,0.44
25957,24,112,1.75
25958,0,114,3.52
25959,122,191,1.41
25960,168,190,0.54
25961,36,71,3.79
25962,0,152,2.40
25963,289,299,0.53
25964,27,57,2.27
25965,66,21,0.18
25966,272,459,0.91
25967,42,15,1.42
25968,97,108,0.35
25969,20,24,1.46
25970,217,18,0.43
25971,255,509,0.88
25972,22,97,3.65
25973,189,224,0.34
25974,51,31,2.31
25975,117,15,0.52
25976,184,203,0.50
25977,123,55,1.40
25978,149,149,0.29
25979,0,16,1.22
25980,168,320,0.47
25981,59,20,0.34
25982,16,51,2.41
25983,29,42,1.48
25984,186,186,0.59
25985,32,43,0.92
25986,38,86,1.92
25987,24,114,3.85
25988,69,18,0.43
25989,0,69,2.88
25990,868,0,0.00
25991,102,225,0.97
25992,354,410,0.66
25993,74,43,0.72
25994,201,326,0.38
25995,0,19,2.46
25996,18,27,1.26
25997,210,233,0.94
25998,0,18,0.67
25999,26,91,3.87
26000,658,823,1.14
26001,26,21,1.20
26002,16,255,0.83
26003,125,155,0.37
26004,45,193,7.92
26005,246,48,0.20
26006,87,252,0.64
26007,17,97,4.98
26008,151,151,0.69
26009,204,217,0.31
26010,320,321,0.31
26011,59,93,4.91
26012,16,311,0.46
26013,178,191,0.30
26014,38,37,0.14
26015,47,190,4.25
26016,0,144,4.00
26017,17,91,3.09
26018,0,96,2.32
26019,98,1057,1.35
26020,322,326,0.28
26021,37,35,1.51
26022,15,67,2.58
26023,12,50,0.54
26024,0,29,0.65
26025,122,123,0.20
26026,241,259,0.44
26027,0,66,2.87
26028,14,163,3.14
26029,297,467,1.59
26030,189,527,1.17
26031,56,18,0.50
26032,586,1529,3.15
26033,48,16,1.07
26034,274,289,1.05
26035,17,132,2.42
26036,97,104,0.44
26037,0,0,0.00
26038,63,27,0.97
26039,0,160,0.38
26040,0,16,1.66
26041,247,277,0.51
26042,33,209,4.33
26043,78,23,2.00
26044,0,24,1.22
26045,0,164,2.63
26046,17,82,1.88
26047,344,1828,2.30
26048,0,45,2.33
26049,74,274,2.41
26050,41,205,0.61
26051,23,107,3.81
26052,29,168,5.12
26053,35,173,0.55
26054,296,297,0.95
26055,229,252,0.47
26056,19,135,5.77
26057,285,308,0.23
26058,550,572,1.22
26059,181,327,0.52
26060,204,545,0.90
26061,41,140,0.88
26062,141,148,0.94
26063,138,357,0.74
26064,97,103,0.33
26065,41,41,0.11
26066,23,144,1.69
26067,73,94,0.40
26068,89,93,0.17
26069,156,21,0.31
26070,14,53,1.99
26071,25,144,3.29
26072,111,16,0.40
26073,67,68,0.34
26074,37,167,3.49
26075,17,30,0.72
26076,460,117,0.57
26077,28,40,1.20
26078,20,13,0.34
26079,0,171,2.23
26080,29,166,2.51
26081,180,219,0.20
26082,21,120,2.99
26083,46,138,2.35
26084,199,199,0.48
26085,16,147,4.06
26086,24,28,0.56
26087,118,137,0.54
26088,137,138,0.19
26089,0,54,0.85
26090,91,91,0.26
26091,333,372,0.87
26092,33,166,1.62
26093,0,35,0.59
26094,0,124,3.69
26095,32,163,0.82
26096,116,11,0.02
26097,380,404,0.97
26098,96,95,0.14
26099,0,51,1.48
26100,161,163,0.73
26101,162,162,0.76
26102,301,320,0.45
26103,181,222,0.33
26104,164,460,0.92
26105,0,78,1.86
26106,91,208,0.97
26107,14,248,2.02
26108,304,328,0.27
26109,91,92,0.24
26110,0,192,4.89
26111,0,79,4.00
26112,0,185,4.17
26113,126,126,0.22
26114,214,238,0.33
26115,0,138,2.31
26116,280,315,0.52
26117,169,190,1.49
26118,31,25,0.74
26119,216,453,0.49
26120,0,140,2.70
26121,0,18,0.54
26122,18,147,1.33
26123,126,143,0.45
26124,0,62,3.86
26125,0,20,1.68
26126,16,89,6.23
26127,38,142,4.72
26128,215,216,0.73
26129,0,121,2.13
26130,142,26,0.41
26131,0,20,1.03
26132,146,166,0.30
26133,47,178,4.74
26134,137,136,0.40
26135,15,107,2.93
26136,207,226,0.45
26137,0,53,3.13
26138,0,98,0.39
26139,0,25,1.00
26140,0,53,1.60
26141,0,139,3.18
26142,209,547,1.26
26143,72,66,1.48
26144,0,64,3.12
26145,162,18,0.41
26146,50,19,1.01
26147,13,144,4.83
26148,21,42,0.75
26149,37,25,0.35
26150,17,24,1.23
26151,175,161,0.64
26152,17,18,0.79
26153,0,15,0.34
26154,0,69,1.26
26155,15,158,1.58
26156,0,25,0.36
26157,91,100,0.36
26158,0,120,5.45
26159,32,131,0.34
26160,0,70,4.43
26161,12,29,1.41
26162,38,165,3.37
26163,0,109,3.04
26164,191,195,0.16
26165,280,297,0.24
26166,0,122,2.33
26167,19,188,4.01
26168,14,76,2.12
26169,34,162,4.78
26170,105,21,0.54
26171,212,505,1.09
26172,216,219,0.76
26173,0,128,3.42
26174,33,68,2.63
26175,138,379,1.09
26176,253,271,0.28
26177,0,120,2.28
26178,148,282,2.00
26179,228,524,0.97
26180,15,108,2.38
26181,67,85,0.44
26182,20,21,0.59
26183,178,20,0.50
26184,38,77,4.18
26185,0,0,0.00
26186,50,35,0.68
26187,23,16,0.58
26188,24,28,0.38
26189,397,100,0.29
26190,54,35,1.58
26191,132,26,0.56
26192,213,217,0.86
26193,25,27,0.90
26194,57,33,1.51
26195,24,99,3.93
26196,218,231,0.74
26197,154,167,0.49
26198,14,147,2.75
26199,128,148,0.81
26200,0,141,0.45
26201,15,20,0.36
26202,304,322,0.24
26203,122,136,0.47
26204,0,94,3.24
26205,22,159,5.93
26206,64,25,0.57
26207,254,313,0.58
26208,0,117,1.80
26209,86,89,0.32
26210,14,42,1.77
26211,89,16,0.26
26212,0,25,0.49
26213,39,20,0.45
26214,19,665,5.24
26215,44,171,2.55
26216,15,22,0.42
26217,0,58,2.46
26218,31,32,0.41
26219,356,715,0.39
26220,25,19,0.26
26221,150,151,0.37
26222,45,135,1.58
26223,127,160,0.48
26224,0,22,1.01
26225,14,27,0.51
26226,21,277,3.77
26227,14,132,3.40
26228,0,21,0.55
26229,148,152,0.20
26230,17,78,3.38
26231,135,135,0.26
26232,91,20,1.40
26233,18,311,0.48
26234,239,279,0.28
26235,0,52,2.05
26236,13,50,1.46
26237,51,441,0.51
26238,0,28,2.07
26239,52,175,3.29
26240,0,162,3.05
26241,0,127,3.36
26242,0,131,5.48
26243,16,160,3.98
26244,73,35,1.37
26245,215,381,0.56
26246,12,126,2.28
26247,384,410,0.34
26248,536,1151,1.00
26249,0,30,1.18
26250,23,281,2.16
26251,186,210,0.59
26252,17,40,1.43
26253,0,297,6.24
26254,40,0,0.00
26255,0,79,1.78
26256,25,74,2.38
26257,0,73,2.55
26258,49,169,3.51
26259,59,58,0.13
26260,0,16,0.24
26261,202,377,0.41
26262,69,79,0.30
26263,77,16,0.60
26264,0,44,2.47
26265,31,20,0.58
26266,298,317,0.33
26267,167,180,0.36
26268,0,103,3.26
26269,75,193,0.23
26270,21,14,0.39
26271,55,180,4.01
26272,58,59,0.17
26273,27,39,1.19
26274,0,178,4.44
26275,0,36,0.93
26276,198,240,0.96
26277,99,80,1.70
26278,15,614,0.68
26279,0,121,2.44
26280,295,300,0.50
26281,197,219,0.45
26282,125,19,0.31
26283,0,28,1.17
26284,36,31,0.84
26285,0,26,1.97
26286,79,79,0.13
26287,37,22,0.28
26288,235,576,1.23
26289,17,129,3.10
26290,0,120,0.85
26291,0,0,0.00
26292,0,20,1.83
26293,0,32,2.10
26294,118,24,0.42
26295,231,274,0.24
26296,0,134,4.16
26297,0,100,2.87
26298,127,130,0.28
26299,46,18,0.21
26300,29,0,0.00
26301,0,51,2.48
26302,44,553,0.79
26303,0,36,0.34
26304,0,90,4.21
26305,0,39,1.60
26306,20,64,2.24
26307,0,101,0.17
26308,41,41,2.88
26309,389,800,0.81
26310,121,121,0.21
26311,0,21,0.70
26312,46,90,3.70
26313,236,273,0.99
26314,0,63,2.67
26315,0,14,0.34
26316,0,13,0.40
26317,21,20,0.68
26318,182,182,0.97
26319,0,22,0.41
26320,20,153,5.24
26321,261,319,1.31
26322,31,184,5.15
26323,20,500,0.35
26324,53,86,0.34
26325,163,337,0.99
26326,113,18,0.42
26327,14,22,0.54
26328,180,214,0.46
26329,197,254,0.50
26330,0,92,4.15
26331,0,54,2.48
26332,42,167,2.00
26333,37,660,0.50
26334,19,81,1.17
26335,57,18,0.47
26336,0,81,2.71
26337,154,936,0.67
26338,209,392,0.56
26339,137,151,0.43
26340,0,148,3.69
26341,100,107,0.38
26342,364,155,0.31
26343,121,121,0.20
26344,297,767,0.43
26345,46,48,0.19
26346,93,111,0.73
26347,33,24,0.93
26348,0,121,4.21
26349,208,234,0.27
26350,27,46,1.21
26351,210,373,0.36
26352,0,103,1.40
26353,248,561,1.16
26354,135,295,0.40
26355,96,18,0.55
26356,55,19,0.40
26357,0,20,1.04
26358,67,68,0.16
26359,16,50,2.58
26360,132,329,0.39
26361,310,14,0.33
26362,29,16,0.38
26363,0,120,3.85
26364,168,202,0.40
26365,272,287,0.27
26366,192,260,0.37
26367,16,16,0.65
26368,28,81,4.77
26369,12,49,2.00
26370,107,125,0.45
26371,128,130,0.28
26372,172,195,0.24
26373,0,113,3.01
26374,18,140,0.73
26375,298,363,0.33
26376,31,217,0.15
26377,62,186,2.29
26378,123,144,0.38
26379,25,123,2.56
26380,313,318,0.35
26381,150,150,0.40
26382,0,87,1.03
26383,55,17,1.20
26384,228,266,0.62
26385,0,583,0.53
26386,0,18,0.50
26387,357,359,0.75
26388,0,20,0.40
26389,197,197,0.44
26390,0,126,1.49
26391,64,70,0.32
26392,0,129,3.32
26393,0,52,2.04
26394,28,24,0.63
26395,220,251,0.32
26396,72,251,1.14
26397,57,13,0.20
26398,12,27,0.58
26399,129,159,0.37
26400,0,36,1.56
26401,452,470,1.09
26402,27,29,1.42
26403,18,98,2.84
26404,137,137,0.38
26405,273,298,0.23
26406,35,56,2.25
26407,162,35,0.13
26408,84,16,0.25
26409,0,152,3.51
26410,33,58,1.41
26411,0,134,0.80
26412,0,156,2.18
26413,19,122,1.74
26414,26,16,1.11
26415,43,40,1.60
26416,0,140,2.59
26417,163,408,1.44
26418,33,29,1.28
26419,0,28,0.68
26420,112,125,0.69
26421,33,21,1.00
26422,106,109,0.33
26423,51,59,0.16
26424,13,164,4.27
26425,48,32,1.48
26426,0,24,0.44
26427,165,165,0.20
26428,26,49,2.90
26429,64,66,0.17
26430,34,168,3.58
26431,28,151,3.93
26432,46,46,0.05
26433,0,131,3.60
26434,101,565,2.20
26435,15,20,1.37
26436,159,159,0.58
26437,25,127,3.74
26438,109,16,3.39
26439,36,22,0.35
26440,41,22,0.70
26441,159,382,1.01
26442,231,260,0.94
26443,17,24,1.41
26444,0,28,1.52
26445,528,539,1.07
26446,85,353,1.08
26447,69,83,0.41
26448,77,0,0.00
26449,16,21,1.03
26450,14,21,0.54
26451,0,36,1.32
26452,0,23,0.36
26453,0,17,0.45
26454,0,20,0.52
26455,0,117,5.00
26456,0,21,1.48
26457,74,99,0.32
26458,18,78,2.52
26459,22,15,0.07
26460,209,220,0.53
26461,479,503,1.11
26462,0,21,0.64
26463,24,13,0.12
26464,97,211,0.60
26465,129,132,0.43
26466,212,266,0.34
26467,0,78,2.60
26468,217,245,0.45
26469,89,99,0.43
26470,155,155,0.19
26471,0,144,6.25
26472,70,71,0.12
26473,15,182,2.92
26474,205,241,0.96
26475,117,123,0.34
26476,137,137,0.15
26477,0,52,2.44
26478,151,23,1.48
26479,404,1231,3.19
26480,0,61,7.02
26481,0,89,2.35
26482,128,131,0.28
26483,286,313,0.53
26484,44,125,3.12
26485,0,142,1.98
26486,79,25,0.97
26487,258,406,0.57
26488,541,561,0.93
26489,64,59,2.32
26490,292,310,0.35
26491,20,219,2.78
26492,0,128,1.97
26493,184,203,0.22
26494,98,120,0.34
26495,16,23,0.93
26496,231,257,0.68
26497,23,64,2.60
26498,249,313,0.44
26499,132,499,0.98
26500,0,79,0.07
26501,0,20,0.33
26502,102,134,0.48
26503,64,22,0.57
26504,79,88,0.43
26505,0,119,2.80
26506,317,391,0.37
26507,0,116,1.79
26508,44,16,0.25
26509,12,23,0.60
26510,309,311,0.51
26511,18,169,4.36
26512,163,165,0.46
26513,199,200,0.69
26514,0,146,4.25
26515,87,108,0.39
26516,123,148,0.47
26517,0,144,3.66
26518,118,307,0.60
26519,41,51,1.89
26520,0,37,2.89
26521,0,24,0.50
26522,0,22,0.50
26523,72,19,0.65
26524,24,123,2.50
26525,17,164,4.68
26526,255,255,0.37
26527,24,44,1.52
26528,60,61,0.18
26529,0,173,3.28
26530,103,126,0.66
26531,25,13,0.30
26532,0,98,2.27
26533,0,112,3.42
26534,17,29,0.55
26535,267,304,0.99
26536,180,180,0.38
26537,31,22,0.45
26538,18,254,0.67
26539,0,13,0.42
26540,136,182,0.36
26541,309,635,0.35
26542,47,77,1.75
26543,190,262,0.62
26544,0,90,2.67
26545,45,149,2.35
26546,81,172,0.51
26547,40,143,2.54
26548,30,34,1.94
26549,164,382,0.47
26550,0,100,3.09
26551,51,16,0.33
26552,56,23,0.46
26553,143,184,0.36
26554,45,39,1.34
26555,19,144,2.97
26556,165,317,0.53
26557,18,178,6.01
26558,19,58,2.51
26559,35,32,0.67
26560,327,354,0.67
26561,0,97,3.12
26562,63,45,3.97
26563,178,191,0.49
26564,46,29,1.39
26565,17,33,1.11
26566,196,196,0.65
26567,0,148,3.67
26568,84,84,0.14
26569,21,152,4.31
26570,0,0,0.00
26571,177,195,1.87
26572,932,939,0.35
26573,0,26,0.43
26574,448,794,0.39
26575,21,124,4.18
26576,213,230,0.28
26577,16,30,1.64
26578,17,24,0.49
26579,117,117,0.20
26580,14,122,5.81
26581,0,138,3.74
26582,277,678,1.09
26583,37,24,0.60
26584,25,62,2.86
26585,94,96,0.25
26586,0,28,0.53
26587,0,18,0.48
26588,32,20,0.29
26589,18,105,2.77
26590,15,27,0.35
26591,217,227,0.28
26592,52,31,0.58
26593,17,142,2.66
26594,0,0,0.00
26595,36,166,3.81
26596,40,54,2.30
26597,0,52,1.44
26598,25,98,2.60
26599,153,160,0.22
26600,184,457,1.19
26601,0,29,1.40
26602,17,161,3.87
26603,121,18,0.40
26604,0,141,3.06
26605,0,27,0.60
26606,236,236,0.33
26607,19,220,2.24
26608,29,86,2.04
26609,0,123,3.07
26610,52,122,0.93
26611,362,364,0.50
26612,0,95,4.36
26613,104,112,0.39
26614,36,168,5.55
26615,28,69,1.98
26616,0,128,0.51
26617,108,113,0.31
26618,196,396,1.53
26619,174,176,0.28
26620,530,1449,2.20
26621,435,475,1.02
26622,0,244,1.01
26623,0,68,2.99
26624,0,148,1.89
26625,39,172,1.94
26626,29,188,3.32
26627,23,112,3.62
26628,582,694,0.88
26629,23,51,2.05
26630,40,171,2.93
26631,104,112,0.42
26632,34,109,4.43
26633,171,16,0.23
26634,0,136,2.94
26635,0,150,5.37
26636,348,379,0.63
26637,15,155,3.63
26638,226,254,0.44
26639,387,423,0.42
26640,16,62,1.45
26641,0,112,0.50
26642,21,20,0.40
26643,140,148,1.00
26644,189,201,1.24
26645,245,262,1.06
26646,67,19,0.71
26647,0,53,2.46
26648,101,131,0.41
26649,0,62,1.02
26650,29,29,0.47
26651,12,30,1.43
26652,238,515,0.94
26653,17,127,2.47
26654,305,305,0.28
26655,207,210,0.73
26656,0,120,3.11
26657,17,57,2.56
26658,24,16,2.11
26659,0,286,2.22
26660,34,108,4.64
26661,30,84,2.16
26662,21,0,0.00
26663,118,17,0.22
26664,0,29,0.57
26665,22,34,0.60
26666,34,46,1.59
26667,0,76,2.98
26668,73,253,5.69
26669,70,19,0.96
26670,13,91,3.70
26671,129,135,0.29
26672,16,167,2.80
26673,0,33,0.05
26674,0,49,2.73
26675,233,252,0.44
26676,38,14,0.41
26677,53,62,0.56
26678,89,95,0.34
26679,0,21,0.82
26680,0,19,0.87
26681,158,186,0.39
26682,102,359,0.61
26683,12,72,2.01
26684,124,126,0.20
26685,380,425,0.46
26686,19,175,3.19
26687,0,112,3.90
26688,27,25,0.82
26689,40,81,0.50
26690,164,175,0.50
26691,76,113,0.82
26692,259,258,0.95
26693,41,101,2.86
26694,221,224,0.47
26695,0,123,2.44
26696,26,30,0.42
26697,410,179,0.27
26698,25,20,0.71
26699,0,142,2.80
26700,134,31,2.48
26701,255,255,0.31
26702,193,204,1.16
26703,170,213,0.26
26704,143,150,0.25
26705,16,14,1.62
26706,94,298,1.69
26707,265,277,1.03
26708,26,162,3.23
26709,227,334,0.38
26710,0,148,7.16
26711,192,208,0.97
26712,0,98,2.05
26713,14,50,2.28
26714,0,91,4.86
26715,108,170,0.48
26716,0,81,6.10
26717,0,22,0.36
26718,0,0,0.00
26719,693,725,1.10
26720,15,86,2.88
26721,0,123,3.71
26722,119,137,0.34
26723,363,497,0.42
26724,0,160,4.50
26725,16,106,2.00
26726,232,1247,6.82
26727,72,32,0.36
26728,0,0,0.00
26729,24,32,1.79
26730,489,16,0.12
26731,15,16,0.40
26732,158,158,0.64
26733,0,84,2.50
26734,188,344,0.64
26735,22,32,0.81
26736,91,384,2.45
26737,311,761,0.52
26738,13,35,1.54
26739,90,14,0.31
26740,33,23,0.52
26741,18,39,1.39
26742,213,250,0.23
26743,0,18,1.12
26744,122,124,0.19
26745,0,134,2.34
26746,0,216,4.98
26747,1142,1358,1.74
26748,98,98,0.15
26749,21,139,4.94
26750,223,350,0.41
26751,114,133,0.45
26752,0,133,1.69
26753,32,72,0.80
26754,41,23,1.81
26755,0,52,1.38
26756,17,72,5.68
26757,69,33,0.56
26758,19,97,2.97
26759,31,50,1.50
26760,306,307,0.42
26761,22,89,3.09
26762,20,235,0.47
26763,0,193,2.72
26764,100,151,0.49
26765,0,19,1.65
26766,39,81,1.98
26767,56,148,1.80
26768,32,39,1.07
26769,16,51,1.70
26770,32,37,2.93
26771,0,186,4.53
26772,0,161,5.29
26773,15,44,1.84
26774,0,31,2.40
26775,0,144,1.75
26776,81,81,0.13
26777,324,358,0.38
26778,60,375,2.23
26779,0,36,2.09
26780,39,23,1.25
26781,0,177,4.13
26782,14,31,0.63
26783,0,125,5.76
26784,21,20,0.58
26785,129,133,0.17
26786,23,78,2.76
26787,73,18,0.18
26788,16,23,0.82
26789,0,59,1.42
26790,19,27,0.61
26791,30,81,0.64
26792,37,148,2.53
26793,19,24,1.46
26794,0,71,4.10
26795,147,17,0.42
26796,210,228,0.30
26797,78,79,0.13
26798,0,78,2.39
26799,639,709,1.14
26800,72,72,0.13
26801,114,120,0.23
26802,93,27,0.86
26803,21,84,5.29
26804,211,228,0.35
26805,0,134,5.00
26806,60,20,0.38
26807,16,42,2.39
26808,110,371,2.74
26809,0,44,1.10
26810,175,178,0.29
26811,95,190,0.54
26812,20,18,0.95
26813,67,167,3.25
26814,360,397,1.07
26815,134,140,0.42
26816,0,21,1.01
26817,12,137,2.59
26818,0,18,0.53
26819,614,778,1.15
26820,20,186,3.69
26821,18,53,1.03
26822,177,180,0.46
26823,14,23,0.67
26824,56,58,0.10
26825,13,102,3.00
26826,0,139,4.55
26827,48,150,5.08
26828,265,321,0.47
26829,176,231,0.41
26830,16,247,0.42
26831,0,0,0.00
26832,0,134,2.61
26833,234,570,0.85
26834,146,101,0.10
26835,18,71,1.16
26836,28,151,2.19
26837,181,190,0.29
26838,12,23,0.67
26839,0,0,0.00
26840,63,193,3.09
26841,360,361,0.26
26842,123,131,0.56
26843,148,157,0.23
26844,361,376,0.56
26845,0,26,0.65
26846,148,151,0.21
26847,92,16,0.36
26848,39,69,3.44
26849,0,60,1.65
26850,35,35,2.01
26851,245,283,0.29
26852,34,105,2.08
26853,25,124,6.61
26854,24,139,5.06
26855,14,63,1.64
26856,113,119,1.06
26857,154,176,0.33
26858,0,29,1.08
26859,45,163,3.27
26860,112,115,0.86
26861,141,147,0.25
26862,0,25,0.70
26863,27,44,2.34
26864,600,652,1.94
26865,326,14,0.23
26866,25,165,3.10
26867,395,436,1.32
26868,0,53,1.53
26869,101,1466,2.15
26870,131,18,0.32
26871,71,88,0.33
26872,15,136,2.36
26873,317,367,0.28
26874,109,109,0.27
26875,17,263,3.48
26876,198,480,1.09
26877,26,26,0.74
26878,20,22,0.30
26879,33,16,0.87
26880,0,54,1.08
26881,16,42,2.52
26882,103,23,1.15
26883,0,118,3.60
26884,168,176,0.43
26885,0,127,2.99
26886,18,146,4.42
26887,35,35,1.12
26888,0,62,3.59
26889,95,97,0.32
26890,98,94,0.65
26891,37,0,0.00
26892,169,205,1.78
26893,79,79,0.28
26894,0,33,1.58
26895,485,525,0.50
26896,67,0,0.00
26897,17,105,2.74
26898,34,112,0.94
26899,26,109,3.99
26900,11,33,0.33
26901,0,20,0.95
26902,130,20,0.48
26903,89,107,0.52
26904,35,17,0.56
26905,71,137,0.32
26906,18,133,1.85
26907,0,55,1.96
26908,0,27,1.00
26909,48,16,0.96
26910,290,323,0.66
26911,0,50,3.00
26912,175,194,0.46
26913,29,58,2.67
26914,0,721,0.35
26915,111,124,0.32
26916,17,28,1.38
26917,258,294,0.50
26918,101,104,0.15
26919,54,189,0.71
26920,10,39,1.17
26921,76,461,0.65
26922,0,82,3.60
26923,26,88,3.06
26924,18,17,0.42
26925,0,31,1.72
26926,0,36,2.31
26927,168,299,0.29
26928,0,29,1.35
26929,107,107,0.33
26930,150,140,0.34
26931,0,0,0.00
26932,0,47,2.20
26933,669,1010,0.45
26934,23,34,0.94
26935,193,215,0.25
26936,56,139,2.56
26937,18,52,1.86
26938,0,30,0.49
26939,22,132,3.70
26940,89,102,0.59
26941,21,64,0.54
26942,271,615,1.09
26943,26,146,3.67
26944,14,38,2.92
26945,93,18,0.63
26946,34,52,2.03
26947,195,404,0.78
26948,0,106,3.24
26949,33,69,2.41
26950,97,97,0.15
26951,32,187,4.87
26952,67,345,0.95
26953,29,86,3.45
26954,45,24,0.40
26955,0,140,4.00
26956,41,25,0.41
26957,181,188,0.35
26958,0,102,3.41
26959,0,103,2.83
26960,67,92,0.31
26961,107,38,0.54
26962,0,133,2.16
26963,293,314,0.39
26964,48,174,2.66
26965,166,1011,1.14
26966,39,35,2.42
26967,85,85,0.25
26968,43,24,1.32
26969,162,187,0.46
26970,27,21,0.06
26971,0,38,0.50
26972,29,20,0.26
26973,31,22,0.95
26974,0,18,0.39
26975,0,128,6.82
26976,11,41,1.37
26977,46,59,1.62
26978,71,78,0.14
26979,176,201,1.17
26980,0,38,0.96
26981,14,90,1.90
26982,18,112,0.44
26983,118,139,0.24
26984,32,153,3.58
26985,43,170,4.34
26986,266,289,0.29
26987,19,162,6.46
26988,0,133,3.06
26989,13,24,0.16
26990,14,42,2.39
26991,0,101,3.58
26992,145,171,0.31
26993,231,254,0.37
26994,116,156,0.58
26995,0,151,3.36
26996,281,302,0.28
26997,0,44,1.39
26998,163,168,1.51
26999,88,104,1.15
27000,0,0,0.00
27001,0,52,1.59
27002,0,51,0.44
27003,77,17,1.55
27004,19,27,0.59
27005,17,39,4.13
27006,22,107,4.03
27007,550,916,0.35
27008,0,27,0.66
27009,34,35,0.77
27010,149,163,0.25
27011,0,51,1.30
27012,0,128,3.75
27013,155,181,0.36
27014,312,353,1.09
27015,14,25,1.32
27016,139,166,1.67
27017,25,155,1.14
27018,25,35,2.00
27019,664,1208,1.48
27020,137,137,0.35
27021,12,0,0.00
27022,124,22,1.33
27023,0,86,2.04
27024,255,638,1.06
27025,33,25,1.39
27026,209,222,0.35
27027,70,76,0.43
27028,28,142,2.35
27029,0,0,0.00
27030,89,17,0.39
27031,174,180,0.34
27032,215,219,0.51
27033,0,94,3.07
27034,38,168,3.49
27035,0,102,1.89
27036,108,490,1.24
27037,23,25,0.42
27038,0,30,0.93
27039,231,456,1.02
27040,144,240,0.96
27041,139,139,0.21
27042,20,135,3.91
27043,531,533,0.32
27044,0,232,0.74
27045,45,202,3.59
27046,0,129,3.20
27047,75,18,1.14
27048,20,36,1.34
27049,357,376,0.36
27050,86,91,0.98
27051,169,176,0.40
27052,15,30,0.61
27053,133,139,0.44
27054,190,258,0.95
27055,0,141,2.25
27056,15,201,3.60
27057,18,151,3.46
27058,218,19,0.29
27059,37,13,0.39
27060,36,33,1.79
27061,628,659,1.11
27062,40,23,1.11
27063,32,23,1.99
27064,36,127,1.85
27065,160,171,0.41
27066,17,38,1.42
27067,114,130,0.42
27068,19,158,1.77
27069,22,25,0.73
27070,0,22,0.84
27071,19,35,1.60
27072,159,162,0.29
27073,66,42,1.78
27074,0,16,0.90
27075,151,152,0.32
27076,153,18,0.09
27077,25,102,2.62
27078,17,40,2.46
27079,0,0,0.00
27080,102,102,0.15
27081,188,228,0.33
27082,52,29,0.75
27083,242,271,0.28
27084,27,104,2.32
27085,21,20,0.36
27086,22,93,3.20
27087,239,607,1.09
27088,0,39,1.81
27089,102,18,0.37
27090,169,195,0.42
27091,170,15,0.11
27092,40,22,1.41
27093,0,14,0.59
27094,78,140,0.56
27095,199,541,1.12
27096,19,193,2.23
27097,0,39,1.10
27098,240,245,0.79
27099,199,278,0.40
27100,28,37,1.18
27101,96,350,0.72
27102,208,394,1.26
27103,23,32,2.41
27104,150,153,0.43
27105,20,55,0.76
27106,13,163,4.99
27107,233,432,0.38
27108,0,98,0.26
27109,14,66,1.51
27110,85,0,0.00
27111,186,215,0.27
27112,51,108,0.18
27113,14,28,0.57
27114,66,204,1.98
27115,0,135,5.21
27116,269,309,1.04
27117,120,651,3.16
27118,169,169,0.42
27119,216,248,0.46
27120,18,151,6.35
27121,119,292,0.96
27122,0,180,3.23
27123,13,17,0.76
27124,19,47,1.29
27125,0,107,2.25
27126,231,239,0.40
27127,32,184,2.30
27128,23,79,2.20
27129,167,172,0.33
27130,88,21,1.02
27131,0,51,1.80
27132,483,517,0.93
27133,0,108,3.86
27134,0,19,1.27
27135,0,140,2.33
27136,119,145,0.46
27137,0,60,2.54
27138,42,137,3.98
27139,166,182,0.18
27140,18,52,1.17
27141,76,224,0.68
27142,0,71,1.02
27143,18,63,5.04
27144,0,138,2.99
27145,36,57,0.35
27146,43,162,3.04
27147,0,25,3.35
27148,0,135,5.62
27149,0,80,0.40
27150,107,110,0.15
27151,0,136,5.31
27152,147,40,1.77
27153,185,225,0.24
27154,20,205,2.57
27155,136,147,0.41
27156,152,154,0.18
27157,15,40,1.97
27158,291,314,0.39
27159,26,161,3.66
27160,16,32,1.39
27161,208,225,0.29
27162,143,19,0.41
27163,110,125,0.90
27164,0,112,3.47
27165,149,34,1.53
27166,0,82,2.77
27167,226,20,0.51
27168,534,19,0.50
27169,123,143,0.28
27170,0,140,2.81
27171,28,136,4.38
27172,17,87,2.91
27173,239,374,0.41
27174,0,134,5.14
27175,16,120,0.56
27176,0,23,1.40
27177,0,100,3.87
27178,172,178,0.69
27179,0,180,2.75
27180,0,189,0.25
27181,0,81,3.20
27182,218,322,0.30
27183,0,174,3.87
27184,0,0,0.00
27185,261,263,0.25
27186,0,139,1.43
27187,15,153,6.35
27188,18,285,0.57
27189,170,172,0.22
27190,233,238,0.34
27191,30,95,3.66
27192,120,136,0.39
27193,0,148,3.12
27194,210,210,0.85
27195,0,22,0.43
27196,17,29,1.50
27197,55,31,2.33
27198,0,24,1.62
27199,44,208,2.89
27200,0,19,1.46
27201,24,190,9.14
27202,174,344,2.48
27203,0,24,1.17
27204,352,381,0.30
27205,528,554,1.10
27206,103,127,0.36
27207,0,29,0.99
27208,53,228,1.47
27209,0,0,0.00
27210,92,17,0.32
27211,0,271,0.55
27212,0,22,1.33
27213,0,108,2.86
27214,19,45,1.53
27215,18,25,0.73
27216,137,141,0.26
27217,145,155,0.38
27218,0,28,1.06
27219,114,115,0.15
27220,244,249,0.36
27221,206,380,0.36
27222,146,160,0.35
27223,0,71,1.94
27224,100,140,0.50
27225,19,85,3.36
27226,48,24,0.61
27227,84,84,0.13
27228,15,117,1.87
27229,246,251,0.64
27230,0,123,2.18
27231,31,173,3.02
27232,25,45,0.74
27233,103,105,0.22
27234,0,274,4.16
27235,0,37,0.96
27236,38,59,2.62
27237,32,92,5.62
27238,139,348,0.66
27239,30,148,3.73
27240,17,108,4.02
27241,22,18,0.38
27242,207,238,1.08
27243,22,167,3.41
27244,0,11,0.08
27245,95,97,0.18
27246,19,73,2.69
27247,17,94,0.71
27248,117,123,0.38
27249,12,57,3.40
27250,0,18,0.48
27251,40,17,0.96
27252,41,15,0.39
27253,91,108,0.39
27254,0,39,1.29
27255,81,82,0.12
27256,0,16,0.49
27257,190,196,0.70
27258,14,60,2.52
27259,248,599,1.13
27260,0,79,2.80
27261,90,91,0.27
27262,33,175,2.02
27263,198,201,0.64
27264,18,147,2.25
27265,96,99,0.18
27266,135,153,0.33
27267,87,0,0.00
27268,0,140,3.91
27269,120,133,0.38
27270,216,409,0.41
27271,233,565,1.18
27272,28,56,1.17
27273,17,74,1.10
27274,217,471,1.05
27275,52,40,1.53
27276,0,57,2.63
27277,73,31,1.95
27278,97,109,0.30
27279,284,84,0.69
27280,17,24,0.63
27281,0,90,2.69
27282,248,305,0.26
27283,0,48,2.17
27284,16,22,0.35
27285,0,56,2.15
27286,0,139,5.26
27287,132,160,0.21
27288,66,78,0.42
27289,115,132,0.61
27290,0,98,3.54
27291,111,669,1.18
27292,16,163,3.26
27293,0,23,1.43
27294,464,29,0.23
27295,387,956,1.07
27296,0,0,0.00
27297,0,44,1.85
27298,207,396,0.37
27299,305,483,0.44
27300,18,177,3.95
27301,14,86,0.39
27302,0,82,0.49
27303,0,111,3.96
27304,201,254,1.75
27305,17,34,0.51
27306,15,134,0.90
27307,15,11,0.41
27308,0,83,3.33
27309,226,268,0.39
27310,0,240,0.47
27311,168,222,0.23
27312,24,97,2.70
27313,62,63,0.53
27314,110,129,0.34
27315,47,61,2.76
27316,198,205,0.76
27317,79,101,0.30
27318,152,170,0.44
27319,46,33,1.48
27320,0,91,1.96
27321,42,52,1.92
27322,15,53,1.87
27323,83,107,0.77
27324,54,177,2.45
27325,45,137,1.91
27326,183,209,0.28
27327,0,88,3.64
27328,144,188,1.30
27329,238,264,0.28
27330,231,614,1.10
27331,0,86,2.05
27332,98,117,0.35
27333,26,395,0.39
27334,0,45,2.63
27335,0,104,1.89
27336,176,19,0.74
27337,19,151,4.30
27338,25,122,2.69
27339,281,283,0.80
27340,124,131,0.38
27341,472,484,0.77
27342,301,1078,0.44
27343,65,10,0.83
27344,31,49,1.79
27345,0,116,2.15
27346,153,161,0.33
27347,91,126,0.19
27348,18,62,2.89
27349,84,18,0.40
27350,73,322,0.58
27351,209,248,0.27
27352,39,41,0.19
27353,20,141,3.90
27354,38,33,1.38
27355,0,23,0.44
27356,14,74,3.20
27357,38,153,3.33
27358,96,101,0.17
27359,0,161,3.23
27360,0,114,4.39
27361,47,50,2.00
27362,28,19,0.37
27363,0,141,3.44
27364,37,22,0.33
27365,0,0,0.00
27366,64,14,0.39
27367,28,117,4.74
27368,12,171,3.96
27369,74,77,0.13
27370,0,0,0.00
27371,0,104,2.66
27372,0,18,0.47
27373,147,159,0.26
27374,30,88,5.17
27375,18,44,1.46
27376,30,34,0.22
27377,0,141,6.16
27378,15,18,0.77
27379,376,502,0.55
27380,144,144,0.33
27381,103,104,0.23
27382,17,108,2.40
27383,12,25,0.79
27384,0,11,0.37
27385,85,22,0.51
27386,0,67,3.93
27387,0,20,0.55
27388,19,0,0.00
27389,20,19,0.97
27390,178,302,0.27
27391,199,202,0.59
27392,431,444,1.40
27393,47,40,1.37
27394,40,24,0.51
27395,0,122,2.61
27396,29,150,4.55
27397,198,201,0.33
27398,33,29,0.48
27399,26,15,0.39
27400,87,127,0.50
27401,0,122,3.02
27402,18,59,1.05
27403,649,676,1.21
27404,42,111,1.72
27405,238,251,0.46
27406,0,35,2.47
27407,0,50,1.37
27408,37,39,1.56
27409,45,178,3.61
27410,294,295,0.26
27411,19,26,0.49
27412,44,44,0.11
27413,0,43,0.92
27414,0,140,3.22
27415,24,36,1.69
27416,172,241,0.74
27417,148,153,0.36
27418,0,113,2.76
27419,77,26,1.62
27420,573,1046,0.51
27421,0,178,4.40
27422,35,22,0.37
27423,52,36,3.43
27424,0,92,1.22
27425,0,266,5.26
27426,29,0,0.00
27427,14,17,0.51
27428,618,664,0.84
27429,18,130,3.99
27430,229,266,0.24
27431,31,44,1.87
27432,215,221,0.25
27433,16,158,3.70
27434,0,53,1.86
27435,15,19,1.89
27436,107,184,0.41
27437,58,25,1.16
27438,0,240,2.41
27439,245,592,1.15
27440,13,30,1.12
27441,43,13,0.14
27442,37,412,1.98
27443,91,28,0.22
27444,28,20,0.43
27445,18,205,4.71
27446,53,61,0.11
27447,0,24,0.38
27448,248,272,0.37
27449,35,30,1.61
27450,139,226,0.56
27451,471,1030,0.37
27452,0,68,1.01
27453,221,295,0.25
27454,50,173,4.49
27455,0,19,0.31
27456,105,42,0.18
27457,20,30,3.02
27458,331,0,0.00
27459,0,0,0.00
27460,0,19,0.73
27461,14,72,0.37
27462,0,111,0.71
27463,0,161,3.60
27464,0,40,2.27
27465,0,0,0.00
27466,202,232,0.49
27467,0,135,3.11
27468,155,156,0.63
27469,41,19,0.47
27470,461,483,1.07
27471,0,31,1.00
27472,267,278,0.62
27473,0,62,2.37
27474,266,291,1.31
27475,35,163,3.88
27476,0,31,2.25
27477,0,74,0.22
27478,19,66,2.87
27479,112,593,1.48
27480,17,54,0.50
27481,0,0,0.00
27482,103,21,1.02
27483,0,29,1.44
27484,211,239,0.46
27485,22,185,0.60
27486,0,32,2.28
27487,133,170,0.67
27488,296,304,0.28
27489,15,183,2.30
27490,0,71,2.36
27491,24,149,2.09
27492,119,138,0.28
27493,14,15,0.33
27494,34,122,1.43
27495,27,94,2.86
27496,20,16,0.53
27497,25,92,2.94
27498,0,30,1.71
27499,190,316,0.42
27500,62,70,0.19
27501,174,212,0.83
27502,32,0,0.00
27503,13,22,0.35
27504,97,98,0.16
27505,44,19,0.71
27506,15,192,3.26
27507,119,135,1.45
27508,263,265,0.44
27509,0,126,2.74
27510,172,234,0.42
27511,128,235,0.32
27512,43,160,3.12
27513,20,21,0.44
27514,16,174,4.54
27515,307,328,0.35
27516,180,17,0.64
27517,150,379,0.69
27518,0,119,2.97
27519,55,55,0.11
27520,0,143,3.94
27521,0,24,1.04
27522,123,139,0.39
27523,179,354,0.53
27524,34,37,2.36
27525,51,17,0.52
27526,24,134,3.35
27527,0,60,2.48
27528,55,57,0.52
27529,17,37,1.31
27530,167,370,1.55
27531,29,16,0.46
27532,19,66,1.80
27533,27,263,6.50
27534,22,169,0.70
27535,274,307,0.54
27536,103,136,0.48
27537,25,185,2.26
27538,44,189,0.97
27539,162,179,0.66
27540,0,147,2.50
27541,49,49,0.12
27542,29,182,2.16
27543,122,0,0.00
27544,0,18,0.57
27545,0,106,3.05
27546,23,14,0.42
27547,67,26,1.62
27548,96,96,0.24
27549,32,134,3.30
27550,78,78,0.12
27551,0,135,0.44
27552,15,36,1.44
27553,320,134,0.21
27554,0,0,0.00
27555,0,41,1.27
27556,25,44,0.64
27557,0,34,1.18
27558,63,45,1.97
27559,139,290,0.47
27560,0,30,1.50
27561,73,62,1.85
27562,16,91,3.22
27563,34,22,0.48
27564,0,49,3.54
27565,187,34,1.77
27566,0,52,1.60
27567,0,119,2.33
27568,19,122,2.43
27569,47,119,1.61
27570,50,189,1.78
27571,24,175,5.09
27572,0,38,2.20
27573,0,39,1.77
27574,58,44,1.53
27575,38,60,2.28
27576,36,25,0.44
27577,0,17,1.64
27578,332,26,0.04
27579,24,61,3.17
27580,270,626,1.12
27581,157,157,0.29
27582,64,68,0.09
27583,19,223,3.69
27584,13,111,2.95
27585,85,16,0.77
27586,18,38,1.79
27587,127,655,1.13
27588,308,337,0.41
27589,29,62,2.73
27590,16,54,3.00
27591,33,21,1.05
27592,107,113,0.19
27593,27,35,1.11
27594,293,324,0.38
27595,0,115,2.81
27596,26,24,1.76
27597,64,492,0.72
27598,194,202,0.50
27599,50,34,0.62
27600,0,30,1.14
27601,220,220,0.58
27602,89,18,0.47
27603,130,137,0.43
27604,20,43,1.85
27605,30,27,1.36
27606,124,131,0.23
27607,78,87,0.44
27608,87,90,5.89
27609,140,19,0.39
27610,16,18,0.61
27611,0,27,2.93
27612,13,23,1.23
27613,44,27,0.41
27614,303,330,1.46
27615,44,17,0.35
27616,40,173,1.80
27617,0,25,1.34
27618,1243,1254,0.49
27619,167,170,0.23
27620,0,353,0.63
27621,24,90,3.45
27622,0,86,3.34
27623,22,131,2.73
27624,138,141,0.67
27625,217,221,0.29
27626,21,57,1.32
27627,0,152,4.96
27628,19,27,0.41
27629,120,120,0.17
27630,152,1161,1.18
27631,0,68,1.58
27632,19,0,0.00
27633,211,328,0.48
27634,211,370,1.55
27635,140,147,0.48
27636,27,51,1.24
27637,204,627,1.21
27638,0,19,1.59
27639,0,0,0.00
27640,0,133,0.48
27641,0,62,2.57
27642,0,94,4.24
27643,267,299,0.31
27644,104,121,0.46
27645,0,146,3.55
27646,55,22,2.00
27647,60,21,2.63
27648,264,275,0.34
27649,0,52,1.22
27650,21,172,3.55
27651,85,100,0.08
27652,0,153,4.76
27653,282,292,0.37
27654,0,86,2.53
27655,205,226,0.37
27656,63,75,0.50
27657,0,117,3.46
27658,0,42,0.82
27659,0,36,2.49
27660,306,83,0.32
27661,121,165,0.15
27662,41,21,0.44
27663,18,11,0.05
27664,19,27,0.99
27665,22,99,4.10
27666,184,381,0.53
27667,612,636,1.15
27668,17,33,0.54
27669,96,102,0.58
27670,0,16,0.87
27671,220,241,0.43
27672,17,74,3.08
27673,395,26,0.13
27674,23,16,0.44
27675,24,30,0.47
27676,123,17,0.46
27677,343,901,0.51
27678,256,266,0.30
27679,0,29,0.87
27680,0,18,1.04
27681,42,23,0.50
27682,15,99,2.37
27683,0,15,0.41
27684,25,55,3.03
27685,369,1245,1.49
27686,0,135,6.78
27687,39,41,0.23
27688,91,208,1.50
27689,53,22,0.43
27690,0,17,0.40
27691,15,35,2.03
27692,466,475,0.31
27693,0,0,0.00
27694,19,87,2.28
27695,0,98,0.74
27696,79,17,0.46
27697,34,83,0.66
27698,0,134,3.22
27699,43,130,1.67
27700,195,200,0.25
27701,18,28,1.47
27702,42,202,6.94
27703,62,21,0.46
27704,0,22,0.56
27705,18,123,2.68
27706,127,223,0.96
27707,0,104,0.64
27708,0,141,2.95
27709,0,116,1.80
27710,141,144,0.69
27711,0,19,1.29
27712,74,94,0.49
27713,0,66,3.64
27714,535,556,1.17
27715,0,94,6.46
27716,340,101,0.19
27717,0,23,1.26
27718,14,11,0.09
27719,33,187,3.50
27720,139,27,0.43
27721,409,14,0.04
27722,0,56,2.52
27723,0,35,0.56
27724,58,19,2.26
27725,13,112,1.90
27726,146,19,0.28
27727,0,35,0.64
27728,50,28,2.06
27729,362,384,0.40
27730,159,382,1.12
27731,20,33,0.52
27732,58,194,3.92
27733,148,207,0.62
27734,68,79,0.61
27735,0,26,0.38
27736,85,86,0.15
27737,75,15,0.81
27738,25,132,3.57
27739,69,70,0.16
27740,195,197,0.48
27741,360,372,0.37
27742,61,41,2.45
27743,30,59,4.12
27744,58,29,1.53
27745,0,26,1.83
27746,19,86,2.35
27747,14,86,0.94
27748,80,97,0.44
27749,22,20,0.31
27750,59,129,0.43
27751,0,413,0.41
27752,42,29,1.43
27753,15,91,3.65
27754,71,108,0.40
27755,26,28,2.34
27756,44,23,0.65
27757,350,350,0.36
27758,104,117,0.44
27759,0,16,1.27
27760,23,136,3.37
27761,382,18,0.36
27762,19,143,2.77
27763,259,265,0.37
27764,12,186,4.36
27765,133,134,0.22
27766,28,81,6.00
27767,19,55,1.57
27768,225,314,0.76
27769,13,134,2.49
27770,0,18,0.47
27771,177,253,0.38
27772,236,255,0.59
27773,296,344,1.00
27774,0,100,3.99
27775,260,301,0.32
27776,41,95,0.56
27777,26,155,6.31
27778,43,20,0.54
27779,196,96,0.48
27780,56,16,0.34
27781,0,99,4.18
27782,29,22,0.47
27783,0,136,3.06
27784,231,238,0.37
27785,41,178,4.00
27786,60,64,0.27
27787,14,53,2.14
27788,556,566,0.31
27789,0,95,2.59
27790,43,199,6.44
27791,10,32,1.11
27792,0,25,0.84
27793,98,95,0.56
27794,23,93,2.43
27795,25,48,2.25
27796,16,43,0.88
27797,0,30,0.15
27798,0,22,0.53
27799,15,76,2.98
27800,201,221,0.34
27801,105,123,0.29
27802,136,136,0.22
27803,218,405,1.10
27804,27,35,1.32
27805,0,113,3.37
27806,104,151,0.36
27807,26,18,0.73
27808,46,24,0.61
27809,238,246,2.62
27810,0,51,0.91
27811,111,150,0.41
27812,59,194,2.93
27813,34,143,2.27
27814,18,160,4.56
27815,119,119,0.16
27816,24,17,0.91
27817,291,577,1.25
27818,0,52,0.86
27819,197,205,0.69
27820,65,81,0.37
27821,16,35,1.80
27822,314,330,0.26
27823,124,140,0.61
27824,38,20,0.42
27825,0,140,5.06
27826,376,385,0.46
27827,277,0,0.00
27828,0,34,0.82
27829,0,11,0.21
27830,78,30,2.04
27831,51,51,0.09
27832,20,52,1.46
27833,168,1862,6.40
27834,184,189,0.35
27835,123,162,0.40
27836,0,16,0.48
27837,0,22,1.10
27838,186,202,0.36
27839,70,70,0.16
27840,50,61,3.56
27841,20,104,0.63
27842,12,19,0.47
27843,213,255,2.15
27844,668,817,1.39
27845,222,491,1.15
27846,23,114,2.78
27847,129,299,0.37
27848,18,33,1.39
27849,0,0,0.00
27850,0,60,1.56
27851,0,93,2.99
27852,124,140,0.49
27853,0,0,0.00
27854,397,1347,0.78
27855,103,23,0.38
27856,148,151,0.30
27857,260,581,0.89
27858,102,106,0.32
27859,37,81,4.15
27860,423,452,0.90
27861,0,141,3.70
27862,60,60,0.11
27863,21,21,0.51
27864,84,87,0.60
27865,92,92,0.14
27866,0,21,0.54
27867,15,233,2.94
27868,23,20,1.93
27869,33,79,1.74
27870,36,16,1.51
27871,24,17,0.46
27872,147,149,0.17
27873,26,189,6.21
27874,0,144,2.83
27875,20,162,4.46
27876,100,115,0.51
27877,11,153,0.67
27878,18,16,0.63
27879,102,31,0.57
27880,20,402,0.55
27881,32,189,3.31
27882,125,227,0.95
27883,28,14,0.38
27884,15,131,2.09
27885,131,131,0.20
27886,14,141,4.56
27887,20,95,2.00
27888,42,171,2.96
27889,53,39,2.34
27890,25,121,2.06
27891,62,196,3.57
27892,120,123,0.25
27893,87,125,0.46
27894,28,39,1.74
27895,0,84,1.39
27896,165,169,0.31
27897,17,172,3.46
27898,0,197,0.32
27899,28,22,0.41
27900,19,146,3.21
27901,23,198,3.11
27902,125,139,0.41
27903,45,181,3.52
27904,199,202,0.77
27905,160,241,0.25
27906,0,28,0.65
27907,0,101,2.54
27908,36,72,2.64
27909,38,58,1.77
27910,0,29,0.49
27911,43,187,4.40
27912,43,19,1.17
27913,0,146,4.21
27914,169,19,0.51
27915,44,21,0.46
27916,30,190,6.18
27917,53,23,0.40
27918,22,138,7.46
27919,17,76,1.61
27920,159,172,0.34
27921,14,0,0.00
27922,0,14,0.26
27923,88,16,0.40
27924,38,0,0.00
27925,55,12,0.15
27926,86,163,3.25
27927,14,122,5.52
27928,30,136,3.65
27929,123,134,0.38
27930,218,220,0.24
27931,23,11,0.91
27932,30,98,0.24
27933,18,127,2.24
27934,107,108,0.23
27935,21,142,2.79
27936,45,18,0.92
27937,230,242,0.30
27938,0,69,3.13
27939,150,179,0.59
27940,0,140,2.19
27941,173,299,0.47
27942,26,34,2.34
27943,0,31,1.36
27944,0,127,2.38
27945,246,258,0.42
27946,27,138,2.26
27947,16,145,1.89
27948,0,135,5.40
27949,0,146,2.26
27950,52,29,0.53
27951,23,23,0.66
27952,17,134,2.84
27953,61,20,0.41
27954,0,22,0.55
27955,21,147,5.61
27956,0,40,3.94
27957,0,167,0.24
27958,89,93,0.55
27959,108,15,0.31
27960,36,17,0.49
27961,0,130,3.44
27962,122,122,0.12
27963,0,120,2.35
27964,124,18,0.49
27965,199,199,0.78
27966,38,86,2.82
27967,187,222,0.38
27968,18,47,1.32
27969,17,135,1.46
27970,152,155,0.24
27971,121,19,0.38
27972,13,299,1.00
27973,0,150,3.93
27974,125,22,0.45
27975,187,202,0.36
27976,336,359,0.24
27977,40,144,2.49
27978,50,63,0.60
27979,28,0,0.00
27980,0,29,2.55
27981,76,96,0.27
27982,15,156,2.03
27983,22,177,5.12
27984,0,149,3.64
27985,0,204,4.35
27986,324,22,0.45
27987,348,369,0.48
27988,186,219,0.31
27989,0,128,5.20
27990,19,63,2.98
27991,61,17,0.36
27992,0,145,3.21
27993,153,167,1.08
27994,50,55,0.18
27995,32,18,0.49
27996,744,751,0.32
27997,0,151,2.94
27998,119,135,0.41
27999,76,23,0.28
28000,43,38,1.84
28001,17,104,0.72
28002,0,35,2.41
28003,0,35,1.08
28004,0,79,5.64
28005,155,180,0.56
28006,0,27,0.85
28007,0,66,0.65
28008,103,19,1.47
28009,166,226,0.33
28010,17,27,0.95
28011,267,283,0.80
28012,19,137,4.76
28013,177,177,0.57
28014,0,26,1.25
28015,0,17,0.29
28016,31,18,0.51
28017,59,15,0.31
28018,57,57,0.10
28019,33,107,2.89
28020,140,14,0.21
28021,0,77,1.33
28022,48,47,0.57
28023,113,54,0.10
28024,22,27,1.62
28025,75,85,0.54
28026,1040,1059,0.42
28027,22,16,0.49
28028,20,116,6.97
28029,38,19,0.36
28030,0,91,2.41
28031,15,28,0.93
28032,189,194,0.55
28033,70,46,2.35
28034,198,409,0.81
28035,65,21,1.65
28036,11,56,1.31
28037,380,883,3.32
28038,253,253,0.83
28039,22,170,4.79
28040,218,256,1.22
28041,443,511,1.14
28042,17,82,3.16
28043,177,188,0.53
28044,158,158,0.30
28045,139,158,0.41
28046,169,169,0.49
28047,48,32,1.08
28048,0,60,4.33
28049,0,31,0.53
28050,20,20,0.38
28051,165,192,0.21
28052,278,315,0.40
28053,0,85,3.89
28054,0,0,0.00
28055,18,92,3.25
28056,353,405,1.20
28057,47,69,0.16
28058,79,18,1.08
28059,13,100,3.97
28060,161,356,0.57
28061,0,164,3.98
28062,30,24,0.76
28063,30,88,1.83
28064,107,137,0.27
28065,132,0,0.00
28066,17,168,3.30
28067,164,191,0.90
28068,0,42,1.90
28069,98,99,0.15
28070,165,10,0.20
28071,33,109,2.80
28072,37,89,2.91
28073,0,17,0.33
28074,14,108,6.75
28075,0,141,3.70
28076,28,94,2.63
28077,45,123,0.96
28078,0,0,0.00
28079,0,22,0.94
28080,25,20,0.53
28081,0,43,1.55
28082,103,111,0.17
28083,182,209,0.28
28084,14,19,0.57
28085,348,380,0.43
28086,165,337,2.41
28087,100,108,0.28
28088,267,273,0.65
28089,18,103,1.79
28090,196,200,0.56
28091,61,75,0.37
28092,16,11,0.44
28093,127,135,0.83
28094,38,77,5.34
28095,14,14,0.54
28096,124,118,0.42
28097,0,22,1.14
28098,124,144,0.24
28099,268,1359,6.54
28100,27,100,2.61
28101,0,0,0.00
28102,0,46,1.98
28103,48,173,3.99
28104,17,55,2.88
28105,0,37,2.18
28106,25,40,1.93
28107,0,17,0.41
28108,123,123,0.21
28109,42,58,0.16
28110,0,139,3.74
28111,43,40,0.60
28112,246,565,1.05
28113,42,42,0.09
28114,609,804,1.15
28115,34,14,0.38
28116,45,20,0.55
28117,129,129,0.18
28118,18,30,0.71
28119,44,92,0.88
28120,18,45,0.85
28121,0,186,4.79
28122,17,144,5.72
28123,296,325,0.37
28124,35,185,6.57
28125,241,251,0.40
28126,0,86,5.02
28127,26,90,0.47
28128,0,11,0.17
28129,58,175,2.62
28130,17,168,6.53
28131,305,324,0.36
28132,30,74,4.20
28133,335,343,0.34
28134,286,304,0.28
28135,18,130,4.27
28136,177,192,0.39
28137,44,77,0.28
28138,32,22,1.52
28139,0,83,3.26
28140,18,0,0.00
28141,405,439,0.41
28142,151,166,0.23
28143,44,166,3.85
28144,90,25,2.46
28145,94,88,0.20
28146,16,16,0.82
28147,25,0,0.00
28148,0,0,0.00
28149,21,122,3.50
28150,0,80,6.50
28151,107,107,0.12
28152,270,434,1.04
28153,183,209,0.31
28154,0,101,0.25
28155,0,85,2.82
28156,11,48,2.83
28157,33,36,1.07
28158,22,47,1.90
28159,179,207,0.28
28160,156,316,0.37
28161,0,143,4.20
28162,30,162,4.23
28163,182,303,0.32
28164,0,24,0.43
28165,46,24,0.50
28166,0,134,5.87
28167,57,57,0.21
28168,0,19,0.03
28169,179,189,0.72
28170,0,140,4.81
28171,130,130,0.22
28172,0,200,3.15
28173,354,368,1.00
28174,25,106,2.18
28175,91,91,0.68
28176,65,22,0.15
28177,0,119,0.68
28178,165,181,0.29
28179,0,36,1.48
28180,135,148,0.51
28181,0,48,0.15
28182,26,252,2.25
28183,14,28,1.69
28184,0,136,2.07
28185,0,39,1.15
28186,13,68,2.06
28187,183,203,0.43
28188,11,23,1.28
28189,84,18,1.55
28190,0,154,2.45
28191,127,138,1.13
28192,0,132,4.30
28193,184,551,1.12
28194,18,57,3.89
28195,0,0,0.00
28196,44,188,2.63
28197,0,114,2.37
28198,346,372,0.40
28199,277,293,0.45
28200,148,151,0.75
28201,14,115,4.10
28202,21,134,4.81
28203,190,197,0.78
28204,373,729,0.43
28205,0,22,1.63
28206,107,131,0.61
28207,0,162,3.65
28208,0,258,4.06
28209,0,133,2.80
28210,97,114,0.25
28211,0,27,1.69
28212,20,40,1.76
28213,0,53,0.52
28214,0,21,0.37
28215,17,151,3.79
28216,64,12,0.45
28217,223,798,0.69
28218,18,175,1.77
28219,18,67,4.18
28220,0,107,3.90
28221,18,56,3.85
28222,193,195,0.25
28223,0,24,1.13
28224,104,105,0.23
28225,61,28,1.42
28226,377,395,0.30
28227,0,69,0.94
28228,169,170,0.59
28229,14,71,2.20
28230,220,233,0.43
28231,19,41,1.20
28232,139,164,0.29
28233,30,11,0.11
28234,178,195,0.41
28235,82,193,0.97
28236,0,47,0.99
28237,151,172,0.33
28238,133,420,1.07
28239,49,50,0.11
28240,541,565,0.99
28241,150,150,0.18
28242,71,13,0.39
28243,18,126,2.41
28244,24,20,0.64
28245,43,24,0.56
28246,42,29,0.26
28247,15,25,0.35
28248,61,28,0.64
28249,0,0,0.00
28250,220,239,0.37
28251,0,52,1.79
28252,21,178,4.93
28253,235,258,0.40
28254,117,154,0.33
28255,21,91,4.57
28256,0,17,0.35
28257,35,80,4.18
28258,14,38,2.46
28259,47,54,0.40
28260,20,31,0.63
28261,15,32,1.09
28262,0,102,4.61
28263,305,370,0.35
28264,0,101,5.03
28265,117,117,0.18
28266,48,49,0.12
28267,77,81,0.31
28268,46,177,4.88
28269,0,20,0.22
28270,102,129,0.34
28271,128,33,0.05
28272,88,98,0.30
28273,66,75,0.66
28274,22,20,0.22
28275,164,162,0.91
28276,88,112,0.42
28277,23,145,2.89
28278,317,323,0.33
28279,0,99,3.35
28280,350,1044,2.22
28281,35,83,2.64
28282,254,633,1.12
28283,124,145,0.46
28284,227,237,0.47
28285,0,80,2.27
28286,293,331,0.28
28287,24,25,0.46
28288,109,109,0.21
28289,16,77,3.91
28290,0,20,0.28
28291,0,182,3.72
28292,18,60,1.01
28293,230,243,0.50
28294,26,119,2.81
28295,132,155,0.42
28296,61,27,0.47
28297,0,24,0.90
28298,0,78,2.20
28299,166,168,0.47
28300,15,66,1.81
28301,0,125,3.97
28302,139,140,0.39
28303,73,27,0.36
28304,124,131,0.25
28305,0,136,5.28
28306,0,128,1.71
28307,51,17,0.37
28308,24,80,1.66
28309,29,36,0.48
28310,17,46,1.85
28311,54,17,0.52
28312,0,31,0.23
28313,0,141,2.96
28314,149,433,0.80
28315,648,704,1.10
28316,24,173,3.79
28317,0,61,3.06
28318,19,33,2.46
28319,28,90,3.23
28320,71,20,0.28
28321,0,29,0.48
28322,0,16,1.34
28323,0,77,1.72
28324,27,43,0.69
28325,225,381,0.52
28326,207,474,2.06
28327,0,55,2.49
28328,83,13,0.37
28329,0,167,5.12
28330,162,177,0.45
28331,68,216,1.05
28332,215,230,0.40
28333,21,108,3.82
28334,243,255,0.29
28335,61,61,0.11
28336,0,154,1.88
28337,275,346,0.50
28338,19,36,1.55
28339,17,39,1.15
28340,284,292,0.25
28341,147,150,0.20
28342,229,242,0.30
28343,0,19,0.42
28344,28,174,4.39
28345,15,152,3.52
28346,17,45,1.70
28347,229,478,0.93
28348,327,363,1.00
28349,46,19,0.42
28350,15,20,2.48
28351,19,74,2.25
28352,16,123,0.71
28353,18,22,1.07
28354,36,108,5.80
28355,53,25,0.54
28356,52,34,0.50
28357,94,240,1.02
28358,125,136,0.42
28359,21,89,3.10
28360,38,20,0.35
28361,45,54,1.08
28362,36,188,3.05
28363,26,190,3.81
28364,221,446,0.78
28365,0,137,5.77
28366,0,42,1.58
28367,0,22,1.15
28368,430,480,0.50
28369,18,140,4.26
28370,240,23,0.52
28371,107,112,0.26
28372,0,58,0.67
28373,59,205,0.60
28374,16,172,2.87
28375,29,102,4.78
28376,18,69,1.88
28377,118,209,0.48
28378,308,328,0.38
28379,286,310,0.36
28380,128,224,2.95
28381,23,73,1.27
28382,12,35,3.13
28383,18,115,3.80
28384,121,140,0.19
28385,275,294,0.28
28386,19,204,2.69
28387,25,32,1.78
28388,44,114,2.21
28389,20,20,1.48
28390,29,103,2.53
28391,0,20,0.88
28392,174,290,0.59
28393,107,116,0.34
28394,112,134,0.63
28395,158,180,0.54
28396,0,138,3.78
28397,0,43,1.60
28398,37,43,1.83
28399,15,143,4.10
28400,122,123,0.26
28401,111,129,1.32
28402,15,102,3.12
28403,165,207,0.53
28404,82,83,0.44
28405,0,57,1.07
28406,23,32,0.66
28407,32,121,1.90
28408,48,180,3.21
28409,71,321,1.97
28410,129,31,0.94
28411,0,140,2.36
28412,271,285,0.26
28413,225,425,0.76
28414,120,17,1.63
28415,363,372,0.30
28416,0,50,3.26
28417,284,655,0.99
28418,18,178,3.15
28419,0,195,4.07
28420,0,117,3.34
28421,17,24,0.30
28422,30,143,4.57
28423,327,334,0.34
28424,106,133,0.48
28425,217,230,0.42
28426,0,115,2.59
28427,16,64,2.72
28428,0,155,3.00
28429,58,51,1.64
28430,42,231,0.60
28431,0,173,3.00
28432,0,147,5.63
28433,0,15,0.36
28434,19,218,5.35
28435,167,209,0.31
28436,18,47,2.09
28437,329,372,1.13
28438,756,1080,1.30
28439,180,182,0.68
28440,0,61,3.20
28441,0,248,0.68
28442,17,21,0.36
28443,0,68,0.25
28444,16,191,3.68
28445,72,73,0.17
28446,0,66,2.69
28447,0,83,0.56
28448,40,0,0.00
28449,20,125,2.63
28450,462,637,1.13
28451,387,508,0.68
28452,191,207,0.50
28453,432,458,0.53
28454,396,430,0.43
28455,37,23,0.48
28456,15,190,7.49
28457,103,128,0.42
28458,0,40,0.94
28459,343,385,1.15
28460,23,180,2.52
28461,79,85,0.44
28462,0,0,0.00
28463,21,92,3.54
28464,132,133,0.18
28465,105,223,0.47
28466,0,16,0.31
28467,188,494,0.55
28468,49,146,2.72
28469,86,378,1.96
28470,19,37,1.54
28471,16,87,3.08
28472,25,12,0.37
28473,41,35,1.67
28474,266,282,0.36
28475,87,88,0.32
28476,12,96,1.87
28477,109,128,0.65
28478,13,123,1.69
28479,36,30,0.71
28480,91,20,0.42
28481,87,20,0.35
28482,72,86,0.36
28483,492,1071,1.23
28484,0,71,5.22
28485,0,22,1.58
28486,40,164,1.40
28487,199,17,0.35
28488,32,105,3.97
28489,89,16,0.55
28490,0,72,1.72
28491,0,35,0.08
28492,39,145,2.11
28493,15,20,0.58
28494,24,132,1.33
28495,193,244,0.42
28496,30,30,1.42
28497,0,109,3.74
28498,155,171,0.29
28499,0,159,2.69
28500,12,29,0.34
28501,518,19,1.45
28502,0,21,0.37
28503,13,127,3.48
28504,13,105,1.00
28505,0,93,2.30
28506,66,26,0.99
28507,178,452,1.04
28508,13,34,1.54
28509,222,402,0.99
28510,51,13,0.41
28511,18,17,0.45
28512,18,24,0.61
28513,0,151,2.78
28514,153,181,0.40
28515,0,154,6.61
28516,67,75,0.17
28517,22,112,4.63
28518,0,17,0.44
28519,57,57,0.11
28520,126,157,0.72
28521,121,152,0.41
28522,19,83,2.55
28523,20,41,1.51
28524,78,177,1.03
28525,0,131,4.26
28526,36,144,4.14
28527,189,207,0.45
28528,30,55,2.33
28529,0,110,0.87
28530,0,143,4.23
28531,167,167,0.22
28532,15,24,1.60
28533,115,115,0.25
28534,167,167,0.31
28535,0,40,0.94
28536,79,21,0.45
28537,0,145,1.94
28538,0,135,0.17
28539,125,128,0.21
28540,38,171,7.32
28541,219,596,1.08
28542,109,113,0.20
28543,0,43,7.16
28544,36,187,4.26
28545,101,17,0.29
28546,49,299,1.73
28547,84,124,0.55
28548,52,181,4.66
28549,0,135,3.56
28550,166,453,0.64
28551,62,84,0.43
28552,0,22,0.33
28553,17,48,1.72
28554,529,544,1.04
28555,13,119,2.80
28556,0,129,3.20
28557,132,141,0.93
28558,179,435,1.07
28559,0,0,0.00
28560,593,597,1.08
28561,0,131,3.50
28562,0,147,2.14
28563,77,27,0.28
28564,59,49,2.62
28565,86,15,0.36
28566,209,236,0.22
28567,16,47,3.08
28568,0,268,0.34
28569,13,0,0.00
28570,15,44,2.00
28571,16,149,2.94
28572,603,1413,2.15
28573,50,159,3.41
28574,18,115,5.37
28575,183,190,0.43
28576,20,20,2.21
28577,0,47,1.56
28578,0,137,2.77
28579,64,72,1.18
28580,140,140,0.21
28581,190,202,0.56
28582,19,102,10.04
28583,38,28,0.68
28584,0,71,1.30
28585,25,105,5.41
28586,36,166,2.79
28587,15,46,2.12
28588,0,81,3.76
28589,0,128,3.12
28590,141,141,0.35
28591,19,32,0.78
28592,0,86,4.33
28593,181,181,0.69
28594,24,58,0.26
28595,73,275,0.37
28596,36,60,4.42
28597,16,107,1.56
28598,0,189,4.24
28599,351,388,0.48
28600,0,38,0.22
28601,19,21,0.54
28602,34,52,1.39
28603,34,57,2.88
28604,14,32,1.63
28605,37,333,0.62
28606,20,32,0.91
28607,85,87,0.44
28608,39,191,5.89
28609,30,156,3.13
28610,31,24,0.59
28611,50,177,5.77
28612,167,204,0.15
28613,98,29,0.44
28614,14,47,1.38
28615,57,160,2.26
28616,19,38,1.39
28617,23,70,3.64
28618,0,57,2.55
28619,14,31,0.18
28620,20,20,0.70
28621,0,28,1.82
28622,147,151,0.56
28623,164,175,0.28
28624,30,236,1.80
28625,0,144,4.82
28626,0,297,0.92
28627,26,16,0.67
28628,97,98,0.16
28629,0,78,0.65
28630,110,15,0.28
28631,213,469,1.89
28632,16,33,1.38
28633,0,31,1.44
28634,0,0,0.00
28635,142,146,0.18
28636,24,36,0.99
28637,15,104,4.04
28638,156,157,0.52
28639,56,43,1.77
28640,18,39,4.00
28641,42,34,0.50
28642,119,131,0.29
28643,351,351,0.95
28644,535,613,1.27
28645,191,228,0.24
28646,43,20,0.36
28647,22,140,1.80
28648,0,100,3.88
28649,0,82,5.80
28650,66,22,0.39
28651,95,248,0.55
28652,375,426,0.97
28653,0,40,2.26
28654,30,117,0.43
28655,45,189,3.53
28656,0,72,2.65
28657,106,14,1.00
28658,0,20,1.48
28659,87,87,0.16
28660,24,42,1.00
28661,145,147,0.21
28662,150,154,0.36
28663,73,81,0.32
28664,0,28,1.03
28665,264,307,0.30
28666,19,49,2.26
28667,227,330,0.46
28668,200,203,0.25
28669,42,20,1.18
28670,33,138,2.89
28671,87,93,0.13
28672,0,69,2.02
28673,512,738,0.32
28674,14,201,2.00
28675,17,31,0.94
28676,160,167,0.57
28677,0,22,0.98
28678,36,140,4.07
28679,187,193,0.41
28680,95,116,0.97
28681,47,17,0.96
28682,35,41,0.90
28683,0,111,3.21
28684,97,96,0.36
28685,302,329,0.28
28686,0,125,5.15
28687,19,82,2.53
28688,0,35,1.78
28689,16,28,0.76
28690,47,29,1.13
28691,0,45,1.96
28692,63,21,1.75
28693,0,120,2.33
28694,79,84,0.25
28695,27,180,4.33
28696,14,15,0.28
28697,0,189,4.67
28698,194,267,0.66
28699,0,42,1.69
28700,259,613,0.76
28701,14,120,2.75
28702,34,162,2.66
28703,178,235,0.47
28704,13,78,1.90
28705,0,196,0.96
28706,217,14,0.42
28707,19,25,1.67
28708,0,19,0.46
28709,59,12,0.20
28710,19,26,0.53
28711,0,35,2.79
28712,323,441,0.79
28713,0,193,3.50
28714,54,22,0.45
28715,17,37,0.85
28716,51,33,1.06
28717,104,109,0.20
28718,77,34,1.79
28719,186,205,0.48
28720,0,56,1.74
28721,15,48,2.27
28722,95,108,0.32
28723,52,89,3.24
28724,0,182,2.73
28725,20,19,0.39
28726,459,488,1.27
28727,101,102,0.36
28728,0,31,1.99
28729,97,48,2.94
28730,35,63,2.20
28731,126,267,0.42
28732,21,53,2.30
28733,273,15,0.10
28734,164,187,0.38
28735,163,586,1.14
28736,22,40,1.44
28737,0,97,3.83
28738,68,215,2.70
28739,0,11,1.81
28740,0,18,0.41
28741,0,36,1.92
28742,0,61,0.25
28743,219,262,0.38
28744,16,40,1.31
28745,37,38,0.11
28746,0,102,3.16
28747,39,77,0.32
28748,247,278,0.31
28749,138,151,0.44
28750,56,179,3.24
28751,24,423,0.36
28752,152,260,0.31
28753,32,205,3.46
28754,100,102,0.24
28755,24,79,3.71
28756,165,174,0.40
28757,31,155,2.82
28758,0,46,2.94
28759,0,0,0.00
28760,0,38,3.15
28761,284,385,0.50
28762,24,84,2.41
28763,0,0,0.00
28764,15,51,2.00
28765,135,234,0.96
28766,0,132,2.81
28767,0,25,1.28
28768,61,19,1.22
28769,283,297,0.27
28770,0,83,3.88
28771,0,44,2.58
28772,50,50,0.21
28773,27,113,1.23
28774,18,130,2.69
28775,0,181,4.49
28776,136,181,0.64
28777,665,709,1.14
28778,226,230,0.69
28779,19,121,3.40
28780,170,178,1.75
28781,26,45,1.58
28782,45,45,0.16
28783,204,225,0.45
28784,70,70,0.24
28785,19,106,1.05
28786,0,926,1.19
28787,78,78,0.12
28788,22,127,2.62
28789,193,214,0.26
28790,151,165,0.51
28791,42,135,2.63
28792,49,39,1.93
28793,0,118,2.48
28794,19,156,3.11
28795,98,98,0.15
28796,118,118,0.55
28797,15,15,0.45
28798,59,59,0.13
28799,31,35,1.23
28800,0,36,0.86
28801,44,163,0.36
28802,0,17,2.51
28803,48,17,0.64
28804,0,37,1.74
28805,192,198,0.43
28806,0,29,0.42
28807,0,106,0.85
28808,135,136,0.25
28809,16,141,2.98
28810,0,110,1.57
28811,21,32,0.38
28812,117,136,0.22
28813,0,39,1.00
28814,17,19,0.47
28815,97,101,0.36
28816,33,349,0.35
28817,35,17,0.72
28818,56,11,0.20
28819,309,321,0.32
28820,25,91,4.90
28821,348,371,0.24
28822,0,85,5.56
28823,65,155,2.06
28824,66,18,0.52
28825,386,420,0.61
28826,0,24,2.78
28827,220,496,1.24
28828,70,83,0.19
28829,14,0,0.00
28830,36,40,0.94
28831,19,97,2.98
28832,122,174,0.45
28833,305,348,0.51
28834,0,127,5.08
28835,398,437,0.38
28836,41,100,2.45
28837,37,256,2.22
28838,691,693,0.35
28839,27,43,1.00
28840,183,191,0.25
28841,93,112,0.45
28842,0,93,4.15
28843,154,164,0.28
28844,38,98,1.49
28845,23,56,1.84
28846,0,20,0.37
28847,20,79,3.86
28848,475,485,1.03
28849,28,70,0.98
28850,71,83,0.41
28851,37,23,0.41
28852,231,380,0.48
28853,0,22,0.49
28854,52,185,4.57
28855,74,76,0.23
28856,140,140,0.24
28857,20,50,0.97
28858,71,109,0.51
28859,62,18,0.31
28860,36,162,2.33
28861,291,652,1.23
28862,85,37,2.48
28863,17,74,4.77
28864,33,29,2.91
28865,37,144,2.76
28866,175,179,0.44
28867,0,24,1.47
28868,19,119,4.50
28869,85,15,0.46
28870,158,164,0.19
28871,491,591,1.08
28872,22,22,1.62
28873,43,204,7.98
28874,362,370,0.27
28875,18,20,0.86
28876,0,157,3.93
28877,226,232,0.40
28878,229,252,0.55
28879,20,153,3.98
28880,90,92,0.13
28881,15,53,3.87
28882,114,131,0.96
28883,526,544,0.36
28884,16,402,1.99
28885,18,72,0.45
28886,72,83,0.78
28887,17,24,1.82
28888,0,41,0.87
28889,286,296,0.34
28890,132,150,1.65
28891,19,21,0.81
28892,32,139,2.90
28893,20,182,5.81
28894,21,83,2.13
28895,159,176,0.62
28896,37,18,1.21
28897,0,42,2.99
28898,38,140,2.00
28899,206,210,0.44
28900,55,15,0.42
28901,0,123,4.23
28902,166,183,0.59
28903,67,45,2.44
28904,82,113,0.39
28905,58,64,0.21
28906,289,299,0.95
28907,0,126,2.93
28908,16,154,2.45
28909,119,135,0.47
28910,15,13,1.39
28911,61,207,1.99
28912,35,15,0.18
28913,0,17,0.36
28914,244,250,0.34
28915,0,21,0.50
28916,0,112,3.80
28917,23,28,0.51
28918,31,19,0.78
28919,253,395,0.70
28920,0,71,2.32
28921,14,146,2.93
28922,83,21,0.38
28923,130,130,0.38
28924,0,98,0.27
28925,17,11,0.12
28926,461,1157,2.11
28927,14,167,6.70
28928,37,29,0.98
28929,0,47,2.26
28930,440,478,0.38
28931,24,16,0.52
28932,0,200,0.61
28933,27,135,4.50
28934,0,35,1.82
28935,17,84,2.84
28936,48,49,0.14
28937,0,40,1.43
28938,231,249,0.49
28939,29,150,3.97
28940,79,19,1.80
28941,20,112,3.83
28942,0,36,0.47
28943,0,20,0.34
28944,40,181,2.92
28945,52,19,0.69
28946,257,333,0.43
28947,172,179,0.56
28948,16,90,4.74
28949,47,206,5.59
28950,52,24,0.57
28951,15,91,4.98
28952,340,1298,1.22
28953,120,124,0.60
28954,18,146,4.12
28955,14,176,5.09
28956,0,137,3.30
28957,207,364,0.30
28958,31,55,5.16
28959,126,53,3.95
28960,0,22,1.05
28961,20,161,3.34
28962,0,34,3.18
28963,89,111,0.56
28964,361,362,0.39
28965,203,391,0.32
28966,0,97,0.42
28967,16,31,0.98
28968,62,62,0.15
28969,0,182,3.37
28970,0,84,2.52
28971,26,20,1.11
28972,88,89,0.16
28973,121,127,0.22
28974,230,423,1.07
28975,20,149,2.57
28976,220,309,0.56
28977,200,351,0.37
28978,48,48,0.13
28979,59,172,2.95
28980,0,70,1.33
28981,185,0,0.00
28982,94,102,0.16
28983,21,39,1.50
28984,254,293,0.51
28985,213,226,0.55
28986,34,91,3.99
28987,0,97,2.80
28988,0,27,1.39
28989,0,1773,1.56
28990,77,94,0.39
28991,203,234,0.63
28992,0,151,3.24
28993,16,21,1.15
28994,17,104,2.18
28995,21,22,0.31
28996,211,228,1.07
28997,112,25,1.62
28998,160,166,0.31
28999,0,155,2.73
29000,176,189,0.36
29001,142,143,0.22
29002,341,375,0.44
29003,182,184,0.38
29004,0,22,0.66
29005,0,119,2.92
29006,12,18,0.40
29007,35,18,0.46
29008,104,104,0.21
29009,0,55,1.97
29010,47,50,1.32
29011,22,74,2.83
29012,22,0,0.00
29013,35,22,0.53
29014,17,132,3.43
29015,178,182,0.26
29016,19,123,3.05
29017,141,175,1.26
29018,127,252,0.38
29019,0,133,2.77
29020,257,254,0.95
29021,112,19,0.52
29022,145,157,0.38
29023,40,123,3.62
29024,66,23,0.76
29025,108,18,0.50
29026,0,55,1.66
29027,72,73,0.29
29028,62,90,0.30
29029,211,214,0.64
29030,225,541,0.90
29031,43,114,3.08
29032,53,211,2.88
29033,0,26,0.57
29034,0,162,1.48
29035,15,146,1.98
29036,0,21,1.31
29037,206,331,0.61
29038,68,69,0.14
29039,48,18,0.32
29040,141,149,0.33
29041,0,142,1.66
29042,97,97,0.14
29043,20,49,1.67
29044,16,21,0.38
29045,159,159,0.52
29046,218,228,0.55
29047,20,148,3.30
29048,252,1453,2.19
29049,0,28,1.08
29050,12,43,2.16
29051,15,107,2.60
29052,34,66,1.89
29053,0,145,8.80
29054,679,723,1.27
29055,217,18,0.49
29056,0,166,4.76
29057,16,129,2.82
29058,82,17,0.46
29059,17,51,2.12
29060,0,52,2.46
29061,16,145,3.80
29062,23,17,1.42
29063,274,356,0.33
29064,18,20,1.51
29065,106,110,0.18
29066,48,194,2.87
29067,25,71,3.58
29068,41,20,0.57
29069,18,115,3.63
29070,279,301,0.37
29071,132,134,0.32
29072,14,31,1.99
29073,14,28,1.73
29074,65,31,1.01
29075,73,182,2.01
29076,423,573,0.33
29077,281,293,0.35
29078,22,20,0.42
29079,0,16,1.21
29080,67,35,3.11
29081,287,302,0.42
29082,0,0,0.00
29083,0,71,2.75
29084,72,23,0.48
29085,274,483,1.96
29086,84,89,0.34
29087,13,108,2.94
29088,28,160,2.86
29089,176,383,1.55
29090,87,104,1.71
29091,36,59,1.56
29092,407,424,0.45
29093,175,377,0.53
29094,12,159,1.98
29095,0,111,3.22
29096,204,204,0.43
29097,0,100,1.57
29098,47,21,0.67
29099,64,51,2.45
29100,104,110,0.33
29101,23,93,4.36
29102,203,245,0.32
29103,0,34,1.34
29104,11,142,3.35
29105,35,135,5.83
29106,31,17,0.12
29107,31,179,4.74
29108,0,16,0.20
29109,16,114,7.05
29110,63,20,0.65
29111,0,154,3.66
29112,273,320,0.41
29113,147,27,0.32
29114,26,71,1.03
29115,0,20,0.61
29116,135,13,0.26
29117,45,153,3.02
29118,27,139,1.99
29119,21,99,4.96
29120,271,309,0.28
29121,80,82,0.17
29122,15,20,0.35
29123,0,144,3.40
29124,35,39,1.02
29125,159,172,0.55
29126,27,29,1.44
29127,0,103,2.92
29128,116,182,0.30
29129,303,19,0.32
29130,12,271,2.79
29131,19,47,1.77
29132,47,45,2.27
29133,15,127,4.54
29134,156,159,0.27
29135,0,31,0.78
29136,0,160,4.26
29137,213,237,0.40
29138,0,69,4.50
29139,0,23,1.55
29140,107,107,0.17
29141,172,18,0.44
29142,425,448,1.11
29143,273,271,0.95
29144,0,114,2.45
29145,104,109,0.19
29146,199,205,0.29
29147,19,108,4.52
29148,335,16,0.20
29149,86,180,2.39
29150,29,149,3.63
29151,16,16,0.35
29152,22,15,0.41
29153,19,80,0.25
29154,0,0,0.00
29155,115,120,0.24
29156,26,24,0.47
29157,117,118,0.21
29158,0,114,3.64
29159,82,84,0.11
29160,40,41,1.74
29161,54,22,1.21
29162,68,25,1.21
29163,294,304,0.27
29164,17,119,5.10
29165,422,442,1.04
29166,665,1084,0.41
29167,0,34,1.03
29168,11,129,0.77
29169,0,0,0.00
29170,0,125,2.05
29171,41,189,3.27
29172,37,45,2.32
29173,163,174,1.75
29174,172,172,0.59
29175,42,171,3.68
29176,80,80,0.13
29177,16,128,2.25
29178,25,40,1.47
29179,32,190,4.09
29180,30,30,0.20
29181,0,88,5.90
29182,278,316,1.67
29183,48,195,5.25
29184,48,124,0.82
29185,97,105,0.68
29186,506,257,0.44
29187,39,16,0.50
29188,280,198,0.34
29189,18,175,0.53
29190,395,420,1.50
29191,0,98,5.08
29192,331,362,0.33
29193,15,20,0.30
29194,43,24,0.54
29195,251,264,0.58
29196,67,20,0.48
29197,55,25,0.53
29198,0,118,2.78
29199,51,19,0.51
29200,211,633,1.02
29201,120,133,0.65
29202,342,379,0.33
29203,69,83,0.36
29204,25,86,2.25
29205,147,176,0.42
29206,0,19,0.53
29207,285,310,0.36
29208,22,142,3.00
29209,56,58,0.12
29210,113,116,0.20
29211,14,31,0.54
29212,242,259,0.24
29213,39,14,0.47
29214,46,52,0.26
29215,12,70,1.97
29216,38,20,0.41
29217,0,150,2.63
29218,117,117,0.43
29219,261,266,0.97
29220,254,19,0.38
29221,0,54,2.19
29222,0,89,4.20
29223,0,40,1.65
29224,161,167,0.41
29225,62,87,0.31
29226,247,261,0.29
29227,22,51,3.28
29228,0,55,2.97
29229,0,19,1.60
29230,133,137,0.21
29231,17,176,4.28
29232,0,33,0.29
29233,10,141,0.56
29234,0,118,3.00
29235,14,155,5.19
29236,386,560,1.77
29237,0,70,1.06
29238,21,24,1.53
29239,103,136,0.29
29240,38,195,4.34
29241,22,91,4.36
29242,206,429,1.10
29243,63,189,3.02
29244,57,98,0.13
29245,66,26,1.92
29246,0,142,3.18
29247,61,72,3.43
29248,59,21,1.00
29249,0,138,4.03
29250,73,82,0.23
29251,17,102,4.27
29252,0,79,1.99
29253,112,126,0.41
29254,15,132,5.95
29255,0,152,4.87
29256,55,139,6.94
29257,331,343,0.27
29258,53,28,0.53
29259,0,126,4.49
29260,304,321,0.75
29261,14,21,0.88
29262,212,431,1.76
29263,33,11,0.19
29264,991,1639,1.89
29265,18,140,4.14
29266,52,82,2.61
29267,16,20,1.02
29268,67,85,0.24
29269,475,478,0.39
29270,54,195,3.34
29271,19,156,2.44
29272,22,203,2.98
29273,173,173,0.65
29274,0,0,0.00
29275,123,234,0.97
29276,28,95,2.16
29277,0,80,2.90
29278,129,314,1.06
29279,162,243,0.28
29280,0,80,2.02
29281,120,125,0.25
29282,115,208,2.38
29283,0,0,0.00
29284,0,151,3.45
29285,256,293,0.45
29286,49,179,3.06
29287,158,160,0.38
29288,18,54,2.40
29289,40,58,2.40
29290,21,46,1.31
29291,177,454,1.10
29292,196,27,0.57
29293,0,45,0.95
29294,84,95,1.37
29295,24,35,2.09
29296,23,21,0.43
29297,29,175,6.19
29298,0,131,0.63
29299,12,133,3.29
29300,304,331,0.68
29301,105,20,0.36
29302,242,1075,0.60
29303,73,76,0.11
29304,0,78,1.72
29305,63,23,0.96
29306,102,102,0.20
29307,0,185,3.17
29308,243,613,1.34
29309,0,148,2.46
29310,0,137,3.24
29311,40,179,5.27
29312,0,73,2.87
29313,17,44,2.14
29314,87,87,0.21
29315,0,145,4.09
29316,0,133,3.74
29317,372,389,0.32
29318,92,96,0.21
29319,41,117,2.91
29320,32,28,0.45
29321,111,113,0.33
29322,20,122,3.60
29323,30,148,5.37
29324,214,237,1.02
29325,31,78,2.80
29326,53,189,5.15
29327,35,139,1.42
29328,0,64,1.39
29329,39,28,1.37
29330,21,110,2.48
29331,29,116,2.94
29332,0,16,0.11
29333,111,329,0.59
29334,158,321,1.44
29335,19,161,5.05
29336,22,31,3.22
29337,0,642,2.00
29338,64,23,1.10
29339,100,830,0.55
29340,15,66,4.46
29341,88,89,0.20
29342,26,19,1.39
29343,228,295,1.08
29344,11,34,0.92
29345,12,21,0.84
29346,81,92,0.66
29347,106,195,0.96
29348,17,68,1.84
29349,35,210,9.63
29350,18,48,1.24
29351,60,46,0.61
29352,43,154,2.98
29353,135,135,0.23
29354,0,48,0.88
29355,29,142,1.60
29356,100,103,0.68
29357,0,0,0.00
29358,115,116,0.14
29359,0,34,0.12
29360,116,20,0.29
29361,0,66,0.94
29362,82,84,0.13
29363,0,35,1.38
29364,83,88,0.29
29365,0,23,0.50
29366,459,483,0.46
29367,0,27,0.63
29368,17,41,2.31
29369,27,111,2.57
29370,46,99,2.89
29371,0,32,2.07
29372,206,207,0.40
29373,0,126,8.60
29374,14,60,2.02
29375,17,63,1.31
29376,172,178,0.33
29377,188,452,1.13
29378,0,123,3.57
29379,0,142,2.25
29380,88,103,0.45
29381,15,27,1.77
29382,0,99,2.62
29383,181,201,0.77
29384,111,114,0.15
29385,37,146,5.81
29386,173,174,0.39
29387,37,150,4.66
29388,120,127,0.21
29389,65,67,0.13
29390,98,99,0.16
29391,23,90,2.22
29392,53,197,4.57
29393,21,115,3.61
29394,126,126,0.18
29395,25,48,2.29
29396,88,118,0.32
29397,29,105,2.97
29398,17,44,1.40
29399,46,23,0.83
29400,211,219,0.30
29401,386,389,0.65
29402,0,142,3.01
29403,26,19,2.27
29404,28,168,3.73
29405,0,185,0.49
29406,13,26,1.99
29407,70,189,2.36
29408,29,66,2.72
29409,162,14,0.07
29410,464,462,0.97
29411,31,156,2.78
29412,41,58,2.54
29413,13,24,0.34
29414,81,21,0.41
29415,533,560,2.28
29416,0,77,4.01
29417,0,18,0.46
29418,16,148,5.18
29419,312,89,1.63
29420,22,14,0.29
29421,41,14,0.39
29422,137,70,0.52
29423,0,28,1.41
29424,104,107,0.35
29425,0,16,0.18
29426,61,25,0.70
29427,381,411,0.53
29428,172,309,1.02
29429,0,22,0.38
29430,175,671,1.13
29431,111,124,0.21
29432,142,142,0.21
29433,0,21,0.49
29434,258,472,0.43
29435,193,194,0.45
29436,42,57,1.63
29437,45,165,3.65
29438,48,25,1.11
29439,70,24,1.54
29440,49,41,1.61
29441,0,87,1.86
29442,0,95,0.19
29443,0,71,2.04
29444,43,22,0.45
29445,64,189,3.05
29446,89,20,1.18
29447,0,89,2.65
29448,86,86,0.15
29449,0,110,1.83
29450,70,243,0.52
29451,23,230,0.44
29452,167,173,0.86
29453,76,85,0.76
29454,27,150,2.72
29455,17,86,3.06
29456,0,165,3.53
29457,326,344,0.25
29458,108,111,0.32
29459,44,47,3.21
29460,18,168,3.84
29461,788,974,0.41
29462,121,179,0.39
29463,77,243,0.97
29464,26,15,1.05
29465,21,27,0.68
29466,258,339,0.45
29467,243,606,1.10
29468,219,410,0.54
29469,195,198,0.71
29470,0,61,3.15
29471,0,27,1.46
29472,144,161,0.55
29473,322,363,0.46
29474,30,66,2.40
29475,136,318,2.66
29476,116,141,0.28
29477,168,257,0.28
29478,30,110,0.33
29479,327,233,0.84
29480,22,83,2.25
29481,0,17,0.80
29482,153,314,0.38
29483,34,44,1.79
29484,21,14,0.55
29485,36,65,2.29
29486,0,38,1.52
29487,42,165,1.36
29488,165,310,0.38
29489,0,46,1.72
29490,0,58,2.45
29491,0,19,1.12
29492,24,99,2.54
29493,99,105,0.23
29494,45,22,0.76
29495,0,92,1.96
29496,68,16,0.42
29497,72,182,2.10
29498,66,184,1.52
29499,142,144,0.45
29500,0,83,2.91
29501,13,43,3.63
29502,0,90,3.07
29503,189,207,0.33
29504,52,47,2.34
29505,22,58,3.68
29506,0,115,3.71
29507,0,70,1.94
29508,0,14,0.90
29509,18,24,0.49
29510,108,0,0.00
29511,0,0,0.00
29512,18,150,3.47
29513,200,200,0.72
29514,0,76,2.55
29515,16,21,0.42
29516,0,18,1.13
29517,146,161,0.42
29518,173,224,0.25
29519,0,38,0.47
29520,0,0,0.00
29521,27,0,0.00
29522,55,108,3.08
29523,15,74,2.78
29524,23,29,0.31
29525,44,122,2.32
29526,20,0,0.00
29527,143,198,0.25
29528,0,74,3.40
29529,247,269,0.47
29530,137,252,0.96
29531,475,484,0.45
29532,0,16,0.44
29533,100,485,1.96
29534,507,537,1.02
29535,0,25,1.71
29536,280,304,0.49
29537,113,107,0.52
29538,0,109,2.10
29539,135,150,0.27
29540,0,0,0.00
29541,0,144,2.77
29542,0,27,1.38
29543,208,209,0.37
29544,34,33,0.64
29545,106,107,0.17
29546,0,104,1.95
29547,58,31,0.51
29548,199,40,0.09
29549,70,76,0.36
29550,0,233,3.05
29551,92,103,1.07
29552,16,93,1.98
29553,139,144,0.74
29554,0,100,4.93
29555,0,54,1.63
29556,0,154,2.34
29557,0,140,2.23
29558,14,15,0.95
29559,143,154,0.78
29560,79,189,0.43
29561,0,15,0.42
29562,47,64,0.20
29563,140,157,0.50
29564,0,193,0.43
29565,187,14,0.30
29566,121,144,0.43
29567,26,18,0.54
29568,19,113,4.07
29569,0,32,0.56
29570,20,68,1.61
29571,19,71,1.04
29572,59,133,1.83
29573,271,299,0.24
29574,24,155,1.53
29575,209,12,0.44
29576,38,73,6.63
29577,23,144,3.59
29578,16,167,3.25
29579,28,43,2.00
29580,0,111,0.33
29581,145,260,0.44
29582,0,55,1.76
29583,162,186,1.45
29584,12,132,2.88
29585,243,513,1.15
29586,0,17,0.25
29587,150,344,0.98
29588,38,155,2.46
29589,194,278,0.44
29590,0,26,0.58
29591,13,119,3.36
29592,258,268,0.26
29593,27,27,0.10
29594,190,191,0.65
29595,75,92,0.49
29596,19,17,0.20
29597,0,0,0.00
29598,75,23,0.96
29599,0,22,1.48
29600,34,88,3.47
29601,0,184,2.84
29602,229,233,0.83
29603,67,49,0.19
29604,181,210,0.46
29605,519,547,1.10
29606,13,43,2.24
29607,184,201,0.35
29608,0,19,2.29
29609,0,166,6.24
29610,365,660,0.34
29611,18,140,3.16
29612,219,272,0.25
29613,224,239,0.31
29614,348,369,0.52
29615,0,109,4.38
29616,323,915,0.98
29617,113,114,0.25
29618,50,30,1.52
29619,15,165,5.10
29620,17,12,1.43
29621,345,362,0.32
29622,197,206,0.41
29623,0,126,4.15
29624,208,271,0.64
29625,189,739,1.18
29626,185,269,0.95
29627,73,24,0.97
29628,22,62,0.83
29629,12,93,0.62
29630,20,157,4.95
29631,0,119,4.55
29632,21,25,1.24
29633,0,20,1.02
29634,88,31,0.84
29635,94,98,0.29
29636,0,13,0.20
29637,58,66,0.19
29638,139,593,1.14
29639,63,22,0.46
29640,267,278,0.38
29641,0,54,1.36
29642,0,48,2.18
29643,139,162,0.36
29644,206,220,1.05
29645,198,569,1.13
29646,0,50,1.18
29647,139,141,0.52
29648,219,255,0.37
29649,33,46,0.69
29650,0,37,0.96
29651,0,34,1.47
29652,28,17,0.54
29653,279,1300,4.28
29654,18,31,0.63
29655,19,30,2.51
29656,0,37,2.57
29657,78,246,4.17
29658,0,14,0.35
29659,28,110,0.83
29660,245,273,0.33
29661,130,18,1.08
29662,461,526,1.01
29663,17,83,1.96
29664,89,93,0.24
29665,0,137,2.44
29666,192,349,0.36
29667,129,168,0.22
29668,15,34,0.98
29669,265,890,1.34
29670,14,223,1.39
29671,0,47,1.90
29672,56,174,2.99
29673,34,166,3.23
29674,18,31,3.28
29675,192,506,1.15
29676,40,14,0.34
29677,473,494,1.37
29678,24,40,2.94
29679,0,0,0.00
29680,62,168,2.70
29681,113,161,1.02
29682,0,28,1.01
29683,152,461,1.06
29684,28,0,0.00
29685,0,139,2.60
29686,343,531,1.34
29687,23,132,1.86
29688,206,241,1.13
29689,16,33,1.43
29690,47,25,1.12
29691,0,30,0.48
29692,102,108,0.39
29693,37,29,1.01
29694,25,208,2.78
29695,104,109,0.35
29696,15,35,1.09
29697,18,23,1.61
29698,210,216,0.24
29699,102,102,0.24
29700,198,227,0.93
29701,0,124,3.30
29702,91,92,0.19
29703,108,133,0.58
29704,0,27,3.58
29705,362,379,0.46
29706,0,64,0.16
29707,163,177,0.47
29708,378,395,0.62
29709,0,50,1.41
29710,0,40,1.64
29711,93,99,1.00
29712,0,133,3.25
29713,269,313,0.41
29714,30,164,5.69
29715,245,247,0.34
29716,69,72,0.12
29717,37,167,3.47
29718,15,34,0.53
29719,0,30,1.12
29720,63,80,0.62
29721,15,43,2.46
29722,26,151,4.35
29723,39,181,2.73
29724,82,248,0.55
29725,0,27,1.16
29726,14,126,2.00
29727,496,514,0.79
29728,325,352,0.34
29729,18,42,2.15
29730,280,0,0.00
29731,206,227,0.44
29732,0,83,3.49
29733,236,992,1.23
29734,0,19,0.61
29735,28,67,2.61
29736,67,80,0.41
29737,279,287,0.33
29738,31,308,2.44
29739,304,317,0.30
29740,0,24,2.48
29741,18,26,1.08
29742,25,84,3.60
29743,0,164,2.43
29744,0,24,0.63
29745,20,70,0.52
29746,140,152,0.17
29747,21,31,0.16
29748,0,38,1.57
29749,31,161,3.39
29750,0,166,5.94
29751,89,89,0.22
29752,322,344,0.40
29753,0,61,1.70
29754,200,221,0.46
29755,237,275,0.34
29756,170,180,0.49
29757,33,36,1.73
29758,0,17,0.35
29759,23,18,0.37
29760,177,340,0.33
29761,172,14,0.71
29762,0,127,2.89
29763,67,87,0.47
29764,133,280,0.95
29765,0,26,2.03
29766,0,0,0.00
29767,88,97,0.57
29768,214,390,0.46
29769,0,148,2.99
29770,15,119,2.83
29771,47,16,0.50
29772,85,103,0.19
29773,33,30,1.28
29774,19,70,5.30
29775,159,350,0.38
29776,238,133,0.30
29777,332,350,0.27
29778,12,26,0.53
29779,15,141,3.39
29780,0,23,1.05
29781,15,34,0.76
29782,117,118,0.18
29783,292,20,0.85
29784,0,80,5.18
29785,27,17,0.28
29786,28,18,0.58
29787,31,16,0.22
29788,17,17,0.71
29789,181,19,1.14
29790,83,85,0.13
29791,0,113,1.89
29792,0,317,0.48
29793,0,136,2.54
29794,35,190,3.52
29795,27,123,5.50
29796,261,275,0.24
29797,40,23,0.48
29798,108,19,0.29
29799,169,185,0.37
29800,0,0,0.00
29801,21,53,2.43
29802,0,89,2.46
29803,91,92,0.29
29804,303,318,0.89
29805,159,281,0.30
29806,0,84,3.11
29807,64,173,2.72
29808,402,54,0.47
29809,0,125,3.65
29810,0,178,6.84
29811,15,44,1.72
29812,33,180,5.07
29813,0,49,5.04
29814,183,302,1.03
29815,13,22,0.36
29816,444,491,1.08
29817,83,95,0.27
29818,172,199,0.52
29819,0,126,3.85
29820,60,18,0.43
29821,266,419,0.35
29822,0,25,0.49
29823,14,32,1.03
29824,36,409,2.10
29825,226,412,1.17
29826,19,142,6.74
29827,0,63,2.17
29828,18,236,0.25
29829,35,14,0.25
29830,13,134,3.62
29831,0,161,3.76
29832,211,214,0.73
29833,343,373,0.49
29834,0,86,3.47
29835,22,92,4.13
29836,17,153,2.30
29837,199,1267,3.21
29838,0,40,2.53
29839,331,16,0.41
29840,194,201,0.55
29841,182,183,0.36
29842,14,128,7.66
29843,69,84,0.31
29844,539,566,1.06
29845,0,16,0.99
29846,77,75,0.51
29847,169,291,0.35
29848,74,32,0.70
29849,0,0,0.00
29850,0,40,0.62
29851,0,125,3.75
29852,206,247,0.41
29853,36,157,2.29
29854,181,194,0.44
29855,29,199,1.67
29856,283,315,0.24
29857,355,355,0.29
29858,17,35,3.95
29859,184,17,1.18
29860,124,125,0.39
29861,0,276,0.52
29862,56,18,1.21
29863,45,56,2.02
29864,15,49,1.07
29865,0,142,2.16
29866,60,390,2.08
29867,295,347,0.36
29868,117,121,0.18
29869,0,28,1.25
29870,36,37,0.71
29871,53,30,0.56
29872,153,477,0.97
29873,335,338,0.38
29874,23,87,2.26
29875,41,18,0.21
29876,0,148,3.73
29877,26,179,2.25
29878,85,20,0.45
29879,51,20,1.10
29880,29,16,0.52
29881,76,76,0.24
29882,0,134,2.25
29883,31,172,3.45
29884,87,92,0.16
29885,13,77,2.38
29886,217,357,0.32
29887,0,42,1.69
29888,101,104,0.43
29889,135,136,0.36
29890,72,22,0.54
29891,0,83,1.41
29892,16,69,2.45
29893,365,403,0.65
29894,38,19,0.47
29895,19,143,2.74
29896,33,0,0.00
29897,0,149,3.02
29898,326,519,0.40
29899,116,117,0.22
29900,0,37,3.44
29901,13,33,3.13
29902,81,90,0.17
29903,0,58,1.34
29904,0,14,0.39
29905,17,55,3.44
29906,33,194,5.83
29907,258,265,0.22
29908,78,17,0.46
29909,37,44,0.79
29910,19,27,1.02
29911,40,22,0.69
29912,27,21,0.52
29913,47,54,0.19
29914,14,17,0.03
29915,18,122,4.41
29916,246,471,0.94
29917,121,124,0.26
29918,0,23,0.66
29919,29,26,1.50
29920,19,775,1.11
29921,0,61,4.21
29922,265,270,0.25
29923,28,28,1.54
29924,14,187,0.46
29925,158,310,0.30
29926,0,55,0.17
29927,236,258,1.08
29928,0,198,1.63
29929,0,125,5.59
29930,320,391,0.36
29931,16,684,1.19
29932,52,174,6.58
29933,121,122,0.20
29934,0,37,2.42
29935,256,16,0.19
29936,17,29,2.11
29937,29,43,2.57
29938,165,169,0.26
29939,266,200,0.46
29940,77,86,0.33
29941,0,25,0.72
29942,371,388,1.13
29943,36,19,0.25
29944,102,104,0.18
29945,29,73,4.10
29946,22,44,3.04
29947,13,40,2.12
29948,13,34,1.32
29949,38,35,2.62
29950,0,33,1.11
29951,34,186,2.28
29952,306,346,0.37
29953,97,137,0.54
29954,14,26,1.91
29955,426,454,1.30
29956,108,10,0.41
29957,13,146,0.72
29958,182,483,1.20
29959,17,143,2.28
29960,0,69,3.80
29961,249,253,0.61
29962,24,79,3.72
29963,45,131,4.45
29964,0,106,0.26
29965,179,232,0.31
29966,45,48,1.59
29967,63,64,0.14
29968,0,132,3.00
29969,103,111,0.23
29970,22,37,1.72
29971,0,48,1.28
29972,74,16,0.42
29973,253,700,1.14
29974,0,29,1.58
29975,46,142,2.91
29976,75,29,1.09
29977,21,125,3.89
29978,0,29,0.94
29979,18,108,4.45
29980,98,99,0.26
29981,24,158,2.70
29982,158,159,0.23
29983,29,181,1.72
29984,0,23,0.85
29985,0,135,1.53
29986,14,169,3.40
29987,0,83,4.71
29988,31,40,1.75
29989,0,13,0.27
29990,65,19,0.31
29991,201,410,1.01
29992,55,194,3.12
29993,0,182,3.94
29994,0,24,1.34
29995,20,50,1.07
29996,257,280,0.25
29997,117,64,0.13
29998,244,273,0.33
29999,0,35,1.25
30000,28,78,2.37
30001,14,48,1.10
30002,159,179,0.52
30003,26,116,3.11
30004,0,16,1.82
30005,94,101,1.80
30006,192,206,0.55
30007,0,157,3.80
30008,46,138,3.71
30009,191,357,0.51
30010,177,302,0.34
30011,14,113,3.41
30012,47,121,2.26
30013,0,22,1.48
30014,14,39,0.99
30015,15,141,3.16
30016,0,125,2.14
30017,17,16,1.57
30018,13,175,2.48
30019,292,1476,3.20
30020,0,37,2.74
30021,134,144,0.27
30022,119,122,0.15
30023,16,53,3.62
30024,107,109,0.34
30025,23,429,2.80
30026,19,158,4.67
30027,180,21,1.90
30028,282,289,0.29
30029,14,20,0.30
30030,39,194,2.58
30031,172,186,1.25
30032,0,60,3.17
30033,29,177,5.93
30034,27,40,2.09
30035,20,26,0.60
30036,25,80,2.05
30037,404,466,1.17
30038,19,106,6.46
30039,127,129,0.19
30040,15,59,2.28
30041,13,100,2.23
30042,508,518,2.18
30043,43,161,6.77
30044,29,179,4.37
30045,96,18,1.26
30046,0,14,0.99
30047,0,123,3.49
30048,125,176,0.36
30049,0,64,1.66
30050,0,20,0.26
30051,67,40,1.67
30052,105,24,0.58
30053,166,21,0.43
30054,21,40,0.80
30055,168,199,0.49
30056,15,45,2.58
30057,0,111,3.33
30058,36,13,0.69
30059,0,434,1.60
30060,0,0,0.00
30061,19,24,0.98
30062,212,237,0.52
30063,53,17,0.40
30064,0,115,3.48
30065,144,200,0.53
30066,171,182,0.33
30067,0,58,1.94
30068,243,371,0.33
30069,22,24,0.46
30070,88,88,0.15
30071,19,154,2.48
30072,145,171,0.19
30073,28,21,0.33
30074,28,68,1.85
30075,57,21,0.50
30076,0,181,2.10
30077,283,139,0.53
30078,169,171,0.49
30079,0,107,1.62
30080,50,26,1.86
30081,14,329,0.72
30082,12,22,1.27
30083,99,105,0.19
30084,0,114,4.15
30085,0,49,1.62
30086,60,44,1.42
30087,316,323,1.02
30088,93,93,0.14
30089,32,66,6.07
30090,15,49,2.46
30091,41,72,2.91
30092,18,28,1.27
30093,23,21,0.43
30094,217,260,0.28
30095,20,29,1.64
30096,60,16,0.44
30097,16,33,0.67
30098,18,26,0.82
30099,17,63,1.26
30100,124,157,0.38
30101,0,102,1.46
30102,138,145,0.62
30103,129,140,0.26
30104,107,117,0.61
30105,112,15,0.21
30106,0,88,2.14
30107,154,330,0.49
30108,0,36,0.97
30109,44,161,4.56
30110,239,32,0.43
30111,105,117,0.16
30112,22,74,2.28
30113,427,459,0.98
30114,49,177,5.16
30115,16,39,1.43
30116,0,164,2.97
30117,53,196,2.59
30118,50,177,2.70
30119,20,33,1.79
30120,20,30,1.44
30121,0,31,1.55
30122,57,22,0.89
30123,0,0,0.00
30124,40,32,2.02
30125,238,243,0.35
30126,16,46,2.06
30127,99,110,0.18
30128,212,243,0.36
30129,140,166,1.53
30130,0,78,2.31
30131,18,27,1.07
30132,97,187,0.52
30133,13,55,0.99
30134,423,480,1.12
30135,24,38,0.63
30136,135,235,0.97
30137,93,116,0.30
30138,16,120,4.40
30139,214,279,0.60
30140,0,29,0.76
30141,63,65,1.94
30142,0,151,0.82
30143,96,117,0.38
30144,12,14,0.40
30145,0,118,3.20
30146,16,66,0.46
30147,218,221,0.43
30148,57,80,0.47
30149,0,47,3.07
30150,220,231,0.31
30151,16,38,1.33
30152,0,127,0.37
30153,31,87,3.36
30154,0,0,0.00
30155,45,314,0.71
30156,0,18,2.05
30157,207,520,0.51
30158,86,96,1.03
30159,0,115,5.07
30160,23,59,0.53
30161,25,127,3.80
30162,23,58,0.98
30163,0,126,3.68
30164,589,654,1.10
30165,294,564,4.38
30166,76,76,0.13
30167,166,980,0.47
30168,68,88,1.29
30169,197,195,0.65
30170,19,132,2.04
30171,24,82,2.46
30172,0,141,3.94
30173,333,245,0.38
30174,162,162,0.68
30175,81,100,0.32
30176,19,26,1.99
30177,18,151,2.55
30178,23,174,2.57
30179,43,164,4.74
30180,45,65,3.88
30181,0,103,3.51
30182,58,117,0.47
30183,0,84,3.14
30184,168,170,0.28
30185,18,0,0.00
30186,0,26,0.70
30187,27,149,3.02
30188,207,207,0.39
30189,234,428,1.98
30190,0,142,4.05
30191,63,190,3.12
30192,242,770,1.14
30193,105,112,0.27
30194,18,135,3.91
30195,0,102,3.55
30196,125,125,0.20
30197,32,24,0.34
30198,115,21,0.75
30199,0,46,0.95
30200,167,168,0.66
30201,109,116,0.66
30202,0,43,1.99
30203,0,39,1.45
30204,124,129,0.81
30205,341,338,0.29
30206,326,362,0.98
30207,0,134,3.71
30208,38,27,1.95
30209,0,25,0.71
30210,167,208,0.53
30211,59,19,0.61
30212,52,27,0.45
30213,0,133,3.78
30214,127,226,0.97
30215,20,31,0.47
30216,179,180,0.78
30217,19,20,0.35
30218,34,98,1.14
30219,120,123,0.20
30220,17,67,5.09
30221,0,17,3.22
30222,18,30,0.65
30223,39,195,2.11
30224,180,502,0.48
30225,342,342,0.86
30226,288,544,0.53
30227,12,39,1.54
30228,124,48,0.14
30229,256,256,0.36
30230,0,32,0.86
30231,14,23,0.44
30232,22,30,1.78
30233,59,17,0.67
30234,28,140,3.21
30235,73,73,0.14
30236,381,20,0.04
30237,16,20,0.31
30238,176,383,0.42
30239,17,31,1.65
30240,20,53,2.49
30241,0,0,0.00
30242,231,368,0.36
30243,26,19,1.00
30244,123,129,0.21
30245,39,30,2.17
30246,195,209,0.36
30247,204,454,0.53
30248,112,383,0.63
30249,29,43,1.24
30250,34,38,2.42
30251,0,85,4.78
30252,13,124,6.03
30253,22,100,0.54
30254,21,45,1.89
30255,112,112,0.66
30256,74,33,1.17
30257,183,325,0.34
30258,22,103,3.05
30259,28,47,2.02
30260,332,363,0.33
30261,0,146,5.51
30262,23,33,1.95
30263,203,231,0.47
30264,116,17,0.21
30265,235,243,0.95
30266,20,304,1.56
30267,58,233,1.91
30268,16,110,2.65
30269,25,34,0.84
30270,37,171,2.19
30271,162,194,0.39
30272,0,182,2.50
30273,34,18,0.43
30274,0,128,3.92
30275,508,601,1.24
30276,207,340,0.32
30277,48,61,0.73
30278,137,235,0.96
30279,131,162,0.61
30280,0,20,0.67
30281,239,250,0.23
30282,37,275,0.85
30283,19,205,1.55
30284,20,42,2.04
30285,0,129,2.65
30286,112,128,0.19
30287,0,55,1.91
30288,165,391,0.81
30289,109,128,0.32
30290,0,172,3.94
30291,72,81,0.23
30292,21,105,3.90
30293,81,220,0.98
30294,0,44,2.15
30295,159,162,0.19
30296,139,143,0.37
30297,0,191,3.52
30298,321,361,0.81
30299,0,104,2.65
30300,182,282,0.36
30301,96,23,1.36
30302,17,79,0.52
30303,150,281,0.31
30304,357,918,1.23
30305,278,295,0.45
30306,0,125,4.16
30307,313,341,0.39
30308,391,422,0.44
30309,128,129,0.48
30310,0,93,3.61
30311,95,95,0.19
30312,25,40,1.34
30313,73,95,0.36
30314,542,592,1.10
30315,18,143,2.19
30316,46,43,0.29
30317,89,19,1.49
30318,0,100,2.68
30319,145,176,0.45
30320,0,22,0.44
30321,0,12,0.48
30322,0,81,1.71
30323,25,124,4.12
30324,155,168,0.30
30325,75,194,0.96
30326,184,490,1.10
30327,147,16,0.44
30328,0,81,3.19
30329,13,17,0.26
30330,16,71,2.52
30331,0,131,2.40
30332,0,20,0.46
30333,40,27,0.65
30334,122,28,0.56
30335,153,153,0.71
30336,18,61,2.22
30337,0,63,1.87
30338,211,212,0.71
30339,22,205,3.83
30340,0,40,1.41
30341,26,28,1.53
30342,43,162,2.51
30343,0,32,0.93
30344,93,97,0.17
30345,0,56,2.11
30346,18,17,0.79
30347,15,178,3.03
30348,0,16,0.66
30349,70,187,3.25
30350,0,129,1.89
30351,40,36,1.06
30352,71,76,0.14
30353,155,166,0.49
30354,119,14,0.38
30355,0,111,4.48
30356,152,219,0.49
30357,420,25,0.13
30358,37,104,4.57
30359,0,136,3.56
30360,220,16,0.58
30361,0,37,1.47
30362,22,71,3.25
30363,19,61,2.80
30364,83,317,1.82
30365,23,64,5.55
30366,168,207,1.07
30367,20,26,1.06
30368,40,104,1.59
30369,54,100,2.75
30370,282,574,0.28
30371,16,28,1.65
30372,84,23,0.50
30373,18,80,3.03
30374,16,105,3.63
30375,72,73,0.58
30376,311,326,0.61
30377,0,94,1.19
30378,51,132,2.36
30379,445,22,0.50
30380,123,19,0.41
30381,78,78,0.25
30382,0,25,1.28
30383,96,99,0.26
30384,15,187,0.73
30385,0,23,0.63
30386,0,205,7.09
30387,0,34,0.84
30388,59,0,0.00
30389,210,406,1.05
30390,201,201,0.64
30391,0,169,4.64
30392,127,131,0.54
30393,259,272,0.51
30394,42,22,1.67
30395,18,122,2.72
30396,63,16,0.19
30397,274,653,1.09
30398,0,215,0.33
30399,0,101,2.78
30400,0,32,0.56
30401,151,174,0.26
30402,105,21,0.83
30403,96,104,1.12
30404,0,20,1.46
30405,16,38,2.15
30406,341,834,1.72
30407,0,23,0.72
30408,39,162,3.98
30409,12,19,0.53
30410,62,260,0.79
30411,214,367,1.07
30412,0,91,2.60
30413,40,64,5.45
30414,14,111,4.51
30415,220,250,0.43
30416,58,66,0.39
30417,141,159,0.86
30418,40,30,3.03
30419,105,24,0.62
30420,17,133,0.69
30421,116,117,0.16
30422,0,60,1.86
30423,215,391,0.31
30424,18,84,3.48
30425,12,56,2.00
30426,109,109,0.16
30427,17,437,0.46
30428,0,0,0.00
30429,50,170,4.01
30430,0,94,3.34
30431,301,323,0.99
30432,31,23,0.81
30433,90,103,0.43
30434,17,88,3.44
30435,13,124,2.57
30436,148,362,0.44
30437,0,156,3.38
30438,48,82,2.90
30439,0,66,2.08
30440,64,262,1.26
30441,22,72,4.35
30442,355,380,0.37
30443,0,31,1.52
30444,35,78,4.19
30445,187,194,0.28
30446,156,179,0.41
30447,29,20,1.52
30448,39,29,1.51
30449,44,157,3.87
30450,16,67,2.28
30451,168,171,0.66
30452,0,0,0.00
30453,173,104,0.33
30454,33,89,4.74
30455,0,156,2.28
30456,90,91,0.13
30457,431,454,0.88
30458,0,121,2.94
30459,170,175,0.46
30460,23,165,0.39
30461,38,192,2.25
30462,0,59,1.77
30463,125,314,0.48
30464,26,31,2.09
30465,217,48,0.46
30466,217,267,0.29
30467,96,105,0.41
30468,0,69,2.56
30469,127,257,0.96
30470,24,172,2.36
30471,37,94,0.73
30472,46,23,0.38
30473,0,48,2.34
30474,0,19,0.31
30475,0,136,3.69
30476,237,188,0.38
30477,202,212,0.48
30478,0,121,3.60
30479,11,20,0.35
30480,121,124,0.21
30481,0,24,0.80
30482,342,385,0.41
30483,80,16,0.56
30484,110,113,0.34
30485,0,32,0.60
30486,58,198,4.91
30487,69,69,0.10
30488,21,20,0.50
30489,234,271,0.32
30490,31,21,1.75
30491,0,46,1.91
30492,22,27,0.62
30493,62,72,0.33
30494,216,366,0.96
30495,0,57,1.30
30496,280,290,0.35
30497,0,29,0.38
30498,0,121,4.38
30499,40,180,4.83
30500,191,208,0.43
30501,0,122,6.15
30502,67,75,2.44
30503,58,75,0.27
30504,60,66,0.19
30505,148,154,0.20
30506,548,543,1.09
30507,25,338,0.99
30508,106,126,1.48
30509,215,243,0.36
30510,0,88,3.98
30511,308,329,0.33
30512,39,202,4.79
30513,58,58,0.12
30514,26,89,3.94
30515,25,0,0.00
30516,13,230,4.19
30517,68,82,0.25
30518,306,598,0.36
30519,149,18,1.24
30520,97,100,0.17
30521,31,24,0.34
30522,98,110,0.51
30523,0,27,0.35
30524,19,0,0.00
30525,18,111,3.73
30526,181,493,1.03
30527,0,131,5.57
30528,139,144,0.35
30529,0,221,0.46
30530,0,131,2.33
30531,112,129,0.40
30532,192,322,0.38
30533,58,18,0.41
30534,75,16,0.50
30535,18,228,1.02
30536,15,76,1.49
30537,149,335,1.19
30538,0,78,2.09
30539,25,47,0.93
30540,20,161,3.89
30541,288,387,1.26
30542,111,208,0.96
30543,60,60,0.11
30544,0,36,3.31
30545,18,61,1.39
30546,91,116,0.39
30547,372,398,0.97
30548,298,338,0.38
30549,47,22,0.96
30550,22,0,0.00
30551,0,32,0.63
30552,14,91,2.49
30553,51,48,3.28
30554,0,42,1.42
30555,261,661,1.08
30556,15,118,3.64
30557,22,44,2.81
30558,176,17,0.35
30559,15,29,0.62
30560,326,351,0.26
30561,0,178,0.58
30562,39,118,1.43
30563,237,260,0.52
30564,19,28,0.80
30565,287,329,0.60
30566,21,32,0.66
30567,459,793,0.42
30568,107,107,0.17
30569,36,858,0.92
30570,12,86,2.02
30571,0,65,3.36
30572,60,45,2.46
30573,0,38,1.88
30574,232,262,0.33
30575,52,204,0.88
30576,0,141,5.11
30577,16,18,0.57
30578,53,23,2.37
30579,13,105,2.69
30580,0,17,0.40
30581,141,143,0.28
30582,85,109,0.60
30583,283,298,0.23
30584,13,38,1.08
30585,0,0,0.00
30586,111,145,0.33
30587,0,24,0.47
30588,34,39,0.82
30589,0,129,3.62
30590,276,292,0.24
30591,21,33,0.98
30592,47,16,0.29
30593,548,1317,1.47
30594,444,472,2.44
30595,0,35,1.65
30596,161,164,0.42
30597,34,131,2.46
30598,0,47,3.48
30599,37,142,2.72
30600,37,29,0.79
30601,82,102,0.20
30602,219,232,0.40
30603,108,109,0.13
30604,179,375,0.39
30605,138,141,0.19
30606,291,294,0.82
30607,362,390,0.99
30608,25,30,1.71
30609,126,128,0.21
30610,146,152,0.57
30611,136,142,0.20
30612,172,181,0.30
30613,223,249,0.34
30614,0,32,0.18
30615,450,505,1.10
30616,110,118,0.66
30617,36,100,5.16
30618,104,10,0.02
30619,291,312,0.29
30620,25,32,2.11
30621,20,97,3.30
30622,323,969,3.16
30623,14,24,1.99
30624,12,19,1.51
30625,206,207,0.34
30626,47,112,2.52
30627,266,11,0.20
30628,0,140,2.52
30629,147,197,0.45
30630,0,121,1.78
30631,0,128,2.56
30632,0,0,0.00
30633,174,22,0.82
30634,563,607,1.11
30635,0,149,2.62
30636,259,279,0.43
30637,55,334,0.39
30638,140,140,0.38
30639,0,45,2.05
30640,176,181,0.48
30641,0,135,3.17
30642,32,157,2.92
30643,18,121,2.79
30644,0,144,2.68
30645,70,105,0.48
30646,0,166,2.69
30647,47,16,0.05
30648,38,149,2.10
30649,294,15,0.47
30650,35,34,2.82
30651,24,14,0.20
30652,168,44,0.97
30653,166,146,0.58
30654,38,14,0.39
30655,0,70,4.67
30656,210,199,0.66
30657,325,339,0.47
30658,302,337,1.17
30659,0,41,1.50
30660,16,150,3.21
30661,141,18,0.54
30662,233,242,0.47
30663,38,189,8.26
30664,15,150,2.10
30665,46,47,0.17
30666,39,196,2.16
30667,47,141,3.56
30668,116,117,0.17
30669,13,89,2.82
30670,31,147,3.42
30671,29,52,0.71
30672,77,78,0.12
30673,19,167,2.59
30674,18,64,3.02
30675,0,199,3.82
30676,265,290,0.28
30677,130,130,0.19
30678,264,310,0.41
30679,20,62,2.38
30680,67,66,0.11
30681,0,50,2.22
30682,254,414,0.71
30683,32,169,5.27
30684,234,253,0.96
30685,22,63,2.12
30686,0,179,2.25
30687,97,120,0.58
30688,13,31,1.11
30689,13,146,3.50
30690,247,292,0.24
30691,21,14,0.26
30692,39,106,2.49
30693,0,0,0.00
30694,91,18,0.14
30695,20,159,4.27
30696,44,68,2.99
30697,69,21,1.53
30698,40,165,1.94
30699,17,147,4.55
30700,19,33,1.86
30701,71,19,0.46
30702,21,65,2.41
30703,131,131,0.28
30704,237,267,0.26
30705,239,290,0.41
30706,17,32,1.58
30707,32,144,3.36
30708,50,19,0.19
30709,22,31,1.47
30710,319,1602,1.00
30711,79,22,0.66
30712,18,119,4.11
30713,68,139,0.43
30714,12,201,7.64
30715,18,124,2.88
30716,60,18,0.40
30717,112,328,1.01
30718,0,16,0.45
30719,234,264,0.39
30720,283,297,0.29
30721,19,82,3.60
30722,0,31,0.51
30723,187,191,0.31
30724,49,27,0.75
30725,23,76,2.16
30726,0,62,1.05
30727,17,221,2.67
30728,18,56,3.60
30729,18,24,1.69
30730,478,846,0.40
30731,17,17,1.25
30732,18,88,4.25
30733,188,213,0.33
30734,22,105,3.29
30735,603,852,0.41
30736,16,19,0.36
30737,95,143,0.28
30738,142,148,0.26
30739,81,81,0.14
30740,24,141,3.80
30741,301,508,0.39
30742,37,37,0.13
30743,59,20,0.42
30744,31,75,2.11
30745,22,63,0.92
30746,38,195,3.67
30747,46,40,1.46
30748,381,398,0.37
30749,317,1140,1.73
30750,20,154,4.12
30751,108,140,0.20
30752,0,94,1.92
30753,15,143,2.18
30754,144,13,0.08
30755,0,22,0.86
30756,145,145,0.56
30757,354,356,0.43
30758,0,74,1.53
30759,27,20,0.90
30760,0,95,1.99
30761,136,144,0.34
30762,149,170,0.42
30763,24,17,0.40
30764,132,132,0.19
30765,60,73,0.57
30766,40,47,1.85
30767,0,140,3.96
30768,63,16,0.32
30769,0,142,2.75
30770,22,166,2.52
30771,42,41,1.17
30772,74,17,0.95
30773,17,69,1.78
30774,36,35,1.61
30775,205,513,0.56
30776,321,394,0.36
30777,0,135,5.19
30778,42,26,1.16
30779,194,212,0.33
30780,17,207,2.35
30781,16,182,2.40
30782,0,16,0.66
30783,16,168,2.92
30784,18,152,3.83
30785,18,153,2.26
30786,15,162,5.09
30787,0,35,0.97
30788,105,105,0.19
30789,121,141,0.27
30790,119,20,0.44
30791,19,73,2.88
30792,0,0,0.00
30793,28,132,2.02
30794,86,87,0.21
30795,203,317,0.52
30796,122,117,0.42
30797,15,24,0.84
30798,17,151,4.88
30799,19,64,0.68
30800,587,825,1.16
30801,65,21,0.44
30802,50,28,2.04
30803,109,111,0.23
30804,0,35,0.89
30805,43,12,0.20
30806,0,24,0.44
30807,42,41,2.17
30808,60,36,3.54
30809,14,59,2.88
30810,36,41,1.26
30811,0,17,0.47
30812,188,405,0.90
30813,0,23,1.03
30814,21,38,2.71
30815,0,0,0.00
30816,54,98,4.94
30817,439,469,1.09
30818,55,61,1.60
30819,259,206,2.38
30820,338,376,0.62
30821,269,292,0.42
30822,26,152,3.40
30823,0,18,1.55
30824,1194,1219,1.18
30825,0,35,0.68
30826,0,55,2.27
30827,12,29,0.89
30828,268,275,0.44
30829,33,181,5.97
30830,314,0,0.00
30831,0,97,2.73
30832,112,128,0.34
30833,19,47,3.66
30834,18,42,1.73
30835,55,183,4.89
30836,79,81,0.12
30837,26,21,0.63
30838,84,93,0.48
30839,205,387,1.04
30840,19,52,0.89
30841,16,88,3.49
30842,17,38,1.26
30843,138,14,0.15
30844,0,192,3.34
30845,22,17,0.40
30846,18,80,7.25
30847,165,767,0.35
30848,20,93,4.49
30849,0,111,2.60
30850,314,321,0.31
30851,344,357,2.42
30852,186,581,1.79
30853,0,115,3.41
30854,0,18,0.30
30855,213,215,0.38
30856,419,468,1.22
30857,27,131,3.02
30858,0,142,0.15
30859,245,251,0.43
30860,36,185,3.71
30861,69,16,0.25
30862,21,52,1.54
30863,47,146,1.78
30864,54,332,0.98
30865,16,133,4.31
30866,100,159,0.41
30867,30,32,1.46
30868,22,111,4.93
30869,51,366,2.34
30870,59,197,0.40
30871,114,121,1.35
30872,17,101,2.40
30873,204,354,0.41
30874,75,22,0.59
30875,136,163,0.45
30876,29,28,1.19
30877,29,541,0.50
30878,145,147,0.62
30879,19,55,3.87
30880,76,0,0.00
30881,20,66,1.85
30882,122,146,0.32
30883,22,30,1.52
30884,500,539,1.20
30885,226,241,0.49
30886,10,113,3.20
30887,361,1080,1.22
30888,0,16,0.50
30889,0,135,2.75
30890,29,30,1.87
30891,242,260,0.43
30892,28,104,3.22
30893,13,17,1.25
30894,18,187,2.76
30895,21,28,0.69
30896,58,58,0.12
30897,217,240,0.54
30898,20,279,2.97
30899,0,130,3.01
30900,0,44,2.87
30901,0,49,1.26
30902,102,103,0.16
30903,25,180,5.59
30904,0,67,3.66
30905,90,104,0.45
30906,127,127,0.16
30907,117,17,0.70
30908,26,115,2.45
30909,32,17,0.40
30910,136,156,0.27
30911,182,183,0.63
30912,48,21,0.81
30913,0,129,2.91
30914,170,172,0.59
30915,148,170,0.52
30916,83,100,0.17
30917,17,276,0.99
30918,196,382,0.58
30919,0,18,0.74
30920,514,555,1.02
30921,91,103,0.50
30922,46,17,0.27
30923,17,385,1.29
30924,0,127,3.89
30925,0,108,3.43
30926,201,335,1.40
30927,63,25,2.19
30928,187,391,1.09
30929,0,142,0.58
30930,0,20,0.47
30931,84,85,0.26
30932,18,23,1.41
30933,36,127,2.65
30934,68,66,0.29
30935,106,199,0.95
30936,0,86,0.94
30937,0,158,5.34
30938,410,446,1.03
30939,0,88,2.85
30940,0,89,3.80
30941,0,99,3.18
30942,18,40,2.51
30943,143,172,0.56
30944,44,144,4.94
30945,19,29,1.43
30946,22,36,0.75
30947,166,197,0.52
30948,155,168,0.26
30949,221,263,0.39
30950,0,52,1.25
30951,28,177,3.88
30952,88,91,0.15
30953,25,21,1.19
30954,208,425,0.42
30955,0,105,3.12
30956,0,164,11.19
30957,124,127,0.27
30958,53,16,0.23
30959,209,217,0.64
30960,185,204,0.31
30961,15,135,6.52
30962,202,203,0.38
30963,0,122,3.42
30964,0,68,1.66
30965,30,109,1.59
30966,0,134,2.20
30967,0,14,0.41
30968,15,25,0.39
30969,87,87,0.20
30970,102,103,0.14
30971,15,113,0.81
30972,17,35,0.92
30973,0,19,0.55
30974,265,287,0.26
30975,0,18,1.16
30976,125,262,0.96
30977,0,175,2.37
30978,0,140,2.57
30979,27,60,0.11
30980,174,210,0.40
30981,34,18,0.58
30982,0,38,2.87
30983,14,50,1.95
30984,12,14,0.51
30985,18,652,2.75
30986,68,212,7.78
30987,68,21,0.64
30988,0,108,4.32
30989,200,217,0.21
30990,147,19,0.31
30991,70,93,0.37
30992,0,60,2.12
30993,165,166,1.13
30994,20,220,3.42
30995,0,69,2.87
30996,0,32,2.31
30997,193,445,0.42
30998,33,45,2.59
30999,20,14,0.42
31000,177,334,0.38
31001,21,52,1.08
31002,42,121,2.85
31003,177,177,0.44
31004,20,67,1.96
31005,0,137,6.02
31006,135,177,0.57
31007,14,22,1.06
31008,106,110,0.39
31009,0,88,2.92
31010,185,188,0.57
31011,87,88,0.65
31012,0,56,0.93
31013,286,298,0.34
31014,89,90,0.16
31015,0,110,3.84
31016,231,179,0.28
31017,205,213,0.26
31018,0,179,5.63
31019,396,405,0.98
31020,41,76,2.51
31021,755,769,0.35
31022,51,60,0.21
31023,18,73,2.34
31024,23,101,2.35
31025,25,171,2.84
31026,54,33,1.85
31027,39,176,2.97
31028,53,15,0.92
31029,101,127,0.66
31030,0,40,1.74
31031,142,159,0.42
31032,145,24,1.47
31033,107,134,1.05
31034,0,153,2.66
31035,39,148,4.53
31036,48,22,0.53
31037,0,19,0.21
31038,0,84,1.87
31039,333,955,0.96
31040,42,24,0.92
31041,0,43,1.47
31042,138,144,0.86
31043,156,152,0.23
31044,43,150,1.92
31045,16,162,2.53
31046,0,26,1.06
31047,55,98,0.09
31048,0,98,4.04
31049,18,37,2.33
31050,183,197,0.71
31051,0,50,1.56
31052,43,17,0.58
31053,0,171,4.88
31054,42,26,1.28
31055,78,28,0.65
31056,0,109,5.12
31057,19,40,1.61
31058,79,78,0.17
31059,0,133,4.20
31060,59,25,0.59
31061,41,20,0.38
31062,90,28,0.52
31063,0,171,5.69
31064,157,158,0.68
31065,53,205,3.88
31066,105,105,0.22
31067,18,120,5.60
31068,42,91,4.20
31069,169,175,0.35
31070,20,152,3.83
31071,0,0,0.00
31072,55,62,2.21
31073,26,18,0.75
31074,407,425,1.15
31075,0,66,2.57
31076,115,117,0.34
31077,0,35,1.19
31078,0,46,1.69
31079,113,125,0.34
31080,68,69,0.17
31081,220,527,1.08
31082,15,39,1.82
31083,31,46,4.13
31084,117,157,0.59
31085,329,371,0.91
31086,93,130,1.23
31087,26,27,1.21
31088,21,98,2.65
31089,47,17,0.63
31090,22,71,0.48
31091,23,100,4.25
31092,30,127,1.86
31093,0,99,3.77
31094,45,111,1.85
31095,104,106,0.17
31096,64,0,0.00
31097,16,74,2.86
31098,19,29,1.24
31099,0,102,3.08
31100,15,17,0.76
31101,26,85,2.56
31102,49,22,0.92
31103,103,106,0.14
31104,189,204,0.40
31105,44,19,1.37
31106,0,90,4.22
31107,28,32,1.84
31108,31,25,1.42
31109,155,164,0.70
31110,0,23,1.46
31111,17,139,4.60
31112,0,140,2.06
31113,0,191,0.96
31114,164,196,0.89
31115,44,18,0.30
31116,268,273,1.05
31117,16,26,0.36
31118,0,144,2.60
31119,35,40,1.69
31120,217,432,0.48
31121,153,326,0.58
31122,89,96,0.23
31123,28,124,4.02
31124,168,168,0.39
31125,37,196,3.08
31126,30,144,3.48
31127,178,181,0.63
31128,24,23,0.34
31129,0,201,6.16
31130,29,130,2.78
31131,23,110,2.68
31132,127,19,0.82
31133,0,99,3.70
31134,12,61,2.40
31135,354,993,0.43
31136,23,103,2.25
31137,373,450,1.15
31138,274,308,0.40
31139,0,37,1.03
31140,17,127,3.60
31141,0,165,3.38
31142,39,23,0.23
31143,50,133,1.79
31144,21,13,0.99
31145,0,130,4.24
31146,0,34,0.17
31147,158,163,0.89
31148,186,213,0.36
31149,333,375,0.33
31150,22,20,0.50
31151,202,279,0.37
31152,155,354,1.29
31153,24,133,4.91
31154,140,151,0.62
31155,22,40,2.42
31156,121,143,0.42
31157,286,322,0.33
31158,19,22,1.05
31159,0,133,2.32
31160,12,98,3.40
31161,32,37,2.49
31162,21,169,2.99
31163,39,77,2.78
31164,0,80,4.20
31165,69,71,0.17
31166,80,83,0.15
31167,0,65,2.98
31168,21,77,2.29
31169,279,294,0.26
31170,284,322,0.69
31171,70,24,0.55
31172,0,15,0.29
31173,0,31,1.65
31174,14,60,3.60
31175,46,60,0.82
31176,0,55,3.19
31177,52,66,2.09
31178,0,27,0.30
31179,197,199,0.60
31180,0,42,0.35
31181,263,303,0.26
31182,249,546,1.26
31183,14,179,4.98
31184,78,0,0.00
31185,16,21,0.47
31186,99,118,0.35
31187,497,0,0.00
31188,333,359,0.58
31189,136,387,0.45
31190,193,248,0.64
31191,25,90,4.09
31192,0,156,4.50
31193,179,203,0.43
31194,172,174,0.33
31195,150,195,0.38
31196,121,128,0.36
31197,0,21,1.07
31198,159,333,0.41
31199,131,131,0.22
31200,34,99,2.98
31201,260,265,0.31
31202,58,80,0.32
31203,106,118,0.44
31204,0,43,3.35
31205,180,205,0.34
31206,175,346,0.35
31207,59,210,0.50
31208,88,105,0.36
31209,0,20,0.39
31210,97,222,0.26
31211,184,199,0.47
31212,274,277,1.10
31213,26,32,0.77
31214,72,77,0.18
31215,32,184,5.02
31216,149,150,0.21
31217,56,171,4.12
31218,0,95,3.11
31219,192,217,0.31
31220,275,286,0.24
31221,18,36,0.81
31222,519,538,0.92
31223,0,48,0.06
31224,24,16,0.85
31225,263,234,0.39
31226,15,52,2.79
31227,0,32,1.84
31228,92,99,0.60
31229,143,149,0.45
31230,54,24,0.60
31231,17,75,4.52
31232,299,338,0.41
31233,526,565,1.07
31234,15,32,1.67
31235,21,99,2.15
31236,195,14,0.20
31237,164,274,1.05
31238,0,22,0.16
31239,191,303,0.49
31240,22,45,1.93
31241,508,545,0.79
31242,389,31,0.21
31243,0,99,4.12
31244,22,74,6.33
31245,0,628,0.98
31246,17,55,3.69
31247,16,101,3.04
31248,317,334,0.46
31249,146,148,0.18
31250,24,33,1.14
31251,150,153,0.42
31252,23,106,2.76
31253,0,22,2.34
31254,167,468,1.08
31255,140,148,0.34
31256,0,95,3.24
31257,251,550,0.89
31258,18,57,1.75
31259,230,246,0.41
31260,0,33,2.07
31261,211,380,0.61
31262,67,75,0.28
31263,0,106,2.17
31264,53,58,0.26
31265,143,144,0.30
31266,17,32,1.00
31267,547,573,1.38
31268,94,106,0.29
31269,0,47,1.80
31270,0,200,2.76
31271,19,145,4.67
31272,0,21,0.86
31273,83,88,0.14
31274,23,36,0.58
31275,45,18,0.66
31276,106,119,0.20
31277,134,135,0.21
31278,17,119,8.96
31279,21,18,0.35
31280,20,127,1.51
31281,404,437,1.42
31282,64,31,1.09
31283,631,673,1.09
31284,14,129,3.40
31285,65,35,1.47
31286,180,183,0.92
31287,14,20,0.35
31288,14,123,4.68
31289,0,24,1.26
31290,24,412,3.52
31291,32,164,3.09
31292,22,180,2.26
31293,16,52,2.48
31294,107,263,0.25
31295,16,145,4.27
31296,74,16,1.54
31297,119,123,0.36
31298,181,183,0.57
31299,59,175,8.07
31300,0,20,0.31
31301,0,56,0.90
31302,25,198,5.33
31303,16,358,3.82
31304,97,101,0.36
31305,0,24,2.45
31306,410,23,1.01
31307,0,21,0.81
31308,27,145,2.72
31309,543,563,1.06
31310,133,18,0.49
31311,44,37,0.35
31312,122,124,0.19
31313,73,81,0.25
31314,29,39,1.57
31315,0,57,3.04
31316,0,0,0.00
31317,0,122,1.94
31318,17,100,4.78
31319,271,715,1.13
31320,13,17,0.34
31321,36,131,3.33
31322,120,125,0.22
31323,131,143,0.49
31324,95,28,0.46
31325,0,146,3.67
31326,0,25,0.40
31327,0,117,0.47
31328,77,81,0.18
31329,0,36,1.85
31330,11,0,0.00
31331,47,153,2.80
31332,0,60,2.33
31333,26,33,2.29
31334,53,72,0.33
31335,0,96,2.30
31336,13,149,5.14
31337,89,323,0.58
31338,106,29,0.10
31339,257,291,1.61
31340,19,124,3.09
31341,308,324,0.54
31342,0,154,6.54
31343,118,122,0.41
31344,41,189,5.16
31345,13,20,1.19
31346,16,111,3.24
31347,0,57,2.95
31348,0,48,2.79
31349,233,241,0.26
31350,32,33,1.41
31351,22,32,2.96
31352,0,123,2.28
31353,176,221,1.32
31354,38,138,4.30
31355,0,43,2.15
31356,317,315,0.28
31357,0,34,1.15
31358,271,278,0.88
31359,35,65,3.67
31360,22,41,0.55
31361,15,108,2.87
31362,36,195,5.38
31363,49,51,0.12
31364,139,198,0.41
31365,0,137,2.58
31366,13,13,0.14
31367,14,138,4.76
31368,590,593,0.96
31369,0,87,2.20
31370,21,54,2.64
31371,191,199,0.48
31372,0,23,0.44
31373,28,105,1.88
31374,23,144,2.62
31375,21,19,0.37
31376,148,180,1.43
31377,176,180,0.35
31378,150,152,0.19
31379,0,34,1.34
31380,47,156,1.93
31381,25,176,5.32
31382,187,197,0.29
31383,128,145,0.51
31384,0,20,1.20
31385,12,54,1.41
31386,29,89,2.27
31387,0,30,0.58
31388,590,645,1.28
31389,275,142,0.75
31390,15,54,2.53
31391,18,52,2.53
31392,32,179,4.23
31393,97,22,4.46
31394,203,780,1.32
31395,0,0,0.00
31396,21,174,3.93
31397,0,124,3.72
31398,180,15,0.29
31399,18,97,1.07
31400,0,25,1.11
31401,21,20,0.42
31402,21,101,2.18
31403,30,170,0.80
31404,19,22,0.75
31405,0,100,2.40
31406,0,124,0.45
31407,34,181,6.76
31408,134,165,0.55
31409,16,161,2.85
31410,0,0,0.00
31411,28,60,1.59
31412,55,34,0.10
31413,173,194,0.68
31414,70,70,0.14
31415,19,138,2.00
31416,270,298,0.34
31417,18,58,2.43
31418,15,92,0.33
31419,647,678,1.09
31420,203,207,0.67
31421,0,127,2.35
31422,0,29,0.55
31423,285,321,0.46
31424,225,262,1.05
31425,0,82,1.68
31426,0,26,0.50
31427,27,73,3.72
31428,254,429,1.27
31429,43,13,0.31
31430,117,26,1.48
31431,0,32,0.65
31432,103,116,0.29
31433,271,344,0.41
31434,14,68,2.10
31435,135,164,0.41
31436,80,248,0.98
31437,17,140,2.20
31438,0,20,0.30
31439,20,177,2.34
31440,163,158,0.39
31441,21,23,1.03
31442,28,149,4.16
31443,21,18,0.49
31444,56,20,0.50
31445,335,343,0.31
31446,265,303,0.38
31447,13,93,3.20
31448,36,17,0.63
31449,126,317,0.45
31450,233,238,0.42
31451,0,71,2.64
31452,19,163,3.13
31453,137,252,0.55
31454,21,48,1.53
31455,130,135,0.28
31456,0,149,3.11
31457,23,122,1.30
31458,0,19,0.93
31459,63,18,0.34
31460,58,1446,1.00
31461,0,35,1.64
31462,188,368,0.34
31463,28,24,2.32
31464,125,964,3.17
31465,21,36,1.71
31466,18,23,0.84
31467,247,257,0.26
31468,23,23,1.48
31469,0,103,4.10
31470,0,135,0.47
31471,0,46,1.57
31472,279,306,0.55
31473,23,28,1.51
31474,70,70,0.13
31475,256,298,0.44
31476,0,19,1.08
31477,23,176,3.50
31478,106,106,0.18
31479,90,107,0.20
31480,21,18,0.94
31481,39,28,2.22
31482,103,122,0.19
31483,22,53,2.04
31484,79,79,0.16
31485,0,0,0.00
31486,114,116,0.24
31487,216,237,0.42
31488,178,388,0.54
31489,0,56,1.35
31490,23,72,1.57
31491,81,15,0.56
31492,189,239,0.43
31493,32,203,2.85
31494,290,319,0.38
31495,0,119,1.81
31496,106,26,1.01
31497,23,38,1.83
31498,13,82,3.64
31499,207,219,0.25
31500,168,170,0.35
31501,0,203,2.50
31502,42,43,1.78
31503,95,19,2.06
31504,39,122,3.69
31505,0,143,2.12
31506,145,230,0.46
31507,45,169,2.42
31508,320,362,0.54
31509,81,81,0.19
31510,24,97,4.61
31511,24,27,0.44
31512,14,0,0.00
31513,25,55,1.61
31514,0,110,2.85
31515,0,165,4.40
31516,17,46,1.71
31517,21,23,0.03
31518,21,31,0.51
31519,296,325,0.29
31520,18,52,2.88
31521,178,190,1.52
31522,173,187,0.19
31523,86,89,0.27
31524,79,199,0.96
31525,21,41,0.94
31526,160,160,0.33
31527,24,156,2.99
31528,20,127,5.38
31529,170,179,0.39
31530,20,125,4.24
31531,227,244,0.33
31532,18,23,0.73
31533,25,19,1.22
31534,212,643,1.24
31535,30,43,0.80
31536,15,30,1.13
31537,0,16,1.23
31538,16,76,1.48
31539,0,14,0.24
31540,17,159,0.42
31541,0,95,4.04
31542,0,59,1.55
31543,31,145,2.93
31544,48,272,0.56
31545,157,23,0.20
31546,0,62,3.80
31547,0,0,0.00
31548,17,150,3.55
31549,100,101,0.17
31550,24,165,2.49
31551,185,191,0.41
31552,13,51,2.56
31553,25,187,4.24
31554,37,222,5.01
31555,41,39,1.97
31556,0,120,4.19
31557,171,617,7.07
31558,0,148,6.03
31559,288,303,0.30
31560,0,125,2.60
31561,278,289,0.41
31562,22,65,2.33
31563,41,197,4.71
31564,14,255,2.94
31565,0,175,5.29
31566,17,82,4.63
31567,24,98,3.67
31568,452,477,2.11
31569,26,0,0.00
31570,97,22,1.85
31571,12,25,0.69
31572,48,193,0.65
31573,0,104,3.26
31574,15,17,0.46
31575,0,97,1.14
31576,293,703,1.11
31577,227,543,1.17
31578,28,53,1.75
31579,20,26,1.20
31580,622,979,0.43
31581,0,131,5.20
31582,269,272,0.44
31583,0,130,2.25
31584,363,378,0.35
31585,34,137,3.76
31586,199,428,0.48
31587,347,370,0.35
31588,154,160,0.31
31589,52,47,1.61
31590,17,53,0.39
31591,26,55,3.56
31592,79,100,0.69
31593,21,158,3.43
31594,204,217,0.46
31595,36,18,1.31
31596,19,31,0.64
31597,121,121,0.40
31598,23,29,1.41
31599,541,614,1.13
31600,13,17,1.43
31601,180,231,0.37
31602,20,73,2.46
31603,21,21,1.10
31604,0,114,3.68
31605,455,20,1.05
31606,76,91,0.16
31607,28,72,2.21
31608,0,20,1.17
31609,0,26,0.76
31610,81,110,0.42
31611,117,130,0.58
31612,213,261,1.29
31613,0,37,2.04
31614,0,148,4.41
31615,206,19,0.30
31616,78,80,0.20
31617,14,183,2.46
31618,334,345,0.40
31619,24,73,3.27
31620,204,296,0.46
31621,24,207,4.64
31622,130,132,0.17
31623,0,95,3.10
31624,0,0,0.00
31625,91,292,3.68
31626,36,53,1.60
31627,31,167,2.41
31628,0,76,2.01
31629,130,136,0.38
31630,0,17,0.73
31631,17,138,2.28
31632,21,20,0.12
31633,0,337,0.45
31634,147,165,0.60
31635,0,144,6.71
31636,236,408,0.38
31637,118,122,0.69
31638,48,99,0.67
31639,0,25,1.01
31640,110,16,0.37
31641,263,265,0.26
31642,73,73,0.11
31643,0,136,0.38
31644,0,143,4.12
31645,73,289,1.03
31646,26,27,0.15
31647,302,332,1.98
31648,112,136,0.34
31649,0,64,2.08
31650,301,307,0.39
31651,127,80,1.06
31652,0,19,1.06
31653,0,46,2.34
31654,210,600,1.22
31655,90,117,0.56
31656,24,92,2.86
31657,131,141,0.27
31658,31,59,3.13
31659,0,41,1.71
31660,75,203,3.19
31661,106,106,0.18
31662,146,188,0.65
31663,0,18,0.69
31664,38,190,6.62
31665,91,97,0.44
31666,261,278,0.38
31667,19,26,0.62
31668,52,70,0.33
31669,218,236,0.28
31670,154,180,0.34
31671,16,15,1.19
31672,0,38,0.96
31673,133,17,0.57
31674,204,217,0.54
31675,34,26,0.94
31676,27,25,1.51
31677,0,30,2.19
31678,0,17,0.53
31679,0,27,0.64
31680,23,73,2.57
31681,36,72,3.60
31682,0,31,2.02
31683,39,140,3.33
31684,289,313,0.42
31685,172,391,1.16
31686,0,0,0.00
31687,116,118,0.43
31688,308,345,1.09
31689,361,402,0.79
31690,196,213,0.44
31691,0,96,2.54
31692,21,166,2.58
31693,286,362,0.45
31694,56,19,0.47
31695,256,266,0.27
31696,0,28,1.97
31697,19,78,2.68
31698,20,153,5.65
31699,17,61,2.71
31700,0,22,1.97
31701,78,18,0.42
31702,13,44,1.03
31703,35,59,1.61
31704,107,114,0.41
31705,134,136,0.19
31706,37,147,2.24
31707,67,68,0.15
31708,0,112,4.35
31709,115,117,0.18
31710,132,134,0.27
31711,0,50,1.15
31712,13,19,0.50
31713,0,106,4.23
31714,226,629,1.11
31715,687,715,0.40
31716,0,49,1.78
31717,160,160,0.42
31718,20,120,0.58
31719,0,96,2.02
31720,73,42,1.38
31721,26,179,4.96
31722,158,166,0.39
31723,49,20,1.33
31724,0,19,0.55
31725,183,202,0.56
31726,160,163,0.61
31727,267,1221,2.42
31728,0,133,4.26
31729,267,301,0.29
31730,23,180,2.84
31731,0,105,3.03
31732,45,24,1.56
31733,0,91,2.21
31734,179,340,1.18
31735,168,266,0.96
31736,34,35,2.23
31737,0,155,1.50
31738,0,48,0.93
31739,57,22,0.48
31740,144,366,0.99
31741,93,107,0.31
31742,0,47,1.92
31743,0,21,0.91
31744,27,18,0.45
31745,107,126,0.54
31746,499,18,0.39
31747,0,109,0.61
31748,64,19,0.53
31749,0,40,1.20
31750,353,40,0.07
31751,27,22,0.54
31752,47,14,0.43
31753,123,138,0.19
31754,79,22,0.53
31755,52,177,3.12
31756,0,27,0.44
31757,65,510,0.66
31758,0,143,3.15
31759,308,328,0.43
31760,371,420,1.00
31761,23,31,0.48
31762,0,98,3.75
31763,11,250,3.87
31764,155,176,0.34
31765,136,146,0.37
31766,233,255,0.25
31767,20,139,5.28
31768,88,90,0.18
31769,71,76,0.16
31770,38,93,3.24
31771,0,591,0.38
31772,0,101,4.49
31773,404,462,0.51
31774,138,183,0.35
31775,126,233,0.28
31776,0,0,0.00
31777,38,25,1.48
31778,0,62,2.08
31779,61,17,1.96
31780,22,49,2.01
31781,41,0,0.00
31782,0,19,1.41
31783,88,13,0.16
31784,126,174,0.40
31785,0,118,2.07
31786,0,45,2.56
31787,0,18,0.68
31788,786,841,1.22
31789,153,179,1.02
31790,157,180,1.18
31791,112,115,0.21
31792,0,100,3.55
31793,146,167,0.40
31794,82,111,1.07
31795,210,212,0.80
31796,172,18,0.55
31797,775,776,0.34
31798,93,93,0.15
31799,0,70,3.25
31800,149,149,0.19
31801,29,121,1.86
31802,27,182,3.41
31803,408,442,1.06
31804,0,32,1.00
31805,516,217,0.41
31806,139,750,1.25
31807,0,63,0.95
31808,101,115,0.23
31809,327,330,0.96
31810,178,180,0.44
31811,453,501,0.47
31812,19,134,2.75
31813,0,116,2.42
31814,20,150,3.31
31815,123,19,1.27
31816,80,105,0.40
31817,196,13,0.12
31818,133,150,0.26
31819,284,291,0.41
31820,0,38,1.39
31821,113,233,1.55
31822,0,262,5.14
31823,144,153,0.29
31824,216,242,0.58
31825,31,13,0.16
31826,0,42,1.11
31827,107,107,0.31
31828,387,417,0.30
31829,0,120,1.02
31830,100,108,0.56
31831,0,778,0.85
31832,83,83,0.14
31833,132,114,0.12
31834,0,38,1.66
31835,55,51,2.36
31836,0,65,2.07
31837,16,45,1.92
31838,43,19,0.41
31839,137,139,0.43
31840,0,124,4.04
31841,17,18,0.53
31842,0,207,4.38
31843,26,0,0.00
31844,0,144,3.61
31845,191,202,0.48
31846,0,22,0.45
31847,350,1028,5.77
31848,87,103,0.52
31849,100,103,0.27
31850,172,176,0.42
31851,0,182,3.35
31852,0,168,3.97
31853,0,0,0.00
31854,775,1247,0.82
31855,0,36,1.27
31856,15,25,0.29
31857,203,251,0.49
31858,0,58,2.89
31859,0,36,0.90
31860,152,165,0.52
31861,165,174,0.56
31862,0,135,5.15
31863,202,213,0.28
31864,124,156,0.29
31865,12,83,4.53
31866,76,84,0.55
31867,0,130,1.02
31868,196,210,0.34
31869,209,226,0.53
31870,0,133,3.21
31871,27,68,1.63
31872,36,153,2.90
31873,481,1004,1.47
31874,50,14,0.28
31875,0,77,4.07
31876,156,167,0.52
31877,16,104,4.31
31878,0,138,6.88
31879,45,23,1.08
31880,17,184,4.44
31881,305,331,1.02
31882,0,120,2.47
31883,46,171,3.95
31884,198,205,0.29
31885,103,130,0.34
31886,0,98,2.37
31887,0,59,2.40
31888,79,18,0.24
31889,0,42,2.49
31890,192,204,0.33
31891,213,218,0.38
31892,24,26,1.42
31893,0,152,3.52
31894,13,44,0.12
31895,276,284,0.33
31896,179,200,0.49
31897,79,88,0.55
31898,65,27,0.41
31899,28,151,3.36
31900,18,26,0.56
31901,0,22,1.43
31902,0,71,3.42
31903,0,81,3.06
31904,194,529,0.93
31905,718,948,0.50
31906,119,120,0.16
31907,215,602,1.25
31908,189,191,0.42
31909,156,160,0.25
31910,0,130,3.73
31911,37,199,5.63
31912,28,201,4.47
31913,42,184,3.15
31914,0,153,4.37
31915,0,68,4.19
31916,19,55,1.58
31917,26,75,2.15
31918,0,27,0.46
31919,0,47,2.43
31920,0,19,0.58
31921,172,20,0.42
31922,30,52,2.28
31923,77,32,1.35
31924,27,73,3.45
31925,26,100,1.57
31926,55,60,0.47
31927,445,666,0.88
31928,0,63,5.41
31929,52,41,2.47
31930,14,20,0.49
31931,16,15,0.28
31932,287,323,0.40
31933,0,17,0.50
31934,0,0,0.00
31935,0,107,6.46
31936,248,244,0.96
31937,568,627,0.99
31938,0,99,4.21
31939,40,13,0.55
31940,0,44,0.13
31941,174,198,0.35
31942,0,102,3.55
31943,36,0,0.00
31944,157,227,0.66
31945,29,159,4.47
31946,0,145,3.17
31947,0,20,0.49
31948,160,14,0.43
31949,262,315,0.71
31950,241,283,0.27
31951,275,302,0.23
31952,14,14,0.56
31953,18,20,1.02
31954,0,31,1.88
31955,339,0,0.00
31956,0,19,0.57
31957,0,89,2.07
31958,82,86,0.38
31959,66,81,0.53
31960,24,116,4.07
31961,287,331,0.38
31962,0,0,0.00
31963,174,336,0.43
31964,46,47,0.29
31965,231,257,0.42
31966,0,139,4.74
31967,24,17,1.01
31968,44,187,6.39
31969,14,129,3.30
31970,314,349,0.48
31971,111,253,0.88
31972,0,42,2.36
31973,19,24,2.00
31974,19,24,1.16
31975,99,112,0.46
31976,0,85,0.29
31977,0,137,4.07
31978,16,33,2.02
31979,12,27,0.48
31980,0,121,2.41
31981,0,134,6.33
31982,71,32,1.69
31983,119,131,0.47
31984,105,212,0.36
31985,0,65,1.83
31986,68,47,1.52
31987,86,87,0.21
31988,74,88,0.48
31989,46,166,2.39
31990,41,33,0.59
31991,83,84,0.15
31992,165,123,0.43
31993,0,115,3.80
31994,35,21,0.72
31995,16,25,0.77
31996,137,154,0.40
31997,15,128,2.82
31998,22,15,0.33
31999,43,32,1.33
32000,0,160,5.07
32001,101,262,3.63
32002,0,42,1.48
32003,17,21,0.55
32004,190,21,0.93
32005,84,84,0.13
32006,80,0,0.00
32007,21,29,0.85
32008,15,159,4.20
32009,0,14,0.37
32010,94,17,1.28
32011,204,261,0.44
32012,0,157,2.81
32013,15,35,1.41
32014,55,28,2.50
32015,32,21,1.18
32016,144,156,0.31
32017,22,328,2.59
32018,13,156,2.25
32019,0,141,4.28
32020,225,240,0.27
32021,14,46,2.75
32022,0,75,3.05
32023,50,16,0.69
32024,21,166,7.33
32025,46,15,0.60
32026,0,54,1.82
32027,157,0,0.00
32028,312,1457,2.17
32029,345,356,0.40
32030,0,106,5.48
32031,54,17,0.28
32032,28,102,3.03
32033,0,35,1.21
32034,58,79,0.43
32035,505,531,1.18
32036,0,52,2.48
32037,13,24,1.37
32038,54,26,1.65
32039,0,21,0.37
32040,0,136,3.48
32041,145,155,0.42
32042,22,73,3.51
32043,14,25,0.98
32044,0,25,1.99
32045,22,192,3.98
32046,33,32,1.98
32047,170,173,0.80
32048,59,105,0.65
32049,75,163,5.51
32050,87,98,0.80
32051,0,143,2.39
32052,44,67,0.42
32053,381,648,0.60
32054,12,152,2.03
32055,0,287,0.86
32056,25,88,3.30
32057,268,286,0.36
32058,532,563,1.13
32059,29,134,3.21
32060,145,145,0.22
32061,302,345,0.34
32062,181,313,0.47
32063,0,137,2.52
32064,33,92,3.98
32065,353,431,0.31
32066,0,104,2.07
32067,222,712,1.14
32068,54,15,0.97
32069,0,53,0.85
32070,12,23,1.41
32071,0,0,0.00
32072,189,280,0.39
32073,126,150,0.38
32074,79,42,2.15
32075,22,77,2.42
32076,95,13,1.46
32077,97,100,0.37
32078,88,911,1.06
32079,0,24,1.06
32080,171,349,0.54
32081,68,81,0.27
32082,132,132,0.29
32083,128,18,1.03
32084,13,18,1.55
32085,218,439,1.07
32086,112,113,0.17
32087,29,15,0.29
32088,0,39,1.73
32089,0,134,1.80
32090,23,28,1.52
32091,216,218,0.28
32092,34,41,0.28
32093,14,37,0.77
32094,444,481,0.43
32095,13,19,0.36
32096,182,443,0.69
32097,53,203,4.64
32098,492,806,0.54
32099,196,563,1.14
32100,27,28,1.46
32101,181,493,0.62
32102,0,54,1.42
32103,60,30,2.41
32104,96,99,0.33
32105,0,250,1.44
32106,30,138,4.02
32107,82,102,0.40
32108,0,140,2.19
32109,126,18,1.68
32110,0,32,1.90
32111,165,426,0.74
32112,36,104,3.39
32113,137,137,0.19
32114,0,97,3.01
32115,218,256,0.46
32116,0,32,1.19
32117,50,17,0.63
32118,35,23,1.31
32119,32,163,1.42
32120,179,181,0.69
32121,24,139,3.62
32122,129,165,0.59
32123,612,623,0.30
32124,78,83,0.15
32125,0,76,3.14
32126,62,62,0.10
32127,305,61,0.33
32128,28,51,1.35
32129,26,143,3.43
32130,33,108,5.34
32131,33,198,1.56
32132,0,59,1.53
32133,19,30,1.61
32134,164,262,0.54
32135,0,77,2.58
32136,188,293,0.40
32137,11,45,3.14
32138,147,149,0.18
32139,36,23,0.41
32140,20,98,3.55
32141,22,89,1.84
32142,15,22,1.61
32143,12,61,3.04
32144,20,90,2.31
32145,86,98,0.92
32146,68,36,1.14
32147,318,378,0.80
32148,0,121,4.08
32149,330,349,0.41
32150,164,17,0.19
32151,183,193,0.36
32152,13,103,3.05
32153,92,94,0.19
32154,20,39,0.51
32155,23,21,0.50
32156,16,22,1.52
32157,0,148,1.89
32158,36,30,2.01
32159,18,96,3.88
32160,229,257,0.55
32161,17,30,1.91
32162,136,288,0.28
32163,84,25,0.71
32164,0,32,0.55
32165,68,69,0.27
32166,21,33,0.91
32167,102,104,0.19
32168,0,108,2.50
32169,0,0,0.00
32170,29,22,0.34
32171,48,188,4.52
32172,0,23,0.67
32173,52,53,0.25
32174,14,87,1.81
32175,174,411,1.11
32176,66,224,1.61
32177,33,156,3.30
32178,20,36,1.33
32179,183,205,0.49
32180,0,81,1.83
32181,38,44,0.17
32182,180,185,0.39
32183,236,240,0.28
32184,186,178,0.51
32185,12,68,4.69
32186,0,94,2.26
32187,21,105,3.04
32188,247,256,0.32
32189,0,130,4.10
32190,423,447,0.89
32191,128,152,0.29
32192,13,83,2.50
32193,38,12,0.30
32194,16,440,1.82
32195,22,108,1.61
32196,59,16,0.26
32197,59,85,0.51
32198,76,87,0.16
32199,239,423,0.75
32200,25,49,1.60
32201,43,22,0.41
32202,13,121,5.15
32203,18,18,0.37
32204,0,23,1.54
32205,108,110,0.18
32206,45,14,1.09
32207,29,95,4.34
32208,23,49,2.30
32209,0,24,1.15
32210,71,71,0.11
32211,64,228,4.21
32212,13,52,3.02
32213,36,35,1.15
32214,12,32,0.48
32215,98,203,2.78
32216,0,26,1.34
32217,0,67,3.87
32218,105,152,1.14
32219,11,14,0.25
32220,0,28,0.92
32221,0,69,1.59
32222,0,583,0.42
32223,0,21,0.44
32224,0,123,2.89
32225,31,99,2.59
32226,563,661,1.11
32227,24,43,1.47
32228,397,409,0.39
32229,17,148,3.55
32230,110,422,0.59
32231,192,235,0.28
32232,84,94,0.16
32233,87,166,0.61
32234,0,126,2.87
32235,155,266,0.36
32236,129,145,0.40
32237,71,22,0.40
32238,119,136,0.39
32239,37,21,0.35
32240,175,176,0.77
32241,65,61,2.81
32242,0,47,0.74
32243,229,382,0.49
32244,113,16,1.07
32245,101,15,0.44
32246,608,685,1.12
32247,0,98,3.02
32248,14,210,3.77
32249,25,43,3.47
32250,57,67,0.53
32251,19,69,1.70
32252,25,14,0.48
32253,448,1421,6.94
32254,0,23,0.75
32255,214,407,0.45
32256,0,31,0.59
32257,0,137,2.19
32258,12,12,0.13
32259,0,89,3.86
32260,0,20,0.79
32261,65,68,0.04
32262,133,133,0.29
32263,22,42,2.30
32264,721,13,0.22
32265,38,171,2.91
32266,51,39,3.37
32267,0,140,3.19
32268,17,217,0.47
32269,0,117,6.46
32270,42,29,0.46
32271,32,21,0.41
32272,15,35,1.07
32273,84,89,0.20
32274,0,574,1.98
32275,189,410,1.16
32276,28,20,1.23
32277,28,161,3.48
32278,0,106,2.49
32279,74,76,0.32
32280,0,50,0.79
32281,26,35,2.85
32282,254,264,1.08
32283,0,118,2.91
32284,184,202,0.67
32285,0,45,0.78
32286,0,82,1.83
32287,56,179,4.10
32288,0,149,4.50
32289,0,33,2.01
32290,123,124,0.16
32291,15,88,2.45
32292,128,128,0.19
32293,99,132,0.49
32294,357,163,0.32
32295,0,129,4.09
32296,18,225,0.98
32297,0,33,0.89
32298,195,449,0.94
32299,139,797,1.13
32300,434,488,0.98
32301,0,153,3.52
32302,229,281,0.33
32303,163,176,0.27
32304,0,151,4.32
32305,115,123,0.46
32306,137,535,1.19
32307,31,17,0.66
32308,14,468,0.69
32309,0,62,1.81
32310,36,152,2.79
32311,0,42,1.64
32312,190,580,1.01
32313,65,66,0.16
32314,90,235,1.66
32315,0,119,4.67
32316,46,44,2.36
32317,0,56,2.74
32318,46,17,0.47
32319,0,40,0.89
32320,220,407,0.42
32321,55,28,0.68
32322,16,31,0.94
32323,0,0,0.00
32324,21,36,1.04
32325,300,347,1.32
32326,131,135,0.28
32327,0,134,3.33
32328,0,108,0.09
32329,411,445,0.77
32330,72,217,0.89
32331,0,143,2.51
32332,0,0,0.00
32333,0,154,3.34
32334,18,59,3.94
32335,26,133,5.64
32336,54,54,0.33
32337,212,563,1.09
32338,129,121,0.65
32339,0,16,0.37
32340,22,61,2.03
32341,626,684,1.11
32342,118,124,0.36
32343,0,62,1.22
32344,69,84,1.95
32345,151,824,0.49
32346,246,750,0.93
32347,21,47,1.46
32348,73,90,0.29
32349,219,20,0.77
32350,31,35,1.49
32351,13,135,2.59
32352,63,63,0.13
32353,22,96,3.97
32354,57,71,0.08
32355,157,159,0.53
32356,51,59,0.24
32357,0,110,1.78
32358,148,16,0.27
32359,20,133,2.54
32360,27,370,0.57
32361,31,377,0.86
32362,164,178,0.42
32363,153,569,0.79
32364,19,27,0.69
32365,111,16,0.79
32366,0,55,1.18
32367,121,124,0.15
32368,0,49,2.69
32369,118,125,0.49
32370,38,194,1.46
32371,18,18,0.32
32372,123,126,0.21
32373,62,61,0.56
32374,23,193,8.66
32375,230,240,0.43
32376,18,100,3.73
32377,207,441,0.77
32378,0,129,2.83
32379,224,584,1.28
32380,0,23,1.75
32381,183,196,0.38
32382,158,161,0.53
32383,59,19,0.36
32384,0,25,2.86
32385,63,31,0.51
32386,156,20,0.46
32387,0,86,2.28
32388,16,43,0.68
32389,34,19,0.59
32390,43,25,0.98
32391,0,166,3.99
32392,0,112,3.32
32393,10,88,3.76
32394,0,172,5.14
32395,49,49,0.11
32396,0,33,2.19
32397,0,0,0.00
32398,24,185,6.31
32399,33,138,4.25
32400,0,58,2.22
32401,378,397,0.34
32402,73,19,1.47
32403,223,226,0.42
32404,280,319,0.33
32405,22,32,0.37
32406,87,234,1.04
32407,54,210,4.90
32408,0,93,3.24
32409,27,39,0.62
32410,25,66,2.02
32411,51,53,0.13
32412,36,18,0.62
32413,0,33,1.54
32414,20,91,2.27
32415,37,72,0.69
32416,31,17,0.53
32417,43,187,5.17
32418,78,17,0.51
32419,20,147,3.54
32420,0,111,4.86
32421,41,39,1.02
32422,18,128,3.16
32423,128,150,0.56
32424,138,200,0.42
32425,214,251,0.34
32426,0,24,1.91
32427,0,117,2.23
32428,279,291,0.54
32429,0,74,1.57
32430,24,194,2.70
32431,248,469,0.40
32432,17,102,3.49
32433,37,24,0.55
32434,139,16,0.39
32435,50,193,3.62
32436,32,99,2.02
32437,137,140,0.39
32438,62,18,1.23
32439,65,27,2.30
32440,0,142,5.47
32441,53,22,0.39
32442,15,33,0.68
32443,239,296,1.02
32444,272,299,0.31
32445,61,73,0.91
32446,22,53,1.77
32447,15,144,4.93
32448,0,21,1.14
32449,176,176,0.64
32450,129,129,0.20
32451,28,43,2.17
32452,16,13,0.67
32453,0,142,6.51
32454,14,27,0.44
32455,0,59,0.35
32456,0,135,7.47
32457,156,157,0.21
32458,37,162,5.58
32459,202,210,1.09
32460,18,121,4.51
32461,229,224,0.95
32462,30,23,0.61
32463,32,47,1.03
32464,0,50,2.55
32465,40,27,1.45
32466,22,19,0.05
32467,20,14,0.87
32468,0,22,0.42
32469,33,167,7.09
32470,84,30,1.23
32471,46,53,0.28
32472,19,48,1.60
32473,15,147,5.58
32474,18,37,0.78
32475,18,38,2.43
32476,0,152,3.19
32477,139,148,0.37
32478,111,0,0.00
32479,83,83,0.22
32480,16,80,2.30
32481,86,95,0.47
32482,22,172,4.98
32483,88,208,0.96
32484,0,112,2.37
32485,228,233,0.49
32486,77,78,0.12
32487,0,130,4.97
32488,57,115,3.00
32489,18,25,1.97
32490,79,79,0.11
32491,31,125,3.94
32492,38,48,0.49
32493,0,120,2.52
32494,113,113,0.19
32495,0,20,0.46
32496,19,67,1.75
32497,14,102,1.50
32498,57,66,0.42
32499,51,25,0.43
32500,15,134,3.70
32501,247,19,0.14
32502,0,28,0.91
32503,105,107,0.18
32504,143,471,1.11
32505,15,90,4.17
32506,183,184,0.34
32507,42,20,0.96
32508,437,1299,10.90
32509,18,144,3.37
32510,120,127,0.27
32511,0,43,1.14
32512,44,45,0.22
32513,262,279,0.30
32514,0,38,1.06
32515,53,0,0.00
32516,268,303,0.33
32517,0,17,0.56
32518,108,341,0.30
32519,21,96,3.88
32520,86,87,0.18
32521,362,381,0.65
32522,19,63,4.44
32523,62,63,0.19
32524,376,400,0.31
32525,21,0,0.00
32526,95,197,0.95
32527,42,24,0.54
32528,0,143,5.29
32529,14,98,2.61
32530,0,49,1.38
32531,173,173,0.36
32532,22,35,1.28
32533,132,151,0.41
32534,21,153,0.69
32535,278,300,0.29
32536,22,48,1.30
32537,256,102,0.67
32538,590,798,1.12
32539,15,0,0.00
32540,18,28,2.18
32541,35,21,0.30
32542,186,26,0.16
32543,347,369,0.34
32544,548,597,1.11
32545,100,103,0.15
32546,0,81,5.34
32547,41,117,4.69
32548,16,77,2.43
32549,0,106,4.96
32550,227,843,1.19
32551,16,18,1.39
32552,0,56,1.44
32553,210,17,0.03
32554,193,226,0.95
32555,0,0,0.00
32556,0,16,0.43
32557,42,21,0.43
32558,0,126,2.63
32559,0,216,1.44
32560,57,19,0.42
32561,21,333,1.13
32562,0,89,5.11
32563,0,38,2.52
32564,128,154,0.33
32565,251,268,0.52
32566,0,30,1.38
32567,39,54,0.55
32568,146,146,0.23
32569,21,0,0.00
32570,18,19,0.37
32571,62,40,2.85
32572,0,129,4.55
32573,23,147,4.28
32574,0,130,7.11
32575,128,128,0.17
32576,20,23,2.29
32577,65,70,0.17
32578,20,30,1.03
32579,0,114,4.04
32580,103,104,0.17
32581,209,211,0.69
32582,207,504,1.13
32583,129,129,0.18
32584,320,327,0.37
32585,136,240,0.95
32586,0,144,5.32
32587,0,144,1.83
32588,159,162,0.19
32589,0,126,0.41
32590,44,58,1.55
32591,19,29,0.88
32592,151,132,0.37
32593,41,82,2.80
32594,855,879,0.40
32595,0,209,0.21
32596,0,45,0.27
32597,0,65,2.15
32598,96,122,0.87
32599,0,0,0.00
32600,16,22,1.63
32601,0,77,1.99
32602,168,170,0.27
32603,98,32,0.55
32604,102,178,0.53
32605,234,252,0.59
32606,161,138,0.57
32607,0,133,2.45
32608,19,28,0.95
32609,0,199,4.41
32610,0,65,1.38
32611,113,114,0.14
32612,58,21,0.91
32613,0,64,3.88
32614,52,201,3.91
32615,338,347,0.29
32616,0,22,0.53
32617,0,101,5.84
32618,11,38,0.90
32619,231,427,2.20
32620,0,24,0.35
32621,91,91,0.39
32622,26,60,3.40
32623,76,134,0.27
32624,55,19,1.34
32625,175,210,0.31
32626,167,196,0.38
32627,23,20,0.62
32628,0,133,1.93
32629,16,156,4.09
32630,158,318,2.04
32631,197,546,1.11
32632,167,402,1.08
32633,216,301,0.27
32634,18,153,4.48
32635,18,49,4.06
32636,0,21,0.71
32637,14,36,1.00
32638,145,153,0.47
32639,39,182,3.21
32640,59,149,3.88
32641,89,119,0.34
32642,132,143,0.33
32643,0,134,5.68
32644,175,193,0.58
32645,139,145,0.39
32646,106,114,0.83
32647,21,102,0.71
32648,253,488,0.74
32649,0,38,1.41
32650,178,191,0.18
32651,40,16,0.65
32652,0,147,3.41
32653,78,17,0.23
32654,0,0,0.00
32655,130,135,0.35
32656,64,34,1.89
32657,0,162,2.03
32658,0,138,5.42
32659,200,201,0.35
32660,76,77,0.12
32661,12,77,2.60
32662,0,134,9.11
32663,81,247,0.54
32664,201,204,0.68
32665,190,204,0.33
32666,302,332,0.27
32667,52,17,0.50
32668,0,95,3.70
32669,158,170,0.53
32670,539,560,1.08
32671,79,33,1.50
32672,23,138,2.81
32673,72,210,5.12
32674,0,64,1.59
32675,229,230,0.82
32676,0,2207,5.19
32677,23,87,4.61
32678,179,186,0.53
32679,194,208,0.56
32680,0,116,5.42
32681,27,20,0.37
32682,94,102,0.34
32683,0,75,1.98
32684,254,287,0.25
32685,227,257,0.26
32686,25,94,2.30
32687,161,180,0.29
32688,128,138,0.18
32689,16,46,1.02
32690,0,152,3.80
32691,142,168,0.49
32692,0,97,3.10
32693,205,34,1.02
32694,0,151,0.52
32695,0,67,1.99
32696,78,79,0.26
32697,133,134,0.21
32698,214,216,0.51
32699,184,207,0.33
32700,383,411,0.34
32701,0,0,0.00
32702,0,71,2.42
32703,0,100,2.75
32704,117,118,0.35
32705,22,45,1.59
32706,0,197,4.68
32707,143,12,0.19
32708,25,58,2.06
32709,19,16,0.52
32710,28,59,4.84
32711,208,320,0.30
32712,0,0,0.00
32713,131,137,0.27
32714,64,19,0.51
32715,368,393,1.48
32716,0,39,2.93
32717,586,615,1.10
32718,0,19,1.22
32719,110,111,0.17
32720,19,19,0.53
32721,252,14,0.41
32722,0,42,1.31
32723,0,135,2.20
32724,163,171,0.43
32725,0,198,0.68
32726,480,673,1.83
32727,15,18,1.36
32728,49,73,0.31
32729,46,32,0.61
32730,0,46,2.53
32731,71,31,0.66
32732,112,25,0.24
32733,0,103,2.40
32734,190,191,0.40
32735,18,15,0.30
32736,138,141,0.35
32737,0,17,0.61
32738,0,29,0.48
32739,18,43,0.94
32740,209,238,0.50
32741,42,21,0.46
32742,131,162,0.58
32743,25,56,1.16
32744,16,144,8.27
32745,185,245,0.32
32746,52,163,4.19
32747,244,269,0.25
32748,0,135,3.19
32749,21,75,3.42
32750,12,127,1.86
32751,0,147,3.88
32752,579,649,1.10
32753,51,51,0.11
32754,212,376,0.58
32755,111,126,1.07
32756,0,67,3.68
32757,663,828,1.12
32758,0,53,2.46
32759,0,58,2.05
32760,22,63,1.74
32761,180,194,0.46
32762,21,121,8.36
32763,0,16,0.55
32764,29,42,3.25
32765,58,138,2.07
32766,157,153,0.35
32767,44,175,3.29
32768,0,121,3.10
32769,46,59,4.25
32770,104,106,0.43
32771,1223,16,0.15
32772,31,29,0.73
32773,0,15,0.23
32774,81,84,0.13
32775,77,78,0.17
32776,0,70,1.49
32777,213,243,0.49
32778,40,24,0.55
32779,52,86,0.23
32780,182,471,1.05
32781,32,92,0.42
32782,18,21,0.61
32783,209,18,0.38
32784,134,156,0.36
32785,333,335,0.32
32786,19,42,1.23
32787,15,126,6.15
32788,0,119,2.63
32789,37,18,0.52
32790,165,24,0.34
32791,0,150,4.80
32792,44,192,4.24
32793,49,117,3.98
32794,37,41,0.66
32795,0,110,2.44
32796,22,148,2.05
32797,18,72,1.02
32798,0,152,4.47
32799,0,61,1.90
32800,311,563,0.49
32801,0,154,3.11
32802,153,153,0.19
32803,77,44,4.56
32804,0,40,2.02
32805,92,14,0.18
32806,0,15,0.78
32807,26,16,0.41
32808,0,30,4.05
32809,243,287,0.45
32810,138,140,0.29
32811,0,142,3.33
32812,16,164,3.04
32813,222,441,1.11
32814,0,21,0.40
32815,43,25,0.09
32816,0,57,1.11
32817,101,170,0.98
32818,154,166,0.62
32819,22,131,6.87
32820,72,74,0.17
32821,143,436,1.11
32822,142,275,0.52
32823,20,127,2.64
32824,38,52,0.72
32825,60,28,0.42
32826,16,129,2.40
32827,0,45,1.79
32828,0,0,0.00
32829,0,151,2.80
32830,39,178,6.81
32831,0,32,0.67
32832,0,50,0.91
32833,173,448,1.01
32834,69,71,0.17
32835,467,493,0.60
32836,18,24,1.37
32837,33,17,0.43
32838,188,550,1.19
32839,66,84,0.48
32840,19,174,2.49
32841,0,145,4.55
32842,16,89,3.46
32843,16,147,3.39
32844,17,31,2.27
32845,15,0,0.00
32846,69,31,1.75
32847,60,19,1.17
32848,405,427,1.04
32849,0,48,2.00
32850,17,31,1.36
32851,0,21,1.25
32852,225,233,0.25
32853,32,106,3.19
32854,20,31,0.35
32855,91,23,1.42
32856,35,66,3.85
32857,0,45,2.56
32858,61,196,4.19
32859,11,18,0.59
32860,119,122,0.19
32861,101,15,0.33
32862,22,141,3.72
32863,0,35,0.30
32864,144,154,0.37
32865,78,33,1.25
32866,36,154,0.47
32867,105,107,0.27
32868,22,90,2.49
32869,11,160,0.48
32870,104,107,0.37
32871,36,19,0.76
32872,516,572,1.09
32873,0,130,2.21
32874,18,24,0.43
32875,163,285,0.31
32876,18,82,2.92
32877,419,16,0.08
32878,231,560,0.95
32879,126,35,1.66
32880,0,105,3.56
32881,0,62,0.47
32882,0,34,0.78
32883,0,132,2.10
32884,0,32,1.57
32885,0,22,0.77
32886,0,17,0.39
32887,132,151,0.58
32888,139,141,0.18
32889,0,85,2.22
32890,41,24,0.67
32891,0,0,0.00
32892,113,121,0.42
32893,0,26,0.41
32894,227,232,0.74
32895,0,15,0.63
32896,77,31,1.57
32897,0,23,0.50
32898,252,258,0.90
32899,13,86,1.96
32900,0,43,1.71
32901,124,324,0.62
32902,207,17,0.60
32903,0,45,2.51
32904,0,108,3.43
32905,0,26,0.55
32906,0,114,3.14
32907,0,99,3.11
32908,224,311,1.46
32909,52,24,0.66
32910,21,61,5.30
32911,0,61,3.88
32912,55,84,2.62
32913,88,88,0.14
32914,21,186,2.16
32915,38,104,2.02
32916,0,129,4.81
32917,175,182,0.47
32918,180,186,0.28
32919,0,0,0.00
32920,0,104,1.13
32921,153,18,0.30
32922,84,165,0.67
32923,21,33,1.97
32924,0,172,3.43
32925,47,171,4.38
32926,0,156,2.71
32927,408,18,0.20
32928,14,22,1.44
32929,135,159,0.39
32930,171,172,0.31
32931,186,194,0.41
32932,0,14,0.74
32933,272,279,0.28
32934,108,118,0.52
32935,132,158,0.30
32936,0,45,1.62
32937,0,21,0.95
32938,44,181,3.19
32939,0,105,1.68
32940,0,42,1.64
32941,69,79,0.27
32942,20,65,3.06
32943,120,123,0.14
32944,208,209,0.74
32945,157,21,3.36
32946,42,14,1.17
32947,24,189,3.17
32948,196,222,0.30
32949,13,137,2.98
32950,276,304,0.31
32951,26,17,0.40
32952,0,26,0.93
32953,0,26,0.50
32954,158,168,0.67
32955,0,173,0.90
32956,280,298,1.12
32957,24,30,1.71
32958,115,115,0.24
32959,105,115,0.27
32960,0,21,1.37
32961,71,16,0.27
32962,259,297,0.87
32963,516,13,0.19
32964,203,413,0.44
32965,51,36,2.44
32966,0,33,1.73
32967,38,32,2.48
32968,12,42,0.92
32969,0,109,4.62
32970,47,23,0.54
32971,0,98,5.16
32972,0,93,0.27
32973,90,96,0.34
32974,89,92,0.20
32975,477,546,1.26
32976,29,112,3.59
32977,37,31,1.01
32978,22,172,1.96
32979,0,144,3.23
32980,38,167,4.06
32981,39,178,2.68
32982,355,397,0.27
32983,18,152,3.41
32984,23,109,2.99
32985,34,74,2.50
32986,0,126,4.30
32987,166,173,0.23
32988,472,472,1.07
32989,17,121,5.99
32990,33,25,0.46
32991,50,75,2.16
32992,0,139,7.07
32993,120,153,0.46
32994,394,423,1.68
32995,191,199,0.32
32996,0,58,1.09
32997,131,144,0.37
32998,100,100,0.18
32999,20,175,3.08
33000,15,128,7.68
33001,193,195,0.40
33002,128,130,0.20
33003,111,114,0.21
33004,0,153,3.70
33005,15,177,2.79
33006,0,146,2.20
33007,21,32,0.59
33008,222,225,0.77
33009,17,16,0.51
33010,0,76,2.50
33011,230,231,0.59
33012,14,135,3.41
33013,56,22,0.45
33014,113,114,0.16
33015,123,145,0.69
33016,0,161,2.18
33017,33,148,3.74
33018,206,211,0.37
33019,0,22,0.30
33020,16,25,1.63
33021,305,431,0.24
33022,60,213,3.18
33023,0,64,1.17
33024,193,253,0.40
33025,0,36,1.78
33026,51,18,0.49
33027,45,198,3.55
33028,32,69,2.51
33029,58,23,0.73
33030,0,0,0.00
33031,119,133,0.54
33032,0,126,3.22
33033,23,46,2.47
33034,0,181,0.60
33035,29,154,4.79
33036,57,16,1.02
33037,221,273,0.30
33038,0,38,2.17
33039,0,91,3.58
33040,323,327,0.28
33041,422,441,0.65
33042,26,151,2.45
33043,0,143,2.05
33044,281,323,0.32
33045,0,41,1.62
33046,0,144,2.83
33047,14,148,4.51
33048,53,55,0.31
33049,0,22,1.50
33050,28,43,1.55
33051,116,124,0.17
33052,98,117,0.36
33053,223,33,1.97
33054,42,145,3.32
33055,16,309,0.66
33056,0,13,0.78
33057,66,25,1.63
33058,0,21,1.04
33059,167,292,0.35
33060,26,149,3.23
33061,166,210,0.24
33062,218,247,1.56
33063,97,26,1.61
33064,0,29,2.03
33065,105,124,0.37
33066,11,12,0.31
33067,242,429,1.11
33068,182,184,0.57
33069,38,38,0.09
33070,70,72,0.12
33071,29,17,1.88
33072,0,72,1.26
33073,17,107,2.61
33074,113,129,0.52
33075,0,48,1.85
33076,63,11,0.12
33077,130,131,0.14
33078,0,32,0.72
33079,232,235,0.76
33080,0,68,3.72
33081,44,16,1.30
33082,49,20,1.61
33083,21,112,1.97
33084,119,139,0.27
33085,13,76,3.23
33086,26,56,2.66
33087,13,121,4.53
33088,213,216,0.23
33089,0,29,1.66
33090,0,0,0.00
33091,15,76,2.97
33092,0,25,0.45
33093,75,82,0.15
33094,16,228,0.52
33095,20,155,2.36
33096,0,26,1.71
33097,134,136,0.34
33098,103,109,0.59
33099,171,17,1.15
33100,0,186,0.48
33101,107,112,0.85
33102,0,72,5.00
33103,167,42,0.11
33104,15,49,0.91
33105,42,68,2.53
33106,0,152,4.57
33107,0,0,0.00
33108,206,215,0.36
33109,0,141,5.68
33110,48,184,4.16
33111,130,137,0.43
33112,116,136,0.48
33113,119,122,0.69
33114,11,181,3.83
33115,0,25,1.98
33116,70,85,0.41
33117,0,16,0.46
33118,28,122,4.07
33119,13,22,0.62
33120,38,147,3.42
33121,289,359,2.71
33122,206,208,0.90
33123,47,193,6.58
33124,0,33,1.80
33125,201,206,0.58
33126,0,332,0.99
33127,254,264,0.53
33128,14,58,2.50
33129,26,124,3.68
33130,193,224,1.54
33131,14,136,3.01
33132,0,13,0.33
33133,127,130,0.34
33134,27,47,3.33
33135,0,0,0.00
33136,67,26,0.64
33137,16,106,2.93
33138,128,128,0.18
33139,104,248,0.39
33140,52,185,3.32
33141,0,34,1.56
33142,148,288,0.54
33143,90,22,0.46
33144,0,35,1.45
33145,115,200,0.44
33146,17,45,0.82
33147,34,43,0.54
33148,26,26,0.78
33149,0,134,2.32
33150,0,66,2.42
33151,158,175,0.58
33152,0,138,2.23
33153,80,14,0.45
33154,251,462,0.43
33155,223,256,0.23
33156,49,80,0.40
33157,93,24,0.54
33158,15,31,1.37
33159,23,25,0.36
33160,432,743,0.33
33161,0,124,3.90
33162,28,100,4.05
33163,350,744,0.43
33164,12,23,1.25
33165,71,73,0.29
33166,386,585,0.62
33167,347,983,0.48
33168,33,0,0.00
33169,0,130,6.71
33170,109,110,0.26
33171,589,628,1.07
33172,14,28,0.76
33173,0,152,4.72
33174,100,128,0.44
33175,13,31,0.78
33176,17,24,0.38
33177,450,503,1.10
33178,0,12,1.04
33179,203,482,1.05
33180,18,25,1.30
33181,20,138,3.96
33182,100,114,0.34
33183,21,167,5.06
33184,17,48,1.30
33185,486,494,0.28
33186,0,138,0.33
33187,0,39,0.96
33188,10,13,0.24
33189,41,18,0.35
33190,355,364,0.32
33191,631,634,0.32
33192,0,153,5.18
33193,36,11,0.07
33194,121,139,0.30
33195,186,188,0.81
33196,236,266,0.48
33197,277,305,0.50
33198,132,169,0.33
33199,200,291,0.35
33200,35,32,1.96
33201,0,137,3.93
33202,19,137,0.49
33203,49,158,2.28
33204,127,141,0.47
33205,0,226,0.24
33206,218,220,0.38
33207,0,141,2.84
33208,148,164,0.54
33209,108,109,0.21
33210,173,373,0.47
33211,0,130,2.27
33212,0,43,0.81
33213,60,25,1.87
33214,20,59,2.47
33215,0,40,1.54
33216,111,112,0.30
33217,55,27,2.28
33218,28,281,0.82
33219,114,560,4.22
33220,104,121,0.44
33221,0,41,3.31
33222,49,105,1.00
33223,19,26,0.62
33224,17,54,1.48
33225,127,162,0.33
33226,20,20,0.33
33227,426,460,1.15
33228,76,76,0.21
33229,17,43,2.51
33230,47,74,0.27
33231,74,75,0.13
33232,0,41,1.50
33233,333,328,1.02
33234,0,28,1.33
33235,64,66,0.24
33236,34,50,4.08
33237,20,42,2.46
33238,351,0,0.00
33239,203,459,1.14
33240,14,19,0.28
33241,0,0,0.00
33242,66,77,0.21
33243,270,517,0.57
33244,43,32,0.95
33245,137,211,0.96
33246,0,20,1.89
33247,124,144,0.52
33248,0,0,0.00
33249,0,38,1.45
33250,109,117,0.45
33251,184,14,0.36
33252,22,14,0.45
33253,289,491,0.80
33254,0,139,5.08
33255,0,40,0.23
33256,44,98,1.33
33257,52,18,0.58
33258,0,63,1.68
33259,29,135,0.65
33260,129,163,0.48
33261,0,32,0.77
33262,19,88,4.03
33263,271,302,1.06
33264,34,17,1.43
33265,0,119,3.57
33266,15,164,3.33
33267,86,18,1.59
33268,0,76,2.12
33269,319,324,1.09
33270,396,419,1.04
33271,0,38,0.99
33272,43,125,2.87
33273,18,17,0.25
33274,0,23,0.49
33275,0,32,1.10
33276,145,145,0.20
33277,150,249,0.96
33278,15,15,0.98
33279,110,137,1.68
33280,15,147,5.66
33281,486,0,0.00
33282,68,13,0.21
33283,11,146,1.91
33284,18,26,0.64
33285,256,293,0.31
33286,0,137,2.50
33287,461,579,0.44
33288,229,440,0.66
33289,35,39,1.82
33290,22,116,4.96
33291,107,111,0.10
33292,42,49,0.43
33293,223,242,0.39
33294,19,43,1.52
33295,92,94,0.20
33296,19,38,3.46
33297,0,100,2.51
33298,96,22,0.57
33299,18,33,0.59
33300,147,146,0.54
33301,454,485,1.20
33302,23,130,3.48
33303,21,161,1.73
33304,13,177,3.25
33305,18,28,0.46
33306,102,101,0.16
33307,261,2942,6.47
33308,28,113,2.73
33309,132,18,0.45
33310,135,849,1.24
33311,187,666,1.12
33312,0,149,3.47
33313,170,339,0.47
33314,186,546,1.14
33315,16,0,0.00
33316,165,1520,3.26
33317,18,112,3.10
33318,27,33,1.85
33319,11,223,2.51
33320,14,182,3.42
33321,27,161,2.40
33322,0,30,1.06
33323,175,179,0.35
33324,57,161,3.49
33325,23,44,1.67
33326,0,201,0.28
33327,237,404,1.42
33328,36,43,1.59
33329,79,82,0.13
33330,0,120,3.94
33331,140,151,0.28
33332,50,178,3.58
33333,23,105,1.71
33334,52,172,8.05
33335,0,100,2.23
33336,0,23,1.74
33337,34,26,0.79
33338,195,201,0.54
33339,29,194,2.47
33340,44,36,2.46
33341,15,129,3.03
33342,80,32,0.53
33343,299,332,1.06
33344,25,137,2.98
33345,50,22,2.45
33346,0,179,5.37
33347,34,49,0.34
33348,0,45,2.18
33349,15,74,1.36
33350,30,88,3.66
33351,101,111,1.00
33352,342,1628,2.18
33353,303,487,0.39
33354,28,25,0.50
33355,0,47,1.28
33356,27,120,3.75
33357,21,154,5.09
33358,64,206,3.19
33359,0,48,1.66
33360,123,21,0.44
33361,65,17,0.27
33362,110,120,0.20
33363,20,25,1.19
33364,17,33,0.35
33365,0,21,1.52
33366,0,175,4.29
33367,207,720,1.11
33368,29,27,1.58
33369,16,263,0.97
33370,319,338,1.07
33371,0,18,0.61
33372,422,430,0.71
33373,0,22,0.56
33374,16,143,1.90
33375,0,44,1.06
33376,130,131,0.21
33377,66,55,2.94
33378,167,307,0.34
33379,152,163,0.30
33380,0,89,4.61
33381,0,27,1.60
33382,66,16,0.44
33383,16,91,3.71
33384,34,162,4.08
33385,142,168,0.42
33386,0,29,0.51
33387,84,192,0.95
33388,0,37,1.97
33389,154,171,0.66
33390,80,19,1.71
33391,0,94,4.90
33392,18,26,1.56
33393,588,606,1.25
33394,0,130,3.33
33395,160,163,0.73
33396,135,154,0.32
33397,216,225,0.25
33398,15,158,3.23
33399,129,131,0.71
33400,13,20,0.70
33401,69,178,4.03
33402,100,131,0.51
33403,431,725,1.73
33404,0,109,5.20
33405,23,175,3.59
33406,178,18,0.95
33407,21,26,0.54
33408,210,258,0.98
33409,296,316,0.28
33410,178,178,0.27
33411,0,27,1.42
33412,0,1026,0.85
33413,30,23,0.69
33414,0,31,1.49
33415,38,37,1.26
33416,0,167,3.17
33417,46,28,0.82
33418,0,144,0.62
33419,89,26,0.49
33420,23,91,2.39
33421,26,174,5.69
33422,227,245,1.02
33423,26,81,4.84
33424,0,19,0.61
33425,18,14,0.38
33426,112,125,0.19
33427,190,34,1.66
33428,140,152,0.35
33429,130,20,0.43
33430,178,184,0.18
33431,140,141,0.24
33432,0,93,2.93
33433,123,20,0.27
33434,66,83,0.25
33435,326,612,0.32
33436,29,185,0.76
33437,73,14,0.42
33438,0,111,3.43
33439,174,176,0.59
33440,20,15,0.48
33441,19,21,0.63
33442,18,152,3.11
33443,161,23,0.52
33444,31,115,3.13
33445,38,41,0.14
33446,27,57,3.17
33447,16,20,0.54
33448,318,15,0.21
33449,13,194,3.82
33450,17,54,0.61
33451,70,71,0.14
33452,155,180,0.36
33453,172,375,0.78
33454,159,14,0.47
33455,0,0,0.00
33456,175,200,0.41
33457,41,49,0.36
33458,15,78,2.06
33459,0,34,1.58
33460,207,246,0.26
33461,218,321,0.47
33462,47,55,0.25
33463,194,458,2.56
33464,59,52,1.55
33465,51,22,0.47
33466,17,120,2.07
33467,334,21,0.43
33468,156,168,0.27
33469,154,478,1.11
33470,44,68,6.24
33471,0,67,1.67
33472,206,206,0.70
33473,208,220,0.43
33474,119,20,1.50
33475,12,20,0.57
33476,58,29,0.59
33477,0,21,1.12
33478,622,761,0.49
33479,459,462,0.28
33480,57,36,1.28
33481,22,37,0.45
33482,0,138,3.60
33483,29,98,2.63
33484,30,57,0.54
33485,82,84,0.18
33486,24,27,0.73
33487,613,625,2.00
33488,0,133,2.14
33489,0,46,1.01
33490,53,61,0.54
33491,171,201,0.62
33492,32,0,0.00
33493,12,160,3.20
33494,657,732,1.13
33495,12,48,2.63
33496,26,26,0.45
33497,100,102,0.23
33498,22,91,2.84
33499,52,31,1.86
33500,42,45,2.08
33501,0,121,1.96
33502,61,22,1.27
33503,271,295,0.25
33504,0,164,4.27
33505,83,175,0.48
33506,53,140,3.05
33507,0,98,3.23
33508,357,371,1.09
33509,31,216,2.32
33510,138,140,0.19
33511,14,137,4.35
33512,0,150,3.38
33513,266,300,0.38
33514,178,194,0.61
33515,0,126,3.19
33516,25,26,0.83
33517,30,25,1.21
33518,57,238,3.57
33519,30,51,2.51
33520,10,74,2.96
33521,235,393,2.05
33522,159,181,1.18
33523,17,154,3.12
33524,18,176,6.29
33525,23,23,0.40
33526,0,134,3.29
33527,17,133,5.89
33528,0,66,3.60
33529,27,91,2.83
33530,175,176,0.75
33531,302,348,1.13
33532,124,154,0.87
33533,0,34,2.26
33534,0,152,2.97
33535,266,595,1.26
33536,117,23,0.54
33537,70,70,0.34
33538,17,119,2.51
33539,44,16,0.63
33540,33,47,0.36
33541,137,401,1.07
33542,0,73,3.88
33543,20,89,3.50
33544,68,38,1.00
33545,265,268,0.77
33546,31,163,2.81
33547,18,31,1.64
33548,0,53,1.58
33549,35,13,0.53
33550,20,17,0.49
33551,62,21,0.39
33552,107,224,0.97
33553,27,69,1.71
33554,0,129,2.10
33555,0,33,1.48
33556,565,598,1.06
33557,67,182,1.92
33558,0,66,1.98
33559,33,185,4.96
33560,0,21,0.56
33561,32,19,0.50
33562,145,21,0.31
33563,44,32,0.45
33564,0,564,0.44
33565,0,123,4.27
33566,21,151,4.72
33567,43,180,5.05
33568,545,24,1.79
33569,46,23,0.39
33570,259,847,1.16
33571,25,15,0.40
33572,0,108,2.95
33573,120,174,0.46
33574,38,182,2.75
33575,89,103,0.34
33576,208,210,0.56
33577,49,96,0.49
33578,176,177,0.51
33579,17,34,0.97
33580,15,68,2.11
33581,13,89,0.47
33582,0,132,5.44
33583,112,112,0.33
33584,121,56,0.37
33585,119,128,0.21
33586,15,142,4.74
33587,177,177,0.36
33588,49,20,0.59
33589,27,22,0.50
33590,50,195,5.03
33591,218,423,1.38
33592,258,275,0.28
33593,38,148,3.24
33594,121,16,0.20
33595,0,15,0.33
33596,0,53,2.67
33597,298,312,0.29
33598,18,88,1.23
33599,101,252,0.97
33600,0,143,2.94
33601,327,341,0.51
33602,32,152,2.44
33603,72,52,5.47
33604,33,186,2.75
33605,20,105,4.18
33606,0,0,0.00
33607,19,112,3.95
33608,0,179,3.99
33609,0,17,1.27
33610,0,0,0.00
33611,39,135,3.98
33612,19,157,3.02
33613,0,29,1.61
33614,60,27,1.39
33615,0,97,2.21
33616,24,173,3.44
33617,0,112,2.28
33618,0,141,4.16
33619,112,0,0.00
33620,39,15,0.98
33621,21,157,2.96
33622,468,1014,1.66
33623,471,483,0.46
33624,16,50,0.74
33625,0,39,1.37
33626,32,30,1.37
33627,21,116,7.29
33628,28,92,3.46
33629,0,47,0.83
33630,26,456,2.60
33631,14,40,0.93
33632,89,98,0.42
33633,258,560,0.88
33634,13,50,2.87
33635,19,0,0.00
33636,62,189,4.13
33637,167,184,0.34
33638,20,164,1.85
33639,104,18,0.35
33640,18,41,2.82
33641,119,126,0.33
33642,103,114,0.37
33643,26,31,0.12
33644,0,162,3.10
33645,89,51,2.19
33646,93,94,0.12
33647,180,16,0.65
33648,78,12,0.20
33649,38,16,0.38
33650,22,44,4.59
33651,47,47,0.10
33652,19,29,0.82
33653,0,94,4.80
33654,175,284,0.38
33655,475,520,2.19
33656,17,43,0.91
33657,0,62,1.89
33658,244,364,3.92
33659,55,16,0.48
33660,183,187,0.70
33661,0,88,4.06
33662,0,124,5.41
33663,197,205,0.80
33664,657,692,1.22
33665,60,17,0.41
33666,16,31,0.58
33667,145,159,0.49
33668,0,31,0.53
33669,19,15,0.97
33670,44,313,0.77
33671,173,512,1.30
33672,347,391,1.02
33673,158,170,0.45
33674,93,96,0.34
33675,25,91,5.22
33676,543,575,0.88
33677,14,36,1.27
33678,45,77,2.43
33679,15,30,2.50
33680,0,146,5.26
33681,154,161,0.29
33682,102,106,0.18
33683,0,126,2.87
33684,232,232,0.81
33685,169,193,0.29
33686,0,122,4.33
33687,0,20,1.72
33688,17,160,3.00
33689,26,134,0.36
33690,176,187,1.06
33691,17,91,2.84
33692,133,133,0.18
33693,47,31,0.11
33694,54,57,0.20
33695,22,81,5.78
33696,41,31,0.51
33697,24,0,0.00
33698,16,0,0.00
33699,17,137,3.69
33700,16,36,1.37
33701,11,39,3.38
33702,165,180,0.40
33703,143,149,0.18
33704,42,77,2.09
33705,29,195,3.31
33706,15,136,6.05
33707,38,31,0.89
33708,265,272,0.42
33709,21,97,3.16
33710,285,317,0.26
33711,134,138,0.25
33712,25,116,5.07
33713,40,18,0.38
33714,31,64,2.13
33715,226,227,0.28
33716,47,51,0.13
33717,0,164,2.92
33718,52,41,1.59
33719,0,32,2.16
33720,38,26,1.17
33721,124,127,0.31
33722,19,390,1.71
33723,230,235,0.31
33724,16,18,0.14
33725,0,127,4.13
33726,14,180,0.69
33727,24,25,1.42
33728,101,103,0.17
33729,152,155,0.38
33730,16,33,2.23
33731,0,61,1.93
33732,212,219,0.42
33733,21,26,0.32
33734,27,148,2.69
33735,105,111,0.22
33736,18,115,0.61
33737,126,112,0.12
33738,25,151,3.31
33739,108,113,0.56
33740,17,32,2.26
33741,15,51,3.01
33742,0,149,7.25
33743,171,171,0.25
33744,23,45,1.42
33745,25,167,2.57
33746,189,254,0.55
33747,33,41,0.24
33748,0,353,0.52
33749,0,19,0.74
33750,25,177,3.97
33751,162,183,1.29
33752,0,59,1.85
33753,0,144,4.73
33754,113,126,1.00
33755,61,67,0.14
33756,0,90,2.09
33757,0,56,1.65
33758,0,37,1.09
33759,42,79,1.99
33760,216,244,0.56
33761,0,80,5.03
33762,409,447,1.31
33763,288,385,0.28
33764,62,78,0.19
33765,0,145,5.56
33766,47,53,0.27
33767,105,108,0.36
33768,157,191,0.50
33769,107,107,0.15
33770,0,136,0.76
33771,0,78,2.08
33772,169,21,0.40
33773,574,601,0.93
33774,23,47,0.79
33775,51,20,1.68
33776,87,89,0.19
33777,0,121,3.40
33778,56,24,0.74
33779,84,18,0.48
33780,184,191,0.70
33781,188,16,1.43
33782,110,44,1.72
33783,226,260,0.44
33784,0,49,1.11
33785,0,141,4.74
33786,19,0,0.00
33787,18,139,0.49
33788,0,37,0.68
33789,0,136,2.50
33790,99,102,0.22
33791,0,27,1.21
33792,273,286,0.31
33793,293,303,0.49
33794,0,20,1.43
33795,76,81,0.14
33796,176,200,0.30
33797,14,64,1.60
33798,334,378,0.41
33799,92,16,0.30
33800,14,0,0.00
33801,273,144,1.95
33802,0,71,5.63
33803,72,17,0.41
33804,120,142,0.52
33805,0,27,0.77
33806,15,16,0.07
33807,24,151,4.30
33808,302,356,0.43
33809,249,259,0.37
33810,0,53,0.97
33811,29,160,2.97
33812,253,484,0.52
33813,17,117,3.88
33814,44,60,1.61
33815,69,96,0.17
33816,224,236,0.36
33817,234,625,1.22
33818,0,31,1.38
33819,29,141,4.19
33820,38,43,0.67
33821,222,231,0.49
33822,66,179,2.23
33823,17,129,3.42
33824,225,271,0.29
33825,27,23,1.59
33826,177,38,0.67
33827,0,17,0.25
33828,117,136,1.03
33829,0,0,0.00
33830,30,143,4.81
33831,192,305,0.41
33832,122,122,0.19
33833,202,314,1.03
33834,0,110,2.19
33835,18,52,2.45
33836,37,30,0.70
33837,0,25,0.44
33838,0,189,6.07
33839,152,188,0.48
33840,0,0,0.00
33841,24,52,1.56
33842,589,614,1.25
33843,15,94,1.29
33844,406,423,1.07
33845,16,167,4.21
33846,0,58,1.20
33847,31,129,2.37
33848,18,30,2.56
33849,212,270,0.30
33850,0,22,1.14
33851,201,350,1.20
33852,184,409,0.46
33853,0,133,3.09
33854,119,18,1.00
33855,31,42,0.39
33856,312,353,0.39
33857,25,152,2.97
33858,0,24,1.92
33859,0,128,3.18
33860,57,45,2.59
33861,42,195,2.03
33862,39,36,2.84
33863,0,85,3.76
33864,46,142,2.87
33865,0,23,1.19
33866,495,807,0.40
33867,37,85,1.22
33868,145,472,1.11
33869,0,11,0.15
33870,106,116,0.28
33871,17,181,3.75
33872,315,330,0.33
33873,22,93,2.87
33874,0,0,0.00
33875,20,150,3.13
33876,51,23,0.68
33877,0,99,3.42
33878,11,61,4.02
33879,12,28,1.33
33880,0,102,3.01
33881,138,155,0.22
33882,73,73,0.16
33883,183,189,0.29
33884,15,126,8.13
33885,64,64,0.36
33886,255,708,1.20
33887,147,176,0.45
33888,73,273,1.96
33889,19,121,3.13
33890,25,242,1.34
33891,0,44,2.81
33892,24,143,0.18
33893,15,17,0.86
33894,36,93,3.32
33895,127,132,0.26
33896,37,58,1.66
33897,46,25,0.73
33898,293,312,0.30
33899,0,44,1.78
33900,94,95,0.18
33901,32,155,6.47
33902,186,202,0.29
33903,0,157,0.93
33904,21,142,4.10
33905,19,154,2.84
33906,136,142,0.25
33907,22,19,0.49
33908,190,192,0.69
33909,34,245,1.78
33910,0,119,2.61
33911,0,19,2.68
33912,18,108,3.78
33913,201,240,0.44
33914,18,171,1.55
33915,26,16,0.74
33916,15,31,0.97
33917,285,319,0.52
33918,21,113,5.37
33919,91,94,0.30
33920,0,605,0.41
33921,0,73,1.88
33922,124,126,0.16
33923,54,188,3.09
33924,68,44,1.66
33925,28,146,2.44
33926,0,192,0.38
33927,27,164,1.64
33928,183,432,1.05
33929,194,207,0.34
33930,60,184,5.44
33931,35,16,0.32
33932,0,32,1.77
33933,100,102,0.18
33934,172,366,0.41
33935,27,39,2.69
33936,32,176,2.52
33937,0,15,0.93
33938,39,49,2.64
33939,13,28,0.64
33940,267,275,0.48
33941,65,19,0.35
33942,0,34,2.48
33943,69,17,0.41
33944,17,127,1.67
33945,72,80,0.50
33946,133,133,0.19
33947,0,105,2.16
33948,32,106,3.33
33949,21,64,2.44
33950,0,37,0.57
33951,295,301,0.23
33952,14,22,1.65
33953,15,238,2.48
33954,0,16,0.54
33955,29,187,0.75
33956,0,57,3.96
33957,146,228,0.98
33958,0,0,0.00
33959,0,59,2.44
33960,130,142,0.55
33961,17,45,3.44
33962,0,189,3.53
33963,87,89,0.16
33964,0,0,0.00
33965,26,50,1.42
33966,0,32,1.70
33967,171,186,0.36
33968,0,37,0.37
33969,61,202,0.97
33970,57,24,1.03
33971,0,106,1.43
33972,20,77,1.85
33973,194,683,1.21
33974,73,74,0.29
33975,168,174,0.37
33976,0,22,1.48
33977,0,99,2.58
33978,222,263,0.31
33979,133,139,0.38
33980,15,19,1.61
33981,14,202,3.39
33982,54,28,0.41
33983,101,105,0.31
33984,11,16,1.34
33985,0,148,3.10
33986,0,12,0.36
33987,120,267,0.52
33988,92,19,0.75
33989,108,110,0.12
33990,0,19,0.48
33991,241,488,1.09
33992,0,128,2.10
33993,181,196,0.58
33994,162,179,0.34
33995,0,48,1.40
33996,105,361,0.63
33997,225,249,0.67
33998,12,89,3.15
33999,0,53,0.72
34000,202,300,0.48
34001,10,150,3.04
34002,213,253,0.41
34003,0,31,3.40
34004,25,332,0.62
34005,0,238,0.92
34006,0,47,1.09
34007,0,72,3.73
34008,33,40,2.66
34009,108,119,0.44
34010,53,315,1.37
34011,226,180,0.23
34012,24,50,0.91
34013,118,133,0.36
34014,22,63,1.93
34015,42,16,0.59
34016,38,0,0.00
34017,201,212,0.48
34018,16,29,1.46
34019,308,15,0.54
34020,21,83,2.35
34021,343,408,1.00
34022,84,84,0.13
34023,0,15,1.52
34024,253,386,1.12
34025,123,16,0.74
34026,154,157,0.30
34027,248,13,0.16
34028,222,249,0.49
34029,133,324,0.46
34030,32,133,4.24
34031,101,22,0.24
34032,70,89,0.38
34033,104,113,0.25
34034,18,134,6.85
34035,13,0,0.00
34036,266,279,0.37
34037,133,142,0.52
34038,63,63,0.13
34039,52,181,2.68
34040,72,16,0.28
34041,0,27,1.48
34042,33,29,1.41
34043,0,37,1.06
34044,0,22,0.41
34045,11,86,2.66
34046,22,184,2.97
34047,62,19,1.18
34048,21,77,2.90
34049,50,19,0.70
34050,75,96,0.34
34051,0,143,4.09
34052,13,154,5.92
34053,12,232,3.94
34054,23,31,2.06
34055,19,77,2.85
34056,0,19,0.89
34057,109,119,0.49
34058,214,18,0.45
34059,14,36,3.40
34060,157,157,0.25
34061,24,89,2.90
34062,79,114,0.44
34063,97,18,0.39
34064,20,114,3.61
34065,131,132,0.18
34066,13,187,3.91
34067,0,173,0.30
34068,209,236,0.56
34069,0,29,0.67
34070,131,147,0.49
34071,224,243,0.98
34072,46,174,2.26
34073,32,41,2.41
34074,23,21,0.76
34075,16,87,1.87
34076,186,186,0.59
34077,14,32,0.24
34078,202,204,0.68
34079,0,27,2.08
34080,48,179,6.47
34081,23,21,1.46
34082,52,52,0.13
34083,15,24,1.54
34084,0,14,0.43
34085,0,16,0.45
34086,282,308,0.57
34087,31,41,0.68
34088,14,17,0.18
34089,12,79,2.58
34090,267,538,0.50
34091,0,212,5.99
34092,18,174,3.84
34093,87,20,0.34
34094,0,136,4.61
34095,127,127,0.15
34096,137,144,0.42
34097,0,150,7.37
34098,251,762,1.28
34099,149,150,0.29
34100,123,123,0.22
34101,0,127,1.79
34102,235,270,2.00
34103,21,16,1.01
34104,0,139,4.13
34105,19,22,0.42
34106,187,212,0.22
34107,140,140,0.37
34108,21,129,3.43
34109,0,22,1.19
34110,142,147,0.35
34111,21,163,2.97
34112,46,47,1.43
34113,139,168,0.56
34114,36,115,2.64
34115,0,40,0.67
34116,41,65,1.74
34117,14,33,1.88
34118,183,14,0.22
34119,109,114,0.51
34120,28,44,1.87
34121,78,26,0.68
34122,0,47,2.13
34123,59,59,0.18
34124,0,184,0.48
34125,14,21,0.92
34126,143,158,0.45
34127,0,1127,1.97
34128,217,267,0.29
34129,169,169,0.29
34130,0,21,0.33
34131,33,125,1.83
34132,164,16,0.35
34133,27,112,4.54
34134,0,0,0.00
34135,42,35,1.63
34136,140,149,0.24
34137,108,128,0.29
34138,227,403,1.03
34139,13,13,0.35
34140,49,20,1.62
34141,32,68,3.83
34142,131,134,0.20
34143,0,0,0.00
34144,67,30,1.40
34145,0,23,0.50
34146,24,160,6.01
34147,0,146,4.48
34148,233,427,0.43
34149,95,108,0.94
34150,18,18,0.29
34151,89,96,0.36
34152,104,120,0.49
34153,16,16,0.25
34154,38,156,3.96
34155,0,37,1.55
34156,39,33,0.15
34157,96,102,0.37
34158,83,22,0.42
34159,17,35,1.09
34160,279,305,0.49
34161,64,17,0.27
34162,25,81,3.21
34163,21,140,4.83
34164,79,15,0.47
34165,135,161,0.49
34166,269,275,0.43
34167,18,126,0.50
34168,0,74,3.96
34169,0,46,2.76
34170,59,139,2.52
34171,158,341,0.51
34172,0,22,0.25
34173,13,19,0.57
34174,0,20,0.74
34175,249,262,0.47
34176,18,65,2.81
34177,352,355,0.29
34178,67,201,4.70
34179,95,107,1.04
34180,18,47,1.32
34181,99,105,0.28
34182,29,31,0.55
34183,0,100,4.36
34184,0,131,4.12
34185,67,67,0.15
34186,0,22,0.48
34187,16,49,0.79
34188,48,144,1.01
34189,33,171,5.16
34190,22,118,2.76
34191,176,176,0.39
34192,107,19,1.08
34193,42,177,3.20
34194,0,130,2.61
34195,0,44,2.56
34196,201,214,0.96
34197,213,19,0.29
34198,0,97,1.95
34199,29,32,0.73
34200,25,17,0.41
34201,0,40,2.58
34202,21,33,1.10
34203,92,104,0.37
34204,139,355,1.50
34205,88,95,0.44
34206,0,31,1.81
34207,94,97,0.15
34208,186,196,0.42
34209,199,201,0.96
34210,0,26,0.54
34211,0,178,4.57
34212,0,36,2.54
34213,51,50,1.24
34214,0,47,1.22
34215,31,181,2.66
34216,0,28,1.16
34217,0,0,0.00
34218,118,118,0.24
34219,137,139,0.61
34220,12,99,4.96
34221,296,332,1.11
34222,101,103,0.18
34223,142,220,0.48
34224,17,69,1.89
34225,0,153,2.75
34226,37,60,0.58
34227,0,56,1.61
34228,206,235,0.36
34229,15,40,1.65
34230,29,203,3.31
34231,14,175,0.50
34232,14,99,5.19
34233,102,15,0.23
34234,16,82,2.69
34235,0,52,4.09
34236,201,238,0.32
34237,733,18,0.29
34238,145,223,0.93
34239,501,554,1.11
34240,0,101,4.79
34241,32,99,2.94
34242,160,170,0.41
34243,302,322,0.52
34244,18,173,2.38
34245,0,140,4.08
34246,198,652,0.58
34247,175,175,0.66
34248,0,121,0.23
34249,32,151,4.84
34250,0,16,0.76
34251,269,330,0.24
34252,75,14,0.22
34253,188,192,0.41
34254,0,35,1.89
34255,76,302,0.70
34256,19,128,2.46
34257,49,190,3.06
34258,104,403,2.02
34259,133,145,0.47
34260,0,103,4.82
34261,39,505,0.85
34262,0,112,1.33
34263,42,36,0.57
34264,0,18,0.89
34265,16,228,2.58
34266,16,40,0.90
34267,121,210,0.97
34268,178,211,0.42
34269,124,144,0.80
34270,243,265,0.37
34271,0,25,0.91
34272,172,183,0.52
34273,84,103,0.26
34274,34,22,0.76
34275,100,115,1.00
34276,153,155,0.33
34277,69,70,0.13
34278,43,160,2.54
34279,0,35,0.90
34280,0,89,1.07
34281,124,150,0.38
34282,0,223,1.48
34283,17,18,0.39
34284,0,25,0.27
34285,116,130,0.27
34286,0,34,0.57
34287,17,67,1.87
34288,181,186,0.28
34289,0,152,4.28
34290,165,167,0.28
34291,120,134,0.29
34292,0,102,5.53
34293,21,168,0.72
34294,177,172,0.35
34295,129,144,0.47
34296,0,42,2.43
34297,0,64,1.10
34298,0,14,0.47
34299,0,158,3.79
34300,0,147,1.91
34301,0,144,3.61
34302,23,115,1.51
34303,15,16,0.45
34304,20,141,4.23
34305,169,186,0.44
34306,40,23,1.17
34307,26,34,1.33
34308,66,20,0.37
34309,40,21,0.45
34310,0,47,0.07
34311,0,117,2.93
34312,347,351,0.34
34313,0,131,3.65
34314,214,295,0.30
34315,0,104,0.23
34316,143,158,0.28
34317,24,20,0.56
34318,103,138,0.52
34319,17,120,2.47
34320,15,185,6.03
34321,32,150,2.06
34322,565,572,0.36
34323,58,60,0.18
34324,23,17,0.62
34325,0,20,1.42
34326,40,184,2.64
34327,0,20,0.38
34328,157,277,0.42
34329,0,0,0.00
34330,36,85,6.01
34331,110,243,0.96
34332,312,325,0.28
34333,14,64,3.31
34334,0,103,1.95
34335,22,29,1.69
34336,49,34,0.70
34337,61,73,0.35
34338,0,43,1.91
34339,28,27,0.59
34340,96,97,0.15
34341,0,153,5.14
34342,473,504,1.10
34343,277,311,0.26
34344,56,0,0.00
34345,75,86,0.91
34346,26,117,4.31
34347,24,178,4.98
34348,147,13,0.46
34349,0,28,1.18
34350,617,661,1.11
34351,0,151,2.94
34352,21,198,0.46
34353,48,41,2.12
34354,22,142,3.58
34355,25,73,3.58
34356,67,44,1.45
34357,251,266,0.22
34358,18,154,3.35
34359,25,19,0.39
34360,75,80,0.18
34361,0,108,3.54
34362,175,215,0.25
34363,214,220,0.32
34364,0,69,3.00
34365,101,101,0.14
34366,0,150,2.75
34367,21,157,3.72
34368,215,258,0.46
34369,0,53,2.05
34370,0,56,2.09
34371,58,78,1.08
34372,222,270,0.51
34373,0,94,0.31
34374,0,93,4.35
34375,387,1077,1.48
34376,0,102,0.17
34377,12,23,0.35
34378,105,14,0.24
34379,259,304,0.40
34380,21,126,2.85
34381,288,16,0.32
34382,15,57,3.21
34383,61,19,0.36
34384,118,135,0.30
34385,139,56,0.18
34386,18,76,2.57
34387,29,187,1.90
34388,533,565,1.13
34389,18,22,1.56
34390,325,394,2.21
34391,80,80,0.14
34392,38,26,0.64
34393,22,95,3.30
34394,118,114,0.71
34395,83,108,0.55
34396,22,17,0.25
34397,12,27,2.61
34398,223,273,0.54
34399,105,106,0.17
34400,15,141,4.06
34401,0,53,0.12
34402,42,180,3.46
34403,42,19,0.67
34404,17,89,2.68
34405,120,115,0.44
34406,255,276,0.37
34407,18,63,2.68
34408,20,171,4.17
34409,142,222,0.39
34410,65,75,0.44
34411,0,192,4.13
34412,31,129,2.94
34413,170,170,0.69
34414,479,16,0.31
34415,0,17,0.32
34416,336,354,0.34
34417,21,128,4.15
34418,87,86,0.15
34419,157,183,1.01
34420,15,123,4.89
34421,169,373,0.54
34422,74,75,0.19
34423,114,145,0.46
34424,258,442,0.56
34425,14,18,0.77
34426,81,137,0.42
34427,572,992,0.98
34428,24,152,3.88
34429,82,85,0.31
34430,85,85,0.13
34431,0,78,3.85
34432,22,77,0.97
34433,23,69,3.13
34434,20,19,0.95
34435,0,50,1.60
34436,65,65,0.16
34437,123,138,0.51
34438,0,22,1.96
34439,25,21,0.48
34440,40,39,1.53
34441,14,14,0.56
34442,198,210,0.35
34443,71,32,1.48
34444,17,126,3.74
34445,167,183,0.64
34446,19,32,1.58
34447,91,15,0.25
34448,0,0,0.00
34449,0,618,0.39
34450,31,71,2.57
34451,193,520,0.83
34452,173,33,2.06
34453,136,154,1.81
34454,0,35,2.27
34455,248,248,0.35
34456,15,122,2.91
34457,104,113,0.32
34458,0,49,1.64
34459,15,70,1.14
34460,338,347,0.55
34461,0,151,2.79
34462,0,17,0.31
34463,47,172,2.62
34464,56,16,0.53
34465,16,17,0.59
34466,0,60,1.90
34467,372,400,0.34
34468,505,589,0.35
34469,320,378,1.59
34470,15,85,1.72
34471,19,25,0.38
34472,64,0,0.00
34473,0,13,0.96
34474,21,52,2.06
34475,351,367,0.41
34476,29,95,2.64
34477,0,27,1.61
34478,21,175,3.82
34479,168,325,0.43
34480,92,27,0.36
34481,25,65,2.84
34482,52,15,0.24
34483,24,18,0.82
34484,190,244,0.48
34485,190,223,0.71
34486,0,36,1.10
34487,242,410,0.37
34488,434,905,0.91
34489,184,326,0.38
34490,24,75,2.10
34491,56,220,0.80
34492,78,79,0.13
34493,0,38,0.95
34494,49,26,0.72
34495,120,121,0.22
34496,80,15,0.24
34497,22,150,4.01
34498,106,108,0.16
34499,321,359,1.05
34500,222,475,1.04
34501,21,96,2.40
34502,11,15,0.19
34503,87,87,0.24
34504,13,33,0.70
34505,0,27,1.66
34506,0,21,0.44
34507,0,23,0.80
34508,0,32,1.31
34509,0,25,0.68
34510,0,27,2.91
34511,196,420,0.54
34512,205,22,1.42
34513,20,44,1.59
34514,19,67,1.89
34515,0,104,0.86
34516,239,239,0.53
34517,0,27,1.03
34518,24,149,2.05
34519,221,261,2.86
34520,16,98,1.92
34521,99,21,1.78
34522,18,652,0.54
34523,150,477,1.07
34524,25,30,0.69
34525,14,127,2.05
34526,84,98,0.58
34527,184,184,0.29
34528,0,196,5.19
34529,0,73,0.15
34530,169,332,0.98
34531,44,176,6.04
34532,0,38,2.77
34533,132,136,0.23
34534,0,0,0.00
34535,441,495,1.26
34536,0,110,2.23
34537,103,194,1.21
34538,0,75,0.12
34539,435,17,0.36
34540,34,16,0.56
34541,0,14,2.22
34542,34,87,2.83
34543,30,22,0.37
34544,23,20,1.22
34545,43,144,1.86
34546,108,110,0.19
34547,383,419,1.22
34548,17,35,1.39
34549,352,375,0.27
34550,124,124,0.18
34551,43,19,0.76
34552,17,41,0.61
34553,14,41,0.62
34554,118,119,0.17
34555,78,81,0.15
34556,0,77,1.92
34557,286,619,0.39
34558,129,135,0.26
34559,129,287,0.99
34560,240,341,0.86
34561,174,216,0.41
34562,14,45,2.75
34563,24,112,2.41
34564,0,119,2.08
34565,0,0,0.00
34566,65,80,0.31
34567,41,192,3.17
34568,0,124,3.48
34569,13,24,2.10
34570,0,63,1.53
34571,147,148,0.21
34572,0,26,0.49
34573,0,43,3.22
34574,26,156,4.89
34575,15,276,1.70
34576,22,76,1.40
34577,15,85,2.70
34578,0,49,2.41
34579,14,19,1.30
34580,95,99,0.25
34581,124,138,0.54
34582,183,185,0.63
34583,661,767,1.28
34584,0,140,4.19
34585,36,128,2.57
34586,22,24,1.14
34587,18,127,6.94
34588,0,139,3.87
34589,77,83,0.32
34590,21,124,3.04
34591,17,73,2.16
34592,0,82,1.80
34593,155,307,0.41
34594,25,25,0.87
34595,0,45,1.61
34596,0,23,1.37
34597,0,264,0.37
34598,50,35,1.54
34599,0,86,2.05
34600,16,152,4.10
34601,123,133,0.37
34602,70,85,0.12
34603,74,96,0.53
34604,47,188,1.70
34605,0,20,0.37
34606,218,350,0.34
34607,173,111,0.55
34608,24,31,1.36
34609,455,498,1.20
34610,17,77,2.05
34611,0,143,3.14
34612,522,1146,1.10
34613,60,178,2.40
34614,14,43,2.10
34615,0,133,3.05
34616,11,23,0.42
34617,0,70,2.05
34618,31,118,2.47
34619,20,41,3.34
34620,0,24,1.16
34621,18,21,0.59
34622,350,382,1.22
34623,116,124,0.31
34624,180,184,0.65
34625,205,209,0.38
34626,17,65,1.42
34627,205,218,0.27
34628,96,211,0.97
34629,25,155,3.27
34630,46,18,0.35
34631,101,103,0.22
34632,16,135,3.02
34633,202,222,0.32
34634,115,126,0.81
34635,0,46,1.88
34636,81,81,0.28
34637,0,154,2.76
34638,21,64,1.18
34639,0,51,3.84
34640,13,644,4.48
34641,25,110,4.72
34642,28,77,3.71
34643,234,394,0.36
34644,16,14,0.49
34645,15,274,1.85
34646,139,148,0.48
34647,374,717,0.35
34648,78,19,0.40
34649,12,129,3.49
34650,74,20,1.27
34651,69,69,0.12
34652,24,611,2.91
34653,0,122,3.18
34654,228,427,1.04
34655,14,207,0.40
34656,120,125,0.26
34657,39,149,2.64
34658,54,72,3.03
34659,22,0,0.00
34660,44,163,3.80
34661,69,70,0.19
34662,18,29,1.65
34663,0,45,1.50
34664,0,38,0.81
34665,19,130,3.17
34666,45,216,1.21
34667,0,27,0.72
34668,248,345,0.49
34669,79,79,0.12
34670,0,71,2.60
34671,0,0,0.00
34672,12,158,6.65
34673,243,19,0.49
34674,220,499,1.06
34675,15,126,3.07
34676,251,15,0.17
34677,18,164,4.61
34678,117,40,1.54
34679,57,0,0.00
34680,0,47,1.38
34681,124,146,0.20
34682,50,23,1.33
34683,22,19,0.66
34684,109,109,0.16
34685,45,37,1.48
34686,0,20,0.79
34687,107,123,0.43
34688,28,86,3.68
34689,45,21,1.03
34690,106,153,0.52
34691,81,23,0.55
34692,0,87,5.08
34693,360,378,0.41
34694,159,186,0.23
34695,38,21,1.68
34696,204,237,0.86
34697,35,190,4.98
34698,19,126,2.98
34699,15,120,1.76
34700,41,20,0.96
34701,0,18,0.53
34702,54,14,2.29
34703,0,34,1.29
34704,17,33,0.35
34705,55,42,1.70
34706,0,54,2.12
34707,36,16,1.02
34708,140,141,0.29
34709,124,132,0.65
34710,22,76,6.46
34711,118,11,0.09
34712,0,116,3.58
34713,33,182,3.47
34714,0,134,2.94
34715,57,202,7.33
34716,0,41,2.29
34717,187,188,0.57
34718,55,60,0.18
34719,12,28,1.49
34720,23,47,2.15
34721,18,36,2.05
34722,15,52,0.16
34723,10,35,2.68
34724,0,120,4.71
34725,0,182,2.74
34726,255,268,0.38
34727,27,12,1.28
34728,231,249,0.98
34729,28,91,3.86
34730,159,189,0.36
34731,0,112,0.63
34732,17,86,2.96
34733,195,370,1.09
34734,349,354,0.26
34735,204,204,0.51
34736,98,0,0.00
34737,74,74,0.17
34738,182,351,1.15
34739,0,182,2.52
34740,133,145,0.22
34741,0,227,4.75
34742,458,1927,24.19
34743,14,32,1.70
34744,10,44,2.44
34745,15,26,1.51
34746,16,96,5.18
34747,124,133,0.38
34748,175,187,0.33
34749,0,65,5.00
34750,0,105,2.50
34751,0,0,0.00
34752,80,22,1.20
34753,35,18,0.50
34754,0,173,4.78
34755,27,95,6.25
34756,179,186,0.21
34757,222,269,0.48
34758,352,20,0.45
34759,0,25,0.90
34760,70,80,0.32
34761,11,176,1.88
34762,0,220,1.06
34763,0,134,2.97
34764,193,236,0.28
34765,20,87,3.06
34766,226,19,1.36
34767,26,598,7.23
34768,34,26,1.61
34769,0,26,0.48
34770,22,48,2.36
34771,37,17,0.23
34772,36,253,0.70
34773,88,106,0.33
34774,66,27,1.49
34775,0,0,0.00
34776,22,28,2.10
34777,0,117,4.74
34778,107,140,0.35
34779,27,152,5.31
34780,182,187,0.44
34781,226,353,1.05
34782,16,46,2.38
34783,0,0,0.00
34784,0,0,0.00
34785,15,56,1.01
34786,30,251,0.59
34787,13,38,2.38
34788,16,205,4.92
34789,0,85,5.77
34790,13,20,1.31
34791,49,28,0.85
34792,12,122,3.30
34793,113,162,1.49
34794,35,18,0.97
34795,173,988,0.49
34796,19,29,1.94
34797,17,99,2.87
34798,32,72,0.99
34799,110,225,0.47
34800,0,112,2.08
34801,17,48,2.04
34802,228,264,0.25
34803,177,179,0.63
34804,97,24,0.48
34805,153,156,0.29
34806,58,67,0.04
34807,230,266,0.37
34808,17,44,2.17
34809,76,31,2.16
34810,96,19,1.33
34811,0,158,4.60
34812,218,590,1.06
34813,12,16,0.28
34814,92,93,0.12
34815,81,85,0.45
34816,47,36,1.20
34817,0,28,0.98
34818,23,23,1.63
34819,60,97,0.30
34820,14,84,1.75
34821,295,403,0.35
34822,116,131,0.23
34823,0,21,0.62
34824,26,0,0.00
34825,21,0,0.00
34826,142,270,0.29
34827,20,127,8.12
34828,18,114,2.11
34829,19,212,4.27
34830,81,81,0.10
34831,70,30,0.50
34832,82,29,0.24
34833,359,415,1.22
34834,17,146,6.34
34835,388,406,0.45
34836,17,140,2.99
34837,96,143,0.58
34838,10,17,0.50
34839,0,57,1.06
34840,38,153,4.09
34841,0,46,1.12
34842,37,53,1.71
34843,54,43,1.12
34844,103,105,0.28
34845,17,115,5.49
34846,0,40,2.62
34847,29,106,5.61
34848,238,271,0.30
34849,28,13,1.20
34850,146,146,0.17
34851,53,132,3.22
34852,16,17,0.35
34853,0,89,2.74
34854,0,26,2.87
34855,0,37,2.29
34856,23,20,0.60
34857,0,241,1.23
34858,17,44,3.01
34859,106,253,2.95
34860,48,65,2.25
34861,22,132,0.59
34862,0,132,2.63
34863,23,187,3.00
34864,0,181,3.08
34865,193,205,0.30
34866,14,75,2.09
34867,157,158,0.22
34868,278,280,0.32
34869,0,129,3.18
34870,0,20,0.52
34871,330,360,0.31
34872,56,212,4.29
34873,0,15,0.42
34874,32,61,4.36
34875,0,604,1.07
34876,19,91,1.70
34877,76,80,0.13
34878,27,173,4.02
34879,0,347,0.83
34880,90,114,0.63
34881,17,136,3.58
34882,222,389,0.43
34883,15,141,2.13
34884,25,169,2.30
34885,27,107,2.89
34886,16,17,0.58
34887,12,29,2.08
34888,12,65,3.45
34889,249,249,0.27
34890,56,140,5.19
34891,19,153,3.05
34892,40,36,0.63
34893,172,296,0.38
34894,0,123,3.38
34895,59,22,1.41
34896,137,138,0.23
34897,12,206,4.44
34898,36,140,3.34
34899,20,43,1.34
34900,0,257,1.43
34901,25,316,0.45
34902,24,120,2.12
34903,25,28,1.24
34904,97,98,0.18
34905,0,145,2.68
34906,22,24,1.98
34907,70,80,0.19
34908,21,189,2.89
34909,0,156,3.87
34910,45,142,1.16
34911,97,97,0.16
34912,0,179,3.43
34913,50,37,2.86
34914,0,105,2.49
34915,0,181,0.57
34916,17,142,4.36
34917,133,171,0.39
34918,62,182,5.94
34919,12,54,0.62
34920,226,240,0.98
34921,188,217,1.13
34922,33,76,3.36
34923,200,350,0.31
34924,87,248,3.12
34925,33,99,3.63
34926,44,92,0.72
34927,56,171,5.88
34928,45,18,0.54
34929,20,126,3.88
34930,86,16,0.81
34931,0,34,2.79
34932,17,143,3.40
34933,111,240,0.54
34934,22,54,1.52
34935,15,151,1.90
34936,15,138,0.63
34937,145,21,1.36
34938,420,11,0.11
34939,0,145,4.96
34940,279,502,0.57
34941,0,160,1.87
34942,28,51,0.08
34943,0,100,3.33
34944,22,48,0.89
34945,22,0,0.00
34946,0,86,1.26
34947,14,46,2.60
34948,39,35,1.53
34949,18,66,1.16
34950,34,27,0.55
34951,91,16,0.55
34952,0,24,1.34
34953,0,23,0.50
34954,0,27,0.49
34955,20,172,2.74
34956,65,35,0.48
34957,329,341,0.31
34958,27,93,1.81
34959,61,22,0.36
34960,28,77,3.13
34961,130,430,0.36
34962,40,73,2.69
34963,151,154,0.20
34964,0,130,2.65
34965,63,160,3.40
34966,19,107,1.04
34967,193,193,0.31
34968,23,156,3.59
34969,116,116,0.17
34970,127,128,0.27
34971,0,18,0.81
34972,192,224,0.68
34973,310,347,0.75
34974,17,23,0.46
34975,240,254,0.39
34976,92,102,0.28
34977,959,979,0.34
34978,169,0,0.00
34979,0,92,2.45
34980,575,748,1.24
34981,0,99,4.54
34982,0,30,1.70
34983,14,173,3.00
34984,97,16,0.78
34985,24,30,0.63
34986,136,22,0.27
34987,0,14,0.21
34988,15,113,3.88
34989,306,306,0.27
34990,0,102,3.57
34991,181,390,2.04
34992,39,89,3.65
34993,74,21,0.82
34994,274,307,0.38
34995,0,33,1.66
34996,0,18,1.58
34997,42,18,0.37
34998,0,0,0.00
34999,0,24,0.57
35000,0,135,5.94
35001,46,62,5.83
35002,195,231,1.02
35003,238,710,2.84
35004,0,42,1.79
35005,141,143,0.33
35006,157,157,0.21
35007,0,111,2.91
35008,43,163,2.22
35009,438,473,1.51
35010,0,36,1.99
35011,0,30,0.47
35012,0,19,0.56
35013,37,141,3.42
35014,0,140,7.94
35015,193,193,0.62
35016,329,344,0.31
35017,112,117,0.40
35018,0,149,3.29
35019,12,14,0.29
35020,48,184,3.01
35021,27,96,0.40
35022,19,142,3.65
35023,34,16,0.38
35024,36,178,4.67
35025,102,103,0.15
35026,0,27,0.66
35027,53,34,0.41
35028,87,87,0.14
35029,130,20,1.11
35030,49,39,2.46
35031,0,148,3.24
35032,218,240,0.35
35033,16,172,3.33
35034,36,22,1.79
35035,0,134,2.31
35036,63,19,1.32
35037,19,43,2.45
35038,0,151,3.22
35039,627,1300,3.21
35040,111,13,0.48
35041,0,97,3.90
35042,219,1434,2.25
35043,453,471,1.20
35044,103,103,0.18
35045,19,31,0.94
35046,138,144,0.56
35047,87,262,2.56
35048,168,198,1.24
35049,0,22,0.54
35050,228,238,0.25
35051,46,144,0.40
35052,23,26,2.58
35053,40,44,2.75
35054,0,85,4.31
35055,56,0,0.00
35056,18,17,0.36
35057,92,31,0.76
35058,35,141,3.50
35059,217,453,0.36
35060,0,102,2.54
35061,112,133,0.43
35062,33,16,0.50
35063,87,89,0.12
35064,0,310,0.66
35065,14,109,3.62
35066,157,180,0.51
35067,0,141,4.55
35068,32,144,0.53
35069,0,137,4.21
35070,22,47,2.11
35071,160,190,0.54
35072,285,24,0.26
35073,164,19,0.58
35074,213,411,0.99
35075,256,292,0.48
35076,0,20,0.45
35077,164,166,0.43
35078,206,206,0.47
35079,32,18,0.43
35080,16,25,2.30
35081,26,15,0.30
35082,160,1224,3.45
35083,0,137,2.85
35084,28,87,1.63
35085,77,24,1.19
35086,22,31,1.51
35087,77,84,0.38
35088,0,24,2.55
35089,106,109,0.38
35090,95,319,0.96
35091,17,35,1.19
35092,40,175,4.92
35093,0,65,2.84
35094,222,223,0.96
35095,11,214,4.16
35096,0,109,2.47
35097,193,212,0.37
35098,145,156,0.37
35099,180,324,0.38
35100,51,20,0.35
35101,0,157,0.48
35102,14,93,2.87
35103,21,158,2.58
35104,13,104,3.52
35105,22,96,4.68
35106,390,574,1.17
35107,28,110,4.63
35108,0,71,3.28
35109,21,151,4.04
35110,22,17,0.33
35111,17,86,2.71
35112,309,326,0.27
35113,96,68,0.15
35114,0,135,3.84
35115,191,331,0.55
35116,41,168,3.11
35117,0,103,3.33
35118,61,190,3.64
35119,0,65,2.74
35120,130,130,0.31
35121,167,176,0.44
35122,24,118,2.82
35123,136,152,0.79
35124,0,34,0.95
35125,0,143,0.26
35126,37,26,1.03
35127,52,19,0.30
35128,0,86,2.25
35129,156,166,0.39
35130,272,308,1.06
35131,45,16,0.34
35132,161,190,0.44
35133,140,213,1.86
35134,21,48,3.84
35135,22,245,4.84
35136,31,13,0.47
35137,0,126,5.44
35138,55,0,0.00
35139,0,254,1.77
35140,214,227,0.35
35141,36,17,0.50
35142,0,31,0.53
35143,143,152,0.37
35144,0,149,7.10
35145,50,22,0.39
35146,0,171,0.39
35147,153,155,0.36
35148,33,17,0.41
35149,0,106,7.12
35150,422,483,0.34
35151,29,45,2.24
35152,67,22,0.34
35153,398,411,0.52
35154,16,127,5.92
35155,18,235,2.04
35156,90,72,0.24
35157,18,30,0.53
35158,308,333,0.40
35159,24,164,2.95
35160,39,37,0.55
35161,560,626,1.16
35162,0,132,3.85
35163,33,52,1.74
35164,0,25,1.00
35165,131,171,0.43
35166,17,39,0.51
35167,0,147,1.44
35168,18,16,0.76
35169,47,66,0.42
35170,134,157,0.32
35171,98,102,0.18
35172,26,59,2.48
35173,69,222,0.59
35174,0,103,3.83
35175,21,36,2.13
35176,52,18,1.62
35177,15,98,1.60
35178,42,195,2.44
35179,0,69,2.61
35180,18,39,2.35
35181,45,152,2.07
35182,0,24,0.55
35183,39,14,0.21
35184,261,283,0.39
35185,30,26,1.43
35186,0,61,1.63
35187,493,677,1.12
35188,22,164,7.27
35189,204,515,0.49
35190,482,501,1.14
35191,15,139,4.02
35192,0,213,3.10
35193,339,344,0.25
35194,20,151,2.54
35195,236,242,0.31
35196,208,370,0.34
35197,11,30,0.57
35198,0,53,3.41
35199,0,51,2.91
35200,16,34,1.64
35201,17,138,2.68
35202,0,60,3.78
35203,0,94,1.83
35204,22,25,0.24
35205,595,994,1.34
35206,146,147,0.60
35207,39,36,2.01
35208,0,29,1.85
35209,39,45,2.61
35210,148,155,1.32
35211,0,35,0.80
35212,91,39,2.23
35213,132,142,0.43
35214,109,119,0.55
35215,367,381,0.29
35216,0,137,3.52
35217,41,61,1.50
35218,27,24,1.20
35219,116,140,0.66
35220,0,72,3.60
35221,61,163,2.38
35222,0,23,0.34
35223,0,36,1.47
35224,128,236,0.48
35225,0,24,0.48
35226,0,48,2.32
35227,198,254,0.29
35228,61,42,2.00
35229,0,120,4.58
35230,306,313,0.34
35231,524,579,1.11
35232,21,27,0.72
35233,22,107,2.41
35234,12,23,0.61
35235,81,22,0.75
35236,0,138,2.52
35237,20,171,3.93
35238,19,74,0.91
35239,0,0,0.00
35240,15,16,0.29
35241,262,292,0.25
35242,74,164,1.75
35243,48,26,0.40
35244,62,24,0.22
35245,0,35,2.10
35246,174,207,0.49
35247,18,31,0.82
35248,106,112,0.26
35249,268,292,0.33
35250,56,63,2.28
35251,0,40,1.59
35252,38,115,2.58
35253,0,140,2.61
35254,31,79,1.82
35255,58,48,2.60
35256,240,335,0.32
35257,238,248,0.36
35258,19,24,1.16
35259,253,650,1.60
35260,48,47,0.61
35261,204,219,0.49
35262,0,17,1.13
35263,26,26,1.26
35264,208,221,1.17
35265,0,44,1.85
35266,290,639,1.10
35267,40,44,0.15
35268,0,19,0.30
35269,0,48,0.61
35270,143,149,0.39
35271,53,35,3.25
35272,0,49,1.92
35273,27,165,2.68
35274,0,19,0.29
35275,128,160,0.42
35276,0,56,0.90
35277,208,219,0.53
35278,341,380,0.31
35279,29,233,3.49
35280,0,95,1.54
35281,16,191,0.71
35282,17,140,6.33
35283,0,19,0.39
35284,0,26,0.83
35285,23,180,2.85
35286,16,97,3.05
35287,198,203,0.20
35288,21,18,0.31
35289,129,148,0.38
35290,0,0,0.00
35291,0,36,1.16
35292,156,165,0.45
35293,0,139,3.13
35294,70,18,1.15
35295,53,184,4.50
35296,332,360,0.31
35297,0,89,2.43
35298,176,535,0.90
35299,31,110,0.68
35300,113,123,0.29
35301,118,119,0.19
35302,0,47,0.93
35303,15,27,1.46
35304,93,18,0.42
35305,108,123,0.26
35306,0,0,0.00
35307,255,888,1.20
35308,78,84,0.63
35309,0,98,3.24
35310,168,171,0.39
35311,351,392,0.49
35312,95,131,0.37
35313,194,210,0.64
35314,143,161,0.23
35315,25,48,0.81
35316,216,32,1.46
35317,221,253,0.52
35318,232,237,0.34
35319,195,361,0.67
35320,0,50,1.28
35321,0,96,3.34
35322,0,155,3.86
35323,303,24,0.33
35324,22,36,1.46
35325,186,188,0.69
35326,23,15,0.32
35327,59,139,1.46
35328,24,17,0.69
35329,0,114,5.22
35330,14,105,0.37
35331,128,130,0.19
35332,19,29,1.32
35333,0,25,0.45
35334,0,142,3.15
35335,34,161,4.88
35336,105,116,0.26
35337,58,67,2.41
35338,0,32,0.88
35339,273,46,2.62
35340,92,23,0.52
35341,16,29,0.58
35342,0,15,0.99
35343,0,23,0.36
35344,59,62,0.36
35345,189,262,0.27
35346,142,20,0.15
35347,21,136,8.73
35348,124,17,0.07
35349,60,62,0.20
35350,153,251,1.00
35351,0,142,2.64
35352,80,20,1.14
35353,20,129,3.27
35354,39,18,0.38
35355,250,589,1.13
35356,0,31,0.93
35357,0,25,0.31
35358,14,22,0.57
35359,169,171,0.60
35360,26,128,3.07
35361,209,395,1.42
35362,0,83,3.22
35363,160,187,0.32
35364,103,21,0.27
35365,23,111,5.61
35366,46,117,1.88
35367,190,202,0.34
35368,23,122,1.78
35369,15,160,4.27
35370,0,121,4.38
35371,295,0,0.00
35372,0,106,0.43
35373,227,227,0.29
35374,21,31,1.59
35375,0,23,1.52
35376,188,224,0.30
35377,0,23,0.13
35378,38,40,0.32
35379,19,16,0.30
35380,0,27,1.42
35381,0,93,2.78
35382,0,130,3.63
35383,51,208,2.70
35384,0,77,0.32
35385,56,17,0.64
35386,98,98,0.18
35387,20,69,3.51
35388,294,18,0.08
35389,0,37,2.59
35390,131,136,0.22
35391,20,146,2.50
35392,0,173,3.90
35393,23,188,4.19
35394,34,23,0.96
35395,58,59,0.12
35396,17,148,2.09
35397,0,133,3.50
35398,0,19,0.95
35399,34,204,4.33
35400,109,120,0.30
35401,18,149,1.94
35402,184,338,0.37
35403,203,207,0.45
35404,75,75,0.16
35405,43,98,4.13
35406,120,48,0.28
35407,181,184,0.93
35408,43,55,3.36
35409,43,113,0.62
35410,54,24,1.51
35411,14,43,1.37
35412,0,50,1.43
35413,102,130,1.11
35414,0,20,0.32
35415,20,48,1.62
35416,20,117,0.31
35417,11,59,2.92
35418,205,223,0.34
35419,0,0,0.00
35420,48,207,1.81
35421,14,45,2.43
35422,18,267,3.69
35423,0,144,1.31
35424,163,180,0.27
35425,12,33,1.19
35426,116,133,0.46
35427,0,39,1.09
35428,100,125,0.47
35429,76,77,0.15
35430,0,22,0.44
35431,14,293,0.48
35432,22,41,0.64
35433,0,41,1.39
35434,35,37,0.51
35435,0,128,2.73
35436,0,94,2.89
35437,21,30,0.31
35438,317,328,0.51
35439,248,484,0.99
35440,14,49,2.17
35441,204,230,0.29
35442,46,49,0.06
35443,57,270,1.25
35444,14,16,0.39
35445,0,18,0.67
35446,0,564,0.56
35447,21,187,6.39
35448,13,29,0.55
35449,0,46,1.21
35450,288,317,1.47
35451,60,178,3.50
35452,95,95,0.14
35453,0,112,1.74
35454,114,124,0.29
35455,0,12,1.26
35456,438,483,0.78
35457,176,186,0.38
35458,0,27,0.65
35459,15,177,1.80
35460,0,32,1.83
35461,0,32,2.36
35462,233,448,1.18
35463,134,142,0.88
35464,0,25,0.63
35465,15,62,2.99
35466,20,116,2.19
35467,242,200,0.37
35468,16,41,0.86
35469,167,322,0.97
35470,228,254,0.63
35471,254,280,0.39
35472,113,190,0.37
35473,0,48,1.74
35474,225,259,0.40
35475,106,23,0.47
35476,133,16,0.07
35477,0,96,2.61
35478,32,14,0.06
35479,0,34,0.95
35480,109,21,0.46
35481,0,148,3.98
35482,84,87,0.12
35483,0,100,3.35
35484,14,44,0.60
35485,40,18,1.41
35486,147,161,0.35
35487,24,104,2.57
35488,74,93,0.43
35489,0,177,0.49
35490,60,20,0.86
35491,27,85,3.26
35492,590,590,1.04
35493,140,142,0.25
35494,0,52,0.80
35495,78,16,0.48
35496,32,160,2.37
35497,132,17,0.06
35498,51,170,2.83
35499,31,195,2.88
35500,94,208,0.66
35501,159,166,0.57
35502,0,82,2.46
35503,200,295,0.35
35504,74,29,1.01
35505,76,79,0.26
35506,132,14,0.31
35507,0,20,1.57
35508,405,1045,1.13
35509,99,240,0.50
35510,0,78,2.33
35511,242,243,0.36
35512,17,97,2.79
35513,62,65,0.18
35514,0,39,4.05
35515,102,102,0.25
35516,0,0,0.00
35517,142,194,0.65
35518,16,95,5.24
35519,104,107,0.19
35520,213,230,0.29
35521,68,88,0.42
35522,0,158,6.10
35523,16,270,0.52
35524,176,177,0.52
35525,51,23,0.72
35526,171,173,0.32
35527,0,69,2.47
35528,69,76,0.29
35529,146,157,0.52
35530,80,24,0.55
35531,15,49,2.06
35532,149,169,0.57
35533,112,139,0.31
35534,25,183,8.39
35535,0,200,0.99
35536,132,26,1.45
35537,37,108,4.72
35538,252,315,0.39
35539,148,771,1.16
35540,70,21,0.52
35541,0,111,3.45
35542,0,49,1.06
35543,185,186,0.57
35544,150,162,0.15
35545,0,59,1.73
35546,24,27,1.82
35547,126,128,0.19
35548,0,154,4.94
35549,0,20,0.97
35550,74,206,0.56
35551,17,84,4.47
35552,127,144,0.32
35553,13,39,1.20
35554,230,252,0.49
35555,0,91,1.46
35556,0,34,1.13
35557,105,111,0.31
35558,0,17,0.24
35559,305,324,0.24
35560,0,785,0.73
35561,35,247,3.12
35562,44,52,0.36
35563,0,98,3.64
35564,174,174,0.34
35565,70,16,1.08
35566,265,308,0.54
35567,83,49,1.98
35568,270,344,0.45
35569,41,23,0.53
35570,52,19,0.94
35571,21,31,0.41
35572,20,415,0.32
35573,0,147,4.14
35574,0,142,2.60
35575,109,13,0.37
35576,0,82,3.64
35577,0,193,3.75
35578,80,0,0.00
35579,335,341,0.38
35580,0,453,1.81
35581,24,67,4.25
35582,224,239,0.25
35583,0,145,3.79
35584,52,103,3.85
35585,13,139,2.54
35586,0,18,0.81
35587,122,294,0.53
35588,50,139,1.86
35589,358,716,3.47
35590,13,65,4.04
35591,14,77,2.76
35592,11,166,4.59
35593,22,96,2.70
35594,156,158,0.25
35595,35,22,0.41
35596,50,92,1.78
35597,0,150,3.01
35598,79,86,1.26
35599,121,287,1.17
35600,0,100,4.99
35601,50,131,0.85
35602,461,487,1.06
35603,111,1227,0.62
35604,0,124,4.39
35605,0,18,1.48
35606,18,72,2.54
35607,139,140,0.34
35608,85,105,0.28
35609,26,81,2.89
35610,0,42,1.51
35611,271,290,0.53
35612,0,13,0.18
35613,0,24,0.43
35614,214,231,1.48
35615,41,164,3.70
35616,20,63,2.59
35617,72,0,0.00
35618,234,240,0.64
35619,0,22,0.40
35620,214,247,0.28
35621,0,84,4.08
35622,41,163,3.49
35623,63,19,1.17
35624,592,0,0.00
35625,36,19,0.29
35626,41,20,0.25
35627,28,55,0.51
35628,0,84,3.48
35629,94,97,0.64
35630,266,282,0.44
35631,56,77,0.32
35632,0,69,2.80
35633,0,96,2.07
35634,18,22,0.68
35635,57,59,0.16
35636,251,293,0.35
35637,58,61,0.15
35638,230,231,0.75
35639,0,147,3.06
35640,98,131,0.36
35641,163,165,0.21
35642,0,130,2.58
35643,49,51,0.51
35644,0,334,0.29
35645,0,84,2.65
35646,40,167,4.56
35647,380,433,0.32
35648,0,23,2.47
35649,0,136,4.69
35650,247,267,0.80
35651,560,584,0.32
35652,216,224,0.36
35653,13,147,3.52
35654,200,390,0.37
35655,16,134,2.54
35656,574,620,1.08
35657,108,277,1.52
35658,0,42,0.70
35659,174,174,0.33
35660,80,19,0.61
35661,56,201,6.09
35662,13,32,1.34
35663,23,46,0.74
35664,39,57,2.81
35665,25,172,3.07
35666,64,22,0.42
35667,14,31,0.42
35668,276,317,0.37
35669,20,154,4.46
35670,0,46,0.35
35671,0,44,2.02
35672,20,154,3.61
35673,123,124,0.16
35674,51,41,1.47
35675,60,279,1.52
35676,15,150,2.55
35677,12,26,0.41
35678,30,193,2.07
35679,0,150,4.19
35680,0,60,2.92
35681,30,109,3.46
35682,0,55,1.78
35683,158,170,0.35
35684,542,888,0.42
35685,0,110,3.62
35686,0,23,0.77
35687,114,116,0.80
35688,245,723,1.22
35689,253,253,0.30
35690,0,106,2.22
35691,0,153,2.56
35692,498,892,1.16
35693,31,184,3.93
35694,26,11,0.21
35695,168,0,0.00
35696,209,387,1.05
35697,326,385,0.62
35698,25,49,1.57
35699,0,0,0.00
35700,124,126,0.20
35701,25,22,1.08
35702,15,14,0.81
35703,22,29,1.61
35704,46,20,0.41
35705,239,253,0.30
35706,18,51,1.61
35707,142,400,0.38
35708,0,165,4.34
35709,15,17,0.54
35710,16,70,3.43
35711,0,143,4.93
35712,70,14,0.35
35713,175,176,0.67
35714,0,155,0.34
35715,0,26,3.17
35716,128,26,0.48
35717,61,21,0.49
35718,0,25,0.41
35719,0,55,0.80
35720,41,170,3.34
35721,0,136,4.09
35722,119,245,1.61
35723,140,141,0.21
35724,0,146,8.60
35725,0,0,0.00
35726,19,75,3.67
35727,30,18,0.66
35728,188,19,0.74
35729,24,159,4.55
35730,0,13,0.57
35731,149,149,0.20
35732,198,493,1.15
35733,16,35,0.58
35734,26,133,4.55
35735,150,233,1.00
35736,15,140,5.13
35737,59,20,0.87
35738,40,20,0.50
35739,89,89,0.14
35740,100,101,0.17
35741,0,20,0.85
35742,125,204,0.58
35743,117,121,0.35
35744,335,16,0.23
35745,72,111,0.28
35746,15,147,2.26
35747,17,112,1.81
35748,45,175,2.39
35749,115,0,0.00
35750,0,148,4.74
35751,13,19,0.31
35752,0,79,0.36
35753,0,72,3.05
35754,19,76,0.78
35755,0,96,3.84
35756,28,49,1.53
35757,15,309,3.47
35758,207,216,0.40
35759,16,87,2.16
35760,98,20,0.78
35761,373,485,1.19
35762,24,19,0.32
35763,0,35,0.07
35764,0,146,4.14
35765,53,171,2.19
35766,33,24,0.73
35767,31,177,4.66
35768,191,381,0.43
35769,0,78,2.42
35770,213,838,0.57
35771,49,20,0.50
35772,247,270,0.34
35773,19,164,1.30
35774,52,29,1.32
35775,17,153,2.90
35776,127,127,0.20
35777,33,72,2.25
35778,49,163,0.48
35779,0,0,0.00
35780,193,202,0.51
35781,103,117,0.32
35782,212,221,0.32
35783,43,21,0.13
35784,391,1033,1.52
35785,0,39,1.61
35786,127,138,0.44
35787,27,79,0.52
35788,21,130,4.50
35789,19,102,2.20
35790,123,0,0.00
35791,11,21,0.54
35792,15,131,3.22
35793,20,184,5.51
35794,0,14,0.54
35795,107,112,0.21
35796,18,188,3.29
35797,76,78,0.25
35798,0,239,0.50
35799,17,154,2.21
35800,0,19,1.08
35801,17,104,2.51
35802,169,176,0.43
35803,142,165,0.28
35804,29,185,2.46
35805,0,130,4.72
35806,50,219,2.86
35807,0,128,4.21
35808,16,177,1.29
35809,125,158,0.40
35810,45,177,3.89
35811,90,124,0.67
35812,164,179,0.26
35813,69,70,0.14
35814,0,13,0.27
35815,0,170,4.04
35816,13,34,0.78
35817,148,22,1.57
35818,0,15,0.27
35819,252,549,1.29
35820,191,345,0.39
35821,0,33,1.08
35822,11,94,1.42
35823,188,597,1.10
35824,18,127,4.16
35825,0,63,1.80
35826,0,148,4.04
35827,19,73,4.09
35828,46,0,0.00
35829,48,83,3.40
35830,15,67,2.51
35831,19,24,0.63
35832,0,24,0.53
35833,62,49,1.04
35834,0,18,0.53
35835,0,91,3.82
35836,111,118,0.33
35837,0,24,1.42
35838,0,35,3.28
35839,74,74,0.12
35840,111,115,1.13
35841,33,163,4.28
35842,18,134,1.92
35843,48,14,0.18
35844,0,21,0.43
35845,158,163,0.44
35846,0,137,2.07
35847,74,86,0.21
35848,0,173,3.63
35849,18,113,5.33
35850,188,317,0.75
35851,0,71,2.28
35852,17,20,0.25
35853,0,95,5.20
35854,122,132,1.54
35855,91,119,0.21
35856,108,111,0.38
35857,132,132,0.29
35858,0,138,4.05
35859,0,143,2.41
35860,89,90,0.13
35861,21,58,2.04
35862,0,161,5.07
35863,0,20,0.15
35864,43,23,2.25
35865,39,21,2.66
35866,30,132,3.56
35867,17,127,3.77
35868,0,144,0.59
35869,596,649,1.20
35870,104,30,0.60
35871,107,107,0.19
35872,0,105,4.53
35873,18,158,7.27
35874,0,165,2.32
35875,0,243,7.98
35876,171,207,0.38
35877,266,344,0.75
35878,132,158,0.40
35879,20,135,5.42
35880,250,261,0.36
35881,97,107,0.26
35882,150,172,0.34
35883,134,135,0.16
35884,93,31,2.34
35885,74,188,0.71
35886,0,24,1.91
35887,105,107,0.23
35888,19,19,0.61
35889,0,80,1.92
35890,248,261,0.41
35891,16,32,1.98
35892,51,833,3.50
35893,23,160,4.08
35894,890,1505,2.25
35895,17,97,0.62
35896,23,148,2.78
35897,0,30,0.42
35898,406,536,0.98
35899,0,50,3.12
35900,0,32,1.56
35901,149,15,0.23
35902,0,58,1.19
35903,238,590,0.93
35904,76,203,0.68
35905,18,147,3.72
35906,114,114,0.37
35907,0,25,0.46
35908,0,102,3.20
35909,35,15,0.34
35910,42,246,2.51
35911,0,20,1.01
35912,50,17,0.36
35913,195,345,0.40
35914,282,394,1.63
35915,0,28,0.62
35916,62,62,0.13
35917,178,181,0.69
35918,26,42,1.68
35919,0,181,0.95
35920,25,164,4.98
35921,30,371,0.87
35922,106,16,0.57
35923,226,228,0.42
35924,19,10,0.11
35925,142,0,0.00
35926,0,44,1.68
35927,0,671,1.18
35928,0,128,3.25
35929,31,14,1.38
35930,14,208,0.43
35931,558,612,1.05
35932,23,34,2.61
35933,32,92,4.36
35934,20,177,2.36
35935,38,68,3.04
35936,22,75,2.12
35937,100,120,0.40
35938,25,115,2.36
35939,89,91,0.15
35940,189,198,0.35
35941,226,245,1.04
35942,0,84,1.93
35943,25,65,3.74
35944,0,21,2.01
35945,20,16,0.41
35946,47,22,0.74
35947,14,26,1.02
35948,25,135,4.61
35949,149,152,0.19
35950,159,296,1.01
35951,139,140,0.23
35952,48,51,1.95
35953,245,269,0.27
35954,78,78,0.19
35955,0,24,1.01
35956,0,117,1.94
35957,272,315,0.19
35958,0,19,0.87
35959,27,0,0.00
35960,14,80,1.25
35961,37,15,1.21
35962,16,49,1.74
35963,0,64,2.32
35964,201,309,0.27
35965,0,139,4.04
35966,370,383,0.31
35967,192,584,1.30
35968,147,149,0.37
35969,44,194,1.92
35970,0,81,3.04
35971,60,207,2.96
35972,0,129,6.24
35973,0,23,0.42
35974,114,117,0.18
35975,0,19,0.37
35976,23,68,4.71
35977,19,49,1.84
35978,0,137,6.28
35979,102,100,0.32
35980,21,30,0.67
35981,0,23,0.50
35982,184,268,0.32
35983,44,182,0.65
35984,95,100,0.43
35985,0,84,3.44
35986,225,276,0.23
35987,522,592,1.09
35988,31,25,2.15
35989,20,20,1.63
35990,49,203,4.28
35991,22,141,3.30
35992,209,210,0.73
35993,0,120,2.95
35994,30,26,1.67
35995,167,16,0.28
35996,36,155,2.70
35997,591,947,1.22
35998,182,416,1.00
35999,133,213,0.30
36000,29,144,5.69
36001,76,92,1.00
36002,245,85,0.17
36003,20,152,2.34
36004,21,117,3.26
36005,70,21,0.55
36006,20,92,2.59
36007,324,349,0.24
36008,12,89,4.99
36009,0,200,0.62
36010,0,51,0.79
36011,0,32,1.64
36012,0,132,1.80
36013,36,155,3.07
36014,193,227,0.27
36015,202,212,0.61
36016,0,143,4.13
36017,0,90,2.51
36018,16,83,4.04
36019,137,140,0.36
36020,479,487,1.00
36021,99,1795,5.54
36022,217,229,0.35
36023,160,229,0.34
36024,0,48,1.77
36025,17,92,5.90
36026,67,234,1.65
36027,0,145,2.74
36028,39,165,3.57
36029,32,203,6.73
36030,0,16,0.40
36031,0,55,2.67
36032,60,21,0.53
36033,0,14,0.30
36034,0,19,0.10
36035,0,29,0.72
36036,0,134,4.08
36037,60,27,1.09
36038,0,95,7.35
36039,265,299,2.11
36040,0,133,2.57
36041,35,152,3.73
36042,0,92,2.12
36043,20,50,0.36
36044,50,194,1.62
36045,183,280,0.83
36046,0,125,0.18
36047,0,116,4.94
36048,212,308,0.30
36049,167,182,0.50
36050,78,28,0.34
36051,0,203,0.62
36052,46,17,0.26
36053,37,64,2.84
36054,198,208,0.28
36055,0,147,3.51
36056,23,20,0.25
36057,141,30,0.13
36058,127,130,0.29
36059,171,197,0.42
36060,0,142,4.51
36061,455,471,1.20
36062,0,38,3.45
36063,149,2131,10.71
36064,108,110,0.18
36065,0,41,2.20
36066,255,275,0.30
36067,59,173,4.46
36068,16,155,3.48
36069,97,110,0.27
36070,0,136,4.19
36071,78,87,0.28
36072,145,183,0.33
36073,33,167,3.35
36074,97,97,0.28
36075,55,209,3.47
36076,26,23,0.41
36077,20,139,4.12
36078,74,28,1.52
36079,195,212,1.40
36080,0,182,4.49
36081,0,0,0.00
36082,136,398,1.14
36083,69,21,0.68
36084,81,93,0.28
36085,0,74,3.00
36086,0,21,0.76
36087,0,52,1.20
36088,82,17,0.31
36089,0,19,0.75
36090,128,148,0.33
36091,48,68,0.53
36092,100,105,0.22
36093,75,205,1.66
36094,25,146,3.09
36095,262,457,0.35
36096,23,31,1.90
36097,0,219,0.50
36098,155,196,0.50
36099,14,134,8.30
36100,0,163,3.19
36101,258,284,0.36
36102,18,146,4.38
36103,147,16,0.15
36104,124,22,0.51
36105,0,16,0.70
36106,109,130,0.34
36107,15,174,3.02
36108,17,87,2.93
36109,33,195,2.43
36110,71,243,1.49
36111,15,18,0.41
36112,84,87,0.14
36113,551,814,1.13
36114,223,220,0.42
36115,0,0,0.00
36116,19,22,1.62
36117,132,284,1.45
36118,101,124,0.38
36119,18,108,4.19
36120,0,103,4.50
36121,41,77,2.99
36122,116,130,0.34
36123,983,1139,1.32
36124,19,37,1.66
36125,22,188,5.23
36126,13,23,0.58
36127,13,79,3.03
36128,76,85,0.41
36129,134,173,0.67
36130,443,516,1.06
36131,32,44,3.10
36132,259,299,0.28
36133,17,192,4.81
36134,19,76,3.86
36135,112,113,0.17
36136,122,387,1.64
36137,77,77,0.41
36138,251,741,1.16
36139,112,16,0.35
36140,264,292,0.41
36141,0,103,3.13
36142,189,191,0.41
36143,18,19,0.47
36144,23,21,0.46
36145,149,158,1.15
36146,36,14,0.39
36147,15,149,8.26
36148,46,32,0.41
36149,18,117,2.82
36150,90,92,0.16
36151,25,117,5.35
36152,291,312,2.10
36153,0,86,2.23
36154,14,91,2.65
36155,390,402,0.33
36156,30,24,0.66
36157,18,61,1.29
36158,80,88,0.25
36159,148,148,0.39
36160,49,55,3.38
36161,48,173,2.23
36162,197,35,0.83
36163,0,0,0.00
36164,30,65,4.22
36165,0,136,2.82
36166,97,97,0.14
36167,249,317,0.59
36168,272,273,0.36
36169,72,238,0.81
36170,119,121,0.18
36171,0,29,1.03
36172,85,13,0.21
36173,22,135,3.62
36174,213,251,0.31
36175,164,178,0.52
36176,0,173,1.75
36177,0,17,0.31
36178,60,63,0.14
36179,54,156,4.25
36180,17,30,0.90
36181,538,0,0.00
36182,153,156,0.28
36183,14,24,1.40
36184,46,61,0.13
36185,0,123,2.29
36186,29,119,4.37
36187,0,41,1.61
36188,14,149,2.01
36189,24,30,0.56
36190,0,122,3.23
36191,17,37,1.53
36192,187,187,0.52
36193,0,121,2.67
36194,36,39,0.14
36195,85,98,0.44
36196,0,178,0.59
36197,93,96,0.22
36198,17,90,4.40
36199,293,22,1.49
36200,46,167,3.74
36201,212,212,0.47
36202,297,302,0.31
36203,0,137,4.47
36204,208,231,0.24
36205,774,1106,0.66
36206,57,174,4.22
36207,145,153,0.20
36208,19,113,1.66
36209,268,618,1.22
36210,17,25,1.50
36211,157,320,0.38
36212,28,19,1.92
36213,28,48,2.58
36214,23,139,4.72
36215,116,116,0.19
36216,53,37,0.53
36217,138,171,0.52
36218,313,339,1.13
36219,116,161,0.33
36220,0,136,1.67
36221,346,369,0.27
36222,20,164,3.54
36223,0,103,4.74
36224,292,646,2.22
36225,433,450,1.04
36226,35,160,4.96
36227,0,142,3.00
36228,31,150,4.95
36229,0,149,2.62
36230,44,78,2.37
36231,0,375,0.79
36232,0,87,6.33
36233,42,156,3.93
36234,342,345,1.05
36235,37,35,0.76
36236,249,278,0.51
36237,125,129,0.88
36238,48,106,1.82
36239,230,727,1.23
36240,0,37,0.68
36241,26,77,1.26
36242,142,296,1.07
36243,0,14,0.33
36244,119,157,0.46
36245,0,174,3.14
36246,481,729,0.92
36247,0,96,2.83
36248,23,92,1.54
36249,37,26,1.81
36250,151,434,1.12
36251,175,218,0.32
36252,0,147,3.09
36253,0,265,0.96
36254,0,139,3.34
36255,66,69,2.51
36256,334,37,0.20
36257,0,124,2.74
36258,181,182,0.73
36259,96,25,0.36
36260,128,172,0.62
36261,0,14,0.44
36262,27,105,2.46
36263,37,204,4.21
36264,16,110,2.77
36265,83,195,0.18
36266,21,42,2.03
36267,0,26,1.48
36268,49,49,0.12
36269,662,696,1.03
36270,29,21,0.38
36271,0,21,0.68
36272,41,18,1.39
36273,463,483,1.06
36274,19,31,1.16
36275,0,45,2.15
36276,225,535,0.82
36277,95,116,0.57
36278,0,105,4.73
36279,56,232,0.57
36280,0,155,1.13
36281,18,26,1.33
36282,16,28,1.51
36283,157,157,0.63
36284,19,126,3.01
36285,237,473,0.57
36286,0,100,1.98
36287,40,64,4.91
36288,431,1331,1.24
36289,63,64,0.13
36290,27,105,1.95
36291,30,169,4.88
36292,31,187,2.90
36293,14,17,0.33
36294,109,135,0.30
36295,15,11,0.32
36296,42,185,5.11
36297,0,38,0.89
36298,12,169,5.30
36299,375,399,1.31
36300,0,32,1.52
36301,27,59,4.03
36302,63,15,0.29
36303,156,156,0.25
36304,0,108,3.96
36305,162,200,0.29
36306,48,205,0.34
36307,133,144,0.40
36308,24,228,0.44
36309,30,107,3.95
36310,124,139,0.24
36311,103,207,0.36
36312,21,148,2.42
36313,30,24,0.45
36314,17,25,0.31
36315,0,95,2.75
36316,0,50,3.00
36317,243,255,0.45
36318,259,299,0.28
36319,11,130,2.61
36320,0,30,2.31
36321,202,227,0.36
36322,234,335,0.57
36323,19,137,2.04
36324,13,204,4.33
36325,26,11,0.43
36326,87,20,1.07
36327,152,167,0.33
36328,48,23,1.33
36329,0,27,0.54
36330,18,117,3.23
36331,226,248,0.34
36332,0,173,2.84
36333,227,583,1.14
36334,109,31,1.18
36335,0,36,2.72
36336,38,27,0.56
36337,0,132,1.98
36338,165,168,0.62
36339,33,145,2.80
36340,0,101,5.66
36341,270,345,0.94
36342,0,53,0.87
36343,0,41,2.71
36344,21,258,0.74
36345,18,17,1.42
36346,0,21,2.35
36347,28,100,0.19
36348,28,80,3.13
36349,60,61,0.11
36350,564,575,1.03
36351,142,145,0.24
36352,254,300,0.44
36353,0,44,2.22
36354,51,121,1.88
36355,22,20,1.24
36356,0,109,0.18
36357,0,34,1.50
36358,19,187,2.60
36359,118,121,0.19
36360,16,142,2.16
36361,15,19,0.52
36362,194,220,0.65
36363,244,258,0.32
36364,82,89,0.29
36365,31,78,3.62
36366,14,28,0.69
36367,302,328,0.45
36368,82,85,0.18
36369,0,81,1.93
36370,0,34,0.65
36371,0,22,0.50
36372,15,131,4.86
36373,30,573,0.44
36374,274,544,1.18
36375,233,117,0.30
36376,0,168,4.30
36377,23,144,2.10
36378,32,42,1.14
36379,261,622,1.11
36380,214,477,2.02
36381,92,103,0.54
36382,0,145,1.87
36383,58,60,1.68
36384,32,121,1.60
36385,53,56,1.38
36386,171,942,0.79
36387,37,28,0.54
36388,77,17,0.41
36389,0,87,2.66
36390,13,169,2.52
36391,173,315,0.55
36392,19,99,2.85
36393,29,96,0.67
36394,169,177,0.40
36395,29,165,3.61
36396,36,190,4.85
36397,21,65,2.28
36398,35,184,6.06
36399,141,152,0.49
36400,0,87,2.67
36401,126,142,0.27
36402,18,55,1.54
36403,0,117,3.14
36404,202,250,0.42
36405,109,130,0.40
36406,20,51,2.49
36407,0,19,0.32
36408,21,141,2.35
36409,27,16,1.70
36410,17,34,2.40
36411,116,121,0.45
36412,28,20,0.34
36413,0,123,2.12
36414,0,18,0.27
36415,0,87,1.73
36416,253,268,0.29
36417,154,161,0.52
36418,34,97,0.57
36419,247,260,0.70
36420,18,148,5.33
36421,51,202,7.02
36422,37,20,0.69
36423,93,111,0.18
36424,0,86,5.34
36425,200,201,0.29
36426,0,11,0.36
36427,183,197,0.30
36428,46,165,2.84
36429,0,152,5.09
36430,21,154,4.91
36431,19,114,1.56
36432,91,100,0.37
36433,0,150,0.67
36434,0,13,0.45
36435,0,219,2.46
36436,160,162,0.26
36437,139,142,0.25
36438,558,1826,5.05
36439,19,150,3.70
36440,624,743,1.20
36441,225,239,0.32
36442,0,79,1.71
36443,24,88,2.72
36444,0,148,2.68
36445,0,58,0.06
36446,0,26,1.44
36447,20,20,0.64
36448,39,184,5.76
36449,0,168,5.79
36450,138,247,1.01
36451,0,65,2.35
36452,132,135,0.20
36453,0,42,1.91
36454,26,17,0.44
36455,31,43,2.55
36456,180,301,0.34
36457,82,43,0.60
36458,0,20,0.55
36459,36,155,8.51
36460,278,316,0.30
36461,127,127,0.25
36462,237,20,0.47
36463,0,106,1.97
36464,317,333,0.28
36465,122,123,0.25
36466,0,99,4.46
36467,225,228,0.24
36468,213,227,0.48
36469,24,166,4.59
36470,0,22,0.55
36471,50,1152,6.72
36472,66,16,0.32
36473,19,37,0.58
36474,198,15,0.21
36475,42,17,0.39
36476,187,205,0.36
36477,140,148,0.79
36478,42,18,0.44
36479,287,326,0.24
36480,0,99,2.06
36481,0,0,0.00
36482,179,212,0.44
36483,0,73,0.92
36484,347,380,0.27
36485,150,151,0.51
36486,58,24,0.39
36487,18,104,3.49
36488,203,226,0.37
36489,14,23,0.42
36490,18,50,3.42
36491,0,134,1.83
36492,0,117,2.71
36493,0,179,5.17
36494,325,341,0.37
36495,16,20,0.93
36496,108,130,0.57
36497,150,154,0.41
36498,22,19,0.78
36499,41,92,3.19
36500,13,36,0.98
36501,40,203,4.24
36502,14,202,6.64
36503,15,79,1.70
36504,37,18,2.37
36505,26,156,5.23
36506,20,59,4.80
36507,116,116,0.18
36508,170,20,0.39
36509,236,184,0.48
36510,74,68,0.17
36511,35,17,0.45
36512,20,53,1.89
36513,63,19,0.41
36514,189,212,1.41
36515,0,29,0.92
36516,142,150,0.96
36517,282,283,0.21
36518,19,182,2.63
36519,121,141,0.47
36520,208,209,0.86
36521,21,61,1.06
36522,122,124,0.20
36523,16,126,2.58
36524,0,76,2.83
36525,0,21,0.82
36526,19,146,4.03
36527,48,32,0.37
36528,98,20,0.43
36529,33,110,4.11
36530,148,323,0.41
36531,44,37,1.44
36532,0,34,2.52
36533,0,19,0.50
36534,61,157,1.96
36535,54,54,0.11
36536,0,43,1.21
36537,15,51,2.64
36538,12,64,3.09
36539,109,341,1.09
36540,120,15,0.33
36541,18,125,2.87
36542,40,134,3.86
36543,109,113,0.26
36544,143,143,0.61
36545,287,397,1.11
36546,18,40,2.23
36547,297,311,0.42
36548,13,49,2.20
36549,40,109,1.29
36550,31,68,3.08
36551,0,28,0.63
36552,86,86,0.15
36553,15,159,2.87
36554,198,457,1.08
36555,17,26,0.37
36556,18,78,4.16
36557,161,167,0.45
36558,54,36,1.37
36559,26,36,0.55
36560,41,163,2.73
36561,37,42,0.65
36562,0,38,0.55
36563,132,137,0.29
36564,0,15,0.19
36565,16,30,0.40
36566,23,134,4.32
36567,0,36,1.63
36568,24,25,1.00
36569,74,95,0.72
36570,16,31,1.49
36571,0,53,2.03
36572,36,148,3.39
36573,17,46,2.90
36574,214,221,0.40
36575,0,28,1.44
36576,41,49,0.27
36577,142,277,1.01
36578,21,111,4.09
36579,13,52,2.74
36580,253,267,0.91
36581,104,106,0.18
36582,345,24,0.25
36583,149,173,0.51
36584,20,35,2.16
36585,54,204,4.95
36586,32,17,0.41
36587,135,138,0.31
36588,45,31,0.97
36589,0,40,0.66
36590,19,15,1.11
36591,34,29,1.26
36592,18,58,1.27
36593,0,55,1.78
36594,27,57,2.16
36595,113,126,0.28
36596,30,0,0.00
36597,21,63,0.90
36598,120,13,0.17
36599,194,501,1.04
36600,37,23,0.11
36601,0,50,2.37
36602,0,419,0.39
36603,0,24,1.57
36604,20,28,0.49
36605,110,129,0.34
36606,0,137,5.95
36607,143,160,0.34
36608,147,157,0.29
36609,18,162,3.33
36610,0,96,4.11
36611,0,34,2.82
36612,653,660,0.34
36613,0,135,3.51
36614,13,0,0.00
36615,33,24,1.45
36616,0,83,2.94
36617,94,25,1.00
36618,20,121,2.98
36619,21,81,3.41
36620,0,63,2.99
36621,94,106,0.26
36622,20,135,4.51
36623,21,76,2.98
36624,144,333,1.60
36625,27,143,4.84
36626,0,90,2.85
36627,193,210,0.89
36628,137,289,0.41
36629,0,131,2.28
36630,174,196,0.28
36631,120,143,0.48
36632,0,144,2.84
36633,14,117,3.60
36634,42,192,2.80
36635,26,97,1.20
36636,71,72,0.13
36637,0,76,1.42
36638,15,102,3.72
36639,0,76,2.38
36640,102,122,1.16
36641,25,15,0.33
36642,274,293,1.05
36643,87,95,0.31
36644,0,70,1.93
36645,137,138,0.40
36646,0,134,6.04
36647,59,56,5.45
36648,33,108,1.43
36649,264,300,0.60
36650,22,35,0.16
36651,0,112,1.87
36652,94,102,0.58
36653,94,107,0.39
36654,715,726,0.36
36655,75,98,0.36
36656,0,123,3.61
36657,25,101,5.07
36658,61,122,0.66
36659,0,85,0.69
36660,246,528,1.16
36661,38,179,4.64
36662,0,16,0.57
36663,0,70,2.90
36664,102,148,0.64
36665,293,323,1.10
36666,0,119,2.03
36667,0,39,2.78
36668,37,168,2.56
36669,0,87,0.24
36670,14,40,1.68
36671,23,133,3.44
36672,0,37,1.47
36673,0,107,6.21
36674,24,70,2.60
36675,0,22,0.55
36676,11,18,1.36
36677,0,81,2.22
36678,71,66,2.52
36679,45,22,0.33
36680,19,134,3.31
36681,48,21,0.60
36682,37,107,2.16
36683,41,113,1.37
36684,50,24,0.54
36685,245,268,0.23
36686,16,84,2.47
36687,0,28,1.53
36688,17,156,4.61
36689,27,63,1.82
36690,225,232,0.30
36691,66,179,0.50
36692,20,69,2.54
36693,0,78,3.50
36694,36,13,0.29
36695,59,39,2.35
36696,17,151,5.05
36697,32,24,0.59
36698,177,315,0.39
36699,62,44,1.60
36700,359,399,0.64
36701,70,79,0.45
36702,15,79,3.95
36703,35,29,0.51
36704,43,18,0.52
36705,0,93,2.50
36706,63,186,4.59
36707,0,1450,2.15
36708,506,528,1.10
36709,0,235,0.52
36710,126,189,1.09
36711,18,149,6.37
36712,41,17,0.33
36713,130,151,0.50
36714,285,20,0.70
36715,18,153,6.08
36716,0,29,1.17
36717,236,664,1.15
36718,269,282,0.34
36719,0,109,2.21
36720,58,216,4.70
36721,14,26,1.22
36722,218,231,0.58
36723,17,123,1.75
36724,107,1486,5.92
36725,201,0,0.00
36726,0,32,1.53
36727,195,252,0.77
36728,29,52,3.79
36729,114,111,0.69
36730,152,153,0.22
36731,189,200,0.25
36732,69,19,0.41
36733,0,55,0.67
36734,50,19,0.90
36735,343,387,0.43
36736,17,121,5.45
36737,25,65,0.52
36738,343,372,0.42
36739,30,115,6.79
36740,20,33,2.11
36741,64,29,0.49
36742,0,33,1.08
36743,22,95,1.71
36744,73,183,0.89
36745,0,18,0.12
36746,183,183,0.44
36747,45,32,3.04
36748,16,21,0.18
36749,99,254,0.96
36750,58,21,0.65
36751,0,27,3.15
36752,21,20,0.36
36753,11,113,4.36
36754,193,20,0.11
36755,19,121,1.82
36756,31,161,0.95
36757,0,139,3.14
36758,0,112,3.33
36759,14,75,4.01
36760,0,67,4.59
36761,242,3403,6.95
36762,19,89,0.74
36763,144,163,0.65
36764,0,145,1.79
36765,135,135,0.23
36766,192,635,1.26
36767,0,17,0.08
36768,30,149,2.25
36769,213,216,0.30
36770,186,370,1.05
36771,39,110,6.38
36772,0,0,0.00
36773,0,117,4.11
36774,129,137,0.26
36775,36,26,0.95
36776,0,36,1.53
36777,0,0,0.00
36778,143,285,0.49
36779,106,146,0.49
36780,25,172,3.67
36781,20,206,1.04
36782,202,261,0.30
36783,22,39,0.86
36784,49,74,0.38
36785,73,79,0.44
36786,204,353,0.64
36787,50,174,7.16
36788,58,189,0.79
36789,0,168,2.14
36790,210,229,0.35
36791,0,136,3.35
36792,226,364,0.83
36793,11,35,1.74
36794,206,58,0.28
36795,123,1584,2.22
36796,290,310,0.32
36797,20,128,2.06
36798,265,273,0.25
36799,25,104,2.48
36800,31,28,1.57
36801,50,134,1.58
36802,383,390,0.34
36803,199,862,1.71
36804,200,200,0.20
36805,0,56,1.79
36806,28,56,3.00
36807,57,189,3.33
36808,0,133,4.21
36809,200,230,0.40
36810,70,16,1.50
36811,175,196,0.36
36812,0,102,3.15
36813,48,17,0.41
36814,0,115,2.33
36815,0,47,1.47
36816,400,790,0.45
36817,58,206,1.59
36818,0,22,1.38
36819,170,172,0.57
36820,0,62,2.79
36821,19,98,2.81
36822,68,36,0.77
36823,14,44,1.53
36824,367,389,0.56
36825,42,37,0.97
36826,0,144,7.42
36827,0,12,0.19
36828,17,119,2.71
36829,15,50,1.52
36830,0,84,3.55
36831,0,0,0.00
36832,18,109,4.17
36833,13,138,3.95
36834,0,44,3.32
36835,0,28,0.38
36836,106,150,0.43
36837,0,151,0.33
36838,73,48,1.39
36839,23,107,4.48
36840,96,97,0.16
36841,0,29,1.89
36842,127,127,0.25
36843,0,95,1.87
36844,0,144,3.78
36845,136,156,0.35
36846,138,147,0.26
36847,0,125,2.87
36848,114,114,0.60
36849,70,71,0.14
36850,0,148,4.19
36851,60,29,1.79
36852,221,415,0.99
36853,0,87,2.57
36854,80,25,0.08
36855,14,138,3.48
36856,17,21,1.00
36857,23,40,0.77
36858,0,41,1.35
36859,0,68,2.35
36860,26,93,3.66
36861,0,34,1.95
36862,0,148,5.86
36863,27,30,2.44
36864,332,381,0.42
36865,134,139,0.45
36866,14,56,3.49
36867,36,46,0.72
36868,233,234,0.73
36869,14,50,3.39
36870,71,63,4.70
36871,54,54,0.10
36872,0,38,2.53
36873,57,111,0.26
36874,0,41,1.26
36875,0,36,1.46
36876,0,44,2.10
36877,0,64,1.48
36878,0,46,2.94
36879,170,188,1.00
36880,190,193,0.55
36881,0,126,2.57
36882,0,63,3.59
36883,35,79,3.15
36884,0,41,3.45
36885,133,149,0.34
36886,201,0,0.00
36887,17,50,6.48
36888,60,226,4.21
36889,65,70,0.19
36890,27,226,1.78
36891,202,230,1.74
36892,126,152,0.57
36893,0,19,1.13
36894,62,15,0.41
36895,108,18,0.04
36896,16,157,3.49
36897,49,82,0.45
36898,0,22,1.46
36899,26,122,5.27
36900,197,490,0.54
36901,93,272,1.03
36902,286,304,0.26
36903,0,0,0.00
36904,50,225,2.84
36905,25,177,2.58
36906,23,105,2.72
36907,0,47,1.42
36908,39,106,0.24
36909,42,41,0.77
36910,45,33,1.43
36911,490,506,1.19
36912,0,147,5.22
36913,0,31,0.45
36914,13,76,0.97
36915,0,134,1.96
36916,0,106,2.21
36917,53,221,1.89
36918,174,110,0.64
36919,226,676,0.97
36920,106,187,0.52
36921,0,75,3.05
36922,328,354,0.33
36923,112,130,0.27
36924,57,158,3.11
36925,46,197,2.76
36926,29,52,1.86
36927,146,147,0.28
36928,0,124,0.21
36929,25,44,2.33
36930,286,345,0.38
36931,14,24,0.40
36932,68,115,0.55
36933,15,86,4.22
36934,281,0,0.00
36935,165,197,0.26
36936,119,164,0.27
36937,19,66,1.69
36938,28,140,3.27
36939,115,115,0.18
36940,114,243,1.03
36941,0,15,0.40
36942,18,36,1.45
36943,34,891,0.88
36944,17,22,0.29
36945,17,22,1.44
36946,27,12,0.15
36947,27,155,3.94
36948,31,34,1.74
36949,126,126,0.22
36950,0,62,2.98
36951,340,364,0.26
36952,31,155,3.03
36953,0,127,0.36
36954,14,123,2.58
36955,219,244,0.31
36956,0,20,0.53
36957,151,163,0.52
36958,61,30,1.00
36959,122,150,0.38
36960,18,69,3.49
36961,198,203,0.28
36962,22,79,3.57
36963,0,31,0.58
36964,15,10,0.21
36965,36,182,5.58
36966,43,131,4.30
36967,86,70,3.30
36968,279,305,0.55
36969,19,79,1.77
36970,0,101,1.09
36971,20,39,1.68
36972,386,453,0.41
36973,18,14,0.63
36974,162,164,0.23
36975,19,60,2.56
36976,311,371,0.45
36977,0,31,0.69
36978,175,441,1.08
36979,195,195,0.55
36980,19,156,2.82
36981,83,84,0.17
36982,80,84,0.47
36983,0,129,3.67
36984,0,37,3.02
36985,20,36,3.41
36986,390,436,0.59
36987,0,143,2.64
36988,127,170,0.43
36989,22,74,3.29
36990,19,136,3.12
36991,230,249,1.05
36992,18,17,0.41
36993,19,144,3.32
36994,353,669,1.34
36995,110,102,0.16
36996,215,441,1.28
36997,28,21,0.62
36998,0,17,0.27
36999,37,163,2.16
37000,15,47,0.16
37001,44,18,1.29
37002,12,46,1.69
37003,168,566,1.22
37004,16,115,2.83
37005,197,241,0.33
37006,159,159,0.71
37007,204,218,0.58
37008,29,29,1.46
37009,14,144,3.20
37010,393,729,1.04
37011,101,126,0.31
37012,20,112,4.01
37013,30,71,3.35
37014,124,141,0.35
37015,15,74,3.77
37016,25,123,2.79
37017,284,373,0.67
37018,0,118,4.20
37019,154,167,0.31
37020,0,211,3.56
37021,0,165,3.65
37022,17,30,0.13
37023,84,84,0.32
37024,0,46,3.21
37025,19,254,0.35
37026,295,311,0.38
37027,161,511,0.96
37028,214,242,0.61
37029,110,110,0.38
37030,0,26,2.15
37031,229,229,0.38
37032,203,368,0.29
37033,0,81,4.24
37034,213,256,0.98
37035,0,169,0.16
37036,73,75,0.12
37037,0,34,2.83
37038,0,54,3.11
37039,183,563,1.10
37040,220,425,1.03
37041,21,197,1.14
37042,101,428,2.27
37043,0,33,2.47
37044,172,189,0.33
37045,78,88,0.31
37046,205,276,0.42
37047,19,22,2.39
37048,0,122,2.22
37049,146,23,0.36
37050,34,41,1.24
37051,181,524,1.22
37052,0,33,2.22
37053,91,95,0.19
37054,27,38,0.46
37055,162,701,1.56
37056,63,0,0.00
37057,0,106,2.98
37058,179,188,0.48
37059,45,163,2.26
37060,314,355,0.48
37061,19,136,5.73
37062,51,161,3.47
37063,0,22,1.49
37064,68,25,0.37
37065,17,38,1.28
37066,24,49,1.81
37067,162,20,1.54
37068,18,66,3.03
37069,0,20,0.71
37070,19,127,3.69
37071,0,142,2.92
37072,64,66,0.21
37073,87,108,1.03
37074,33,0,0.00
37075,46,31,4.12
37076,96,98,0.34
37077,26,143,2.89
37078,45,30,0.76
37079,0,77,2.30
37080,18,17,0.22
37081,0,83,4.07
37082,51,15,1.53
37083,77,57,1.26
37084,42,178,5.41
37085,0,151,4.43
37086,163,209,0.48
37087,273,475,0.42
37088,484,578,1.36
37089,32,21,0.44
37090,0,51,1.17
37091,108,776,0.70
37092,80,84,0.36
37093,21,32,1.46
37094,0,98,1.91
37095,62,408,0.65
37096,77,82,0.19
37097,0,96,4.68
37098,0,118,4.85
37099,15,86,2.45
37100,153,333,0.43
37101,151,163,0.40
37102,0,55,3.41
37103,28,56,1.99
37104,37,125,0.54
37105,0,24,0.38
37106,409,430,1.16
37107,111,141,0.32
37108,0,30,2.15
37109,172,172,0.30
37110,26,151,2.96
37111,32,29,0.72
37112,0,154,4.12
37113,17,111,3.73
37114,399,414,0.46
37115,0,141,2.34
37116,509,545,1.21
37117,27,104,7.08
37118,100,110,0.38
37119,204,221,0.30
37120,46,38,1.52
37121,0,17,0.31
37122,53,61,0.42
37123,19,56,2.28
37124,244,249,0.42
37125,187,231,0.42
37126,0,442,3.82
37127,0,153,3.24
37128,19,155,4.21
37129,172,171,0.42
37130,104,122,0.24
37131,157,239,0.28
37132,0,55,1.99
37133,19,30,0.62
37134,39,166,2.47
37135,18,58,2.84
37136,14,36,1.75
37137,555,575,1.07
37138,0,15,0.36
37139,32,50,1.06
37140,18,34,1.58
37141,123,123,0.17
37142,0,21,0.74
37143,187,304,0.51
37144,92,92,0.13
37145,16,45,0.96
37146,0,189,0.51
37147,472,307,0.48
37148,31,21,0.54
37149,0,155,4.25
37150,246,260,0.85
37151,0,21,0.53
37152,69,229,0.81
37153,47,19,0.44
37154,0,106,4.28
37155,197,523,1.26
37156,58,72,0.57
37157,36,27,1.48
37158,51,235,0.64
37159,18,38,1.50
37160,18,135,2.87
37161,0,0,0.00
37162,197,421,1.24
37163,0,120,2.02
37164,112,114,0.32
37165,0,118,1.87
37166,96,47,1.26
37167,67,67,0.27
37168,330,498,0.49
37169,41,26,1.83
37170,0,14,0.21
37171,170,18,0.85
37172,0,146,3.75
37173,126,10,0.09
37174,280,304,0.49
37175,61,82,4.02
37176,324,340,1.06
37177,16,55,1.71
37178,313,342,0.38
37179,32,11,0.49
37180,0,141,3.93
37181,93,106,0.47
37182,77,287,2.56
37183,22,20,0.82
37184,15,118,4.80
37185,16,43,1.56
37186,42,161,6.36
37187,34,71,3.86
37188,16,32,1.73
37189,134,144,0.48
37190,53,53,0.12
37191,0,18,0.21
37192,34,92,4.12
37193,19,17,0.82
37194,286,314,0.30
37195,327,296,0.32
37196,378,1264,1.05
37197,0,19,1.72
37198,43,96,2.99
37199,59,43,3.90
37200,20,32,0.96
37201,184,236,0.39
37202,0,53,3.18
37203,37,37,0.10
37204,193,194,0.74
37205,185,204,0.42
37206,22,90,4.78
37207,195,295,0.41
37208,127,138,0.30
37209,21,75,4.34
37210,122,141,0.41
37211,84,93,1.00
37212,79,14,0.40
37213,0,75,2.99
37214,19,70,2.17
37215,34,257,0.57
37216,28,179,3.21
37217,521,654,1.24
37218,202,371,0.77
37219,18,57,2.19
37220,334,371,0.43
37221,69,17,0.38
37222,0,18,1.58
37223,40,148,5.00
37224,224,268,0.49
37225,23,113,1.97
37226,24,188,1.48
37227,35,21,1.56
37228,22,139,2.77
37229,142,152,0.36
37230,0,71,3.76
37231,150,178,0.42
37232,67,0,0.00
37233,52,188,3.38
37234,13,25,1.89
37235,0,71,1.31
37236,54,158,1.55
37237,74,91,0.47
37238,47,159,4.69
37239,0,19,0.11
37240,234,238,0.54
37241,0,19,0.32
37242,0,202,7.09
37243,0,141,2.18
37244,88,27,2.13
37245,55,174,6.31
37246,54,20,2.02
37247,27,548,1.57
37248,208,221,0.40
37249,0,140,1.87
37250,60,34,1.47
37251,0,106,2.75
37252,0,19,0.90
37253,17,143,3.36
37254,15,27,0.17
37255,0,81,0.20
37256,259,2262,4.22
37257,0,17,0.47
37258,0,43,1.89
37259,97,129,1.17
37260,0,130,2.63
37261,89,97,0.22
37262,19,31,1.47
37263,10,26,3.29
37264,25,138,2.02
37265,17,151,5.40
37266,16,41,2.12
37267,153,170,1.05
37268,167,167,0.38
37269,31,130,2.52
37270,490,877,0.41
37271,0,65,1.97
37272,18,88,2.38
37273,180,188,0.62
37274,10,203,1.84
37275,0,14,0.80
37276,87,16,0.50
37277,103,104,0.16
37278,19,134,0.44
37279,0,22,1.06
37280,284,288,2.13
37281,111,129,0.21
37282,66,20,0.28
37283,37,33,0.60
37284,0,20,0.69
37285,33,560,0.67
37286,169,207,1.61
37287,320,329,0.38
37288,17,11,0.21
37289,310,345,0.38
37290,186,212,0.29
37291,0,597,0.40
37292,23,232,1.31
37293,22,114,4.60
37294,133,118,1.26
37295,77,101,0.26
37296,134,162,0.27
37297,0,114,3.84
37298,0,23,0.51
37299,0,26,1.32
37300,25,39,0.99
37301,17,35,1.12
37302,174,310,1.02
37303,60,100,2.39
37304,0,98,0.62
37305,58,34,1.06
37306,95,108,0.29
37307,13,36,0.71
37308,15,72,2.88
37309,95,15,0.38
37310,0,26,1.93
37311,0,53,3.92
37312,136,164,0.82
37313,37,26,0.36
37314,0,17,0.48
37315,42,137,2.92
37316,29,44,1.04
37317,114,126,0.32
37318,90,105,0.21
37319,0,183,2.75
37320,153,478,1.25
37321,0,27,2.39
37322,15,0,0.00
37323,0,141,4.08
37324,88,106,0.32
37325,46,170,3.87
37326,0,21,1.36
37327,52,35,1.23
37328,0,75,4.66
37329,14,35,2.32
37330,34,169,3.13
37331,75,87,0.34
37332,43,232,4.50
37333,26,112,4.37
37334,44,151,2.77
37335,16,28,0.45
37336,34,41,0.45
37337,12,157,5.26
37338,16,29,1.80
37339,267,297,0.22
37340,459,472,0.43
37341,186,199,0.52
37342,132,21,1.97
37343,0,0,0.00
37344,20,62,0.93
37345,0,19,0.36
37346,710,1218,1.47
37347,168,177,0.38
37348,10,27,0.76
37349,86,90,0.37
37350,321,364,0.46
37351,0,62,1.88
37352,167,283,1.05
37353,52,70,0.22
37354,0,35,1.36
37355,0,29,2.63
37356,106,121,1.23
37357,14,48,0.75
37358,142,142,0.48
37359,0,77,4.00
37360,14,115,3.82
37361,34,111,2.77
37362,15,23,1.26
37363,278,292,0.32
37364,34,144,0.51
37365,400,431,0.39
37366,205,208,0.19
37367,26,163,3.42
37368,130,31,0.87
37369,0,151,2.89
37370,14,40,0.71
37371,230,651,1.20
37372,0,657,2.99
37373,69,79,0.36
37374,183,184,0.34
37375,40,184,5.38
37376,0,151,4.68
37377,121,272,0.31
37378,112,25,0.49
37379,0,12,0.26
37380,52,92,0.48
37381,251,269,1.13
37382,68,20,0.53
37383,16,76,1.65
37384,165,165,0.60
37385,270,291,1.59
37386,280,499,0.41
37387,65,38,3.28
37388,100,114,0.27
37389,238,262,0.42
37390,23,108,2.57
37391,119,127,0.31
37392,22,133,1.28
37393,19,90,3.99
37394,77,22,1.42
37395,36,19,1.80
37396,20,28,2.04
37397,101,127,0.40
37398,0,125,2.30
37399,0,110,3.53
37400,0,62,1.48
37401,156,157,0.63
37402,18,24,0.42
37403,16,38,2.26
37404,0,46,3.44
37405,20,25,0.36
37406,194,198,0.71
37407,255,52,0.10
37408,0,20,0.38
37409,36,138,2.80
37410,188,214,0.49
37411,0,0,0.00
37412,0,65,2.43
37413,71,27,0.96
37414,20,150,2.89
37415,102,104,0.33
37416,134,141,0.37
37417,0,0,0.00
37418,0,409,2.17
37419,0,141,3.95
37420,19,94,2.66
37421,0,0,0.00
37422,137,410,1.21
37423,21,184,0.47
37424,120,134,0.45
37425,15,145,2.81
37426,26,104,1.61
37427,0,52,1.17
37428,16,78,2.75
37429,173,438,1.11
37430,89,257,0.44
37431,26,101,4.95
37432,119,147,0.84
37433,18,163,4.49
37434,395,528,0.82
37435,181,18,0.60
37436,0,14,1.05
37437,0,49,3.55
37438,0,0,0.00
37439,46,115,0.57
37440,332,365,0.37
37441,149,155,0.28
37442,0,15,0.21
37443,193,218,0.23
37444,23,61,1.54
37445,0,56,1.73
37446,18,22,1.02
37447,41,157,2.07
37448,17,76,2.14
37449,129,129,0.19
37450,262,603,1.37
37451,200,201,0.68
37452,16,28,0.55
37453,42,42,1.64
37454,0,69,4.27
37455,0,45,1.79
37456,17,41,1.42
37457,223,242,0.74
37458,0,0,0.00
37459,0,139,4.13
37460,92,161,1.56
37461,20,24,0.81
37462,53,25,0.44
37463,0,78,0.39
37464,30,91,3.59
37465,20,36,1.48
37466,76,82,0.13
37467,12,166,2.27
37468,510,558,0.52
37469,89,203,0.39
37470,142,301,0.47
37471,91,26,0.40
37472,0,150,2.94
37473,210,203,0.39
37474,0,186,4.16
37475,0,137,2.97
37476,27,20,0.72
37477,208,240,1.57
37478,66,413,1.07
37479,0,47,3.13
37480,31,90,2.62
37481,23,119,4.06
37482,35,174,2.97
37483,14,85,2.50
37484,225,297,1.00
37485,0,143,2.63
37486,201,229,0.87
37487,0,17,1.05
37488,21,43,3.12
37489,429,701,0.44
37490,12,14,0.32
37491,182,218,1.07
37492,89,189,0.61
37493,25,42,2.41
37494,139,139,0.26
37495,591,604,1.07
37496,250,253,0.44
37497,0,50,2.66
37498,252,267,0.25
37499,105,112,0.18
37500,32,92,1.52
37501,46,27,0.75
37502,16,113,2.73
37503,21,85,1.92
37504,14,146,2.79
37505,0,179,3.71
37506,19,14,0.42
37507,14,27,2.05
37508,0,124,4.11
37509,127,123,0.35
37510,17,36,2.75
37511,0,40,0.84
37512,27,18,1.59
37513,282,298,0.26
37514,44,65,3.68
37515,121,121,0.18
37516,14,17,0.19
37517,45,30,0.65
37518,0,111,2.40
37519,50,23,0.83
37520,297,306,0.26
37521,224,408,1.23
37522,201,238,1.47
37523,43,30,0.39
37524,191,198,0.31
37525,19,15,0.24
37526,21,184,2.28
37527,283,299,0.23
37528,23,108,4.51
37529,40,21,0.35
37530,55,23,0.55
37531,179,15,0.37
37532,20,103,4.14
37533,16,30,1.12
37534,254,282,0.26
37535,34,101,4.05
37536,27,78,3.15
37537,82,84,0.69
37538,261,671,1.11
37539,16,55,1.33
37540,35,19,0.47
37541,76,117,0.50
37542,40,158,2.94
37543,127,235,1.05
37544,0,135,2.57
37545,0,352,0.83
37546,203,335,0.94
37547,13,14,0.70
37548,15,16,0.44
37549,163,263,0.35
37550,210,392,1.17
37551,16,12,0.36
37552,230,252,0.82
37553,305,346,0.51
37554,0,63,1.12
37555,274,293,0.23
37556,17,21,2.24
37557,15,19,0.91
37558,195,339,0.43
37559,260,279,0.90
37560,17,55,1.66
37561,310,348,0.33
37562,0,213,1.79
37563,45,163,3.54
37564,0,24,0.94
37565,0,33,0.05
37566,140,440,1.05
37567,17,41,2.04
37568,0,37,1.06
37569,32,64,2.13
37570,15,50,1.11
37571,20,205,0.97
37572,84,205,4.85
37573,238,251,0.29
37574,0,43,0.66
37575,40,161,1.73
37576,37,30,0.38
37577,43,20,0.20
37578,96,101,0.34
37579,16,125,1.52
37580,252,424,0.53
37581,31,45,3.28
37582,158,0,0.00
37583,214,632,0.69
37584,0,22,1.04
37585,0,397,1.66
37586,42,13,1.56
37587,17,113,3.29
37588,15,21,1.39
37589,140,15,0.48
37590,52,52,0.26
37591,235,584,0.77
37592,73,21,1.27
37593,15,145,2.72
37594,27,31,1.49
37595,100,130,0.53
37596,267,285,1.08
37597,131,139,0.11
37598,10,42,1.39
37599,193,196,0.40
37600,23,153,2.36
37601,0,18,0.47
37602,55,22,0.64
37603,560,20,0.67
37604,0,50,3.36
37605,18,26,0.46
37606,26,31,1.69
37607,15,60,2.14
37608,27,31,2.72
37609,0,71,4.21
37610,412,643,1.08
37611,68,20,0.32
37612,0,78,4.78
37613,170,206,0.43
37614,100,294,3.44
37615,22,147,4.31
37616,19,215,4.77
37617,0,103,5.36
37618,26,21,1.38
37619,0,42,2.16
37620,75,23,0.89
37621,20,16,0.48
37622,187,208,0.21
37623,0,66,2.35
37624,0,25,1.89
37625,63,37,0.87
37626,0,152,4.62
37627,0,0,0.00
37628,22,150,3.00
37629,37,14,0.12
37630,278,298,0.25
37631,25,149,1.96
37632,333,352,0.44
37633,0,55,1.57
37634,54,18,0.38
37635,164,171,0.83
37636,50,192,1.75
37637,121,126,0.18
37638,41,181,4.90
37639,80,80,0.51
37640,363,385,0.53
37641,104,100,0.44
37642,17,86,1.98
37643,21,22,2.45
37644,259,275,0.30
37645,210,223,0.40
37646,36,16,0.26
37647,128,131,0.40
37648,92,0,0.00
37649,0,94,2.35
37650,38,0,0.00
37651,0,54,0.41
37652,539,538,1.13
37653,0,139,3.12
37654,34,21,0.55
37655,29,19,0.31
37656,16,144,1.61
37657,86,98,0.17
37658,0,31,2.08
37659,60,17,0.40
37660,142,151,0.91
37661,0,165,5.27
37662,17,139,4.21
37663,34,20,0.30
37664,44,207,3.68
37665,0,148,0.89
37666,36,124,5.76
37667,33,34,0.81
37668,247,266,0.44
37669,132,133,0.18
37670,0,74,3.33
37671,23,15,0.50
37672,99,112,0.47
37673,77,79,0.18
37674,114,127,0.43
37675,177,191,0.48
37676,21,34,0.87
37677,10,194,2.41
37678,303,760,0.51
37679,18,141,2.44
37680,137,20,0.56
37681,14,42,0.60
37682,0,139,4.15
37683,21,133,2.46
37684,36,170,2.55
37685,0,19,0.35
37686,17,157,3.78
37687,0,70,2.01
37688,18,151,2.34
37689,0,65,2.77
37690,16,178,3.07
37691,211,413,0.36
37692,0,63,1.94
37693,0,35,1.30
37694,302,316,0.36
37695,238,240,0.23
37696,225,307,1.00
37697,0,90,2.72
37698,127,128,0.18
37699,348,375,0.90
37700,111,135,0.73
37701,15,55,1.12
37702,247,566,1.07
37703,87,15,0.52
37704,62,69,0.50
37705,326,859,0.72
37706,0,30,2.28
37707,188,284,0.69
37708,0,247,0.41
37709,0,50,1.00
37710,329,511,0.97
37711,65,68,0.13
37712,45,41,1.69
37713,18,30,0.70
37714,40,207,0.52
37715,124,140,0.28
37716,0,395,2.01
37717,28,146,3.54
37718,19,29,1.34
37719,369,394,0.53
37720,18,38,0.54
37721,32,42,0.88
37722,505,519,0.66
37723,34,32,2.96
37724,25,15,0.96
37725,141,148,0.70
37726,316,336,0.40
37727,91,98,0.34
37728,211,329,0.38
37729,18,83,4.28
37730,23,55,1.85
37731,71,72,0.13
37732,0,17,0.53
37733,102,102,0.23
37734,509,546,1.10
37735,33,163,3.98
37736,0,109,4.97
37737,176,416,1.73
37738,148,342,0.43
37739,50,17,0.52
37740,0,80,3.31
37741,161,202,0.51
37742,210,215,0.42
37743,116,116,0.19
37744,25,85,2.81
37745,245,349,0.39
37746,17,174,4.70
37747,0,145,6.38
37748,0,0,0.00
37749,269,279,0.34
37750,283,308,0.33
37751,0,99,3.19
37752,22,173,4.93
37753,47,28,1.40
37754,32,17,0.36
37755,199,208,0.49
37756,175,175,0.35
37757,210,232,0.34
37758,0,143,3.05
37759,30,0,0.00
37760,205,223,0.39
37761,30,190,3.37
37762,15,21,0.39
37763,20,169,5.48
37764,17,140,1.66
37765,0,71,0.47
37766,24,139,5.43
37767,255,257,0.38
37768,34,19,0.08
37769,128,232,0.32
37770,538,581,1.02
37771,14,67,1.25
37772,18,19,0.36
37773,76,78,0.14
37774,25,49,1.44
37775,69,239,1.43
37776,17,106,3.60
37777,227,492,1.05
37778,183,275,0.96
37779,22,41,1.92
37780,25,39,1.92
37781,45,201,2.98
37782,118,149,0.30
37783,44,35,0.60
37784,17,94,2.09
37785,36,160,2.25
37786,110,111,0.18
37787,0,16,0.57
37788,12,20,1.36
37789,19,147,0.33
37790,74,20,0.61
37791,171,11,0.07
37792,0,45,0.55
37793,13,37,0.96
37794,148,25,0.40
37795,178,182,0.96
37796,21,80,2.85
37797,24,19,2.47
37798,27,276,0.57
37799,38,71,0.44
37800,0,191,5.39
37801,59,136,0.54
37802,69,19,0.52
37803,86,18,0.59
37804,18,142,4.76
37805,17,163,3.49
37806,122,344,1.07
37807,23,51,0.42
37808,109,112,0.16
37809,240,257,0.44
37810,139,139,0.43
37811,20,51,1.33
37812,257,286,0.39
37813,14,79,2.59
37814,20,50,2.30
37815,35,39,0.14
37816,452,29,0.06
37817,46,16,0.99
37818,74,75,0.33
37819,23,103,3.09
37820,45,25,1.24
37821,112,119,0.40
37822,346,373,0.56
37823,185,337,0.33
37824,509,15,0.41
37825,21,47,1.59
37826,0,0,0.00
37827,178,213,0.43
37828,15,15,0.68
37829,0,13,0.22
37830,576,601,1.38
37831,84,89,0.13
37832,30,40,2.41
37833,310,330,0.26
37834,0,113,3.30
37835,0,19,0.60
37836,489,509,0.34
37837,198,197,0.66
37838,0,100,2.19
37839,16,144,2.70
37840,299,467,0.27
37841,21,26,0.04
37842,29,34,1.50
37843,15,25,0.66
37844,148,158,0.50
37845,20,142,2.42
37846,233,253,0.50
37847,0,190,3.70
37848,251,309,0.45
37849,0,141,2.04
37850,298,320,0.29
37851,28,171,5.40
37852,36,15,1.09
37853,303,433,0.44
37854,0,49,1.15
37855,124,136,0.27
37856,66,185,2.78
37857,328,14,0.58
37858,70,74,0.33
37859,26,15,0.70
37860,21,118,6.49
37861,25,14,0.80
37862,0,32,0.50
37863,59,25,2.05
37864,20,42,1.52
37865,72,80,0.52
37866,51,21,0.31
37867,82,86,0.40
37868,0,131,2.56
37869,110,161,0.58
37870,20,14,1.09
37871,59,75,0.23
37872,57,14,0.24
37873,19,32,1.48
37874,28,166,4.36
37875,14,23,0.68
37876,0,15,2.23
37877,58,183,2.88
37878,0,31,1.53
37879,204,13,0.12
37880,25,19,0.58
37881,237,290,0.37
37882,23,121,3.37
37883,48,13,0.24
37884,133,146,0.33
37885,122,125,0.19
37886,14,79,0.36
37887,22,148,2.60
37888,26,16,0.97
37889,0,139,3.99
37890,55,45,2.98
37891,98,102,0.34
37892,154,12,0.49
37893,17,22,0.34
37894,191,548,1.19
37895,245,248,0.50
37896,16,20,0.32
37897,12,122,1.52
37898,78,25,0.69
37899,0,435,0.28
37900,153,153,0.28
37901,19,136,3.16
37902,0,11,0.09
37903,166,220,0.97
37904,19,17,0.40
37905,233,269,0.61
37906,0,32,1.63
37907,259,547,1.59
37908,29,38,1.49
37909,55,212,2.23
37910,56,47,1.91
37911,0,129,3.79
37912,119,119,0.33
37913,0,125,4.27
37914,0,25,2.63
37915,140,25,0.49
37916,698,716,1.33
37917,253,314,0.53
37918,19,136,2.07
37919,301,303,1.02
37920,16,35,1.27
37921,48,104,3.73
37922,31,29,1.17
37923,88,176,0.26
37924,246,268,0.37
37925,20,26,1.00
37926,19,149,3.79
37927,168,38,1.71
37928,27,33,2.11
37929,122,13,0.17
37930,182,16,1.01
37931,227,21,1.92
37932,0,23,0.48
37933,161,161,0.71
37934,32,170,2.73
37935,116,149,0.34
37936,0,65,1.32
37937,153,26,0.25
37938,77,78,0.12
37939,23,432,0.49
37940,96,97,0.20
37941,20,68,3.56
37942,140,145,0.18
37943,91,107,0.94
37944,30,131,4.25
37945,143,149,0.36
37946,0,59,1.61
37947,94,27,0.61
37948,0,109,5.41
37949,232,453,1.05
37950,180,184,0.54
37951,0,157,4.93
37952,16,33,1.21
37953,325,343,0.33
37954,38,22,1.96
37955,85,96,0.37
37956,0,132,5.01
37957,54,19,0.41
37958,127,132,0.28
37959,255,278,0.60
37960,288,301,0.85
37961,176,296,0.35
37962,144,146,0.37
37963,18,143,4.59
37964,177,340,0.99
37965,241,256,0.26
37966,195,200,0.25
37967,95,199,1.37
37968,0,131,4.11
37969,0,18,0.27
37970,207,395,0.97
37971,20,146,2.85
37972,0,122,6.36
37973,236,560,1.23
37974,52,195,2.85
37975,23,64,2.03
37976,27,55,2.37
37977,90,207,0.96
37978,171,431,1.11
37979,19,175,2.55
37980,28,131,7.43
37981,43,0,0.00
37982,0,126,3.45
37983,113,116,0.16
37984,27,83,3.15
37985,222,224,0.47
37986,297,610,1.88
37987,201,236,0.26
37988,18,45,1.49
37989,195,0,0.00
37990,22,64,2.39
37991,24,102,4.17
37992,17,151,5.15
37993,79,225,3.20
37994,57,25,0.59
37995,105,111,0.24
37996,637,672,1.09
37997,133,138,0.47
37998,214,501,1.93
37999,139,19,0.18
38000,170,364,1.14
38001,218,222,0.50
38002,130,143,0.20
38003,0,150,5.76
38004,17,175,4.39
38005,228,185,0.47
38006,13,134,1.70
38007,220,457,1.13
38008,18,153,4.13
38009,287,20,0.04
38010,669,1006,1.48
38011,21,11,0.12
38012,14,74,3.63
38013,274,310,0.73
38014,0,22,0.46
38015,30,31,0.93
38016,202,257,0.36
38017,26,116,2.55
38018,38,102,0.59
38019,0,141,2.77
38020,0,27,1.55
38021,50,19,0.09
38022,0,24,2.83
38023,128,149,0.49
38024,0,29,0.46
38025,46,18,0.57
38026,45,24,0.39
38027,0,23,0.38
38028,72,89,0.43
38029,0,128,4.37
38030,119,121,0.17
38031,211,244,0.37
38032,36,163,3.32
38033,0,33,2.26
38034,16,38,2.15
38035,229,246,0.44
38036,57,85,0.78
38037,0,126,0.40
38038,14,16,1.55
38039,30,103,0.56
38040,39,36,2.44
38041,79,94,0.50
38042,292,732,1.14
38043,0,54,4.98
38044,90,101,1.94
38045,60,60,0.12
38046,0,24,0.64
38047,0,21,0.85
38048,0,22,0.62
38049,14,37,1.06
38050,229,307,0.32
38051,0,121,4.40
38052,0,31,2.29
38053,74,64,3.05
38054,49,52,0.09
38055,83,83,0.13
38056,36,0,0.00
38057,212,537,1.13
38058,13,146,2.75
38059,0,18,1.89
38060,0,182,4.39
38061,210,297,1.70
38062,31,102,2.07
38063,137,176,0.40
38064,0,34,2.22
38065,74,78,0.49
38066,164,169,0.51
38067,26,0,0.00
38068,0,132,3.16
38069,35,20,1.00
38070,188,469,0.51
38071,0,24,0.58
38072,242,274,0.97
38073,0,108,2.44
38074,18,98,2.20
38075,0,22,0.69
38076,0,31,1.30
38077,261,267,0.63
38078,262,267,0.41
38079,411,1627,5.79
38080,0,135,2.62
38081,49,117,0.69
38082,167,167,0.49
38083,0,32,0.73
38084,0,14,0.40
38085,15,73,2.75
38086,18,95,3.62
38087,74,151,1.63
38088,0,58,1.84
38089,25,137,2.06
38090,160,162,0.76
38091,161,161,0.23
38092,0,140,1.77
38093,27,169,2.40
38094,146,284,1.25
38095,37,53,3.92
38096,38,23,1.35
38097,0,246,0.90
38098,29,15,0.69
38099,85,90,0.21
38100,132,138,0.37
38101,0,60,2.79
38102,131,132,0.28
38103,17,17,0.62
38104,87,19,0.80
38105,0,66,1.47
38106,0,64,3.33
38107,49,158,2.18
38108,0,18,1.00
38109,120,123,0.26
38110,29,14,0.53
38111,166,631,1.12
38112,0,0,0.00
38113,39,19,0.44
38114,23,134,2.04
38115,96,96,0.21
38116,259,829,1.23
38117,102,117,0.44
38118,38,137,0.55
38119,33,26,0.75
38120,28,18,0.60
38121,486,536,1.12
38122,0,81,3.18
38123,20,196,3.30
38124,13,46,3.34
38125,109,165,0.37
38126,398,411,1.22
38127,192,207,0.34
38128,20,18,2.32
38129,0,100,0.47
38130,18,32,2.25
38131,14,59,3.01
38132,0,46,1.44
38133,154,20,0.20
38134,25,42,0.53
38135,0,26,0.79
38136,39,184,4.54
38137,22,113,3.56
38138,351,358,0.29
38139,27,36,4.52
38140,19,132,3.17
38141,47,181,2.51
38142,13,186,3.97
38143,15,61,3.25
38144,35,157,2.91
38145,28,32,0.15
38146,124,129,0.17
38147,21,68,3.46
38148,176,197,0.32
38149,25,21,1.49
38150,17,163,3.36
38151,19,59,1.91
38152,188,188,0.34
38153,105,178,0.40
38154,24,152,4.95
38155,20,98,4.40
38156,138,139,0.20
38157,0,21,0.46
38158,0,152,2.17
38159,171,171,0.19
38160,0,159,5.51
38161,37,158,2.74
38162,78,92,0.38
38163,0,18,0.88
38164,175,375,0.49
38165,130,131,0.22
38166,215,217,0.99
38167,17,22,0.50
38168,0,25,1.14
38169,16,143,3.14
38170,108,110,0.31
38171,95,102,0.46
38172,248,588,1.02
38173,0,0,0.00
38174,0,88,3.67
38175,0,136,5.04
38176,210,218,0.25
38177,199,309,1.03
38178,34,37,2.63
38179,206,468,0.61
38180,408,470,1.07
38181,20,82,4.17
38182,17,75,2.37
38183,69,155,4.11
38184,0,0,0.00
38185,20,125,3.26
38186,100,69,0.46
38187,24,143,3.97
38188,0,0,0.00
38189,0,135,4.95
38190,0,97,0.13
38191,30,136,1.08
38192,21,14,0.54
38193,35,159,2.28
38194,40,192,3.82
38195,275,294,0.27
38196,26,122,3.97
38197,211,211,0.59
38198,0,0,0.00
38199,34,19,0.95
38200,14,69,1.80
38201,129,140,0.27
38202,0,72,1.49
38203,14,25,1.05
38204,171,176,0.47
38205,158,316,0.36
38206,111,24,0.50
38207,0,0,0.00
38208,545,0,0.00
38209,0,27,1.94
38210,39,170,5.67
38211,13,42,3.56
38212,0,146,5.58
38213,122,125,0.21
38214,138,179,0.58
38215,50,38,1.51
38216,18,121,3.36
38217,34,183,2.75
38218,0,70,1.64
38219,50,226,3.88
38220,144,144,0.16
38221,292,338,0.50
38222,37,50,1.80
38223,15,137,3.46
38224,94,105,0.33
38225,0,126,2.32
38226,0,0,0.00
38227,0,38,0.23
38228,0,157,2.46
38229,16,58,5.26
38230,69,71,0.25
38231,129,148,0.35
38232,0,102,2.33
38233,0,0,0.00
38234,25,48,1.77
38235,135,143,1.11
38236,20,112,3.23
38237,0,37,1.60
38238,102,238,1.01
38239,77,107,0.22
38240,0,51,1.98
38241,24,540,1.67
38242,154,168,0.62
38243,16,30,0.66
38244,147,268,0.28
38245,30,28,0.83
38246,149,168,0.56
38247,510,688,0.38
38248,47,133,1.69
38249,0,39,1.61
38250,0,151,3.34
38251,27,15,0.30
38252,144,150,0.69
38253,0,21,0.55
38254,410,427,0.40
38255,0,0,0.00
38256,0,519,2.11
38257,48,97,0.40
38258,281,318,0.37
38259,0,127,2.73
38260,130,187,0.49
38261,20,23,0.46
38262,0,25,1.13
38263,0,103,2.49
38264,28,54,3.31
38265,67,99,1.01
38266,0,108,2.23
38267,0,61,1.50
38268,102,246,1.04
38269,50,22,1.52
38270,18,147,1.47
38271,318,666,1.18
38272,0,122,2.26
38273,35,142,2.92
38274,272,0,0.00
38275,86,529,1.04
38276,41,194,2.65
38277,0,118,3.99
38278,30,130,0.50
38279,0,452,1.64
38280,409,424,1.09
38281,268,1025,2.21
38282,14,41,0.80
38283,18,20,0.97
38284,64,14,0.30
38285,188,203,0.54
38286,0,51,2.13
38287,223,399,1.22
38288,0,0,0.00
38289,15,30,0.21
38290,20,32,1.29
38291,14,17,1.00
38292,37,158,6.30
38293,36,166,3.89
38294,63,70,0.37
38295,58,61,0.35
38296,0,120,3.37
38297,64,64,0.13
38298,55,14,0.40
38299,354,0,0.00
38300,0,22,0.65
38301,115,255,0.42
38302,72,55,1.67
38303,18,75,2.81
38304,117,121,0.22
38305,146,148,1.25
38306,227,293,1.06
38307,16,43,1.20
38308,36,112,4.46
38309,153,153,0.24
38310,83,18,0.49
38311,95,101,0.38
38312,29,45,1.28
38313,188,199,0.61
38314,63,0,0.00
38315,16,65,3.99
38316,20,73,3.61
38317,45,42,0.69
38318,50,143,1.50
38319,21,38,1.47
38320,0,160,4.46
38321,44,128,2.64
38322,13,99,2.34
38323,144,145,0.56
38324,205,205,0.39
38325,24,98,4.80
38326,198,24,0.54
38327,123,128,0.72
38328,0,178,2.44
38329,46,40,1.16
38330,99,107,0.31
38331,15,116,3.62
38332,107,113,0.79
38333,177,190,0.74
38334,142,142,0.18
38335,0,59,2.01
38336,107,273,0.49
38337,27,95,3.59
38338,109,109,0.19
38339,32,185,3.00
38340,0,17,0.79
38341,32,142,4.99
38342,16,48,0.96
38343,271,285,0.26
38344,0,0,0.00
38345,349,1766,24.14
38346,0,15,0.44
38347,51,29,1.10
38348,0,94,2.22
38349,365,410,0.27
38350,0,34,0.41
38351,0,43,2.28
38352,232,248,0.36
38353,25,89,3.47
38354,63,63,0.11
38355,18,138,2.24
38356,0,43,1.27
38357,26,188,0.72
38358,167,296,0.43
38359,129,140,0.62
38360,165,168,0.92
38361,0,148,3.35
38362,19,18,0.38
38363,24,16,0.34
38364,386,457,1.44
38365,0,61,1.72
38366,94,94,0.19
38367,47,26,0.46
38368,35,39,0.99
38369,56,111,1.90
38370,19,73,1.30
38371,43,17,0.51
38372,15,127,1.20
38373,121,121,0.17
38374,130,135,0.20
38375,353,403,1.13
38376,0,27,0.88
38377,20,67,1.65
38378,55,42,1.77
38379,228,262,0.25
38380,179,345,0.30
38381,44,12,0.32
38382,29,136,3.73
38383,35,18,0.61
38384,0,27,0.97
38385,113,134,0.35
38386,17,95,3.82
38387,25,116,1.38
38388,0,0,0.00
38389,0,19,1.30
38390,66,180,2.14
38391,190,209,0.43
38392,0,0,0.00
38393,275,297,1.24
38394,11,77,4.80
38395,0,30,1.29
38396,41,18,1.01
38397,288,490,1.16
38398,40,115,3.29
38399,24,173,2.77
38400,128,128,0.21
38401,0,80,4.17
38402,116,134,0.38
38403,0,51,3.68
38404,52,52,0.63
38405,0,74,2.51
38406,47,52,0.12
38407,158,311,0.66
38408,0,78,1.64
38409,0,0,0.00
38410,278,486,1.31
38411,0,23,0.49
38412,26,52,3.14
38413,234,781,1.16
38414,100,25,0.32
38415,17,23,2.20
38416,248,252,0.24
38417,232,257,0.32
38418,43,65,0.36
38419,54,37,0.67
38420,23,443,1.91
38421,0,46,0.16
38422,0,158,3.64
38423,0,0,0.00
38424,0,929,0.89
38425,142,148,0.47
38426,88,103,0.23
38427,61,72,0.16
38428,0,0,0.00
38429,14,103,3.46
38430,143,18,0.41
38431,176,375,0.68
38432,160,183,0.40
38433,22,55,1.93
38434,0,155,5.27
38435,139,244,0.48
38436,47,26,0.58
38437,22,54,2.90
38438,94,96,0.39
38439,33,40,0.60
38440,44,20,0.33
38441,221,285,0.48
38442,0,110,3.42
38443,0,202,0.63
38444,0,20,0.78
38445,475,526,0.61
38446,20,157,3.42
38447,44,23,0.38
38448,56,18,0.10
38449,33,59,2.35
38450,16,148,5.72
38451,346,372,0.35
38452,0,83,4.02
38453,387,743,0.50
38454,42,21,0.41
38455,141,153,0.42
38456,0,72,1.94
38457,104,132,0.53
38458,18,114,1.97
38459,174,216,0.58
38460,0,53,5.30
38461,70,78,0.20
38462,358,375,0.35
38463,24,206,6.32
38464,12,130,5.64
38465,417,422,0.31
38466,14,20,0.55
38467,17,45,1.75
38468,136,269,0.43
38469,32,21,0.36
38470,0,116,2.71
38471,155,158,0.44
38472,17,121,2.60
38473,70,64,2.50
38474,19,136,3.65
38475,180,202,0.26
38476,49,40,3.21
38477,114,27,0.10
38478,0,56,3.91
38479,40,150,1.75
38480,42,581,2.72
38481,0,139,3.67
38482,24,161,2.10
38483,0,140,4.04
38484,116,125,0.22
38485,16,47,5.17
38486,101,117,0.20
38487,23,29,1.25
38488,428,461,1.20
38489,15,186,7.75
38490,0,17,1.16
38491,343,384,0.47
38492,30,28,2.08
38493,69,17,0.47
38494,327,339,0.36
38495,147,150,0.84
38496,0,102,4.83
38497,594,193,0.82
38498,29,18,1.04
38499,183,430,1.06
38500,0,122,2.44
38501,28,73,5.19
38502,365,17,0.08
38503,59,60,0.13
38504,0,15,1.26
38505,139,140,0.17
38506,156,163,0.41
38507,0,33,1.41
38508,264,298,0.28
38509,0,202,0.60
38510,28,27,0.46
38511,138,20,1.50
38512,16,0,0.00
38513,0,79,3.26
38514,0,147,3.89
38515,37,39,0.33
38516,248,502,0.55
38517,25,175,5.92
38518,0,56,1.15
38519,139,24,2.48
38520,0,223,5.62
38521,26,138,2.67
38522,78,78,0.15
38523,0,43,1.10
38524,0,142,2.08
38525,15,183,2.41
38526,0,37,1.02
38527,29,175,5.17
38528,231,244,0.52
38529,19,19,0.58
38530,73,18,1.60
38531,392,418,0.41
38532,31,22,0.46
38533,109,119,0.11
38534,50,168,3.55
38535,202,339,0.35
38536,21,43,1.64
38537,27,180,3.21
38538,50,30,0.53
38539,140,141,0.20
38540,81,94,0.24
38541,0,137,2.81
38542,219,445,0.68
38543,42,18,0.93
38544,264,292,0.32
38545,0,149,3.22
38546,0,92,4.03
38547,276,299,0.35
38548,22,416,0.30
38549,141,144,0.19
38550,299,330,1.14
38551,20,141,3.55
38552,12,110,3.28
38553,97,126,0.37
38554,19,28,0.76
38555,48,48,0.12
38556,0,81,4.39
38557,74,22,0.43
38558,79,79,0.51
38559,0,88,1.93
38560,375,385,0.36
38561,0,22,1.97
38562,16,123,4.26
38563,179,224,0.47
38564,18,41,2.13
38565,50,39,0.97
38566,0,30,2.35
38567,62,33,1.36
38568,255,271,0.55
38569,24,128,3.99
38570,70,70,0.64
38571,17,42,1.83
38572,49,21,0.90
38573,0,149,2.16
38574,0,57,2.36
38575,322,328,0.26
38576,0,20,0.35
38577,74,83,0.29
38578,187,287,1.12
38579,40,12,0.40
38580,0,22,1.36
38581,44,256,1.48
38582,51,15,0.43
38583,123,13,0.21
38584,198,423,2.22
38585,199,216,0.60
38586,315,388,0.38
38587,20,159,3.40
38588,0,126,2.90
38589,169,174,0.55
38590,523,1288,5.89
38591,592,704,1.10
38592,107,117,0.29
38593,43,171,5.90
38594,166,175,0.41
38595,0,20,0.83
38596,0,26,0.43
38597,0,99,4.62
38598,207,246,0.46
38599,0,27,1.54
38600,86,91,0.16
38601,24,31,0.70
38602,308,348,0.41
38603,0,21,1.48
38604,0,419,0.55
38605,105,106,0.18
38606,0,0,0.00
38607,66,148,0.76
38608,16,153,5.45
38609,35,290,1.41
38610,315,316,0.88
38611,16,36,0.32
38612,53,24,0.42
38613,0,90,4.02
38614,207,208,0.28
38615,252,280,0.50
38616,0,0,0.00
38617,34,21,0.41
38618,0,50,1.29
38619,36,24,0.34
38620,152,568,1.41
38621,26,28,0.53
38622,0,80,1.54
38623,35,194,2.53
38624,0,47,2.19
38625,125,139,0.50
38626,16,33,1.71
38627,174,0,0.00
38628,52,199,3.22
38629,12,164,3.69
38630,0,153,0.58
38631,138,308,0.37
38632,258,620,1.10
38633,0,18,1.62
38634,35,17,0.56
38635,108,259,0.49
38636,39,110,2.95
38637,247,306,0.32
38638,115,310,0.42
38639,15,64,2.97
38640,44,199,4.66
38641,27,17,1.42
38642,0,25,0.45
38643,19,25,1.48
38644,38,19,0.32
38645,157,178,0.61
38646,14,13,0.30
38647,0,149,3.13
38648,0,18,1.26
38649,33,144,3.80
38650,31,118,0.37
38651,0,14,0.50
38652,0,17,0.48
38653,82,82,0.30
38654,0,74,3.28
38655,79,89,0.23
38656,45,137,2.67
38657,25,113,3.09
38658,157,202,0.30
38659,135,135,0.18
38660,22,39,0.54
38661,199,203,1.00
38662,0,15,0.41
38663,187,345,0.55
38664,16,69,3.44
38665,35,164,5.60
38666,27,67,2.35
38667,104,132,1.04
38668,0,74,2.07
38669,188,28,0.45
38670,197,201,0.67
38671,34,15,0.21
38672,0,217,2.83
38673,19,75,4.95
38674,88,102,1.15
38675,112,124,0.33
38676,182,198,0.37
38677,0,132,4.54
38678,121,122,0.26
38679,0,179,3.69
38680,182,197,0.29
38681,21,54,3.42
38682,245,623,1.09
38683,183,535,2.08
38684,20,144,3.70
38685,136,139,0.33
38686,18,34,1.50
38687,172,21,0.37
38688,100,100,0.15
38689,34,132,4.43
38690,188,192,0.29
38691,0,35,2.43
38692,119,127,0.43
38693,295,655,0.98
38694,33,89,2.02
38695,69,24,0.68
38696,0,0,0.00
38697,0,130,2.84
38698,36,163,3.58
38699,17,133,3.17
38700,107,1360,3.17
38701,214,242,0.28
38702,167,167,0.49
38703,298,342,1.77
38704,0,150,2.96
38705,92,260,0.59
38706,15,22,1.12
38707,49,38,2.18
38708,45,179,3.18
38709,309,16,0.28
38710,348,359,1.04
38711,13,145,6.11
38712,304,337,0.36
38713,82,18,0.40
38714,15,64,1.87
38715,334,352,0.31
38716,11,102,4.32
38717,17,312,1.58
38718,22,33,0.53
38719,234,240,0.24
38720,56,648,0.50
38721,20,219,1.84
38722,0,139,5.35
38723,0,80,3.93
38724,191,191,0.65
38725,0,179,2.78
38726,30,49,1.48
38727,0,34,2.19
38728,147,148,0.29
38729,637,723,1.14
38730,0,57,1.78
38731,629,638,0.47
38732,13,37,1.40
38733,0,36,0.66
38734,47,18,1.37
38735,22,33,0.96
38736,57,35,1.48
38737,55,35,0.63
38738,167,168,0.25
38739,0,141,4.63
38740,20,51,1.12
38741,161,164,0.80
38742,26,73,0.73
38743,522,686,2.64
38744,118,119,0.42
38745,0,55,1.30
38746,57,23,0.21
38747,0,33,1.14
38748,127,127,0.60
38749,18,26,1.04
38750,33,171,2.03
38751,20,17,2.47
38752,68,102,0.40
38753,0,138,1.85
38754,0,51,2.89
38755,69,24,0.43
38756,0,38,0.78
38757,215,226,0.61
38758,15,97,2.98
38759,0,30,0.08
38760,0,69,2.73
38761,97,99,0.17
38762,14,87,2.24
38763,14,69,3.17
38764,20,515,0.64
38765,19,108,2.18
38766,40,23,0.39
38767,27,173,3.48
38768,27,139,3.73
38769,0,59,1.15
38770,235,258,0.55
38771,0,34,1.46
38772,0,16,0.73
38773,0,24,1.92
38774,82,82,0.15
38775,0,139,3.30
38776,33,160,4.62
38777,0,21,1.03
38778,18,55,3.69
38779,26,34,1.55
38780,39,190,3.78
38781,13,108,3.07
38782,114,116,0.21
38783,0,337,0.51
38784,0,30,0.81
38785,172,174,0.60
38786,100,28,0.86
38787,24,170,4.75
38788,17,30,0.80
38789,15,21,1.12
38790,0,122,2.82
38791,0,25,0.78
38792,164,207,0.51
38793,81,89,0.35
38794,0,131,3.34
38795,141,162,0.99
38796,17,212,4.59
38797,0,23,0.46
38798,118,163,0.26
38799,275,275,0.42
38800,0,125,4.06
38801,147,154,0.57
38802,0,182,7.10
38803,188,206,0.55
38804,0,139,3.12
38805,16,34,2.02
38806,267,552,0.48
38807,0,142,3.60
38808,54,32,1.80
38809,0,47,1.20
38810,269,309,0.31
38811,15,20,0.54
38812,73,76,0.15
38813,21,20,0.36
38814,341,347,0.33
38815,0,208,2.37
38816,37,18,0.98
38817,36,166,3.72
38818,17,79,2.53
38819,181,653,1.14
38820,0,65,1.73
38821,43,173,4.94
38822,0,24,0.47
38823,92,22,1.38
38824,0,133,4.71
38825,41,136,1.66
38826,0,52,2.08
38827,45,155,3.00
38828,0,133,5.05
38829,152,167,0.24
38830,164,164,0.62
38831,66,183,5.93
38832,82,82,0.15
38833,30,47,3.11
38834,53,53,0.19
38835,28,27,0.59
38836,237,239,0.89
38837,96,113,0.27
38838,22,32,1.00
38839,113,144,0.66
38840,0,129,2.63
38841,21,23,1.58
38842,0,115,2.55
38843,43,70,3.47
38844,0,18,0.57
38845,217,225,0.74
38846,171,191,0.33
38847,74,97,0.18
38848,61,37,2.05
38849,0,25,2.60
38850,0,22,0.43
38851,0,135,3.96
38852,153,168,0.31
38853,166,210,0.50
38854,43,185,2.96
38855,0,47,0.79
38856,0,131,2.01
38857,246,527,0.46
38858,162,186,0.31
38859,0,61,1.27
38860,170,363,0.41
38861,57,69,0.55
38862,157,178,0.72
38863,0,285,1.68
38864,15,128,2.49
38865,13,41,0.76
38866,0,221,0.22
38867,32,168,0.36
38868,0,17,0.54
38869,528,790,1.17
38870,0,182,4.69
38871,79,119,0.52
38872,21,89,1.27
38873,86,218,0.40
38874,103,17,0.53
38875,121,129,0.16
38876,484,757,1.18
38877,147,23,0.50
38878,173,322,0.95
38879,70,183,2.07
38880,0,140,5.08
38881,0,20,0.48
38882,16,97,6.07
38883,351,372,0.53
38884,68,68,0.17
38885,0,30,0.68
38886,160,168,0.68
38887,67,27,0.53
38888,76,25,0.56
38889,0,41,0.81
38890,109,152,1.40
38891,33,25,0.52
38892,93,17,0.41
38893,14,16,0.21
38894,103,114,0.76
38895,66,191,6.12
38896,11,71,2.51
38897,34,19,1.09
38898,124,15,0.23
38899,84,28,1.85
38900,21,250,2.98
38901,45,24,1.20
38902,169,185,0.39
38903,222,254,0.91
38904,0,137,2.52
38905,0,174,3.40
38906,17,16,0.56
38907,0,20,1.92
38908,30,17,0.60
38909,44,188,2.93
38910,0,51,5.26
38911,75,80,0.25
38912,0,230,2.17
38913,0,11,0.14
38914,0,103,3.83
38915,109,118,0.21
38916,0,214,2.80
38917,0,42,1.28
38918,471,490,0.55
38919,178,181,0.32
38920,76,94,0.41
38921,602,810,1.13
38922,42,197,2.66
38923,24,59,2.19
38924,138,152,0.41
38925,19,76,2.64
38926,73,73,0.13
38927,27,143,4.22
38928,48,175,0.39
38929,45,200,3.23
38930,0,0,0.00
38931,17,36,0.58
38932,87,35,1.43
38933,27,182,2.38
38934,37,125,1.55
38935,88,95,0.36
38936,53,206,2.72
38937,17,26,0.75
38938,85,102,0.78
38939,25,121,4.01
38940,0,24,0.45
38941,175,19,0.48
38942,0,58,0.95
38943,231,243,0.37
38944,12,62,0.61
38945,45,19,0.04
38946,104,31,1.01
38947,0,143,6.62
38948,20,116,3.07
38949,230,445,1.08
38950,0,185,3.71
38951,17,34,0.83
38952,184,720,1.23
38953,100,113,0.32
38954,0,138,4.07
38955,478,494,0.30
38956,0,91,2.48
38957,0,157,4.36
38958,0,27,1.06
38959,0,84,1.66
38960,0,24,1.30
38961,239,244,0.34
38962,37,193,8.01
38963,0,95,3.50
38964,52,170,3.14
38965,16,33,1.16
38966,43,157,3.76
38967,24,257,1.12
38968,80,87,0.22
38969,105,369,0.86
38970,0,39,0.66
38971,74,578,0.86
38972,61,17,0.40
38973,18,71,1.36
38974,0,32,1.46
38975,36,15,0.36
38976,233,236,0.41
38977,416,921,0.67
38978,0,137,5.52
38979,113,128,0.59
38980,218,16,0.25
38981,99,209,0.96
38982,37,35,2.34
38983,27,14,0.27
38984,206,247,0.53
38985,0,119,2.41
38986,21,23,1.16
38987,62,254,4.86
38988,166,185,0.76
38989,93,19,0.25
38990,0,144,4.19
38991,25,16,0.31
38992,20,192,3.45
38993,13,138,3.26
38994,18,143,4.19
38995,24,164,3.30
38996,40,176,3.53
38997,0,67,1.88
38998,0,146,3.98
38999,165,174,0.28
39000,121,128,0.25
39001,13,131,0.97
39002,14,17,0.33
39003,169,217,0.32
39004,0,24,1.33
39005,505,585,1.15
39006,44,100,2.31
39007,0,0,0.00
39008,75,76,0.16
39009,85,19,0.46
39010,159,0,0.00
39011,341,452,0.51
39012,19,67,1.90
39013,0,99,0.11
39014,0,94,1.48
39015,197,219,0.28
39016,0,41,3.43
39017,15,132,2.29
39018,112,124,0.47
39019,513,883,1.00
39020,32,164,2.27
39021,23,133,2.66
39022,105,29,0.67
39023,44,29,1.38
39024,114,116,0.18
39025,0,23,0.52
39026,180,341,1.06
39027,239,250,0.32
39028,120,123,0.20
39029,40,217,4.16
39030,180,207,0.42
39031,127,172,0.39
39032,267,303,0.35
39033,180,201,0.46
39034,63,186,2.36
39035,0,84,3.21
39036,298,320,0.34
39037,42,195,2.84
39038,0,90,2.25
39039,63,25,0.50
39040,0,22,0.56
39041,23,195,2.47
39042,0,143,4.21
39043,103,52,3.02
39044,35,41,0.98
39045,132,152,1.14
39046,114,117,0.30
39047,0,127,4.57
39048,172,215,1.53
39049,0,31,2.99
39050,19,29,2.53
39051,372,172,0.31
39052,32,87,0.61
39053,33,16,0.51
39054,0,132,4.24
39055,0,96,3.15
39056,247,267,0.27
39057,23,59,2.90
39058,11,119,4.26
39059,52,19,0.46
39060,35,184,1.85
39061,140,18,2.44
39062,19,21,0.49
39063,22,76,2.11
39064,0,34,1.54
39065,353,377,0.98
39066,317,22,2.29
39067,29,40,2.17
39068,173,175,0.55
39069,41,21,0.47
39070,159,0,0.00
39071,28,86,3.37
39072,122,15,0.28
39073,126,129,0.36
39074,229,244,0.25
39075,16,129,3.00
39076,19,23,2.22
39077,77,34,1.68
39078,19,184,2.92
39079,0,127,2.53
39080,77,396,7.82
39081,0,15,0.46
39082,22,103,1.54
39083,37,79,2.79
39084,292,357,0.24
39085,0,152,2.36
39086,19,20,0.37
39087,40,165,2.96
39088,18,22,0.58
39089,855,1182,1.17
39090,73,91,0.48
39091,35,23,0.58
39092,0,169,4.06
39093,0,314,2.05
39094,0,26,1.64
39095,28,110,4.13
39096,156,174,0.66
39097,17,57,3.28
39098,0,224,0.57
39099,18,121,2.49
39100,255,18,0.39
39101,117,21,0.25
39102,58,18,0.36
39103,119,134,0.40
39104,19,35,1.05
39105,26,124,2.96
39106,208,349,0.58
39107,14,147,3.67
39108,158,166,0.29
39109,38,16,0.74
39110,62,22,1.75
39111,0,21,0.33
39112,121,24,1.00
39113,0,121,3.64
39114,13,152,1.67
39115,207,244,0.28
39116,21,19,0.93
39117,18,98,3.15
39118,148,148,0.37
39119,0,19,2.35
39120,344,397,0.51
39121,0,52,0.88
39122,15,20,0.39
39123,18,132,4.30
39124,372,387,0.30
39125,605,967,2.09
39126,0,58,1.46
39127,98,104,0.68
39128,192,200,0.51
39129,146,189,0.52
39130,14,115,5.35
39131,0,51,3.62
39132,25,133,2.33
39133,74,89,0.60
39134,0,142,4.19
39135,192,209,0.49
39136,36,180,2.73
39137,0,71,2.62
39138,205,219,0.33
39139,208,456,1.10
39140,89,21,0.46
39141,0,31,1.82
39142,14,193,3.91
39143,17,53,2.55
39144,126,149,0.53
39145,105,117,0.18
39146,166,190,0.74
39147,38,62,2.51
39148,0,156,2.77
39149,56,214,5.24
39150,109,116,0.30
39151,18,150,4.89
39152,285,294,0.81
39153,21,184,2.26
39154,19,151,6.76
39155,134,137,0.25
39156,103,105,0.22
39157,0,23,2.63
39158,133,247,0.73
39159,23,30,0.58
39160,218,237,0.23
39161,197,219,0.44
39162,0,149,3.81
39163,0,159,4.17
39164,14,13,0.50
39165,108,127,0.66
39166,49,19,0.27
39167,22,29,0.32
39168,229,257,0.28
39169,20,63,4.46
39170,163,410,0.45
39171,46,51,2.78
39172,119,125,0.27
39173,179,180,0.53
39174,24,124,2.17
39175,34,183,5.87
39176,329,337,0.83
39177,28,36,1.64
39178,0,67,3.13
39179,87,20,2.05
39180,0,0,0.00
39181,0,18,0.42
39182,0,140,3.67
39183,111,115,0.37
39184,20,174,6.02
39185,0,147,3.32
39186,21,145,3.37
39187,0,61,3.05
39188,129,130,0.20
39189,0,789,1.22
39190,116,131,0.90
39191,57,21,1.58
39192,19,22,1.46
39193,227,243,0.43
39194,17,34,4.03
39195,428,440,1.18
39196,193,14,0.11
39197,0,57,4.17
39198,0,193,2.63
39199,0,99,0.34
39200,0,84,3.47
39201,171,173,0.66
39202,307,332,0.25
39203,38,64,2.48
39204,0,90,2.88
39205,0,75,4.29
39206,0,35,2.12
39207,101,103,0.16
39208,88,91,0.13
39209,13,47,1.93
39210,146,172,0.87
39211,0,18,1.54
39212,51,20,0.50
39213,223,226,0.35
39214,108,114,0.15
39215,284,302,0.32
39216,0,195,5.36
39217,0,18,0.38
39218,0,45,1.40
39219,70,84,0.46
39220,16,36,0.97
39221,56,67,0.25
39222,30,28,1.31
39223,17,38,0.62
39224,44,190,3.44
39225,55,55,0.18
39226,22,130,2.25
39227,47,27,0.75
39228,11,140,3.17
39229,173,174,0.72
39230,0,60,1.08
39231,17,0,0.00
39232,188,192,0.32
39233,0,127,5.39
39234,29,181,3.92
39235,16,164,2.26
39236,32,39,0.80
39237,126,139,0.55
39238,11,28,0.89
39239,21,53,1.54
39240,65,70,0.21
39241,0,0,0.00
39242,526,560,0.60
39243,140,157,0.33
39244,140,19,1.07
39245,14,25,1.52
39246,18,124,7.00
39247,45,32,0.48
39248,14,14,0.39
39249,265,274,0.26
39250,28,49,1.57
39251,0,26,1.68
39252,0,0,0.00
39253,92,92,0.73
39254,0,149,2.30
39255,45,29,0.51
39256,85,26,0.53
39257,21,32,1.81
39258,78,89,0.19
39259,229,233,0.23
39260,0,14,0.53
39261,13,17,0.38
39262,22,19,0.64
39263,0,77,3.29
39264,20,147,3.62
39265,81,24,1.64
39266,354,666,0.46
39267,54,24,0.54
39268,57,17,0.33
39269,23,23,1.99
39270,21,47,2.76
39271,0,347,0.36
39272,225,234,0.19
39273,113,124,0.45
39274,0,18,2.80
39275,210,242,0.45
39276,21,81,2.92
39277,363,374,0.35
39278,26,57,2.50
39279,29,52,0.94
39280,26,17,0.90
39281,0,30,2.02
39282,0,109,0.47
39283,146,156,0.39
39284,0,22,0.97
39285,52,191,3.36
39286,145,164,0.26
39287,157,19,0.99
39288,240,262,0.34
39289,22,45,1.38
39290,0,93,2.35
39291,0,130,3.26
39292,44,28,0.69
39293,489,503,0.26
39294,44,48,3.15
39295,0,29,1.20
39296,31,25,1.46
39297,0,38,1.84
39298,24,12,0.18
39299,60,27,0.53
39300,67,16,0.57
39301,12,152,3.00
39302,248,283,0.27
39303,0,74,3.01
39304,277,284,1.78
39305,90,90,0.15
39306,34,20,1.51
39307,0,92,1.65
39308,59,38,2.12
39309,233,257,0.29
39310,0,80,2.04
39311,351,408,0.56
39312,0,148,3.89
39313,25,161,4.14
39314,60,130,3.14
39315,72,247,1.57
39316,240,425,0.30
39317,148,150,0.22
39318,17,58,3.02
39319,78,20,0.43
39320,131,133,0.39
39321,21,102,0.35
39322,0,98,1.31
39323,0,37,2.34
39324,0,115,3.54
39325,180,191,0.53
39326,139,304,0.36
39327,30,116,0.48
39328,166,201,0.32
39329,135,136,0.25
39330,24,112,3.60
39331,19,314,6.70
39332,21,25,1.53
39333,192,18,0.17
39334,224,257,0.35
39335,38,25,0.63
39336,159,347,0.41
39337,0,117,2.12
39338,420,428,0.48
39339,0,185,0.47
39340,0,25,1.53
39341,69,23,0.42
39342,34,132,0.44
39343,148,171,0.28
39344,89,275,0.55
39345,33,181,3.23
39346,147,165,0.41
39347,0,52,1.09
39348,42,174,3.50
39349,54,198,4.04
39350,136,296,0.37
39351,0,20,1.27
39352,63,31,1.58
39353,0,24,0.56
39354,276,310,0.35
39355,107,108,0.13
39356,0,26,0.91
39357,962,1453,1.21
39358,0,62,2.01
39359,205,74,3.47
39360,0,23,1.18
39361,112,117,0.36
39362,17,98,2.99
39363,15,50,2.83
39364,18,18,2.07
39365,25,69,1.74
39366,361,416,0.30
39367,392,658,1.19
39368,70,81,0.45
39369,233,268,0.86
39370,0,25,1.54
39371,234,452,0.46
39372,48,38,1.90
39373,18,140,2.77
39374,158,175,0.67
39375,122,133,0.47
39376,58,66,0.34
39377,46,185,3.38
39378,79,17,1.44
39379,294,336,0.39
39380,190,505,0.95
39381,0,137,2.34
39382,50,14,0.39
39383,321,331,0.33
39384,0,41,2.82
39385,80,80,0.32
39386,62,34,0.87
39387,17,22,2.68
39388,69,69,0.12
39389,0,27,1.22
39390,24,116,2.58
39391,19,80,3.36
39392,120,122,0.18
39393,151,350,0.84
39394,164,390,1.05
39395,0,28,2.28
39396,0,0,0.00
39397,291,297,0.79
39398,440,462,0.99
39399,22,23,1.65
39400,0,137,3.01
39401,33,123,2.95
39402,12,140,4.65
39403,47,50,0.23
39404,0,73,3.20
39405,94,229,6.38
39406,332,345,0.60
39407,178,15,0.53
39408,13,166,2.15
39409,111,117,0.49
39410,112,19,0.95
39411,0,71,3.84
39412,15,100,2.20
39413,17,19,1.03
39414,18,131,2.81
39415,130,130,0.40
39416,57,14,0.25
39417,0,43,1.05
39418,0,39,1.19
39419,13,215,3.89
39420,0,121,3.85
39421,31,109,3.82
39422,146,190,0.46
39423,248,268,0.27
39424,0,67,0.99
39425,24,19,0.82
39426,0,124,5.03
39427,0,49,1.02
39428,108,110,0.31
39429,32,116,2.57
39430,115,115,0.23
39431,75,19,0.08
39432,18,34,1.66
39433,271,16,0.26
39434,43,13,0.55
39435,0,75,2.61
39436,155,155,0.62
39437,0,131,3.14
39438,169,180,0.68
39439,0,15,0.95
39440,261,274,0.23
39441,47,188,2.78
39442,32,31,0.43
39443,102,14,0.50
39444,0,135,4.95
39445,137,303,1.18
39446,12,205,1.58
39447,83,235,0.85
39448,23,135,5.65
39449,220,591,1.14
39450,26,25,3.32
39451,0,144,4.49
39452,76,82,0.27
39453,20,61,2.66
39454,32,25,1.66
39455,303,334,0.39
39456,0,62,2.47
39457,42,182,2.33
39458,0,94,5.07
39459,65,75,0.35
39460,34,128,1.82
39461,0,22,0.81
39462,45,21,0.56
39463,30,69,4.16
39464,0,145,2.55
39465,34,206,0.66
39466,229,341,0.32
39467,0,147,3.90
39468,357,374,0.35
39469,35,38,2.04
39470,149,32,1.45
39471,41,144,2.80
39472,0,54,2.30
39473,0,127,3.26
39474,17,169,2.42
39475,21,120,3.87
39476,18,92,2.26
39477,29,29,1.61
39478,14,14,0.04
39479,17,168,1.16
39480,185,509,1.00
39481,0,55,0.91
39482,66,74,0.52
39483,18,38,1.44
39484,21,87,2.96
39485,43,169,3.58
39486,76,41,1.62
39487,0,59,3.26
39488,60,19,0.29
39489,77,94,0.32
39490,22,117,5.71
39491,117,133,0.50
39492,16,44,0.68
39493,387,422,0.36
39494,20,121,5.07
39495,107,109,0.16
39496,19,25,0.72
39497,47,43,2.67
39498,0,147,5.18
39499,22,129,3.95
39500,16,168,3.75
39501,15,138,5.15
39502,88,91,0.12
39503,18,51,2.04
39504,19,138,2.60
39505,0,161,2.61
39506,561,571,0.41
39507,58,166,3.58
39508,37,18,0.60
39509,16,33,0.64
39510,113,114,0.36
39511,136,147,0.22
39512,73,250,0.99
39513,0,60,0.67
39514,15,63,1.29
39515,300,307,0.39
39516,99,41,2.73
39517,121,131,0.22
39518,0,73,2.92
39519,287,321,0.24
39520,50,151,3.29
39521,26,18,0.62
39522,30,0,0.00
39523,0,85,1.53
39524,162,166,0.24
39525,0,40,2.12
39526,155,156,0.21
39527,91,91,0.12
39528,0,26,1.20
39529,219,231,0.48
39530,144,19,1.75
39531,0,27,0.40
39532,232,632,1.11
39533,44,17,0.66
39534,16,128,4.00
39535,279,281,0.37
39536,40,179,6.29
39537,116,117,0.19
39538,36,20,0.75
39539,181,218,0.42
39540,0,21,0.58
39541,296,301,1.03
39542,42,37,1.67
39543,42,166,1.37
39544,13,112,3.04
39545,124,183,0.73
39546,30,0,0.00
39547,286,295,0.33
39548,129,141,0.58
39549,20,29,0.39
39550,0,185,4.59
39551,24,36,1.61
39552,173,174,0.42
39553,0,40,1.32
39554,155,170,0.75
39555,34,178,8.39
39556,30,86,5.79
39557,326,21,0.41
39558,28,21,1.36
39559,0,36,0.93
39560,0,0,0.00
39561,52,29,0.36
39562,0,20,0.41
39563,0,124,2.95
39564,171,176,0.32
39565,135,499,2.18
39566,261,310,0.35
39567,22,108,2.48
39568,260,270,0.48
39569,48,0,0.00
39570,0,146,4.56
39571,156,284,0.49
39572,30,107,2.55
39573,101,101,0.14
39574,121,137,0.37
39575,52,0,0.00
39576,0,128,3.24
39577,206,217,0.37
39578,74,260,1.01
39579,13,105,3.25
39580,23,279,0.62
39581,17,22,0.15
39582,0,0,0.00
39583,0,152,2.58
39584,18,191,2.67
39585,604,623,1.07
39586,33,0,0.00
39587,70,70,0.54
39588,105,367,1.41
39589,15,12,0.26
39590,229,236,0.42
39591,0,111,0.83
39592,156,169,0.47
39593,381,409,0.53
39594,0,98,2.10
39595,230,526,1.07
39596,0,105,1.67
39597,211,219,0.37
39598,15,15,0.39
39599,172,466,0.40
39600,0,159,4.05
39601,21,22,0.71
39602,0,33,1.13
39603,25,119,0.52
39604,0,32,1.02
39605,124,127,0.30
39606,711,804,0.40
39607,557,571,1.09
39608,0,39,1.58
39609,21,37,1.29
39610,0,117,3.37
39611,245,266,0.35
39612,0,120,5.13
39613,74,77,0.41
39614,20,151,3.84
39615,27,153,4.83
39616,17,121,3.17
39617,47,27,1.98
39618,106,18,1.45
39619,141,14,0.21
39620,155,155,0.61
39621,214,374,1.23
39622,161,163,0.69
39623,158,197,0.31
39624,0,20,0.86
39625,16,23,0.14
39626,20,69,2.13
39627,105,127,0.63
39628,61,36,2.65
39629,0,25,0.62
39630,109,210,0.96
39631,19,25,1.69
39632,21,28,0.55
39633,29,114,4.13
39634,27,23,0.42
39635,64,179,2.68
39636,0,150,4.95
39637,181,226,1.01
39638,22,17,0.38
39639,0,23,1.22
39640,0,127,1.89
39641,22,148,3.87
39642,584,722,1.14
39643,0,24,0.51
39644,24,127,3.10
39645,0,113,2.48
39646,65,20,0.53
39647,13,144,5.32
39648,483,481,1.28
39649,277,280,0.61
39650,215,231,0.39
39651,88,88,0.15
39652,13,60,2.06
39653,19,0,0.00
39654,20,23,0.97
39655,105,123,0.39
39656,16,92,3.48
39657,208,242,0.28
39658,21,203,0.92
39659,42,14,0.73
39660,17,148,3.30
39661,0,31,0.65
39662,0,166,3.87
39663,105,112,0.29
39664,31,156,2.80
39665,369,375,0.38
39666,19,22,1.01
39667,81,100,0.55
39668,82,22,0.51
39669,14,73,6.95
39670,0,73,3.84
39671,22,136,0.26
39672,219,35,0.94
39673,110,35,0.57
39674,0,122,0.70
39675,19,12,0.43
39676,17,95,1.62
39677,71,76,0.18
39678,0,19,1.67
39679,204,302,0.29
39680,27,157,8.13
39681,0,158,2.20
39682,12,53,3.73
39683,22,167,0.52
39684,0,59,1.80
39685,0,28,0.46
39686,43,16,0.38
39687,181,196,0.26
39688,13,156,5.22
39689,107,57,2.03
39690,190,190,0.34
39691,35,64,1.77
39692,27,30,0.12
39693,32,97,3.87
39694,66,70,0.19
39695,15,90,3.16
39696,93,215,1.05
39697,18,42,2.22
39698,126,14,0.19
39699,0,22,1.30
39700,44,165,3.55
39701,24,31,1.49
39702,73,24,0.56
39703,227,229,0.32
39704,53,43,1.32
39705,13,110,3.98
39706,0,30,0.56
39707,477,509,1.12
39708,49,54,2.08
39709,25,86,2.66
39710,19,39,1.07
39711,0,54,4.16
39712,34,154,2.87
39713,135,159,0.45
39714,64,25,0.74
39715,32,141,1.66
39716,155,157,0.22
39717,165,190,0.91
39718,23,46,1.40
39719,107,136,0.42
39720,56,16,0.29
39721,19,94,3.43
39722,143,158,1.19
39723,223,249,0.38
39724,0,102,6.09
39725,44,45,2.85
39726,225,249,0.34
39727,71,75,0.28
39728,159,177,0.34
39729,0,48,2.11
39730,78,142,0.41
39731,215,248,0.29
39732,88,104,0.48
39733,47,182,3.46
39734,14,135,2.89
39735,22,177,2.31
39736,63,19,0.30
39737,0,19,0.43
39738,204,227,0.33
39739,20,128,4.43
39740,78,233,1.11
39741,203,222,0.42
39742,95,141,0.53
39743,26,34,1.05
39744,23,20,0.38
39745,23,31,1.82
39746,234,368,0.41
39747,0,63,3.31
39748,14,103,2.33
39749,29,115,2.86
39750,106,15,0.45
39751,24,29,0.66
39752,467,481,0.42
39753,142,150,0.37
39754,0,21,0.58
39755,84,16,0.58
39756,158,158,0.26
39757,206,204,0.87
39758,41,143,2.96
39759,20,52,3.51
39760,0,59,1.75
39761,101,118,0.47
39762,128,149,0.27
39763,79,79,0.16
39764,206,282,0.60
39765,0,17,0.38
39766,10,44,1.08
39767,0,57,2.09
39768,83,23,2.20
39769,0,95,2.73
39770,158,224,0.38
39771,102,204,0.53
39772,39,35,2.05
39773,16,24,2.01
39774,0,171,3.55
39775,21,182,7.90
39776,47,22,0.51
39777,225,254,0.30
39778,63,205,5.89
39779,0,23,0.68
39780,0,48,2.26
39781,38,42,0.78
39782,0,147,2.14
39783,107,15,0.24
39784,71,33,0.45
39785,90,92,0.16
39786,17,69,4.47
39787,0,92,3.53
39788,21,51,1.40
39789,166,234,0.98
39790,61,22,0.31
39791,167,18,0.20
39792,23,26,1.09
39793,17,25,0.57
39794,240,544,1.10
39795,17,67,1.99
39796,42,123,0.43
39797,27,18,0.43
39798,13,24,1.51
39799,21,31,0.66
39800,0,17,0.34
39801,59,26,0.47
39802,44,118,3.04
39803,0,116,3.48
39804,75,89,0.17
39805,533,559,0.45
39806,211,245,0.54
39807,0,80,2.23
39808,0,72,0.14
39809,14,39,1.75
39810,24,70,3.24
39811,55,96,2.09
39812,15,18,0.30
39813,185,354,0.87
39814,0,82,2.05
39815,16,41,1.32
39816,51,87,2.13
39817,15,23,0.35
39818,0,142,5.58
39819,22,155,3.65
39820,165,169,0.20
39821,594,767,1.16
39822,132,160,1.04
39823,0,110,2.95
39824,194,199,0.56
39825,611,616,0.35
39826,57,15,0.33
39827,16,205,0.68
39828,14,171,3.37
39829,0,93,3.44
39830,0,108,4.67
39831,76,89,0.55
39832,20,168,3.57
39833,92,44,2.16
39834,16,27,0.91
39835,30,178,3.02
39836,0,112,3.63
39837,88,93,0.18
39838,17,145,2.62
39839,16,120,1.54
39840,96,133,0.12
39841,216,217,0.74
39842,0,156,1.81
39843,0,32,0.65
39844,246,295,0.36
39845,23,134,3.89
39846,0,198,0.30
39847,0,20,0.56
39848,62,63,0.15
39849,257,206,0.21
39850,0,143,5.04
39851,31,72,3.65
39852,101,13,0.28
39853,291,319,0.40
39854,18,329,1.80
39855,24,66,0.97
39856,147,28,0.40
39857,203,210,0.30
39858,28,148,3.30
39859,151,152,0.44
39860,218,444,0.43
39861,85,17,0.18
39862,22,87,4.88
39863,0,43,1.01
39864,227,247,1.01
39865,11,11,0.54
39866,47,28,1.30
39867,0,88,2.45
39868,0,401,2.26
39869,15,197,1.66
39870,58,70,0.38
39871,73,83,0.30
39872,39,182,3.22
39873,181,228,0.63
39874,17,46,2.35
39875,18,18,0.44
39876,0,148,2.40
39877,114,128,0.44
39878,18,185,3.29
39879,64,16,0.33
39880,23,43,2.15
39881,99,139,2.01
39882,41,175,2.64
39883,0,147,2.74
39884,425,0,0.00
39885,196,210,0.64
39886,0,216,4.71
39887,24,66,3.60
39888,16,22,0.83
39889,19,181,7.64
39890,300,340,0.39
39891,104,105,0.26
39892,11,30,2.37
39893,0,40,1.50
39894,0,54,1.51
39895,0,16,1.08
39896,163,163,0.74
39897,0,0,0.00
39898,157,192,0.29
39899,268,316,0.36
39900,14,95,4.71
39901,57,202,3.16
39902,0,214,5.50
39903,105,20,1.10
39904,81,17,0.47
39905,0,156,2.96
39906,230,676,1.16
39907,33,127,0.78
39908,178,401,0.42
39909,25,72,1.98
39910,208,16,0.12
39911,15,18,0.33
39912,144,15,0.34
39913,0,37,0.89
39914,110,111,0.45
39915,145,27,0.58
39916,0,16,0.44
39917,14,73,2.02
39918,0,26,0.56
39919,194,211,0.25
39920,16,22,1.78
39921,70,70,0.33
39922,0,41,1.44
39923,0,74,7.04
39924,0,155,3.53
39925,160,292,1.04
39926,15,83,0.92
39927,133,134,0.20
39928,0,49,2.00
39929,71,17,0.51
39930,17,150,3.34
39931,148,153,0.38
39932,60,75,0.16
39933,602,657,1.11
39934,231,252,0.53
39935,183,429,0.36
39936,16,61,2.98
39937,0,0,0.00
39938,78,90,0.42
39939,108,108,0.17
39940,110,139,0.27
39941,55,23,0.46
39942,0,60,2.79
39943,21,177,3.43
39944,0,79,0.48
39945,49,173,3.88
39946,37,55,3.47
39947,0,23,0.68
39948,0,132,1.93
39949,0,50,0.47
39950,0,163,0.38
39951,0,143,6.17
39952,151,151,0.39
39953,25,13,0.07
39954,212,219,0.59
39955,33,172,3.22
39956,0,23,1.59
39957,189,205,0.38
39958,71,221,0.97
39959,0,154,3.47
39960,33,40,0.73
39961,18,0,0.00
39962,110,122,0.33
39963,22,25,0.40
39964,0,22,1.07
39965,258,484,0.93
39966,71,77,0.45
39967,43,23,0.37
39968,16,19,0.45
39969,21,152,2.56
39970,127,137,0.35
39971,22,114,3.89
39972,254,273,0.24
39973,138,143,0.31
39974,23,114,3.61
39975,459,868,1.14
39976,94,105,0.40
39977,164,518,2.02
39978,51,159,2.71
39979,0,144,3.39
39980,126,139,0.37
39981,0,18,0.45
39982,112,134,0.46
39983,60,77,0.36
39984,49,19,0.82
39985,18,91,2.64
39986,18,59,1.35
39987,51,26,2.04
39988,287,640,0.33
39989,94,120,0.90
39990,0,26,0.55
39991,15,42,2.00
39992,205,268,0.35
39993,16,37,1.30
39994,14,121,3.88
39995,18,44,1.42
39996,24,41,3.24
39997,0,163,0.93
39998,0,146,7.35
39999,91,15,0.40
40000,181,188,0.38
40001,0,135,0.26
40002,241,265,0.44
40003,0,87,2.25
40004,14,118,0.83
40005,62,64,3.51
40006,0,50,4.03
40007,23,44,0.91
40008,48,199,6.77
40009,15,13,0.19
40010,475,509,0.98
40011,66,37,3.08
40012,264,268,0.25
40013,0,124,4.01
40014,28,109,2.61
40015,164,164,0.20
40016,22,134,3.75
40017,15,25,0.87
40018,22,34,1.73
40019,153,167,0.32
40020,0,54,1.96
40021,226,233,1.00
40022,190,192,0.62
40023,52,52,0.15
40024,14,16,0.29
40025,15,53,2.32
40026,58,18,0.20
40027,25,40,1.82
40028,90,199,0.52
40029,0,28,1.04
40030,91,106,0.33
40031,0,126,3.35
40032,430,438,0.32
40033,131,143,0.20
40034,25,231,1.90
40035,28,20,2.29
40036,0,17,0.58
40037,19,18,0.37
40038,34,160,2.73
40039,13,23,1.82
40040,0,50,1.72
40041,237,243,0.26
40042,11,79,1.78
40043,23,24,1.39
40044,41,19,1.22
40045,287,296,0.21
40046,93,186,0.97
40047,110,160,0.48
40048,0,142,3.73
40049,771,894,0.66
40050,86,86,0.22
40051,477,499,0.42
40052,99,104,0.36
40053,0,35,2.80
40054,245,277,0.29
40055,0,44,2.77
40056,0,95,2.96
40057,154,156,0.24
40058,186,189,0.63
40059,0,93,4.19
40060,28,27,0.38
40061,30,162,3.72
40062,23,23,1.70
40063,14,110,0.42
40064,0,54,1.34
40065,215,756,1.18
40066,314,359,1.46
40067,0,26,0.87
40068,90,110,0.63
40069,0,23,1.52
40070,0,130,2.56
40071,0,36,3.07
40072,17,28,0.73
40073,0,17,0.96
40074,15,73,2.56
40075,51,39,1.40
40076,66,29,1.20
40077,135,145,0.36
40078,20,30,0.56
40079,0,17,0.83
40080,0,26,0.51
40081,167,190,0.70
40082,114,0,0.00
40083,34,17,0.39
40084,0,126,2.99
40085,178,179,0.87
40086,112,124,0.90
40087,47,170,2.74
40088,70,15,0.23
40089,0,18,0.52
40090,32,33,2.10
40091,162,168,0.44
40092,32,175,3.11
40093,0,55,1.44
40094,144,148,0.60
40095,35,27,1.18
40096,199,264,0.54
40097,0,150,4.33
40098,207,230,0.37
40099,28,177,5.06
40100,48,19,0.54
40101,0,41,1.23
40102,245,338,0.33
40103,76,81,0.15
40104,74,85,0.53
40105,0,136,3.18
40106,26,183,4.71
40107,17,21,0.27
40108,103,34,2.25
40109,34,41,1.75
40110,0,20,0.70
40111,123,161,0.72
40112,148,241,2.76
40113,30,179,3.32
40114,84,93,0.50
40115,0,40,1.39
40116,47,92,4.24
40117,114,125,0.12
40118,154,157,0.23
40119,73,80,0.26
40120,16,64,1.83
40121,0,40,0.53
40122,159,505,1.08
40123,20,143,3.04
40124,26,197,7.17
40125,112,13,0.13
40126,23,44,1.44
40127,146,152,0.44
40128,0,17,1.05
40129,453,1730,20.44
40130,0,12,0.20
40131,309,340,0.32
40132,11,30,1.01
40133,0,112,1.54
40134,160,162,0.65
40135,13,142,2.79
40136,152,1126,0.99
40137,275,299,0.34
40138,0,125,2.76
40139,0,21,0.40
40140,0,14,0.46
40141,19,48,2.72
40142,136,1174,1.22
40143,14,31,1.99
40144,180,297,0.37
40145,99,216,1.29
40146,0,31,0.62
40147,177,178,0.48
40148,0,57,1.45
40149,0,0,0.00
40150,0,33,1.47
40151,37,185,4.99
40152,211,16,0.35
40153,54,46,2.33
40154,0,136,3.19
40155,154,174,0.32
40156,0,214,7.64
40157,33,102,3.14
40158,14,97,3.35
40159,0,0,0.00
40160,60,221,5.80
40161,375,377,0.28
40162,0,140,3.58
40163,761,911,0.37
40164,219,244,0.38
40165,16,27,1.48
40166,316,360,0.57
40167,33,97,4.78
40168,12,65,1.24
40169,44,185,3.96
40170,54,67,2.39
40171,23,107,1.88
40172,206,218,0.37
40173,0,109,2.75
40174,94,101,0.27
40175,13,60,1.65
40176,126,136,0.29
40177,0,148,6.03
40178,49,51,0.15
40179,110,113,0.63
40180,13,32,0.18
40181,0,0,0.00
40182,0,21,0.64
40183,60,61,0.11
40184,405,423,1.09
40185,0,90,2.60
40186,152,148,0.40
40187,144,170,0.30
40188,183,186,0.80
40189,171,190,0.93
40190,0,21,1.74
40191,66,28,3.06
40192,203,231,0.34
40193,718,1005,1.37
40194,0,118,4.78
40195,299,308,0.29
40196,464,487,1.19
40197,26,133,0.34
40198,0,32,1.32
40199,220,212,0.74
40200,0,134,1.60
40201,128,11,0.19
40202,132,153,0.51
40203,0,56,0.94
40204,48,31,1.07
40205,0,235,3.35
40206,58,70,0.19
40207,0,22,1.32
40208,0,152,0.34
40209,0,116,3.49
40210,182,186,0.47
40211,88,29,1.95
40212,79,18,0.99
40213,13,22,0.37
40214,51,23,0.45
40215,25,121,2.74
40216,0,0,0.00
40217,98,112,1.17
40218,152,166,0.64
40219,112,117,0.57
40220,24,0,0.00
40221,27,111,4.13
40222,89,83,0.46
40223,0,73,2.04
40224,22,110,2.71
40225,0,129,2.44
40226,105,30,1.53
40227,475,801,0.34
40228,0,18,0.45
40229,24,17,0.36
40230,54,17,0.33
40231,34,68,2.47
40232,18,103,4.20
40233,14,119,1.61
40234,26,154,4.14
40235,46,19,0.38
40236,14,156,5.10
40237,56,39,0.98
40238,0,128,3.84
40239,43,167,2.82
40240,37,33,0.50
40241,171,184,0.72
40242,21,12,0.56
40243,169,183,0.51
40244,0,153,3.53
40245,175,176,0.48
40246,637,662,1.10
40247,14,172,5.07
40248,42,153,2.85
40249,32,47,3.63
40250,148,186,0.60
40251,30,191,3.87
40252,130,133,0.44
40253,0,48,1.04
40254,0,150,2.57
40255,26,27,0.74
40256,19,67,2.78
40257,150,154,0.51
40258,0,31,3.31
40259,0,110,3.43
40260,0,400,0.74
40261,257,278,0.45
40262,0,655,0.51
40263,0,123,4.08
40264,28,26,1.17
40265,224,230,0.43
40266,254,1305,1.47
40267,0,31,0.99
40268,0,39,1.55
40269,25,34,0.72
40270,24,102,2.91
40271,95,114,0.62
40272,18,51,0.91
40273,197,221,0.42
40274,16,40,0.63
40275,30,101,2.41
40276,24,34,0.86
40277,0,66,3.91
40278,119,22,0.31
40279,279,295,0.29
40280,55,61,0.38
40281,159,163,0.86
40282,30,167,1.93
40283,21,41,0.67
40284,38,42,0.36
40285,169,24,0.05
40286,312,464,0.44
40287,0,69,2.44
40288,149,290,0.68
40289,205,236,0.27
40290,55,99,0.18
40291,20,32,1.47
40292,214,223,0.33
40293,350,365,0.33
40294,20,133,3.51
40295,18,24,0.31
40296,13,182,2.65
40297,22,136,0.38
40298,0,50,1.93
40299,0,49,1.85
40300,140,155,0.43
40301,0,1258,5.55
40302,0,23,0.57
40303,0,84,1.83
40304,152,167,0.52
40305,26,169,2.84
40306,181,219,0.53
40307,132,168,0.50
40308,605,15,0.44
40309,0,40,1.56
40310,43,43,0.09
40311,42,23,0.33
40312,74,75,0.11
40313,125,132,0.39
40314,242,608,1.05
40315,16,134,3.57
40316,53,68,0.12
40317,25,87,2.53
40318,16,179,2.38
40319,263,269,0.28
40320,51,67,0.40
40321,29,52,1.26
40322,279,330,0.29
40323,70,79,0.31
40324,16,191,2.39
40325,46,52,2.43
40326,203,768,1.13
40327,0,0,0.00
40328,23,124,5.17
40329,138,140,0.12
40330,27,126,2.89
40331,0,109,4.11
40332,97,99,0.35
40333,56,189,3.87
40334,0,130,5.77
40335,15,21,0.55
40336,28,62,4.45
40337,130,134,1.16
40338,219,1658,2.30
40339,0,165,3.66
40340,0,30,0.24
40341,37,137,5.18
40342,318,334,0.73
40343,80,21,0.35
40344,53,18,1.47
40345,233,280,0.34
40346,91,95,0.23
40347,22,46,1.97
40348,281,296,0.40
40349,299,333,0.28
40350,294,338,0.41
40351,151,153,0.32
40352,40,184,3.41
40353,17,109,1.53
40354,285,408,1.11
40355,629,683,1.87
40356,326,369,0.28
40357,29,31,1.88
40358,21,152,6.41
40359,25,20,0.64
40360,94,21,0.46
40361,128,130,0.19
40362,72,72,0.29
40363,30,53,1.71
40364,64,33,0.62
40365,170,188,0.37
40366,0,27,1.60
40367,110,110,0.15
40368,0,144,4.81
40369,289,14,0.12
40370,93,96,0.14
40371,0,185,4.70
40372,0,85,2.41
40373,34,262,0.61
40374,0,0,0.00
40375,29,35,0.81
40376,82,14,0.33
40377,244,820,1.07
40378,188,213,0.42
40379,20,63,3.15
40380,84,95,0.53
40381,0,80,3.83
40382,28,131,2.47
40383,20,64,2.00
40384,32,26,3.32
40385,0,33,2.59
40386,0,0,0.00
40387,291,298,0.33
40388,47,60,2.40
40389,21,134,3.27
40390,21,131,4.71
40391,182,191,0.48
40392,21,15,0.52
40393,44,160,3.54
40394,13,130,2.66
40395,17,152,3.82
40396,17,118,1.88
40397,45,60,0.59
40398,0,0,0.00
40399,18,46,3.05
40400,281,306,0.40
40401,347,678,1.67
40402,91,107,0.22
40403,0,42,3.18
40404,135,135,0.34
40405,0,140,3.66
40406,131,131,0.27
40407,0,13,0.13
40408,73,98,0.32
40409,18,134,3.92
40410,39,79,2.69
40411,0,150,4.88
40412,75,97,0.43
40413,14,19,0.44
40414,0,39,2.99
40415,0,30,1.28
40416,201,421,0.47
40417,118,125,0.53
40418,14,76,2.97
40419,0,46,2.44
40420,42,43,2.30
40421,24,15,0.89
40422,13,25,0.55
40423,20,53,0.96
40424,250,344,2.02
40425,22,45,0.78
40426,123,160,1.20
40427,40,47,0.12
40428,21,252,0.55
40429,127,139,0.38
40430,134,146,0.62
40431,20,138,4.23
40432,83,264,2.23
40433,139,141,0.19
40434,96,22,0.43
40435,40,25,0.74
40436,22,133,2.79
40437,129,135,0.18
40438,140,167,0.49
40439,245,265,0.51
40440,25,148,3.63
40441,260,285,0.85
40442,27,30,1.85
40443,25,32,1.03
40444,457,472,1.20
40445,74,99,0.31
40446,194,224,0.35
40447,35,145,4.11
40448,27,163,3.74
40449,12,42,3.01
40450,18,168,3.95
40451,0,151,3.13
40452,30,46,2.87
40453,217,221,0.44
40454,348,395,0.36
40455,19,190,1.68
40456,16,142,5.19
40457,53,142,0.41
40458,354,370,1.03
40459,360,365,0.36
40460,626,67,0.44
40461,0,132,6.58
40462,196,214,0.43
40463,196,203,0.19
40464,33,0,0.00
40465,19,14,0.89
40466,38,158,4.44
40467,54,175,5.88
40468,86,98,0.19
40469,0,140,2.94
40470,278,304,0.29
40471,17,166,3.57
40472,187,249,0.43
40473,12,67,2.99
40474,436,458,0.39
40475,17,25,1.41
40476,145,217,0.56
40477,478,1194,2.03
40478,26,31,0.73
40479,20,164,2.97
40480,48,67,0.23
40481,35,15,0.18
40482,232,369,0.40
40483,143,187,0.33
40484,29,66,2.26
40485,0,25,1.51
40486,131,146,0.46
40487,0,125,5.27
40488,0,105,2.16
40489,28,23,1.57
40490,139,143,0.48
40491,56,56,0.11
40492,0,29,0.77
40493,0,22,1.70
40494,31,40,0.61
40495,0,14,0.65
40496,77,109,0.25
40497,105,122,0.17
40498,20,78,1.67
40499,33,99,1.49
40500,88,89,0.14
40501,0,0,0.00
40502,85,26,0.54
40503,18,33,1.30
40504,24,71,3.55
40505,29,169,3.62
40506,41,30,2.33
40507,275,410,1.63
40508,21,147,3.92
40509,0,56,2.11
40510,0,288,3.67
40511,311,327,0.23
40512,198,198,0.36
40513,119,144,0.72
40514,0,0,0.00
40515,278,301,0.37
40516,266,267,0.23
40517,13,59,2.70
40518,138,149,0.35
40519,262,80,0.17
40520,0,20,0.34
40521,219,223,0.63
40522,0,71,2.24
40523,352,364,0.26
40524,171,180,0.32
40525,0,87,4.50
40526,18,16,0.30
40527,14,152,3.80
40528,39,33,1.35
40529,19,30,0.91
40530,0,35,0.63
40531,152,162,0.50
40532,103,283,0.63
40533,210,223,1.03
40534,0,114,2.65
40535,0,20,0.37
40536,0,67,3.42
40537,31,61,2.43
40538,227,275,0.24
40539,38,171,3.47
40540,0,108,0.56
40541,14,83,2.85
40542,133,1598,3.49
40543,61,136,1.40
40544,31,34,1.06
40545,32,83,1.63
40546,0,48,1.12
40547,111,112,0.38
40548,120,120,0.25
40549,18,17,0.61
40550,32,86,5.55
40551,190,233,0.43
40552,196,383,0.66
40553,53,18,0.98
40554,0,87,2.44
40555,125,125,0.18
40556,261,271,0.56
40557,0,133,7.22
40558,185,242,0.33
40559,44,21,0.65
40560,26,178,3.28
40561,18,135,6.15
40562,65,89,0.17
40563,0,74,2.83
40564,39,178,3.73
40565,160,174,0.21
40566,0,54,1.45
40567,67,25,0.45
40568,13,22,0.44
40569,202,218,0.49
40570,0,84,0.47
40571,19,21,1.52
40572,168,323,0.46
40573,17,280,1.48
40574,224,185,0.67
40575,0,97,2.95
40576,0,217,1.68
40577,199,340,1.01
40578,30,139,3.77
40579,0,86,3.06
40580,37,31,0.87
40581,96,115,0.55
40582,24,90,2.31
40583,18,109,2.31
40584,108,109,0.15
40585,0,92,3.29
40586,213,231,0.56
40587,27,18,0.47
40588,14,148,5.51
40589,18,16,0.99
40590,0,92,3.57
40591,100,100,0.18
40592,198,33,0.41
40593,17,69,1.01
40594,216,396,0.36
40595,191,233,0.44
40596,336,405,2.23
40597,11,21,0.38
40598,16,51,2.89
40599,183,183,0.39
40600,142,142,0.23
40601,169,171,0.40
40602,218,310,0.49
40603,0,374,0.27
40604,18,33,0.68
40605,155,467,1.06
40606,17,89,3.24
40607,70,24,0.56
40608,258,288,0.28
40609,0,127,4.49
40610,69,246,2.10
40611,194,194,0.38
40612,0,117,4.03
40613,208,206,0.81
40614,20,25,0.45
40615,52,22,0.55
40616,179,181,0.50
40617,23,156,5.83
40618,288,300,0.25
40619,89,93,0.13
40620,0,283,0.54
40621,0,132,4.29
40622,69,69,0.13
40623,260,1255,1.17
40624,23,45,2.57
40625,46,189,5.14
40626,17,149,2.26
40627,0,84,0.47
40628,0,15,0.57
40629,18,0,0.00
40630,0,75,2.64
40631,15,169,4.23
40632,45,30,2.52
40633,0,43,1.61
40634,16,29,0.49
40635,272,312,0.28
40636,174,309,0.44
40637,89,96,0.22
40638,29,91,2.50
40639,0,117,1.92
40640,234,244,0.39
40641,134,134,0.18
40642,16,107,0.35
40643,195,419,0.47
40644,22,55,1.90
40645,25,28,0.63
40646,13,103,2.80
40647,24,63,2.50
40648,13,25,0.49
40649,169,172,0.99
40650,21,41,4.08
40651,184,202,0.22
40652,12,180,4.11
40653,20,136,6.23
40654,16,19,0.41
40655,0,40,1.59
40656,0,134,0.50
40657,24,172,2.00
40658,25,80,5.17
40659,0,84,2.96
40660,181,365,0.34
40661,138,355,1.08
40662,102,110,0.24
40663,73,96,0.32
40664,0,52,2.43
40665,191,192,0.52
40666,436,1726,19.78
40667,245,262,0.22
40668,0,122,2.79
40669,0,20,0.65
40670,181,668,2.13
40671,527,566,1.12
40672,0,20,0.38
40673,226,227,0.36
40674,16,112,1.53
40675,17,130,2.98
40676,273,275,0.71
40677,226,275,0.27
40678,335,30,0.03
40679,131,20,1.27
40680,43,182,6.58
40681,0,135,3.47
40682,142,146,0.38
40683,320,651,1.10
40684,82,105,0.37
40685,105,110,0.30
40686,42,117,0.46
40687,119,338,1.05
40688,549,562,0.42
40689,37,177,5.43
40690,0,70,1.94
40691,432,464,0.44
40692,211,216,0.25
40693,195,195,0.72
40694,17,67,3.81
40695,170,19,0.82
40696,16,0,0.00
40697,18,140,3.96
40698,0,104,3.62
40699,174,187,0.37
40700,100,101,0.18
40701,0,134,3.80
40702,39,183,3.78
40703,0,37,2.12
40704,16,37,1.34
40705,0,69,4.65
40706,0,166,3.00
40707,0,18,0.31
40708,167,169,0.25
40709,13,25,0.51
40710,248,273,0.25
40711,111,15,0.29
40712,0,31,2.34
40713,52,195,7.23
40714,41,178,5.67
40715,22,60,3.11
40716,16,201,0.89
40717,112,22,1.54
40718,90,92,0.23
40719,0,912,1.44
40720,29,19,0.27
40721,0,60,1.31
40722,215,318,0.35
40723,85,90,0.26
40724,67,33,1.13
40725,62,26,0.52
40726,33,145,4.06
40727,0,84,1.84
40728,139,169,0.43
40729,72,17,0.40
40730,71,80,0.33
40731,233,273,0.36
40732,0,28,0.47
40733,157,160,0.39
40734,17,134,3.25
40735,27,80,2.17
40736,161,390,0.52
40737,23,150,3.87
40738,146,147,0.82
40739,138,160,0.29
40740,0,162,3.07
40741,106,18,0.39
40742,28,12,0.49
40743,31,108,2.70
40744,34,200,6.03
40745,0,70,0.10
40746,81,81,0.18
40747,27,72,2.57
40748,93,94,0.59
40749,0,78,1.91
40750,277,303,1.03
40751,201,203,0.50
40752,27,32,0.58
40753,17,117,3.70
40754,593,921,0.35
40755,23,38,1.54
40756,249,286,0.55
40757,68,17,0.29
40758,300,312,0.28
40759,13,123,3.77
40760,0,219,4.67
40761,220,644,1.28
40762,76,209,2.31
40763,0,84,2.37
40764,112,209,0.99
40765,19,117,0.35
40766,0,18,0.30
40767,58,18,0.77
40768,239,250,0.32
40769,0,114,3.18
40770,52,0,0.00
40771,0,43,0.61
40772,46,191,3.60
40773,107,155,0.41
40774,212,264,0.45
40775,188,351,0.38
40776,0,26,1.51
40777,100,115,0.27
40778,78,88,0.35
40779,140,0,0.00
40780,26,24,1.51
40781,14,34,1.86
40782,0,152,3.46
40783,41,33,0.72
40784,21,171,0.62
40785,132,159,0.36
40786,0,118,5.42
40787,34,134,2.20
40788,156,189,0.39
40789,26,36,1.52
40790,15,283,0.49
40791,95,112,0.27
40792,199,230,0.32
40793,17,117,5.30
40794,0,84,2.43
40795,68,18,0.80
40796,324,355,0.36
40797,0,0,0.00
40798,86,17,0.43
40799,547,15,0.14
40800,18,125,3.83
40801,0,104,2.43
40802,225,233,0.32
40803,301,324,1.07
40804,25,18,0.33
40805,0,16,1.34
40806,287,350,0.42
40807,77,77,0.10
40808,17,24,1.62
40809,265,275,1.04
40810,209,692,1.12
40811,133,133,0.22
40812,34,17,0.64
40813,0,78,1.53
40814,84,84,0.31
40815,0,24,0.51
40816,0,113,2.81
40817,129,130,0.19
40818,166,220,0.59
40819,0,107,3.30
40820,202,639,0.50
40821,125,130,0.30
40822,0,34,1.29
40823,140,148,0.32
40824,14,132,4.47
40825,45,295,0.49
40826,42,34,0.59
40827,48,23,0.50
40828,0,149,2.99
40829,0,98,1.64
40830,294,23,0.05
40831,260,318,1.04
40832,21,112,3.15
40833,19,77,4.17
40834,270,264,0.43
40835,0,131,2.13
40836,35,160,4.00
40837,188,212,1.12
40838,0,29,0.51
40839,0,156,0.67
40840,286,308,0.54
40841,100,103,0.33
40842,224,20,0.27
40843,242,251,0.37
40844,17,169,3.67
40845,193,237,0.26
40846,17,128,3.35
40847,79,207,0.65
40848,18,18,1.38
40849,104,107,0.21
40850,254,272,0.36
40851,126,19,0.74
40852,0,44,0.58
40853,32,137,0.48
40854,52,121,2.75
40855,36,168,2.72
40856,16,22,1.43
40857,152,159,0.38
40858,73,55,0.44
40859,0,137,3.72
40860,42,178,4.79
40861,21,34,0.57
40862,107,39,2.91
40863,199,202,0.84
40864,50,186,3.66
40865,15,66,0.97
40866,30,19,0.34
40867,179,745,0.58
40868,0,232,1.69
40869,14,29,0.78
40870,0,19,0.62
40871,500,522,1.15
40872,203,540,0.54
40873,197,191,0.51
40874,112,115,0.28
40875,0,151,2.69
40876,123,135,0.62
40877,146,175,1.03
40878,82,82,0.11
40879,18,20,0.52
40880,134,154,0.40
40881,142,157,0.53
40882,0,40,0.73
40883,80,162,0.49
40884,89,90,0.20
40885,85,102,0.34
40886,0,27,2.45
40887,91,94,0.19
40888,38,109,4.71
40889,0,37,0.94
40890,11,30,0.49
40891,303,318,0.32
40892,18,28,0.44
40893,21,150,3.85
40894,0,92,3.89
40895,43,182,2.77
40896,574,649,1.13
40897,0,20,1.10
40898,139,141,0.16
40899,72,72,0.14
40900,0,38,2.00
40901,186,188,0.38
40902,0,41,0.09
40903,15,21,1.08
40904,76,84,0.37
40905,174,298,1.04
40906,357,361,0.95
40907,42,18,0.50
40908,188,221,0.57
40909,26,130,2.66
40910,20,18,0.39
40911,26,135,3.27
40912,22,124,5.42
40913,293,311,0.26
40914,177,458,0.54
40915,0,90,4.20
40916,131,15,0.24
40917,285,303,0.42
40918,0,17,1.10
40919,0,19,0.94
40920,229,15,0.04
40921,143,196,0.49
40922,65,24,2.39
40923,0,64,2.77
40924,16,90,2.15
40925,162,165,0.90
40926,0,35,1.43
40927,0,30,1.58
40928,19,45,1.01
40929,0,22,0.60
40930,210,376,1.02
40931,306,385,0.31
40932,55,44,1.69
40933,61,64,0.12
40934,18,150,8.18
40935,186,214,0.29
40936,104,110,0.52
40937,96,315,0.99
40938,0,125,0.73
40939,170,176,0.37
40940,50,18,0.57
40941,14,73,1.36
40942,0,39,1.18
40943,0,25,0.69
40944,0,98,5.73
40945,495,498,1.13
40946,72,73,0.13
40947,0,51,2.12
40948,24,148,1.92
40949,269,309,0.67
40950,0,28,0.64
40951,0,135,2.31
40952,22,25,0.82
40953,0,112,3.30
40954,70,18,1.52
40955,34,123,3.02
40956,78,78,0.15
40957,0,20,0.53
40958,159,242,0.99
40959,0,154,3.34
40960,217,219,0.75
40961,205,208,0.42
40962,102,115,0.47
40963,0,27,0.42
40964,14,32,0.87
40965,75,35,0.72
40966,0,38,0.98
40967,176,389,0.84
40968,226,269,0.59
40969,91,206,2.14
40970,0,102,2.42
40971,0,0,0.00
40972,90,90,0.15
40973,184,185,0.63
40974,496,507,0.95
40975,0,42,0.76
40976,44,170,2.95
40977,263,0,0.00
40978,38,165,3.88
40979,0,130,3.11
40980,155,218,0.19
40981,70,75,0.15
40982,30,32,0.47
40983,124,143,0.29
40984,34,19,0.05
40985,457,478,1.04
40986,34,188,2.89
40987,13,113,2.61
40988,102,263,0.58
40989,13,19,0.52
40990,16,25,1.37
40991,156,172,0.33
40992,128,128,0.25
40993,189,225,0.65
40994,25,21,0.85
40995,51,15,0.54
40996,0,43,1.40
40997,48,200,2.73
40998,120,145,0.28
40999,23,93,4.06
41000,63,63,0.12
41001,146,146,0.21
41002,38,364,0.48
41003,0,23,0.70
41004,156,170,0.47
41005,623,628,0.30
41006,41,218,4.12
41007,535,200,0.76
41008,106,110,0.28
41009,385,391,0.42
41010,0,75,2.33
41011,80,81,0.15
41012,640,665,1.30
41013,50,25,0.59
41014,0,70,2.64
41015,0,38,1.28
41016,23,14,1.17
41017,15,47,1.24
41018,34,51,1.74
41019,0,142,1.80
41020,0,64,2.57
41021,213,401,0.69
41022,67,481,6.31
41023,35,162,0.47
41024,172,194,0.67
41025,142,152,0.43
41026,0,146,3.46
41027,24,148,3.47
41028,0,112,2.77
41029,217,313,0.50
41030,27,152,3.12
41031,30,18,0.44
41032,13,19,1.45
41033,60,19,0.38
41034,39,30,0.81
41035,31,27,1.27
41036,37,27,0.44
41037,155,281,0.36
41038,681,1043,0.49
41039,198,219,0.28
41040,13,83,4.20
41041,29,76,3.11
41042,81,94,0.29
41043,43,21,0.77
41044,132,140,0.35
41045,23,135,4.46
41046,102,101,0.70
41047,14,14,0.43
41048,121,15,0.37
41049,0,86,3.39
41050,14,155,2.33
41051,0,108,4.69
41052,0,19,0.40
41053,318,339,0.43
41054,224,14,0.07
41055,147,174,0.54
41056,14,148,3.81
41057,54,43,2.56
41058,15,45,3.39
41059,17,146,3.67
41060,357,376,0.94
41061,97,105,0.19
41062,24,32,1.64
41063,225,231,0.45
41064,92,102,0.27
41065,0,60,1.87
41066,0,106,0.10
41067,29,60,3.34
41068,53,55,0.14
41069,0,0,0.00
41070,55,55,0.15
41071,50,36,1.77
41072,88,90,0.16
41073,0,79,2.96
41074,14,0,0.00
41075,152,153,0.19
41076,132,18,0.31
41077,58,18,0.81
41078,214,219,1.03
41079,231,236,0.78
41080,30,44,2.63
41081,12,167,3.24
41082,68,0,0.00
41083,0,22,0.42
41084,0,39,1.01
41085,15,19,0.37
41086,14,42,2.16
41087,41,31,1.39
41088,49,36,1.61
41089,50,19,0.54
41090,17,20,1.61
41091,13,44,2.49
41092,138,139,0.22
41093,17,26,0.51
41094,14,24,1.49
41095,21,16,0.46
41096,63,29,0.96
41097,0,16,2.10
41098,247,256,0.29
41099,41,18,0.06
41100,31,11,0.60
41101,58,187,4.01
41102,29,84,3.94
41103,0,62,0.36
41104,0,129,3.23
41105,119,21,0.34
41106,234,13,0.06
41107,0,11,0.19
41108,35,33,1.46
41109,24,37,1.55
41110,17,139,5.37
41111,185,185,0.41
41112,133,139,0.44
41113,90,21,0.45
41114,19,184,2.59
41115,0,35,1.44
41116,169,195,0.50
41117,112,128,0.27
41118,23,25,0.75
41119,370,414,0.30
41120,0,29,0.42
41121,23,58,0.84
41122,37,39,2.10
41123,0,136,3.52
41124,0,15,0.30
41125,67,73,0.46
41126,52,59,0.24
41127,0,73,3.48
41128,0,140,2.09
41129,173,203,0.21
41130,95,130,0.66
41131,25,163,2.83
41132,158,166,0.46
41133,225,431,0.38
41134,0,90,2.65
41135,53,24,1.35
41136,0,19,0.50
41137,94,96,0.21
41138,15,127,3.83
41139,39,30,1.62
41140,0,22,0.87
41141,225,374,0.53
41142,140,16,0.45
41143,0,753,1.74
41144,276,298,0.27
41145,48,18,0.82
41146,16,25,1.32
41147,143,145,0.34
41148,23,36,1.43
41149,237,270,0.33
41150,45,100,1.76
41151,40,60,2.34
41152,200,210,0.48
41153,26,120,2.74
41154,297,321,1.04
41155,51,55,0.15
41156,0,122,2.11
41157,21,32,0.39
41158,0,136,2.09
41159,127,403,1.93
41160,18,84,2.50
41161,15,20,0.31
41162,34,64,0.32
41163,206,231,0.55
41164,28,155,2.87
41165,20,22,0.40
41166,0,135,4.39
41167,56,16,0.55
41168,49,52,2.44
41169,0,150,7.16
41170,266,281,0.45
41171,60,60,0.11
41172,894,899,0.40
41173,104,126,1.04
41174,0,142,3.64
41175,57,57,0.14
41176,16,137,3.12
41177,68,16,0.33
41178,68,19,1.49
41179,40,16,0.98
41180,108,27,0.43
41181,18,102,5.78
41182,22,153,5.99
41183,190,202,0.33
41184,180,188,0.29
41185,0,53,1.41
41186,23,146,3.64
41187,182,191,0.37
41188,95,144,0.50
41189,25,24,0.34
41190,21,109,4.18
41191,555,653,1.34
41192,0,90,3.71
41193,15,158,1.31
41194,0,15,0.69
41195,119,146,0.25
41196,299,321,0.43
41197,189,460,1.50
41198,13,99,2.45
41199,12,46,3.20
41200,17,160,4.31
41201,55,25,0.98
41202,33,30,0.41
41203,15,99,3.02
41204,80,23,1.43
41205,175,191,0.52
41206,0,0,0.00
41207,48,15,0.24
41208,18,36,1.21
41209,16,25,0.49
41210,51,75,0.34
41211,24,15,0.57
41212,156,167,0.40
41213,17,114,3.34
41214,129,242,0.34
41215,119,16,0.83
41216,88,47,2.29
41217,0,0,0.00
41218,682,692,0.32
41219,16,73,3.19
41220,34,165,2.95
41221,192,18,0.30
41222,27,88,4.14
41223,27,16,0.42
41224,157,162,0.44
41225,16,25,0.96
41226,45,46,4.13
41227,146,1664,3.69
41228,168,171,0.36
41229,14,150,2.48
41230,0,81,2.87
41231,284,150,0.23
41232,45,49,2.83
41233,49,21,0.30
41234,135,138,0.32
41235,299,340,2.08
41236,416,424,0.50
41237,19,30,0.56
41238,18,134,6.40
41239,0,33,2.26
41240,0,123,1.54
41241,44,180,5.41
41242,0,146,3.56
41243,256,295,1.55
41244,24,16,1.13
41245,149,160,0.40
41246,51,20,0.45
41247,235,261,0.31
41248,0,26,0.40
41249,46,186,4.42
41250,0,32,1.06
41251,0,35,1.12
41252,0,64,1.76
41253,74,74,0.14
41254,359,536,2.31
41255,21,37,1.02
41256,140,176,0.47
41257,257,326,0.75
41258,16,117,3.14
41259,0,112,1.86
41260,0,205,5.76
41261,36,18,0.40
41262,21,146,4.04
41263,30,163,4.40
41264,42,25,0.48
41265,190,18,0.04
41266,259,270,0.39
41267,0,141,3.53
41268,193,16,0.25
41269,28,63,2.47
41270,232,274,0.30
41271,145,188,0.29
41272,52,22,1.31
41273,0,135,3.72
41274,57,40,1.33
41275,0,143,3.11
41276,41,59,0.16
41277,239,313,0.27
41278,48,151,5.06
41279,305,337,1.01
41280,474,1183,1.19
41281,0,47,2.30
41282,53,56,0.24
41283,160,160,0.21
41284,0,128,3.16
41285,69,25,0.96
41286,17,150,2.38
41287,204,17,0.11
41288,87,267,1.47
41289,0,19,0.09
41290,25,117,2.29
41291,19,32,1.10
41292,190,190,0.49
41293,160,178,0.45
41294,235,241,0.50
41295,48,24,1.36
41296,19,120,5.21
41297,96,106,0.56
41298,20,449,1.47
41299,0,30,1.11
41300,201,389,1.24
41301,53,0,0.00
41302,18,440,0.93
41303,17,166,5.68
41304,15,27,0.78
41305,117,410,1.12
41306,0,53,2.81
41307,17,52,2.73
41308,117,18,1.02
41309,0,19,1.49
41310,0,36,1.47
41311,97,100,0.22
41312,22,44,2.17
41313,26,65,1.75
41314,26,0,0.00
41315,0,106,4.77
41316,11,91,1.46
41317,0,32,0.90
41318,34,23,0.26
41319,42,175,3.23
41320,16,116,8.90
41321,70,112,0.38
41322,143,410,4.76
41323,231,251,0.83
41324,20,136,2.91
41325,165,169,0.39
41326,30,180,2.00
41327,139,156,0.44
41328,0,46,1.83
41329,0,26,0.75
41330,77,42,1.59
41331,160,178,0.38
41332,0,1029,4.19
41333,339,351,0.37
41334,67,66,0.19
41335,14,155,3.62
41336,44,44,0.11
41337,329,357,1.07
41338,168,170,0.32
41339,0,28,2.00
41340,21,20,1.27
41341,213,247,0.38
41342,140,140,0.30
41343,223,237,0.38
41344,0,0,0.00
41345,92,102,0.21
41346,0,92,2.62
41347,562,596,1.30
41348,15,24,1.35
41349,289,322,0.66
41350,26,23,0.34
41351,144,144,0.70
41352,25,25,0.53
41353,0,160,0.73
41354,0,100,1.95
41355,142,146,0.50
41356,197,687,1.14
41357,236,455,0.41
41358,17,39,2.34
41359,0,15,0.89
41360,76,77,0.21
41361,0,24,0.18
41362,0,343,0.28
41363,0,156,0.79
41364,50,69,1.61
41365,26,14,0.40
41366,113,15,0.38
41367,0,44,1.99
41368,0,139,2.77
41369,107,13,0.16
41370,0,148,3.53
41371,42,200,0.49
41372,56,875,0.58
41373,191,223,0.51
41374,0,146,4.26
41375,0,119,2.12
41376,138,160,0.41
41377,0,36,0.62
41378,11,30,0.43
41379,18,73,2.80
41380,110,115,0.43
41381,271,284,0.34
41382,33,16,0.55
41383,51,24,0.44
41384,178,186,0.70
41385,13,66,4.15
41386,14,254,0.60
41387,0,158,3.97
41388,88,98,0.36
41389,249,283,0.46
41390,20,81,5.06
41391,23,54,2.65
41392,197,906,1.16
41393,126,134,0.23
41394,54,12,0.19
41395,34,230,0.83
41396,0,47,0.35
41397,17,23,1.79
41398,286,344,0.88
41399,67,68,0.54
41400,0,21,0.37
41401,52,211,4.71
41402,19,76,1.68
41403,12,97,2.56
41404,0,140,2.12
41405,154,173,0.78
41406,145,167,0.35
41407,159,315,0.45
41408,18,137,4.85
41409,16,30,0.35
41410,26,29,0.36
41411,17,36,0.74
41412,34,385,1.95
41413,50,22,0.47
41414,25,17,0.43
41415,0,77,2.50
41416,330,358,0.38
41417,19,193,2.09
41418,12,19,0.26
41419,0,117,2.22
41420,0,28,0.91
41421,264,550,0.91
41422,178,178,0.38
41423,15,42,1.65
41424,207,226,0.44
41425,0,50,1.57
41426,42,62,2.53
41427,42,27,0.46
41428,37,133,1.63
41429,0,148,5.94
41430,32,35,1.49
41431,60,60,0.12
41432,159,18,0.87
41433,18,148,4.16
41434,140,28,1.49
41435,93,93,0.15
41436,15,61,1.72
41437,19,104,4.75
41438,31,203,0.46
41439,520,539,1.12
41440,153,212,0.97
41441,44,81,3.06
41442,196,204,1.21
41443,224,230,0.51
41444,0,37,1.72
41445,282,628,1.11
41446,56,278,0.88
41447,17,22,0.68
41448,105,31,0.58
41449,20,172,2.66
41450,583,716,1.16
41451,34,28,0.76
41452,0,20,1.42
41453,22,45,1.03
41454,0,132,5.14
41455,23,17,1.23
41456,0,117,2.97
41457,73,76,0.80
41458,36,17,0.87
41459,0,32,1.49
41460,161,308,1.13
41461,50,15,0.42
41462,0,47,2.69
41463,0,61,0.17
41464,107,298,0.89
41465,38,76,5.43
41466,245,240,0.97
41467,51,155,2.94
41468,66,66,0.22
41469,19,56,1.38
41470,132,134,0.37
41471,16,63,2.36
41472,0,72,3.97
41473,0,65,0.70
41474,160,550,1.49
41475,37,52,1.69
41476,26,175,3.59
41477,0,247,1.37
41478,18,27,1.11
41479,22,29,0.61
41480,67,25,0.66
41481,0,101,2.42
41482,281,309,0.24
41483,319,899,0.56
41484,380,444,1.09
41485,24,19,1.54
41486,46,22,0.36
41487,11,97,2.92
41488,0,14,0.55
41489,14,32,1.66
41490,146,247,0.96
41491,18,89,3.08
41492,86,99,0.38
41493,223,552,1.12
41494,0,0,0.00
41495,16,32,0.76
41496,16,69,4.03
41497,359,384,0.52
41498,204,646,1.11
41499,22,109,2.33
41500,20,41,1.56
41501,0,147,1.79
41502,28,22,0.42
41503,297,326,0.36
41504,168,565,1.49
41505,207,546,1.11
41506,0,32,2.61
41507,29,177,3.16
41508,174,419,1.22
41509,214,479,1.17
41510,15,45,0.79
41511,46,70,0.96
41512,238,370,0.49
41513,0,0,0.00
41514,24,73,2.87
41515,167,168,0.42
41516,0,145,3.52
41517,255,272,0.42
41518,579,611,1.14
41519,0,124,2.41
41520,117,121,0.18
41521,106,21,1.38
41522,25,0,0.00
41523,203,202,0.97
41524,235,241,0.94
41525,82,82,0.18
41526,104,109,0.36
41527,202,307,0.34
41528,262,323,0.63
41529,13,76,5.93
41530,329,336,1.07
41531,26,20,0.69
41532,182,278,0.36
41533,0,28,0.74
41534,133,135,0.21
41535,0,27,0.52
41536,391,420,0.39
41537,0,90,3.52
41538,170,205,0.21
41539,296,298,0.32
41540,27,73,5.14
41541,61,18,0.70
41542,37,18,0.34
41543,240,282,0.39
41544,26,106,2.58
41545,32,100,2.05
41546,49,208,0.70
41547,200,219,0.25
41548,21,85,2.13
41549,15,60,1.48
41550,260,1305,5.27
41551,472,770,0.37
41552,17,53,2.33
41553,26,185,4.04
41554,0,16,0.49
41555,14,37,2.53
41556,149,19,0.40
41557,252,274,0.33
41558,23,151,4.66
41559,90,105,0.24
41560,20,139,5.45
41561,348,389,0.36
41562,21,143,4.20
41563,10,171,4.43
41564,88,90,0.16
41565,21,136,2.88
41566,20,40,2.27
41567,66,66,0.13
41568,54,176,2.10
41569,140,23,1.49
41570,21,146,2.00
41571,243,248,0.33
41572,25,24,0.46
41573,78,16,1.95
41574,60,71,0.30
41575,129,144,0.43
41576,210,241,0.34
41577,39,179,5.16
41578,0,103,2.79
41579,16,38,1.14
41580,316,346,0.34
41581,47,156,3.57
41582,335,370,0.81
41583,0,35,2.55
41584,122,123,0.20
41585,28,185,0.59
41586,65,76,0.53
41587,68,17,0.48
41588,271,297,0.42
41589,0,623,0.48
41590,0,133,3.18
41591,16,21,0.13
41592,35,156,0.94
41593,15,247,1.42
41594,34,36,0.45
41595,0,20,1.70
41596,0,143,5.32
41597,47,47,0.21
41598,0,161,2.84
41599,177,311,0.58
41600,0,134,4.03
41601,0,104,4.79
41602,0,51,2.54
41603,40,121,6.66
41604,271,287,0.28
41605,18,75,1.95
41606,19,16,1.38
41607,0,16,0.51
41608,0,155,5.99
41609,0,0,0.00
