pad,x,y
4,-250.32,2.86764
17,-186.513,5.83687
18,-181.605,2.86764
19,-176.696,5.83687
20,-171.788,2.86764
21,-166.88,5.83687
22,-161.972,2.86764
23,-157.064,5.83687
24,-154.609,1.45075
25,-152.155,2.7999
26,-152.155,5.70141
27,-149.701,1.45075
28,-149.701,7.05056
29,-147.247,5.70141
30,-147.247,2.7999
31,-144.793,7.05056
32,-144.793,1.45075
33,-142.339,2.7999
34,-142.339,5.70141
35,-139.885,1.45075
36,-139.885,7.05056
37,-137.431,5.70141
38,-137.431,2.7999
39,-134.976,7.05056
40,-134.976,1.45075
41,-132.522,2.7999
42,-132.522,5.70141
43,-130.068,1.45075
44,-130.068,7.05056
45,-127.614,5.70141
46,-127.614,2.7999
47,-125.16,7.05056
48,-125.16,1.45075
49,-122.706,2.7999
50,-122.706,5.70141
51,-120.252,1.45075
52,-120.252,7.05056
53,-117.798,5.70141
54,-117.798,2.7999
55,-115.344,7.05056
56,-115.344,1.45075
57,-112.889,2.7999
58,-112.889,5.70141
59,-110.435,1.45075
60,-110.435,7.05056
61,-107.981,5.70141
62,-107.981,2.7999
64,-105.527,1.45075
65,-103.073,2.7999
66,-103.073,5.70141
67,-100.619,1.45075
68,-100.619,7.05056
69,-98.1647,5.70141
70,-98.1647,2.7999
71,-95.7106,7.05056
72,-95.7106,1.45075
73,-93.2565,2.7999
74,-93.2565,5.70141
75,-90.8024,1.45075
76,-90.8024,7.05056
77,-88.3482,5.70141
78,-88.3482,2.7999
79,-85.8941,7.05056
80,-85.8941,1.45075
81,-83.44,2.7999
82,-83.44,5.70141
83,-80.9859,1.45075
84,-80.9859,7.05056
85,-78.5318,5.70141
86,-78.5318,2.7999
87,-76.0777,7.05056
88,-76.0777,1.45075
89,-73.6235,2.7999
90,-73.6235,5.70141
91,-71.1694,1.45075
92,-71.1694,7.05056
93,-68.7153,5.70141
94,-68.7153,2.7999
95,-66.2612,7.05056
96,-66.2612,1.45075
97,-63.8071,2.7999
98,-63.8071,5.70141
99,-61.353,1.45075
100,-61.353,7.05056
101,-58.8988,5.70141
102,-58.8988,2.7999
103,-56.4447,7.05056
104,-56.4447,1.45075
105,-53.9906,2.7999
106,-53.9906,5.70141
107,-51.5365,1.45075
108,-51.5365,7.05056
109,-49.0824,5.70141
110,-49.0824,2.7999
111,-46.6282,7.05056
112,-46.6282,1.45075
113,-44.1741,2.7999
114,-44.1741,5.70141
115,-41.72,1.45075
116,-41.72,7.05056
117,-39.2659,5.70141
118,-39.2659,2.7999
119,-36.8118,7.05056
120,-36.8118,1.45075
121,-34.3577,2.7999
122,-34.3577,5.70141
123,-31.9035,1.45075
124,-31.9035,7.05056
125,-29.4494,5.70141
126,-29.4494,2.7999
127,-26.9953,7.05056
128,-26.9953,1.45075
129,-24.5412,2.7999
130,-24.5412,5.70141
131,-22.0871,1.45075
132,-22.0871,7.05056
133,-19.6329,5.70141
134,-19.6329,2.7999
135,-17.1788,7.05056
136,-17.1788,1.45075
137,-14.7247,2.7999
138,-14.7247,5.70141
139,-12.2706,1.45075
140,-12.2706,7.05056
141,-9.81648,5.70141
142,-9.81648,2.7999
143,-7.36236,7.05056
144,-7.36237,1.45075
145,-4.90825,2.7999
147,-2.45413,1.45075
148,-2.45413,7.05056
149,-1.33514e-05,5.70141
150,-1.33514e-05,2.7999
151,2.4541,7.05056
152,2.45413,1.45075
153,4.90825,2.7999
154,4.90825,5.70141
155,7.36237,1.45075
156,7.36237,7.05056
157,9.81648,5.70141
158,9.81648,2.7999
159,12.2706,7.05056
160,12.2706,1.45075
161,14.7247,2.7999
162,14.7247,5.70141
163,17.1788,1.45075
164,17.1788,7.05056
165,19.6329,5.70141
166,19.6329,2.7999
167,22.0871,7.05056
168,22.0871,1.45075
169,24.5412,2.7999
170,24.5412,5.70141
171,26.9953,1.45075
172,26.9953,7.05056
173,29.4494,5.70141
174,29.4494,2.7999
175,31.9035,7.05056
176,31.9035,1.45075
177,34.3577,2.7999
178,34.3577,5.70141
179,36.8118,1.45075
180,36.8118,7.05056
181,39.2659,5.70141
182,39.2659,2.7999
183,41.72,7.05056
184,41.72,1.45075
185,44.1741,2.7999
186,44.1741,5.70141
187,46.6282,1.45075
188,46.6282,7.05056
189,49.0824,5.70141
190,49.0824,2.7999
191,51.5365,7.05056
192,51.5365,1.45075
193,53.9906,2.7999
194,53.9906,5.70141
195,56.4447,1.45075
196,56.4447,7.05056
197,58.8988,5.70141
198,58.8988,2.7999
199,61.3529,7.05056
200,61.3529,1.45075
201,63.8071,2.7999
202,63.8071,5.70141
203,66.2612,1.45075
204,66.2612,7.05056
205,68.7153,5.70141
206,68.7153,2.7999
207,71.1694,7.05056
208,71.1694,1.45075
209,73.6235,2.7999
210,73.6235,5.70141
211,76.0776,1.45075
212,76.0776,7.05056
213,78.5318,5.70141
214,78.5318,2.7999
215,80.9859,7.05056
216,80.9859,1.45075
217,83.44,2.7999
218,83.44,5.70141
219,85.8941,1.45075
220,85.8941,7.05056
221,88.3483,5.70141
222,88.3483,2.7999
223,90.8024,7.05056
224,90.8024,1.45075
225,93.2565,2.7999
226,93.2565,5.70141
227,95.7106,1.45075
228,95.7106,7.05056
229,98.1647,5.70141
230,98.1647,2.7999
231,100.619,7.05056
232,100.619,1.45075
233,103.073,2.7999
234,103.073,5.70141
235,105.527,1.45075
236,105.527,7.05056
237,107.981,5.70141
238,107.981,2.7999
239,110.435,7.05056
240,110.435,1.45075
241,112.889,2.7999
242,112.889,5.70141
243,115.344,1.45075
244,115.344,7.05056
245,117.798,5.70141
246,117.798,2.7999
247,120.252,7.05056
248,120.252,1.45075
249,122.706,2.7999
250,122.706,5.70141
251,125.16,1.45075
252,125.16,7.05056
253,127.614,5.70141
254,127.614,2.7999
255,130.068,7.05056
256,130.068,1.45075
257,132.522,2.7999
258,132.522,5.70141
259,134.976,1.45075
260,134.976,7.05056
261,137.431,5.70141
262,137.431,2.7999
263,139.885,7.05056
264,139.885,1.45075
266,142.339,5.70141
267,144.793,1.45075
268,144.793,7.05056
269,147.247,5.70141
270,147.247,2.7999
272,149.701,1.45075
279,171.788,2.86764
280,176.697,5.83687
281,181.605,2.86764
284,196.329,5.83687
285,201.238,2.86764
286,206.146,5.83687
288,215.962,5.83687
292,235.595,5.83687
317,-186.513,11.369
319,-176.696,11.369
320,-171.788,14.3382
321,-166.88,11.369
322,-161.972,14.3382
323,-157.064,11.369
324,-152.155,14.3382
325,-149.701,9.95207
326,-147.247,11.3012
327,-147.247,14.2027
328,-144.793,9.95207
329,-144.793,15.5519
330,-142.339,14.2027
331,-142.339,11.3012
332,-139.885,15.5519
333,-139.885,9.95207
334,-137.431,11.3012
335,-137.431,14.2027
336,-134.976,9.95207
337,-134.976,15.5519
338,-132.522,14.2027
339,-132.522,11.3012
340,-130.068,15.5519
341,-130.068,9.95207
342,-127.614,11.3012
343,-127.614,14.2027
344,-125.16,9.95207
345,-125.16,15.5519
346,-122.706,14.2027
347,-122.706,11.3012
348,-120.252,15.5519
349,-120.252,9.95207
350,-117.798,11.3012
351,-117.798,14.2027
352,-115.344,9.95207
353,-115.344,15.5519
354,-112.889,14.2027
355,-112.889,11.3012
356,-110.435,15.5519
357,-110.435,9.95207
358,-107.981,11.3012
359,-107.981,14.2027
360,-105.527,9.95207
361,-105.527,15.5519
362,-103.073,14.2027
363,-103.073,11.3012
364,-100.619,15.5519
365,-100.619,9.95207
366,-98.1647,11.3012
367,-98.1647,14.2027
368,-95.7106,9.95207
369,-95.7106,15.5519
370,-93.2565,14.2027
371,-93.2565,11.3012
372,-90.8024,15.5519
373,-90.8024,9.95207
374,-88.3482,11.3012
375,-88.3482,14.2027
376,-85.8941,9.95207
377,-85.8941,15.5519
378,-83.44,14.2027
379,-83.44,11.3012
380,-80.9859,15.5519
381,-80.9859,9.95207
382,-78.5318,11.3012
383,-78.5318,14.2027
384,-76.0777,9.95207
385,-76.0777,15.5519
386,-73.6235,14.2027
387,-73.6235,11.3012
388,-71.1694,15.5519
389,-71.1694,9.95207
390,-68.7153,11.3012
391,-68.7153,14.2027
392,-66.2612,9.95207
393,-66.2612,15.5519
394,-63.8071,14.2027
395,-63.8071,11.3012
396,-61.353,15.5519
397,-61.353,9.95207
398,-58.8988,11.3012
399,-58.8988,14.2027
400,-56.4447,9.95207
401,-56.4447,15.5519
402,-53.9906,14.2027
403,-53.9906,11.3012
404,-51.5365,15.5519
405,-51.5365,9.95207
406,-49.0824,11.3012
407,-49.0824,14.2027
408,-46.6282,9.95207
409,-46.6282,15.5519
410,-44.1741,14.2027
411,-44.1741,11.3012
412,-41.72,15.5519
413,-41.72,9.95207
414,-39.2659,11.3012
415,-39.2659,14.2027
416,-36.8118,9.95207
417,-36.8118,15.5519
418,-34.3577,14.2027
419,-34.3577,11.3012
420,-31.9035,15.5519
421,-31.9035,9.95207
422,-29.4494,11.3012
423,-29.4494,14.2027
424,-26.9953,9.95207
425,-26.9953,15.5519
426,-24.5412,14.2027
427,-24.5412,11.3012
428,-22.0871,15.5519
429,-22.0871,9.95207
430,-19.6329,11.3012
431,-19.6329,14.2027
433,-17.1788,15.5519
434,-14.7247,14.2027
435,-14.7247,11.3012
436,-12.2706,15.5519
437,-12.2706,9.95207
438,-9.81648,11.3012
439,-9.81648,14.2027
442,-4.90825,14.2027
443,-4.90825,11.3012
444,-2.45413,15.5519
445,-2.45413,9.95207
446,-1.33514e-05,11.3012
447,-1.33514e-05,14.2027
448,2.4541,9.95207
449,2.45413,15.5519
450,4.90825,14.2027
451,4.90825,11.3012
452,7.36237,15.5519
454,9.81648,11.3012
455,9.81648,14.2027
456,12.2706,9.95207
457,12.2706,15.5519
458,14.7247,14.2027
459,14.7247,11.3012
460,17.1788,15.5519
461,17.1788,9.95207
462,19.6329,11.3012
463,19.6329,14.2027
464,22.0871,9.95207
465,22.0871,15.5519
466,24.5412,14.2027
467,24.5412,11.3012
468,26.9953,15.5519
469,26.9953,9.95207
470,29.4494,11.3012
471,29.4494,14.2027
472,31.9035,9.95207
473,31.9035,15.5519
474,34.3577,14.2027
475,34.3577,11.3012
476,36.8118,15.5519
477,36.8118,9.95207
478,39.2659,11.3012
479,39.2659,14.2027
480,41.72,9.95207
481,41.72,15.5519
482,44.1741,14.2027
483,44.1741,11.3012
484,46.6282,15.5519
485,46.6282,9.95207
486,49.0824,11.3012
487,49.0824,14.2027
488,51.5365,9.95207
489,51.5365,15.5519
490,53.9906,14.2027
491,53.9906,11.3012
492,56.4447,15.5519
493,56.4447,9.95207
494,58.8988,11.3012
495,58.8988,14.2027
496,61.3529,9.95207
497,61.3529,15.5519
498,63.8071,14.2027
499,63.8071,11.3012
500,66.2612,15.5519
501,66.2612,9.95207
502,68.7153,11.3012
503,68.7153,14.2027
504,71.1694,9.95207
505,71.1694,15.5519
506,73.6235,14.2027
507,73.6235,11.3012
508,76.0776,15.5519
509,76.0776,9.95207
510,78.5318,11.3012
511,78.5318,14.2027
512,80.9859,9.95207
513,80.9859,15.5519
514,83.44,14.2027
515,83.44,11.3012
516,85.8941,15.5519
517,85.8941,9.95207
518,88.3483,11.3012
519,88.3483,14.2027
520,90.8024,9.95207
521,90.8024,15.5519
522,93.2565,14.2027
523,93.2565,11.3012
524,95.7106,15.5519
525,95.7106,9.95207
526,98.1647,11.3012
527,98.1647,14.2027
528,100.619,9.95207
529,100.619,15.5519
530,103.073,14.2027
531,103.073,11.3012
532,105.527,15.5519
533,105.527,9.95207
534,107.981,11.3012
535,107.981,14.2027
536,110.435,9.95207
537,110.435,15.5519
538,112.889,14.2027
539,112.889,11.3012
540,115.344,15.5519
541,115.344,9.95207
542,117.798,11.3012
543,117.798,14.2027
544,120.252,9.95207
545,120.252,15.5519
546,122.706,14.2027
547,122.706,11.3012
548,125.16,15.5519
549,125.16,9.95207
550,127.614,11.3012
551,127.614,14.2027
552,130.068,9.95207
553,130.068,15.5519
554,132.522,14.2027
555,132.522,11.3012
556,134.976,15.5519
557,134.976,9.95207
558,137.431,11.3012
559,137.431,14.2027
560,139.885,9.95207
561,139.885,15.5519
562,142.339,14.2027
563,142.339,11.3012
564,144.793,15.5519
565,144.793,9.95207
566,147.247,11.3012
567,147.247,14.2027
569,152.155,14.3382
571,161.972,14.3382
573,171.788,14.3382
574,176.697,11.369
575,181.605,14.3382
577,191.421,14.3382
578,196.329,11.369
579,201.238,14.3382
587,240.504,14.3382
605,-215.962,22.8395
607,-206.146,22.8395
612,-181.605,19.8703
614,-171.788,19.8703
615,-166.88,22.8395
616,-161.972,19.8703
617,-157.064,22.8395
618,-152.155,19.8703
619,-147.247,22.8395
620,-144.793,18.4534
621,-142.339,19.8025
622,-142.339,22.704
623,-139.885,18.4534
624,-139.885,24.0532
625,-137.431,22.704
626,-137.431,19.8025
627,-134.976,24.0532
628,-134.976,18.4534
629,-132.522,19.8025
630,-132.522,22.704
631,-130.068,18.4534
632,-130.068,24.0532
633,-127.614,22.704
634,-127.614,19.8025
635,-125.16,24.0532
636,-125.16,18.4534
637,-122.706,19.8025
638,-122.706,22.704
639,-120.252,18.4534
640,-120.252,24.0532
641,-117.798,22.704
642,-117.798,19.8025
643,-115.344,24.0532
644,-115.344,18.4534
645,-112.889,19.8025
646,-112.889,22.704
647,-110.435,18.4534
648,-110.435,24.0532
649,-107.981,22.704
650,-107.981,19.8025
651,-105.527,24.0532
653,-103.073,19.8025
654,-103.073,22.704
655,-100.619,18.4534
656,-100.619,24.0532
657,-98.1647,22.704
658,-98.1647,19.8025
659,-95.7106,24.0532
660,-95.7106,18.4534
661,-93.2565,19.8025
662,-93.2565,22.704
663,-90.8024,18.4534
664,-90.8024,24.0532
665,-88.3482,22.704
666,-88.3482,19.8025
667,-85.8941,24.0532
668,-85.8941,18.4534
669,-83.44,19.8025
670,-83.44,22.704
671,-80.9859,18.4534
672,-80.9859,24.0532
673,-78.5318,22.704
674,-78.5318,19.8025
675,-76.0777,24.0532
676,-76.0777,18.4534
677,-73.6235,19.8025
678,-73.6235,22.704
679,-71.1694,18.4534
680,-71.1694,24.0532
681,-68.7153,22.704
682,-68.7153,19.8025
683,-66.2612,24.0532
684,-66.2612,18.4534
685,-63.8071,19.8025
686,-63.8071,22.704
687,-61.353,18.4534
688,-61.353,24.0532
689,-58.8988,22.704
690,-58.8988,19.8025
691,-56.4447,24.0532
692,-56.4447,18.4534
693,-53.9906,19.8025
694,-53.9906,22.704
695,-51.5365,18.4534
696,-51.5365,24.0532
697,-49.0824,22.704
698,-49.0824,19.8025
699,-46.6282,24.0532
700,-46.6282,18.4534
701,-44.1741,19.8025
702,-44.1741,22.704
703,-41.72,18.4534
704,-41.72,24.0532
705,-39.2659,22.704
706,-39.2659,19.8025
707,-36.8118,24.0532
708,-36.8118,18.4534
709,-34.3577,19.8025
710,-34.3577,22.704
711,-31.9035,18.4534
712,-31.9035,24.0532
713,-29.4494,22.704
714,-29.4494,19.8025
715,-26.9953,24.0532
716,-26.9953,18.4534
717,-24.5412,19.8025
718,-24.5412,22.704
719,-22.0871,18.4534
720,-22.0871,24.0532
721,-19.6329,22.704
722,-19.6329,19.8025
723,-17.1788,24.0532
724,-17.1788,18.4534
725,-14.7247,19.8025
726,-14.7247,22.704
727,-12.2706,18.4534
728,-12.2706,24.0532
729,-9.81648,22.704
730,-9.81648,19.8025
731,-7.36236,24.0532
732,-7.36237,18.4534
733,-4.90825,19.8025
734,-4.90825,22.704
735,-2.45413,18.4534
736,-2.45413,24.0532
737,-1.33514e-05,22.704
738,-1.33514e-05,19.8025
739,2.4541,24.0532
740,2.45413,18.4534
741,4.90825,19.8025
742,4.90825,22.704
743,7.36237,18.4534
744,7.36237,24.0532
745,9.81648,22.704
746,9.81648,19.8025
747,12.2706,24.0532
748,12.2706,18.4534
749,14.7247,19.8025
750,14.7247,22.704
751,17.1788,18.4534
752,17.1788,24.0532
753,19.6329,22.704
754,19.6329,19.8025
755,22.0871,24.0532
756,22.0871,18.4534
757,24.5412,19.8025
758,24.5412,22.704
759,26.9953,18.4534
760,26.9953,24.0532
761,29.4494,22.704
762,29.4494,19.8025
763,31.9035,24.0532
764,31.9035,18.4534
765,34.3577,19.8025
766,34.3577,22.704
767,36.8118,18.4534
768,36.8118,24.0532
769,39.2659,22.704
770,39.2659,19.8025
771,41.72,24.0532
772,41.72,18.4534
773,44.1741,19.8025
774,44.1741,22.704
775,46.6282,18.4534
776,46.6282,24.0532
777,49.0824,22.704
778,49.0824,19.8025
779,51.5365,24.0532
780,51.5365,18.4534
781,53.9906,19.8025
782,53.9906,22.704
783,56.4447,18.4534
784,56.4447,24.0532
785,58.8988,22.704
786,58.8988,19.8025
787,61.3529,24.0532
788,61.3529,18.4534
789,63.8071,19.8025
790,63.8071,22.704
791,66.2612,18.4534
792,66.2612,24.0532
793,68.7153,22.704
794,68.7153,19.8025
795,71.1694,24.0532
796,71.1694,18.4534
797,73.6235,19.8025
798,73.6235,22.704
799,76.0776,18.4534
800,76.0776,24.0532
801,78.5318,22.704
802,78.5318,19.8025
803,80.9859,24.0532
804,80.9859,18.4534
805,83.44,19.8025
806,83.44,22.704
807,85.8941,18.4534
808,85.8941,24.0532
809,88.3483,22.704
810,88.3483,19.8025
811,90.8024,24.0532
812,90.8024,18.4534
813,93.2565,19.8025
814,93.2565,22.704
815,95.7106,18.4534
816,95.7106,24.0532
817,98.1647,22.704
818,98.1647,19.8025
819,100.619,24.0532
820,100.619,18.4534
821,103.073,19.8025
822,103.073,22.704
823,105.527,18.4534
824,105.527,24.0532
826,107.981,19.8025
827,110.435,24.0532
828,110.435,18.4534
829,112.889,19.8025
830,112.889,22.704
831,115.344,18.4534
832,115.344,24.0532
833,117.798,22.704
834,117.798,19.8025
835,120.252,24.0532
836,120.252,18.4534
837,122.706,19.8025
838,122.706,22.704
839,125.16,18.4534
840,125.16,24.0532
841,127.614,22.704
842,127.614,19.8025
843,130.068,24.0532
844,130.068,18.4534
845,132.522,19.8025
846,132.522,22.704
847,134.976,18.4534
848,134.976,24.0532
849,137.431,22.704
850,137.431,19.8025
851,139.885,24.0532
852,139.885,18.4534
853,142.339,19.8025
854,142.339,22.704
855,144.793,18.4534
856,147.247,22.8395
857,152.155,19.8703
858,157.064,22.8395
860,166.88,22.8395
861,171.788,19.8703
862,176.697,22.8395
863,181.605,19.8703
864,186.513,22.8395
865,191.421,19.8703
866,196.329,22.8395
867,201.238,19.8703
868,206.146,22.8395
879,260.136,19.8703
883,-265.045,28.3716
884,-260.136,31.3408
895,-206.146,28.3716
899,-186.513,28.3716
903,-166.88,28.3716
904,-161.972,31.3408
905,-157.064,28.3716
906,-152.155,31.3408
907,-147.247,28.3716
908,-142.339,31.3408
909,-139.885,26.9547
910,-137.431,28.3038
911,-137.431,31.2053
912,-134.976,26.9547
913,-134.976,32.5545
914,-132.522,31.2053
915,-132.522,28.3038
916,-130.068,32.5545
917,-130.068,26.9547
918,-127.614,28.3038
919,-127.614,31.2053
920,-125.16,26.9547
921,-125.16,32.5545
922,-122.706,31.2053
923,-122.706,28.3038
924,-120.252,32.5545
925,-120.252,26.9547
926,-117.798,28.3038
928,-115.344,26.9547
929,-115.344,32.5545
930,-112.889,31.2053
932,-110.435,32.5545
933,-110.435,26.9547
934,-107.981,28.3038
935,-107.981,31.2053
936,-105.527,26.9547
937,-105.527,32.5545
938,-103.073,31.2053
939,-103.073,28.3038
940,-100.619,32.5545
941,-100.619,26.9547
942,-98.1647,28.3038
943,-98.1647,31.2053
944,-95.7106,26.9547
945,-95.7106,32.5545
946,-93.2565,31.2053
947,-93.2565,28.3038
948,-90.8024,32.5545
949,-90.8024,26.9547
950,-88.3482,28.3038
951,-88.3482,31.2053
952,-85.8941,26.9547
953,-85.8941,32.5545
954,-83.44,31.2053
955,-83.44,28.3038
956,-80.9859,32.5545
957,-80.9859,26.9547
958,-78.5318,28.3038
959,-78.5318,31.2053
960,-76.0777,26.9547
961,-76.0777,32.5545
962,-73.6235,31.2053
963,-73.6235,28.3038
964,-71.1694,32.5545
965,-71.1694,26.9547
966,-68.7153,28.3038
967,-68.7153,31.2053
968,-66.2612,26.9547
969,-66.2612,32.5545
970,-63.8071,31.2053
971,-63.8071,28.3038
972,-61.353,32.5545
973,-61.353,26.9547
974,-58.8988,28.3038
975,-58.8988,31.2053
976,-56.4447,26.9547
977,-56.4447,32.5545
978,-53.9906,31.2053
979,-53.9906,28.3038
980,-51.5365,32.5545
981,-51.5365,26.9547
982,-49.0824,28.3038
983,-49.0824,31.2053
984,-46.6282,26.9547
985,-46.6282,32.5545
986,-44.1741,31.2053
987,-44.1741,28.3038
988,-41.72,32.5545
989,-41.72,26.9547
990,-39.2659,28.3038
991,-39.2659,31.2053
992,-36.8118,26.9547
993,-36.8118,32.5545
994,-34.3577,31.2053
995,-34.3577,28.3038
996,-31.9035,32.5545
997,-31.9035,26.9547
998,-29.4494,28.3038
999,-29.4494,31.2053
1000,-26.9953,26.9547
1001,-26.9953,32.5545
1002,-24.5412,31.2053
1003,-24.5412,28.3038
1004,-22.0871,32.5545
1005,-22.0871,26.9547
1006,-19.6329,28.3038
1007,-19.6329,31.2053
1008,-17.1788,26.9547
1009,-17.1788,32.5545
1010,-14.7247,31.2053
1011,-14.7247,28.3038
1012,-12.2706,32.5545
1013,-12.2706,26.9547
1014,-9.81648,28.3038
1015,-9.81648,31.2053
1016,-7.36236,26.9547
1017,-7.36237,32.5545
1018,-4.90825,31.2053
1019,-4.90825,28.3038
1020,-2.45413,32.5545
1021,-2.45413,26.9547
1022,-1.33514e-05,28.3038
1023,-1.33514e-05,31.2053
1024,2.4541,26.9547
1025,2.45413,32.5545
1026,4.90825,31.2053
1027,4.90825,28.3038
1028,7.36237,32.5545
1029,7.36237,26.9547
1030,9.81648,28.3038
1031,9.81648,31.2053
1032,12.2706,26.9547
1033,12.2706,32.5545
1034,14.7247,31.2053
1035,14.7247,28.3038
1036,17.1788,32.5545
1037,17.1788,26.9547
1038,19.6329,28.3038
1039,19.6329,31.2053
1040,22.0871,26.9547
1041,22.0871,32.5545
1042,24.5412,31.2053
1043,24.5412,28.3038
1044,26.9953,32.5545
1045,26.9953,26.9547
1046,29.4494,28.3038
1047,29.4494,31.2053
1048,31.9035,26.9547
1049,31.9035,32.5545
1050,34.3577,31.2053
1051,34.3577,28.3038
1052,36.8118,32.5545
1053,36.8118,26.9547
1054,39.2659,28.3038
1055,39.2659,31.2053
1056,41.72,26.9547
1057,41.72,32.5545
1058,44.1741,31.2053
1059,44.1741,28.3038
1060,46.6282,32.5545
1061,46.6282,26.9547
1062,49.0824,28.3038
1063,49.0824,31.2053
1064,51.5365,26.9547
1065,51.5365,32.5545
1066,53.9906,31.2053
1067,53.9906,28.3038
1068,56.4447,32.5545
1069,56.4447,26.9547
1070,58.8988,28.3038
1071,58.8988,31.2053
1072,61.3529,26.9547
1073,61.3529,32.5545
1074,63.8071,31.2053
1075,63.8071,28.3038
1076,66.2612,32.5545
1077,66.2612,26.9547
1078,68.7153,28.3038
1079,68.7153,31.2053
1080,71.1694,26.9547
1081,71.1694,32.5545
1082,73.6235,31.2053
1083,73.6235,28.3038
1084,76.0776,32.5545
1085,76.0776,26.9547
1086,78.5318,28.3038
1087,78.5318,31.2053
1088,80.9859,26.9547
1089,80.9859,32.5545
1090,83.44,31.2053
1091,83.44,28.3038
1092,85.8941,32.5545
1093,85.8941,26.9547
1094,88.3483,28.3038
1095,88.3483,31.2053
1096,90.8024,26.9547
1097,90.8024,32.5545
1098,93.2565,31.2053
1099,93.2565,28.3038
1100,95.7106,32.5545
1101,95.7106,26.9547
1102,98.1647,28.3038
1103,98.1647,31.2053
1104,100.619,26.9547
1105,100.619,32.5545
1106,103.073,31.2053
1107,103.073,28.3038
1108,105.527,32.5545
1109,105.527,26.9547
1112,110.435,26.9547
1114,112.889,31.2053
1115,112.889,28.3038
1116,115.344,32.5545
1117,115.344,26.9547
1118,117.798,28.3038
1119,117.798,31.2053
1120,120.252,26.9547
1121,120.252,32.5545
1122,122.706,31.2053
1123,122.706,28.3038
1124,125.16,32.5545
1125,125.16,26.9547
1126,127.614,28.3038
1127,127.614,31.2053
1128,130.068,26.9547
1129,130.068,32.5545
1130,132.522,31.2053
1131,132.522,28.3038
1132,134.976,32.5545
1133,134.976,26.9547
1134,137.431,28.3038
1135,137.431,31.2053
1136,139.885,26.9547
1137,142.339,31.3408
1138,147.247,28.3716
1139,152.155,31.3408
1140,157.064,28.3716
1141,161.972,31.3408
1142,166.88,28.3716
1143,171.788,31.3408
1144,176.697,28.3716
1145,181.605,31.3408
1147,191.421,31.3408
1148,196.329,28.3716
1149,201.238,31.3408
1152,215.962,28.3716
1153,220.871,31.3408
1157,240.504,31.3408
1159,250.32,31.3408
1164,-265.045,39.8421
1165,-260.136,36.8729
1166,-255.228,39.8421
1167,-250.32,36.8729
1168,-245.412,39.8421
1170,-235.595,39.8421
1183,-171.788,36.8729
1184,-166.88,39.8421
1185,-161.972,36.8729
1186,-157.064,39.8421
1187,-152.155,36.8729
1188,-147.247,39.8421
1189,-142.339,36.8729
1190,-137.431,39.8421
1191,-134.976,35.456
1192,-132.522,36.8052
1193,-132.522,39.7067
1194,-130.068,35.456
1195,-130.068,41.0558
1196,-127.614,39.7067
1197,-127.614,36.8052
1198,-125.16,41.0558
1199,-125.16,35.456
1200,-122.706,36.8052
1201,-122.706,39.7067
1203,-120.252,41.0558
1204,-117.798,39.7067
1205,-117.798,36.8052
1206,-115.344,41.0558
1207,-115.344,35.456
1208,-112.889,36.8052
1209,-112.889,39.7067
1210,-110.435,35.456
1211,-110.435,41.0558
1212,-107.981,39.7067
1213,-107.981,36.8052
1214,-105.527,41.0558
1215,-105.527,35.456
1216,-103.073,36.8052
1217,-103.073,39.7067
1218,-100.619,35.456
1219,-100.619,41.0558
1220,-98.1647,39.7067
1221,-98.1647,36.8052
1222,-95.7106,41.0558
1223,-95.7106,35.456
1224,-93.2565,36.8052
1225,-93.2565,39.7067
1226,-90.8024,35.456
1227,-90.8024,41.0558
1228,-88.3483,39.7067
1229,-88.3483,36.8052
1230,-85.8941,41.0558
1231,-85.8941,35.456
1232,-83.44,36.8052
1233,-83.44,39.7067
1234,-80.9859,35.456
1235,-80.9859,41.0558
1236,-78.5318,39.7067
1237,-78.5318,36.8052
1238,-76.0777,41.0558
1239,-76.0777,35.456
1240,-73.6235,36.8052
1241,-73.6235,39.7067
1242,-71.1694,35.456
1243,-71.1694,41.0558
1244,-68.7153,39.7067
1245,-68.7153,36.8052
1246,-66.2612,41.0558
1247,-66.2612,35.456
1248,-63.8071,36.8052
1249,-63.8071,39.7067
1250,-61.353,35.456
1251,-61.3529,41.0558
1252,-58.8988,39.7067
1253,-58.8988,36.8052
1254,-56.4447,41.0558
1255,-56.4447,35.456
1256,-53.9906,36.8052
1257,-53.9906,39.7067
1258,-51.5365,35.456
1259,-51.5365,41.0558
1260,-49.0823,39.7067
1261,-49.0823,36.8052
1262,-46.6282,41.0558
1263,-46.6282,35.456
1264,-44.1741,36.8052
1265,-44.1741,39.7067
1266,-41.72,35.456
1267,-41.72,41.0558
1268,-39.2659,39.7067
1269,-39.2659,36.8052
1270,-36.8118,41.0558
1271,-36.8118,35.456
1272,-34.3576,36.8052
1273,-34.3576,39.7067
1274,-31.9035,35.456
1275,-31.9035,41.0558
1276,-29.4494,39.7067
1277,-29.4494,36.8052
1278,-26.9953,41.0558
1279,-26.9953,35.456
1280,-24.5412,36.8052
1281,-24.5412,39.7067
1282,-22.0871,35.456
1283,-22.0871,41.0558
1284,-19.6329,39.7067
1285,-19.6329,36.8052
1286,-17.1788,41.0558
1287,-17.1788,35.456
1288,-14.7247,36.8052
1289,-14.7247,39.7067
1290,-12.2706,35.456
1291,-12.2706,41.0558
1292,-9.81648,39.7067
1293,-9.81648,36.8052
1294,-7.36236,41.0558
1295,-7.36236,35.456
1296,-4.90825,36.8052
1297,-4.90825,39.7067
1298,-2.45413,35.456
1299,-2.45413,41.0558
1300,-1.14441e-05,39.7067
1301,-1.14441e-05,36.8052
1302,2.45411,41.0558
1303,2.4541,35.456
1304,4.90822,36.8052
1305,4.90822,39.7067
1306,7.36234,35.456
1307,7.36237,41.0558
1308,9.81649,39.7067
1309,9.81649,36.8052
1310,12.2706,41.0558
1311,12.2706,35.456
1312,14.7247,36.8052
1313,14.7247,39.7067
1314,17.1788,35.456
1315,17.1788,41.0558
1316,19.633,39.7067
1317,19.633,36.8052
1318,22.0871,41.0558
1319,22.0871,35.456
1320,24.5412,36.8052
1321,24.5412,39.7067
1322,26.9953,35.456
1323,26.9953,41.0558
1324,29.4494,39.7067
1325,29.4494,36.8052
1326,31.9035,41.0558
1327,31.9035,35.456
1328,34.3577,36.8052
1329,34.3577,39.7067
1330,36.8118,35.456
1331,36.8118,41.0558
1332,39.2659,39.7067
1333,39.2659,36.8052
1334,41.72,41.0558
1335,41.72,35.456
1336,44.1741,36.8052
1337,44.1741,39.7067
1338,46.6282,35.456
1339,46.6282,41.0558
1340,49.0824,39.7067
1341,49.0824,36.8052
1342,51.5365,41.0558
1343,51.5365,35.456
1344,53.9906,36.8052
1345,53.9906,39.7067
1346,56.4447,35.456
1347,56.4447,41.0558
1348,58.8988,39.7067
1349,58.8988,36.8052
1350,61.3529,41.0558
1351,61.3529,35.456
1352,63.8071,36.8052
1353,63.8071,39.7067
1354,66.2612,35.456
1355,66.2612,41.0558
1356,68.7153,39.7067
1357,68.7153,36.8052
1358,71.1694,41.0558
1359,71.1694,35.456
1360,73.6235,36.8052
1361,73.6235,39.7067
1362,76.0776,35.456
1363,76.0776,41.0558
1364,78.5318,39.7067
1365,78.5318,36.8052
1366,80.9859,41.0558
1367,80.9859,35.456
1368,83.44,36.8052
1369,83.44,39.7067
1370,85.8941,35.456
1371,85.8941,41.0558
1372,88.3482,39.7067
1373,88.3482,36.8052
1374,90.8023,41.0558
1375,90.8024,35.456
1376,93.2565,36.8052
1377,93.2565,39.7067
1378,95.7106,35.456
1379,95.7106,41.0558
1380,98.1647,39.7067
1381,98.1647,36.8052
1382,100.619,41.0558
1383,100.619,35.456
1384,103.073,36.8052
1385,103.073,39.7067
1386,105.527,35.456
1387,105.527,41.0558
1388,107.981,39.7067
1389,107.981,36.8052
1390,110.435,41.0558
1395,115.344,41.0558
1396,117.798,39.7067
1397,117.798,36.8052
1399,120.252,35.456
1400,122.706,36.8052
1401,122.706,39.7067
1402,125.16,35.456
1403,125.16,41.0558
1404,127.614,39.7067
1405,127.614,36.8052
1406,130.068,41.0558
1407,130.068,35.456
1408,132.522,36.8052
1409,132.522,39.7067
1410,134.976,35.456
1411,137.431,39.8421
1412,142.339,36.8729
1413,147.247,39.8421
1414,152.155,36.8729
1415,157.064,39.8421
1416,161.972,36.8729
1417,166.88,39.8421
1418,171.788,36.8729
1420,181.605,36.8729
1421,186.513,39.8421
1422,191.421,36.8729
1423,196.329,39.8421
1424,201.238,36.8729
1425,206.146,39.8421
1426,211.054,36.8729
1427,215.962,39.8421
1428,220.871,36.8729
1429,225.779,39.8421
1430,230.687,36.8729
1431,235.595,39.8421
1432,240.504,36.8729
1433,245.412,39.8421
1434,250.32,36.8729
1435,255.228,39.8421
1436,260.137,36.8729
1437,265.045,39.8421
1442,-245.412,45.3742
1443,-240.504,48.3434
1444,-235.595,45.3742
1445,-230.687,48.3434
1446,-225.779,45.3742
1447,-220.871,48.3434
1448,-215.962,45.3742
1449,-211.054,48.3434
1450,-206.146,45.3742
1451,-201.238,48.3434
1452,-196.329,45.3742
1453,-191.421,48.3434
1454,-186.513,45.3742
1455,-181.605,48.3434
1456,-176.696,45.3742
1457,-171.788,48.3434
1458,-166.88,45.3742
1459,-161.972,48.3434
1460,-157.064,45.3742
1461,-152.155,48.3434
1462,-147.247,45.3742
1463,-142.339,48.3434
1464,-137.431,45.3742
1465,-132.522,48.3434
1466,-130.068,43.9573
1467,-127.614,45.3065
1468,-127.614,48.208
1469,-125.16,43.9573
1470,-125.16,49.5571
1471,-122.706,48.208
1472,-122.706,45.3065
1473,-120.252,49.5571
1474,-120.252,43.9573
1475,-117.798,45.3065
1476,-117.798,48.208
1477,-115.344,43.9573
1478,-115.344,49.5571
1479,-112.889,48.208
1480,-112.889,45.3065
1481,-110.435,49.5571
1482,-110.435,43.9573
1483,-107.981,45.3065
1484,-107.981,48.208
1485,-105.527,43.9573
1486,-105.527,49.5571
1487,-103.073,48.208
1488,-103.073,45.3065
1489,-100.619,49.5571
1490,-100.619,43.9573
1491,-98.1647,45.3065
1492,-98.1647,48.208
1493,-95.7106,43.9573
1494,-95.7106,49.5571
1495,-93.2565,48.208
1496,-93.2565,45.3065
1497,-90.8024,49.5571
1498,-90.8024,43.9573
1499,-88.3483,45.3065
1500,-88.3483,48.208
1501,-85.8941,43.9573
1502,-85.8941,49.5571
1503,-83.44,48.208
1504,-83.44,45.3065
1505,-80.9859,49.5571
1506,-80.9859,43.9573
1507,-78.5318,45.3065
1508,-78.5318,48.208
1509,-76.0777,43.9573
1510,-76.0777,49.5571
1511,-73.6235,48.208
1512,-73.6235,45.3065
1513,-71.1694,49.5571
1514,-71.1694,43.9573
1515,-68.7153,45.3065
1516,-68.7153,48.208
1517,-66.2612,43.9573
1518,-66.2612,49.5571
1519,-63.8071,48.208
1520,-63.8071,45.3065
1521,-61.353,49.5571
1522,-61.3529,43.9573
1523,-58.8988,45.3065
1524,-58.8988,48.208
1525,-56.4447,43.9573
1526,-56.4447,49.5571
1527,-53.9906,48.208
1528,-53.9906,45.3065
1529,-51.5365,49.5571
1530,-51.5365,43.9573
1531,-49.0823,45.3065
1532,-49.0823,48.208
1533,-46.6282,43.9573
1534,-46.6282,49.5571
1535,-44.1741,48.208
1536,-44.1741,45.3065
1537,-41.72,49.5571
1538,-41.72,43.9573
1539,-39.2659,45.3065
1540,-39.2659,48.208
1541,-36.8118,43.9573
1542,-36.8118,49.5571
1543,-34.3576,48.208
1544,-34.3576,45.3065
1545,-31.9035,49.5571
1546,-31.9035,43.9573
1547,-29.4494,45.3065
1548,-29.4494,48.208
1549,-26.9953,43.9573
1550,-26.9953,49.5571
1551,-24.5412,48.208
1552,-24.5412,45.3065
1553,-22.0871,49.5571
1554,-22.0871,43.9573
1555,-19.6329,45.3065
1556,-19.6329,48.208
1557,-17.1788,43.9573
1558,-17.1788,49.5571
1559,-14.7247,48.208
1560,-14.7247,45.3065
1561,-12.2706,49.5571
1562,-12.2706,43.9573
1563,-9.81648,45.3065
1564,-9.81648,48.208
1565,-7.36236,43.9573
1566,-7.36236,49.5571
1567,-4.90825,48.208
1568,-4.90825,45.3065
1569,-2.45413,49.5571
1570,-2.45413,43.9573
1571,-1.14441e-05,45.3065
1572,-1.14441e-05,48.208
1573,2.45411,43.9573
1574,2.4541,49.5571
1575,4.90822,48.208
1576,4.90822,45.3065
1577,7.36234,49.5571
1578,7.36237,43.9573
1579,9.81649,45.3065
1580,9.81649,48.208
1581,12.2706,43.9573
1582,12.2706,49.5571
1583,14.7247,48.208
1584,14.7247,45.3065
1585,17.1788,49.5571
1586,17.1788,43.9573
1587,19.633,45.3065
1588,19.633,48.208
1589,22.0871,43.9573
1590,22.0871,49.5571
1591,24.5412,48.208
1592,24.5412,45.3065
1593,26.9953,49.5571
1594,26.9953,43.9573
1595,29.4494,45.3065
1596,29.4494,48.208
1597,31.9035,43.9573
1598,31.9035,49.5571
1599,34.3577,48.208
1600,34.3577,45.3065
1601,36.8118,49.5571
1602,36.8118,43.9573
1603,39.2659,45.3065
1604,39.2659,48.208
1605,41.72,43.9573
1606,41.72,49.5571
1607,44.1741,48.208
1608,44.1741,45.3065
1609,46.6282,49.5571
1610,46.6282,43.9573
1611,49.0824,45.3065
1612,49.0824,48.208
1613,51.5365,43.9573
1615,53.9906,48.208
1616,53.9906,45.3065
1617,56.4447,49.5571
1618,56.4447,43.9573
1619,58.8988,45.3065
1620,58.8988,48.208
1621,61.3529,43.9573
1622,61.3529,49.5571
1623,63.8071,48.208
1624,63.8071,45.3065
1625,66.2612,49.5571
1626,66.2612,43.9573
1628,68.7153,48.208
1629,71.1694,43.9573
1630,71.1694,49.5571
1631,73.6235,48.208
1632,73.6235,45.3065
1633,76.0776,49.5571
1634,76.0776,43.9573
1635,78.5318,45.3065
1636,78.5318,48.208
1637,80.9859,43.9573
1638,80.9859,49.5571
1639,83.44,48.208
1640,83.44,45.3065
1641,85.8941,49.5571
1642,85.8941,43.9573
1643,88.3482,45.3065
1644,88.3482,48.208
1645,90.8023,43.9573
1646,90.8024,49.5571
1647,93.2565,48.208
1648,93.2565,45.3065
1649,95.7106,49.5571
1650,95.7106,43.9573
1651,98.1647,45.3065
1652,98.1647,48.208
1653,100.619,43.9573
1654,100.619,49.5571
1655,103.073,48.208
1656,103.073,45.3065
1657,105.527,49.5571
1658,105.527,43.9573
1659,107.981,45.3065
1660,107.981,48.208
1661,110.435,43.9573
1662,110.435,49.5571
1663,112.889,48.208
1664,112.889,45.3065
1665,115.344,49.5571
1667,117.798,45.3065
1668,117.798,48.208
1670,120.252,49.5571
1671,122.706,48.208
1672,122.706,45.3065
1673,125.16,49.5571
1674,125.16,43.9573
1675,127.614,45.3065
1676,127.614,48.208
1677,130.068,43.9573
1678,132.522,48.3434
1679,137.431,45.3742
1680,142.339,48.3434
1681,147.247,45.3742
1682,152.155,48.3434
1683,157.064,45.3742
1684,161.972,48.3434
1685,166.88,45.3742
1686,171.788,48.3434
1687,176.697,45.3742
1688,181.605,48.3434
1689,186.513,45.3742
1690,191.421,48.3434
1691,196.329,45.3742
1692,201.238,48.3434
1693,206.146,45.3742
1694,211.054,48.3434
1695,215.962,45.3742
1696,220.871,48.3434
1697,225.779,45.3742
1698,230.687,48.3434
1699,235.595,45.3742
1700,240.504,48.3434
1701,245.412,45.3742
1702,250.32,48.3434
1703,255.228,45.3742
1704,260.137,48.3434
1705,265.045,45.3742
1711,-240.504,53.8755
1712,-235.595,56.8448
1713,-230.687,53.8755
1714,-225.779,56.8448
1715,-220.871,53.8755
1716,-215.962,56.8448
1725,-171.788,53.8755
1726,-166.88,56.8448
1727,-161.972,53.8755
1728,-157.064,56.8448
1729,-152.155,53.8755
1730,-147.247,56.8448
1731,-142.339,53.8755
1732,-137.431,56.8448
1733,-132.522,53.8755
1734,-127.614,56.8448
1735,-125.16,52.4586
1736,-122.706,53.8078
1737,-122.706,56.7093
1738,-120.252,52.4586
1739,-120.252,58.0584
1740,-117.798,56.7093
1741,-117.798,53.8078
1742,-115.344,58.0584
1743,-115.344,52.4586
1744,-112.889,53.8078
1745,-112.889,56.7093
1746,-110.435,52.4586
1747,-110.435,58.0584
1748,-107.981,56.7093
1749,-107.981,53.8078
1750,-105.527,58.0584
1751,-105.527,52.4586
1752,-103.073,53.8078
1753,-103.073,56.7093
1754,-100.619,52.4586
1755,-100.619,58.0584
1756,-98.1647,56.7093
1757,-98.1647,53.8078
1758,-95.7106,58.0584
1759,-95.7106,52.4586
1760,-93.2565,53.8078
1761,-93.2565,56.7093
1762,-90.8024,52.4586
1763,-90.8024,58.0584
1764,-88.3483,56.7093
1765,-88.3483,53.8078
1766,-85.8941,58.0584
1767,-85.8941,52.4586
1768,-83.44,53.8078
1769,-83.44,56.7093
1770,-80.9859,52.4586
1771,-80.9859,58.0584
1772,-78.5318,56.7093
1773,-78.5318,53.8078
1774,-76.0777,58.0584
1775,-76.0777,52.4586
1776,-73.6235,53.8078
1777,-73.6235,56.7093
1778,-71.1694,52.4586
1779,-71.1694,58.0584
1780,-68.7153,56.7093
1781,-68.7153,53.8078
1782,-66.2612,58.0584
1783,-66.2612,52.4586
1784,-63.8071,53.8078
1785,-63.8071,56.7093
1786,-61.353,52.4586
1787,-61.3529,58.0584
1788,-58.8988,56.7093
1789,-58.8988,53.8078
1790,-56.4447,58.0584
1791,-56.4447,52.4586
1792,-53.9906,53.8078
1793,-53.9906,56.7093
1794,-51.5365,52.4586
1795,-51.5365,58.0584
1796,-49.0823,56.7093
1797,-49.0823,53.8078
1798,-46.6282,58.0584
1799,-46.6282,52.4586
1800,-44.1741,53.8078
1801,-44.1741,56.7093
1802,-41.72,52.4586
1803,-41.72,58.0584
1804,-39.2659,56.7093
1805,-39.2659,53.8078
1806,-36.8118,58.0584
1807,-36.8118,52.4586
1808,-34.3576,53.8078
1809,-34.3576,56.7093
1810,-31.9035,52.4586
1811,-31.9035,58.0584
1812,-29.4494,56.7093
1813,-29.4494,53.8078
1814,-26.9953,58.0584
1815,-26.9953,52.4586
1816,-24.5412,53.8078
1817,-24.5412,56.7093
1818,-22.0871,52.4586
1819,-22.0871,58.0584
1820,-19.6329,56.7093
1821,-19.6329,53.8078
1822,-17.1788,58.0584
1823,-17.1788,52.4586
1824,-14.7247,53.8078
1825,-14.7247,56.7093
1826,-12.2706,52.4586
1827,-12.2706,58.0584
1828,-9.81648,56.7093
1829,-9.81648,53.8078
1830,-7.36236,58.0584
1831,-7.36236,52.4586
1832,-4.90825,53.8078
1833,-4.90825,56.7093
1834,-2.45413,52.4586
1835,-2.45413,58.0584
1836,-1.14441e-05,56.7093
1837,-1.14441e-05,53.8078
1838,2.45411,58.0584
1839,2.4541,52.4586
1840,4.90822,53.8078
1841,4.90822,56.7093
1842,7.36234,52.4586
1843,7.36237,58.0584
1844,9.81649,56.7093
1845,9.81649,53.8078
1846,12.2706,58.0584
1847,12.2706,52.4586
1848,14.7247,53.8078
1849,14.7247,56.7093
1850,17.1788,52.4586
1851,17.1788,58.0584
1852,19.633,56.7093
1853,19.633,53.8078
1854,22.0871,58.0584
1855,22.0871,52.4586
1856,24.5412,53.8078
1857,24.5412,56.7093
1858,26.9953,52.4586
1859,26.9953,58.0584
1860,29.4494,56.7093
1861,29.4494,53.8078
1862,31.9035,58.0584
1863,31.9035,52.4586
1864,34.3577,53.8078
1865,34.3577,56.7093
1866,36.8118,52.4586
1867,36.8118,58.0584
1868,39.2659,56.7093
1869,39.2659,53.8078
1870,41.72,58.0584
1871,41.72,52.4586
1872,44.1741,53.8078
1873,44.1741,56.7093
1874,46.6282,52.4586
1875,46.6282,58.0584
1876,49.0824,56.7093
1877,49.0824,53.8078
1878,51.5365,58.0584
1879,51.5365,52.4586
1880,53.9906,53.8078
1881,53.9906,56.7093
1882,56.4447,52.4586
1883,56.4447,58.0584
1884,58.8988,56.7093
1885,58.8988,53.8078
1886,61.3529,58.0584
1887,61.3529,52.4586
1888,63.8071,53.8078
1889,63.8071,56.7093
1890,66.2612,52.4586
1891,66.2612,58.0584
1892,68.7153,56.7093
1893,68.7153,53.8078
1894,71.1694,58.0584
1895,71.1694,52.4586
1896,73.6235,53.8078
1897,73.6235,56.7093
1898,76.0776,52.4586
1899,76.0776,58.0584
1900,78.5318,56.7093
1901,78.5318,53.8078
1902,80.9859,58.0584
1903,80.9859,52.4586
1904,83.44,53.8078
1905,83.44,56.7093
1906,85.8941,52.4586
1907,85.8941,58.0584
1908,88.3482,56.7093
1909,88.3482,53.8078
1910,90.8023,58.0584
1911,90.8024,52.4586
1912,93.2565,53.8078
1913,93.2565,56.7093
1914,95.7106,52.4586
1915,95.7106,58.0584
1916,98.1647,56.7093
1917,98.1647,53.8078
1918,100.619,58.0584
1919,100.619,52.4586
1920,103.073,53.8078
1921,103.073,56.7093
1922,105.527,52.4586
1923,105.527,58.0584
1924,107.981,56.7093
1925,107.981,53.8078
1926,110.435,58.0584
1927,110.435,52.4586
1928,112.889,53.8078
1929,112.889,56.7093
1930,115.344,52.4586
1931,115.344,58.0584
1932,117.798,56.7093
1933,117.798,53.8078
1934,120.252,58.0584
1935,120.252,52.4586
1936,122.706,53.8078
1937,122.706,56.7093
1938,125.16,52.4586
1939,127.614,56.8448
1940,132.522,53.8755
1941,137.431,56.8448
1942,142.339,53.8755
1943,147.247,56.8448
1944,152.155,53.8755
1945,157.064,56.8448
1946,161.972,53.8755
1947,166.88,56.8448
1948,171.788,53.8755
1949,176.697,56.8448
1950,181.605,53.8755
1951,186.513,56.8448
1952,191.421,53.8755
1953,196.329,56.8448
1954,201.238,53.8755
1955,206.146,56.8448
1965,255.228,56.8448
1966,260.137,53.8755
1974,-235.595,62.3768
1975,-230.687,65.3461
1976,-225.779,62.3768
1978,-215.962,62.3768
1979,-211.054,65.3461
1980,-206.146,62.3768
1981,-201.238,65.3461
1982,-196.329,62.3768
1983,-191.421,65.3461
1985,-181.605,65.3461
1987,-171.788,65.3461
1988,-166.88,62.3768
1989,-161.972,65.3461
1990,-157.064,62.3768
1991,-152.155,65.3461
1992,-147.247,62.3768
1994,-137.431,62.3768
1995,-132.522,65.3461
1996,-127.614,62.3768
1997,-122.706,65.3461
1998,-120.252,60.9599
1999,-117.798,62.3091
2000,-117.798,65.2106
2001,-115.344,60.9599
2002,-115.344,66.5598
2003,-112.889,65.2106
2004,-112.889,62.3091
2005,-110.435,66.5598
2006,-110.435,60.9599
2007,-107.981,62.3091
2008,-107.981,65.2106
2009,-105.527,60.9599
2010,-105.527,66.5598
2011,-103.073,65.2106
2012,-103.073,62.3091
2013,-100.619,66.5598
2014,-100.619,60.9599
2015,-98.1647,62.3091
2016,-98.1647,65.2106
2017,-95.7106,60.9599
2018,-95.7106,66.5598
2019,-93.2565,65.2106
2020,-93.2565,62.3091
2021,-90.8024,66.5598
2022,-90.8024,60.9599
2023,-88.3483,62.3091
2024,-88.3483,65.2106
2025,-85.8941,60.9599
2026,-85.8941,66.5598
2027,-83.44,65.2106
2028,-83.44,62.3091
2029,-80.9859,66.5598
2030,-80.9859,60.9599
2031,-78.5318,62.3091
2032,-78.5318,65.2106
2033,-76.0777,60.9599
2034,-76.0777,66.5598
2035,-73.6235,65.2106
2036,-73.6235,62.3091
2037,-71.1694,66.5598
2038,-71.1694,60.9599
2039,-68.7153,62.3091
2040,-68.7153,65.2106
2041,-66.2612,60.9599
2042,-66.2612,66.5598
2043,-63.8071,65.2106
2044,-63.8071,62.3091
2045,-61.353,66.5598
2046,-61.3529,60.9599
2047,-58.8988,62.3091
2048,-58.8988,65.2106
2049,-56.4447,60.9599
2050,-56.4447,66.5598
2051,-53.9906,65.2106
2052,-53.9906,62.3091
2053,-51.5365,66.5598
2054,-51.5365,60.9599
2055,-49.0823,62.3091
2056,-49.0823,65.2106
2057,-46.6282,60.9599
2058,-46.6282,66.5598
2059,-44.1741,65.2106
2060,-44.1741,62.3091
2061,-41.72,66.5598
2062,-41.72,60.9599
2063,-39.2659,62.3091
2064,-39.2659,65.2106
2065,-36.8118,60.9599
2066,-36.8118,66.5598
2067,-34.3576,65.2106
2068,-34.3576,62.3091
2069,-31.9035,66.5598
2070,-31.9035,60.9599
2071,-29.4494,62.3091
2072,-29.4494,65.2106
2073,-26.9953,60.9599
2074,-26.9953,66.5598
2075,-24.5412,65.2106
2076,-24.5412,62.3091
2077,-22.0871,66.5598
2078,-22.0871,60.9599
2079,-19.6329,62.3091
2080,-19.6329,65.2106
2081,-17.1788,60.9599
2082,-17.1788,66.5598
2083,-14.7247,65.2106
2084,-14.7247,62.3091
2085,-12.2706,66.5598
2086,-12.2706,60.9599
2087,-9.81648,62.3091
2088,-9.81648,65.2106
2089,-7.36236,60.9599
2090,-7.36236,66.5598
2091,-4.90825,65.2106
2092,-4.90825,62.3091
2093,-2.45413,66.5598
2094,-2.45413,60.9599
2095,-1.14441e-05,62.3091
2096,-1.14441e-05,65.2106
2097,2.45411,60.9599
2098,2.4541,66.5598
2099,4.90822,65.2106
2100,4.90822,62.3091
2101,7.36234,66.5598
2102,7.36237,60.9599
2103,9.81649,62.3091
2104,9.81649,65.2106
2105,12.2706,60.9599
2106,12.2706,66.5598
2107,14.7247,65.2106
2108,14.7247,62.3091
2109,17.1788,66.5598
2110,17.1788,60.9599
2111,19.633,62.3091
2112,19.633,65.2106
2113,22.0871,60.9599
2114,22.0871,66.5598
2115,24.5412,65.2106
2116,24.5412,62.3091
2117,26.9953,66.5598
2118,26.9953,60.9599
2119,29.4494,62.3091
2120,29.4494,65.2106
2121,31.9035,60.9599
2122,31.9035,66.5598
2123,34.3577,65.2106
2124,34.3577,62.3091
2125,36.8118,66.5598
2126,36.8118,60.9599
2127,39.2659,62.3091
2128,39.2659,65.2106
2129,41.72,60.9599
2130,41.72,66.5598
2131,44.1741,65.2106
2132,44.1741,62.3091
2133,46.6282,66.5598
2134,46.6282,60.9599
2135,49.0824,62.3091
2136,49.0824,65.2106
2137,51.5365,60.9599
2138,51.5365,66.5598
2139,53.9906,65.2106
2140,53.9906,62.3091
2141,56.4447,66.5598
2142,56.4447,60.9599
2143,58.8988,62.3091
2144,58.8988,65.2106
2145,61.3529,60.9599
2147,63.8071,65.2106
2148,63.8071,62.3091
2149,66.2612,66.5598
2150,66.2612,60.9599
2151,68.7153,62.3091
2152,68.7153,65.2106
2153,71.1694,60.9599
2154,71.1694,66.5598
2155,73.6235,65.2106
2156,73.6235,62.3091
2157,76.0776,66.5598
2158,76.0776,60.9599
2159,78.5318,62.3091
2160,78.5318,65.2106
2162,80.9859,66.5598
2163,83.44,65.2106
2164,83.44,62.3091
2165,85.8941,66.5598
2166,85.8941,60.9599
2167,88.3482,62.3091
2168,88.3482,65.2106
2169,90.8023,60.9599
2170,90.8024,66.5598
2171,93.2565,65.2106
2172,93.2565,62.3091
2173,95.7106,66.5598
2174,95.7106,60.9599
2175,98.1647,62.3091
2176,98.1647,65.2106
2177,100.619,60.9599
2178,100.619,66.5598
2179,103.073,65.2106
2180,103.073,62.3091
2181,105.527,66.5598
2182,105.527,60.9599
2183,107.981,62.3091
2184,107.981,65.2106
2185,110.435,60.9599
2186,110.435,66.5598
2187,112.889,65.2106
2188,112.889,62.3091
2189,115.344,66.5598
2190,115.344,60.9599
2191,117.798,62.3091
2192,117.798,65.2106
2193,120.252,60.9599
2194,122.706,65.3461
2195,127.614,62.3768
2196,132.522,65.3461
2197,137.431,62.3768
2198,142.339,65.3461
2199,147.247,62.3768
2200,152.155,65.3461
2202,161.972,65.3461
2203,166.88,62.3768
2204,171.788,65.3461
2205,176.697,62.3768
2207,186.513,62.3768
2208,191.421,65.3461
2209,196.329,62.3768
2228,-240.504,70.8781
2232,-220.871,70.8781
2233,-215.962,73.8474
2236,-201.238,70.8781
2237,-196.329,73.8474
2238,-191.421,70.8781
2239,-186.513,73.8474
2240,-181.605,70.8781
2241,-176.696,73.8474
2242,-171.788,70.8781
2243,-166.88,73.8474
2244,-161.972,70.8781
2245,-157.064,73.8474
2246,-152.155,70.8781
2247,-147.247,73.8474
2248,-142.339,70.8781
2249,-137.431,73.8474
2250,-132.522,70.8781
2251,-127.614,73.8474
2252,-122.706,70.8781
2253,-117.798,73.8474
2254,-115.344,69.4613
2255,-112.889,70.8104
2256,-112.889,73.7119
2257,-110.435,69.4613
2258,-110.435,75.0611
2259,-107.981,73.7119
2260,-107.981,70.8104
2261,-105.527,75.0611
2262,-105.527,69.4613
2263,-103.073,70.8104
2264,-103.073,73.7119
2265,-100.619,69.4613
2266,-100.619,75.0611
2267,-98.1647,73.7119
2268,-98.1647,70.8104
2269,-95.7106,75.0611
2270,-95.7106,69.4613
2271,-93.2565,70.8104
2272,-93.2565,73.7119
2273,-90.8024,69.4613
2274,-90.8024,75.0611
2275,-88.3482,73.7119
2276,-88.3482,70.8104
2277,-85.8941,75.0611
2278,-85.8941,69.4613
2279,-83.44,70.8104
2280,-83.44,73.7119
2281,-80.9859,69.4613
2282,-80.9859,75.0611
2283,-78.5318,73.7119
2284,-78.5318,70.8104
2285,-76.0776,75.0611
2286,-76.0776,69.4613
2287,-73.6235,70.8104
2288,-73.6235,73.7119
2289,-71.1694,69.4613
2290,-71.1694,75.0611
2291,-68.7153,73.7119
2292,-68.7153,70.8104
2293,-66.2612,75.0611
2294,-66.2612,69.4613
2295,-63.8071,70.8104
2296,-63.8071,73.7119
2297,-61.3529,69.4613
2298,-61.3529,75.0611
2299,-58.8988,73.7119
2300,-58.8988,70.8104
2301,-56.4447,75.0611
2302,-56.4447,69.4613
2303,-53.9906,70.8104
2304,-53.9906,73.7119
2305,-51.5365,69.4613
2306,-51.5365,75.0611
2307,-49.0824,73.7119
2308,-49.0824,70.8104
2309,-46.6282,75.0611
2310,-46.6282,69.4613
2311,-44.1741,70.8104
2312,-44.1741,73.7119
2313,-41.72,69.4613
2314,-41.72,75.0611
2315,-39.2659,73.7119
2316,-39.2659,70.8104
2317,-36.8118,75.0611
2318,-36.8118,69.4613
2319,-34.3576,70.8104
2320,-34.3576,73.7119
2321,-31.9035,69.4613
2322,-31.9035,75.0611
2323,-29.4494,73.7119
2324,-29.4494,70.8104
2325,-26.9953,75.0611
2326,-26.9953,69.4613
2327,-24.5412,70.8104
2328,-24.5412,73.7119
2329,-22.0871,69.4613
2331,-19.6329,73.7119
2332,-19.6329,70.8104
2333,-17.1788,75.0611
2334,-17.1788,69.4613
2335,-14.7247,70.8104
2336,-14.7247,73.7119
2337,-12.2706,69.4613
2338,-12.2706,75.0611
2339,-9.81648,73.7119
2340,-9.81648,70.8104
2341,-7.36236,75.0611
2342,-7.36236,69.4613
2343,-4.90824,70.8104
2344,-4.90824,73.7119
2345,-2.45413,69.4613
2346,-2.45413,75.0611
2347,-9.53674e-06,73.7119
2348,-9.53674e-06,70.8104
2349,2.45411,75.0611
2350,2.45411,69.4613
2351,4.90822,70.8104
2352,4.90822,73.7119
2353,7.36234,69.4613
2354,7.36234,75.0611
2355,9.81646,73.7119
2356,9.81646,70.8104
2357,12.2706,75.0611
2358,12.2706,69.4613
2359,14.7247,70.8104
2360,14.7247,73.7119
2361,17.1788,69.4613
2362,17.1788,75.0611
2363,19.633,73.7119
2364,19.633,70.8104
2365,22.0871,75.0611
2366,22.0871,69.4613
2367,24.5412,70.8104
2368,24.5412,73.7119
2369,26.9953,69.4613
2370,26.9953,75.0611
2371,29.4494,73.7119
2372,29.4494,70.8104
2373,31.9035,75.0611
2374,31.9035,69.4613
2375,34.3577,70.8104
2376,34.3577,73.7119
2377,36.8118,69.4613
2378,36.8118,75.0611
2379,39.2659,73.7119
2380,39.2659,70.8104
2381,41.72,75.0611
2382,41.72,69.4613
2383,44.1741,70.8104
2384,44.1741,73.7119
2385,46.6282,69.4613
2386,46.6282,75.0611
2387,49.0824,73.7119
2388,49.0824,70.8104
2389,51.5365,75.0611
2390,51.5365,69.4613
2391,53.9906,70.8104
2392,53.9906,73.7119
2393,56.4447,69.4613
2394,56.4447,75.0611
2395,58.8988,73.7119
2396,58.8988,70.8104
2397,61.3529,75.0611
2398,61.3529,69.4613
2399,63.8071,70.8104
2400,63.8071,73.7119
2402,66.2612,75.0611
2403,68.7153,73.7119
2405,71.1694,75.0611
2406,71.1694,69.4613
2407,73.6235,70.8104
2409,76.0776,69.4613
2410,76.0776,75.0611
2411,78.5318,73.7119
2412,78.5318,70.8104
2413,80.9859,75.0611
2414,80.9859,69.4613
2415,83.44,70.8104
2416,83.44,73.7119
2417,85.8941,69.4613
2418,85.8941,75.0611
2419,88.3482,73.7119
2420,88.3482,70.8104
2421,90.8023,75.0611
2422,90.8023,69.4613
2423,93.2565,70.8104
2424,93.2565,73.7119
2425,95.7106,69.4613
2426,95.7106,75.0611
2427,98.1647,73.7119
2428,98.1647,70.8104
2429,100.619,75.0611
2430,100.619,69.4613
2431,103.073,70.8104
2432,103.073,73.7119
2433,105.527,69.4613
2434,105.527,75.0611
2435,107.981,73.7119
2436,107.981,70.8104
2437,110.435,75.0611
2438,110.435,69.4613
2439,112.889,70.8104
2440,112.889,73.7119
2441,115.344,69.4613
2442,117.798,73.8474
2443,122.706,70.8781
2444,127.614,73.8474
2445,132.522,70.8781
2446,137.431,73.8474
2447,142.339,70.8781
2448,147.247,73.8474
2449,152.155,70.8781
2450,157.064,73.8474
2451,161.972,70.8781
2452,166.88,73.8474
2453,171.788,70.8781
2454,176.697,73.8474
2456,186.513,73.8474
2457,191.421,70.8781
2458,196.329,73.8474
2463,220.871,70.8781
2464,225.779,73.8474
2467,240.504,70.8781
2483,-206.146,79.3795
2484,-201.238,82.3487
2485,-196.329,79.3795
2486,-191.421,82.3487
2490,-171.788,82.3487
2491,-166.88,79.3795
2492,-161.972,82.3487
2493,-157.064,79.3795
2494,-152.155,82.3487
2495,-147.247,79.3795
2496,-142.339,82.3487
2497,-137.431,79.3795
2498,-132.522,82.3487
2499,-127.614,79.3795
2500,-122.706,82.3487
2501,-117.798,79.3795
2502,-112.889,82.3487
2503,-110.435,77.9626
2504,-107.981,79.3117
2505,-107.981,82.2132
2506,-105.527,77.9626
2507,-105.527,83.5624
2508,-103.073,82.2132
2509,-103.073,79.3117
2510,-100.619,83.5624
2511,-100.619,77.9626
2512,-98.1647,79.3117
2513,-98.1647,82.2132
2514,-95.7106,77.9626
2515,-95.7106,83.5624
2516,-93.2565,82.2132
2517,-93.2565,79.3117
2518,-90.8024,83.5624
2519,-90.8024,77.9626
2520,-88.3482,79.3117
2521,-88.3482,82.2132
2522,-85.8941,77.9626
2523,-85.8941,83.5624
2524,-83.44,82.2132
2525,-83.44,79.3117
2526,-80.9859,83.5624
2527,-80.9859,77.9626
2528,-78.5318,79.3117
2529,-78.5318,82.2132
2530,-76.0776,77.9626
2531,-76.0776,83.5624
2532,-73.6235,82.2132
2533,-73.6235,79.3117
2534,-71.1694,83.5624
2535,-71.1694,77.9626
2536,-68.7153,79.3117
2537,-68.7153,82.2132
2538,-66.2612,77.9626
2539,-66.2612,83.5624
2540,-63.8071,82.2132
2541,-63.8071,79.3117
2542,-61.3529,83.5624
2543,-61.3529,77.9626
2544,-58.8988,79.3117
2545,-58.8988,82.2132
2546,-56.4447,77.9626
2547,-56.4447,83.5624
2548,-53.9906,82.2132
2549,-53.9906,79.3117
2550,-51.5365,83.5624
2552,-49.0824,79.3117
2553,-49.0824,82.2132
2554,-46.6282,77.9626
2555,-46.6282,83.5624
2558,-41.72,83.5624
2560,-39.2659,79.3117
2561,-39.2659,82.2132
2562,-36.8118,77.9626
2563,-36.8118,83.5624
2564,-34.3576,82.2132
2565,-34.3576,79.3117
2566,-31.9035,83.5624
2567,-31.9035,77.9626
2568,-29.4494,79.3117
2569,-29.4494,82.2132
2570,-26.9953,77.9626
2571,-26.9953,83.5624
2572,-24.5412,82.2132
2574,-22.0871,83.5624
2575,-22.0871,77.9626
2576,-19.6329,79.3117
2577,-19.6329,82.2132
2578,-17.1788,77.9626
2579,-17.1788,83.5624
2580,-14.7247,82.2132
2581,-14.7247,79.3117
2582,-12.2706,83.5624
2583,-12.2706,77.9626
2584,-9.81648,79.3117
2585,-9.81648,82.2132
2586,-7.36236,77.9626
2587,-7.36236,83.5624
2588,-4.90824,82.2132
2589,-4.90824,79.3117
2590,-2.45413,83.5624
2591,-2.45413,77.9626
2592,-9.53674e-06,79.3117
2594,2.45411,77.9626
2595,2.45411,83.5624
2596,4.90822,82.2132
2597,4.90822,79.3117
2598,7.36234,83.5624
2599,7.36234,77.9626
2600,9.81646,79.3117
2601,9.81646,82.2132
2602,12.2706,77.9626
2603,12.2706,83.5624
2604,14.7247,82.2132
2605,14.7247,79.3117
2606,17.1788,83.5624
2607,17.1788,77.9626
2608,19.633,79.3117
2609,19.633,82.2132
2610,22.0871,77.9626
2611,22.0871,83.5624
2612,24.5412,82.2132
2613,24.5412,79.3117
2614,26.9953,83.5624
2615,26.9953,77.9626
2616,29.4494,79.3117
2617,29.4494,82.2132
2618,31.9035,77.9626
2619,31.9035,83.5624
2620,34.3577,82.2132
2621,34.3577,79.3117
2622,36.8118,83.5624
2623,36.8118,77.9626
2624,39.2659,79.3117
2625,39.2659,82.2132
2626,41.72,77.9626
2627,41.72,83.5624
2628,44.1741,82.2132
2629,44.1741,79.3117
2630,46.6282,83.5624
2631,46.6282,77.9626
2632,49.0824,79.3117
2633,49.0824,82.2132
2634,51.5365,77.9626
2635,51.5365,83.5624
2636,53.9906,82.2132
2637,53.9906,79.3117
2638,56.4447,83.5624
2639,56.4447,77.9626
2640,58.8988,79.3117
2641,58.8988,82.2132
2642,61.3529,77.9626
2643,61.3529,83.5624
2644,63.8071,82.2132
2645,63.8071,79.3117
2646,66.2612,83.5624
2647,66.2612,77.9626
2648,68.7153,79.3117
2649,68.7153,82.2132
2650,71.1694,77.9626
2651,71.1694,83.5624
2652,73.6235,82.2132
2653,73.6235,79.3117
2654,76.0776,83.5624
2658,80.9859,77.9626
2659,80.9859,83.5624
2661,83.44,79.3117
2662,85.8941,83.5624
2663,85.8941,77.9626
2664,88.3482,79.3117
2665,88.3482,82.2132
2666,90.8023,77.9626
2667,90.8023,83.5624
2668,93.2565,82.2132
2669,93.2565,79.3117
2670,95.7106,83.5624
2671,95.7106,77.9626
2672,98.1647,79.3117
2673,98.1647,82.2132
2674,100.619,77.9626
2675,100.619,83.5624
2676,103.073,82.2132
2677,103.073,79.3117
2678,105.527,83.5624
2679,105.527,77.9626
2680,107.981,79.3117
2681,107.981,82.2132
2682,110.435,77.9626
2683,112.889,82.3487
2684,117.798,79.3795
2685,122.706,82.3487
2686,127.614,79.3795
2687,132.522,82.3487
2688,137.431,79.3795
2689,142.339,82.3487
2690,147.247,79.3795
2691,152.155,82.3487
2692,157.064,79.3795
2693,161.972,82.3487
2694,166.88,79.3795
2695,171.788,82.3487
2696,176.697,79.3795
2697,181.605,82.3487
2698,186.513,79.3795
2699,191.421,82.3487
2700,196.329,79.3795
2701,201.238,82.3487
2727,-191.421,87.8808
2728,-186.513,90.85
2729,-181.605,87.8808
2730,-176.696,90.85
2731,-171.788,87.8808
2732,-166.88,90.85
2733,-161.972,87.8808
2734,-157.064,90.85
2735,-152.155,87.8808
2736,-147.247,90.85
2737,-142.339,87.8808
2738,-137.431,90.85
2739,-132.522,87.8808
2740,-127.614,90.85
2741,-122.706,87.8808
2742,-117.798,90.85
2743,-112.889,87.8808
2744,-107.981,90.85
2745,-105.527,86.4639
2746,-103.073,87.813
2747,-103.073,90.7145
2748,-100.619,86.4639
2749,-100.619,92.0637
2750,-98.1647,90.7145
2751,-98.1647,87.813
2752,-95.7106,92.0637
2753,-95.7106,86.4639
2754,-93.2565,87.813
2755,-93.2565,90.7145
2756,-90.8024,86.4639
2757,-90.8024,92.0637
2758,-88.3482,90.7145
2759,-88.3482,87.813
2760,-85.8941,92.0637
2761,-85.8941,86.4639
2762,-83.44,87.813
2763,-83.44,90.7145
2764,-80.9859,86.4639
2765,-80.9859,92.0637
2766,-78.5318,90.7145
2767,-78.5318,87.813
2768,-76.0777,92.0637
2769,-76.0776,86.4639
2770,-73.6235,87.813
2771,-73.6235,90.7145
2772,-71.1694,86.4639
2773,-71.1694,92.0637
2774,-68.7153,90.7145
2775,-68.7153,87.813
2776,-66.2612,92.0637
2777,-66.2612,86.4639
2778,-63.8071,87.813
2779,-63.8071,90.7145
2780,-61.3529,86.4639
2781,-61.3529,92.0637
2782,-58.8988,90.7145
2783,-58.8988,87.813
2784,-56.4447,92.0637
2785,-56.4447,86.4639
2786,-53.9906,87.813
2787,-53.9906,90.7145
2788,-51.5365,86.4639
2789,-51.5365,92.0637
2790,-49.0824,90.7145
2791,-49.0824,87.813
2792,-46.6282,92.0637
2794,-44.1741,87.813
2795,-44.1741,90.7145
2796,-41.72,86.4639
2797,-41.72,92.0637
2798,-39.2659,90.7145
2799,-39.2659,87.813
2800,-36.8118,92.0637
2801,-36.8118,86.4639
2802,-34.3576,87.813
2803,-34.3576,90.7145
2804,-31.9035,86.4639
2805,-31.9035,92.0637
2806,-29.4494,90.7145
2807,-29.4494,87.813
2808,-26.9953,92.0637
2809,-26.9953,86.4639
2810,-24.5412,87.813
2811,-24.5412,90.7145
2812,-22.0871,86.4639
2813,-22.0871,92.0637
2814,-19.6329,90.7145
2815,-19.6329,87.813
2816,-17.1788,92.0637
2817,-17.1788,86.4639
2818,-14.7247,87.813
2819,-14.7247,90.7145
2820,-12.2706,86.4639
2821,-12.2706,92.0637
2822,-9.81647,90.7145
2823,-9.81647,87.813
2824,-7.36236,92.0637
2825,-7.36236,86.4639
2826,-4.90824,87.813
2827,-4.90824,90.7145
2828,-2.45412,86.4639
2829,-2.45413,92.0637
2830,-7.62939e-06,90.7145
2831,-7.62939e-06,87.813
2832,2.45411,92.0637
2833,2.45411,86.4639
2834,4.90823,87.813
2835,4.90823,90.7145
2836,7.36234,86.4639
2837,7.36234,92.0637
2838,9.81646,90.7145
2839,9.81646,87.813
2840,12.2706,92.0637
2841,12.2706,86.4639
2842,14.7247,87.813
2843,14.7247,90.7145
2844,17.1788,86.4639
2845,17.1788,92.0637
2846,19.633,90.7145
2847,19.633,87.813
2848,22.0871,92.0637
2849,22.0871,86.4639
2850,24.5412,87.813
2851,24.5412,90.7145
2852,26.9953,86.4639
2853,26.9953,92.0637
2854,29.4494,90.7145
2855,29.4494,87.813
2856,31.9035,92.0637
2857,31.9035,86.4639
2858,34.3577,87.813
2859,34.3577,90.7145
2860,36.8118,86.4639
2861,36.8118,92.0637
2862,39.2659,90.7145
2863,39.2659,87.813
2864,41.72,92.0637
2865,41.72,86.4639
2866,44.1741,87.813
2867,44.1741,90.7145
2868,46.6282,86.4639
2869,46.6282,92.0637
2870,49.0824,90.7145
2871,49.0824,87.813
2872,51.5365,92.0637
2873,51.5365,86.4639
2874,53.9906,87.813
2875,53.9906,90.7145
2876,56.4447,86.4639
2877,56.4447,92.0637
2878,58.8988,90.7145
2879,58.8988,87.813
2880,61.3529,92.0637
2881,61.3529,86.4639
2882,63.8071,87.813
2883,63.8071,90.7145
2884,66.2612,86.4639
2885,66.2612,92.0637
2886,68.7153,90.7145
2887,68.7153,87.813
2888,71.1694,92.0637
2889,71.1694,86.4639
2890,73.6235,87.813
2891,73.6235,90.7145
2892,76.0776,86.4639
2894,78.5318,90.7145
2895,78.5318,87.813
2896,80.9859,92.0637
2897,80.9859,86.4639
2898,83.44,87.813
2899,83.44,90.7145
2900,85.8941,86.4639
2901,85.8941,92.0637
2902,88.3482,90.7145
2903,88.3482,87.813
2904,90.8023,92.0637
2905,90.8023,86.4639
2906,93.2565,87.813
2907,93.2565,90.7145
2908,95.7106,86.4639
2909,95.7106,92.0637
2910,98.1647,90.7145
2911,98.1647,87.813
2912,100.619,92.0637
2913,100.619,86.4639
2914,103.073,87.813
2915,103.073,90.7145
2916,105.527,86.4639
2917,107.981,90.85
2918,112.889,87.8808
2919,117.798,90.85
2920,122.706,87.8808
2921,127.614,90.85
2922,132.522,87.8808
2923,137.431,90.85
2924,142.339,87.8808
2925,147.247,90.85
2926,152.155,87.8808
2927,157.064,90.85
2928,161.972,87.8808
2929,166.88,90.85
2930,171.788,87.8808
2931,176.697,90.85
2932,181.605,87.8808
2934,191.421,87.8808
2936,201.238,87.8808
2937,206.146,90.85
2961,-186.513,96.3821
2962,-181.605,99.3513
2963,-176.696,96.3821
2964,-171.788,99.3513
2965,-166.88,96.3821
2966,-161.972,99.3513
2967,-157.064,96.3821
2968,-152.155,99.3513
2969,-147.247,96.3821
2970,-142.339,99.3513
2971,-137.431,96.3821
2972,-132.522,99.3513
2973,-127.614,96.3821
2974,-122.706,99.3513
2975,-117.798,96.3821
2976,-112.889,99.3513
2977,-107.981,96.3821
2978,-103.073,99.3513
2979,-100.619,94.9652
2980,-98.1647,96.3143
2981,-98.1647,99.2159
2982,-95.7106,94.9652
2983,-95.7106,100.565
2984,-93.2565,99.2159
2985,-93.2565,96.3143
2986,-90.8024,100.565
2987,-90.8024,94.9652
2988,-88.3482,96.3143
2989,-88.3482,99.2159
2990,-85.8941,94.9652
2991,-85.8941,100.565
2992,-83.44,99.2159
2993,-83.44,96.3143
2994,-80.9859,100.565
2995,-80.9859,94.9652
2996,-78.5318,96.3143
2997,-78.5318,99.2159
2998,-76.0777,94.9652
2999,-76.0777,100.565
3000,-73.6235,99.2159
3001,-73.6235,96.3143
3002,-71.1694,100.565
3003,-71.1694,94.9652
3004,-68.7153,96.3143
3005,-68.7153,99.2159
3006,-66.2612,94.9652
3007,-66.2612,100.565
3008,-63.8071,99.2159
3009,-63.8071,96.3143
3010,-61.3529,100.565
3011,-61.3529,94.9652
3012,-58.8988,96.3143
3013,-58.8988,99.2159
3014,-56.4447,94.9652
3015,-56.4447,100.565
3016,-53.9906,99.2159
3017,-53.9906,96.3143
3018,-51.5365,100.565
3019,-51.5365,94.9652
3020,-49.0824,96.3143
3021,-49.0824,99.2159
3022,-46.6282,94.9652
3023,-46.6282,100.565
3024,-44.1741,99.2159
3025,-44.1741,96.3143
3026,-41.72,100.565
3027,-41.72,94.9652
3028,-39.2659,96.3143
3029,-39.2659,99.2159
3030,-36.8118,94.9652
3031,-36.8118,100.565
3032,-34.3576,99.2159
3033,-34.3576,96.3143
3034,-31.9035,100.565
3035,-31.9035,94.9652
3036,-29.4494,96.3143
3037,-29.4494,99.2159
3038,-26.9953,94.9652
3039,-26.9953,100.565
3040,-24.5412,99.2159
3041,-24.5412,96.3143
3042,-22.0871,100.565
3043,-22.0871,94.9652
3044,-19.6329,96.3143
3045,-19.6329,99.2159
3046,-17.1788,94.9652
3047,-17.1788,100.565
3048,-14.7247,99.2159
3049,-14.7247,96.3143
3050,-12.2706,100.565
3051,-12.2706,94.9652
3052,-9.81647,96.3143
3053,-9.81647,99.2159
3054,-7.36236,94.9652
3055,-7.36236,100.565
3056,-4.90824,99.2159
3057,-4.90824,96.3143
3058,-2.45412,100.565
3059,-2.45412,94.9652
3060,-5.72205e-06,96.3143
3061,-5.72205e-06,99.2159
3062,2.45411,94.9652
3063,2.45411,100.565
3064,4.90823,99.2159
3065,4.90823,96.3143
3066,7.36235,100.565
3067,7.36234,94.9652
3068,9.81646,96.3143
3069,9.81646,99.2159
3070,12.2706,94.9652
3071,12.2706,100.565
3072,14.7247,99.2159
3073,14.7247,96.3143
3074,17.1788,100.565
3075,17.1788,94.9652
3076,19.6329,96.3143
3077,19.6329,99.2159
3078,22.087,94.9652
3079,22.0871,100.565
3080,24.5412,99.2159
3081,24.5412,96.3143
3082,26.9953,100.565
3083,26.9953,94.9652
3084,29.4494,96.3143
3085,29.4494,99.2159
3086,31.9035,94.9652
3087,31.9035,100.565
3088,34.3577,99.2159
3089,34.3577,96.3143
3090,36.8118,100.565
3091,36.8118,94.9652
3092,39.2659,96.3143
3093,39.2659,99.2159
3094,41.72,94.9652
3095,41.72,100.565
3096,44.1741,99.2159
3097,44.1741,96.3143
3098,46.6282,100.565
3099,46.6282,94.9652
3100,49.0824,96.3143
3101,49.0824,99.2159
3102,51.5365,94.9652
3103,51.5365,100.565
3104,53.9906,99.2159
3105,53.9906,96.3143
3106,56.4447,100.565
3107,56.4447,94.9652
3108,58.8988,96.3143
3109,58.8988,99.2159
3110,61.3529,94.9652
3111,61.3529,100.565
3112,63.8071,99.2159
3113,63.8071,96.3143
3114,66.2612,100.565
3115,66.2612,94.9652
3116,68.7153,96.3143
3117,68.7153,99.2159
3118,71.1694,94.9652
3119,71.1694,100.565
3120,73.6235,99.2159
3122,76.0776,100.565
3123,76.0776,94.9652
3124,78.5318,96.3143
3125,78.5318,99.2159
3126,80.9859,94.9652
3127,80.9859,100.565
3129,83.44,96.3143
3130,85.8941,100.565
3131,85.8941,94.9652
3132,88.3482,96.3143
3133,88.3482,99.2159
3134,90.8023,94.9652
3135,90.8023,100.565
3136,93.2565,99.2159
3137,93.2565,96.3143
3138,95.7106,100.565
3139,95.7106,94.9652
3140,98.1647,96.3143
3142,100.619,94.9652
3144,107.981,96.3821
3145,112.889,99.3513
3146,117.798,96.3821
3147,122.706,99.3513
3148,127.614,96.3821
3149,132.522,99.3513
3150,137.431,96.3821
3151,142.339,99.3513
3152,147.247,96.3821
3153,152.155,99.3513
3155,161.972,99.3513
3156,166.88,96.3821
3157,171.788,99.3513
3158,176.696,96.3821
3159,181.605,99.3513
3160,186.513,96.3821
3164,206.146,96.3821
3189,-176.696,107.853
3190,-171.788,104.883
3191,-166.88,107.853
3192,-161.972,104.883
3193,-157.064,107.853
3194,-152.155,104.883
3195,-147.247,107.853
3196,-142.339,104.883
3197,-137.431,107.853
3198,-132.522,104.883
3199,-127.614,107.853
3200,-122.706,104.883
3201,-117.798,107.853
3202,-112.889,104.883
3203,-107.981,107.853
3204,-103.073,104.883
3205,-98.1647,107.853
3206,-95.7106,103.467
3207,-93.2565,104.816
3208,-93.2565,107.717
3209,-90.8024,103.467
3210,-90.8024,109.066
3211,-88.3482,107.717
3212,-88.3482,104.816
3213,-85.8941,109.066
3214,-85.8941,103.467
3215,-83.44,104.816
3216,-83.44,107.717
3217,-80.9859,103.467
3218,-80.9859,109.066
3219,-78.5318,107.717
3220,-78.5318,104.816
3221,-76.0777,109.066
3222,-76.0777,103.467
3223,-73.6235,104.816
3224,-73.6235,107.717
3225,-71.1694,103.467
3226,-71.1694,109.066
3227,-68.7153,107.717
3228,-68.7153,104.816
3229,-66.2612,109.066
3230,-66.2612,103.467
3231,-63.8071,104.816
3232,-63.8071,107.717
3233,-61.3529,103.467
3234,-61.3529,109.066
3235,-58.8988,107.717
3236,-58.8988,104.816
3237,-56.4447,109.066
3238,-56.4447,103.467
3239,-53.9906,104.816
3240,-53.9906,107.717
3241,-51.5365,103.467
3242,-51.5365,109.066
3243,-49.0824,107.717
3244,-49.0824,104.816
3245,-46.6282,109.066
3246,-46.6282,103.467
3247,-44.1741,104.816
3248,-44.1741,107.717
3249,-41.72,103.467
3250,-41.72,109.066
3251,-39.2659,107.717
3252,-39.2659,104.816
3253,-36.8118,109.066
3254,-36.8118,103.467
3255,-34.3576,104.816
3256,-34.3576,107.717
3257,-31.9035,103.467
3258,-31.9035,109.066
3259,-29.4494,107.717
3260,-29.4494,104.816
3261,-26.9953,109.066
3262,-26.9953,103.467
3263,-24.5412,104.816
3264,-24.5412,107.717
3265,-22.0871,103.467
3266,-22.0871,109.066
3267,-19.6329,107.717
3268,-19.6329,104.816
3269,-17.1788,109.066
3270,-17.1788,103.467
3272,-14.7247,107.717
3273,-12.2706,103.467
3274,-12.2706,109.066
3275,-9.81647,107.717
3276,-9.81647,104.816
3277,-7.36236,109.066
3278,-7.36236,103.467
3279,-4.90824,104.816
3280,-4.90824,107.717
3281,-2.45412,103.467
3282,-2.45412,109.066
3283,-5.72205e-06,107.717
3284,-5.72205e-06,104.816
3285,2.45411,109.066
3286,2.45411,103.467
3287,4.90823,104.816
3288,4.90823,107.717
3289,7.36235,103.467
3290,7.36234,109.066
3291,9.81646,107.717
3292,9.81646,104.816
3293,12.2706,109.066
3294,12.2706,103.467
3295,14.7247,104.816
3296,14.7247,107.717
3297,17.1788,103.467
3298,17.1788,109.066
3299,19.6329,107.717
3300,19.6329,104.816
3301,22.087,109.066
3302,22.0871,103.467
3303,24.5412,104.816
3304,24.5412,107.717
3305,26.9953,103.467
3306,26.9953,109.066
3307,29.4494,107.717
3308,29.4494,104.816
3309,31.9035,109.066
3310,31.9035,103.467
3311,34.3577,104.816
3312,34.3577,107.717
3313,36.8118,103.467
3314,36.8118,109.066
3315,39.2659,107.717
3316,39.2659,104.816
3317,41.72,109.066
3318,41.72,103.467
3319,44.1741,104.816
3320,44.1741,107.717
3321,46.6282,103.467
3322,46.6282,109.066
3323,49.0824,107.717
3324,49.0824,104.816
3326,51.5365,103.467
3327,53.9906,104.816
3329,56.4447,103.467
3330,56.4447,109.066
3331,58.8988,107.717
3332,58.8988,104.816
3333,61.3529,109.066
3334,61.3529,103.467
3335,63.8071,104.816
3336,63.8071,107.717
3337,66.2612,103.467
3338,66.2612,109.066
3339,68.7153,107.717
3340,68.7153,104.816
3341,71.1694,109.066
3342,71.1694,103.467
3343,73.6235,104.816
3344,73.6235,107.717
3345,76.0776,103.467
3346,76.0776,109.066
3347,78.5318,107.717
3348,78.5318,104.816
3351,83.44,104.816
3352,83.44,107.717
3353,85.8941,103.467
3354,85.8941,109.066
3355,88.3482,107.717
3356,88.3482,104.816
3358,90.8023,103.467
3359,93.2565,104.816
3360,93.2565,107.717
3362,98.1647,107.853
3363,103.073,104.883
3364,107.981,107.853
3365,112.889,104.883
3366,117.798,107.853
3367,122.706,104.883
3368,127.614,107.853
3369,132.522,104.883
3370,137.431,107.853
3371,142.339,104.883
3372,147.247,107.853
3373,152.155,104.883
3376,166.88,107.853
3377,171.788,104.883
3378,176.696,107.853
3379,181.605,104.883
3380,186.513,107.853
3381,191.421,104.883
3385,211.054,104.883
3410,-166.88,113.385
3411,-161.972,116.354
3412,-157.064,113.385
3413,-152.155,116.354
3414,-147.247,113.385
3415,-142.339,116.354
3416,-137.431,113.385
3417,-132.522,116.354
3418,-127.614,113.385
3419,-122.706,116.354
3420,-117.798,113.385
3421,-112.889,116.354
3422,-107.981,113.385
3423,-103.073,116.354
3424,-98.1647,113.385
3425,-93.2565,116.354
3426,-90.8024,111.968
3427,-88.3482,113.317
3428,-88.3482,116.218
3429,-85.8941,111.968
3430,-85.8941,117.568
3431,-83.44,116.218
3432,-83.44,113.317
3433,-80.9859,117.568
3434,-80.9859,111.968
3435,-78.5318,113.317
3436,-78.5318,116.218
3437,-76.0777,111.968
3438,-76.0777,117.568
3439,-73.6235,116.218
3440,-73.6235,113.317
3441,-71.1694,117.568
3442,-71.1694,111.968
3443,-68.7153,113.317
3444,-68.7153,116.218
3445,-66.2612,111.968
3446,-66.2612,117.568
3447,-63.8071,116.218
3448,-63.8071,113.317
3449,-61.3529,117.568
3450,-61.3529,111.968
3451,-58.8988,113.317
3452,-58.8988,116.218
3453,-56.4447,111.968
3454,-56.4447,117.568
3455,-53.9906,116.218
3456,-53.9906,113.317
3457,-51.5365,117.568
3458,-51.5365,111.968
3459,-49.0824,113.317
3460,-49.0824,116.218
3461,-46.6282,111.968
3462,-46.6282,117.568
3463,-44.1741,116.218
3464,-44.1741,113.317
3465,-41.72,117.568
3466,-41.72,111.968
3467,-39.2659,113.317
3468,-39.2659,116.218
3469,-36.8118,111.968
3470,-36.8118,117.568
3471,-34.3577,116.218
3472,-34.3577,113.317
3473,-31.9035,117.568
3474,-31.9035,111.968
3475,-29.4494,113.317
3476,-29.4494,116.218
3477,-26.9953,111.968
3478,-26.9953,117.568
3479,-24.5412,116.218
3480,-24.5412,113.317
3481,-22.0871,117.568
3482,-22.0871,111.968
3483,-19.6329,113.317
3484,-19.6329,116.218
3485,-17.1788,111.968
3486,-17.1788,117.568
3487,-14.7247,116.218
3488,-14.7247,113.317
3489,-12.2706,117.568
3490,-12.2706,111.968
3491,-9.81647,113.317
3492,-9.81647,116.218
3493,-7.36235,111.968
3494,-7.36236,117.568
3495,-4.90824,116.218
3496,-4.90824,113.317
3497,-2.45412,117.568
3498,-2.45412,111.968
3499,-3.8147e-06,113.317
3500,-3.8147e-06,116.218
3501,2.45411,111.968
3502,2.45411,117.568
3503,4.90823,116.218
3504,4.90823,113.317
3505,7.36235,117.568
3506,7.36235,111.968
3507,9.81646,113.317
3508,9.81646,116.218
3509,12.2706,111.968
3510,12.2706,117.568
3511,14.7247,116.218
3512,14.7247,113.317
3513,17.1788,117.568
3514,17.1788,111.968
3515,19.6329,113.317
3516,19.6329,116.218
3517,22.087,111.968
3518,22.087,117.568
3519,24.5412,116.218
3520,24.5412,113.317
3521,26.9953,117.568
3522,26.9953,111.968
3523,29.4494,113.317
3524,29.4494,116.218
3525,31.9035,111.968
3526,31.9035,117.568
3527,34.3577,116.218
3528,34.3577,113.317
3529,36.8118,117.568
3531,39.2659,113.317
3532,39.2659,116.218
3533,41.72,111.968
3534,41.72,117.568
3535,44.1741,116.218
3536,44.1741,113.317
3538,46.6282,111.968
3542,51.5365,117.568
3547,58.8988,113.317
3548,58.8988,116.218
3549,61.353,111.968
3550,61.3529,117.568
3551,63.8071,116.218
3552,63.8071,113.317
3554,66.2612,111.968
3556,68.7153,116.218
3557,71.1694,111.968
3558,71.1694,117.568
3559,73.6235,116.218
3560,73.6235,113.317
3564,78.5318,116.218
3566,80.9859,117.568
3568,83.44,113.317
3569,85.8941,117.568
3570,85.8941,111.968
3571,88.3482,113.317
3572,88.3482,116.218
3573,90.8023,111.968
3574,93.2565,116.354
3575,98.1647,113.385
3576,103.073,116.354
3577,107.981,113.385
3578,112.889,116.354
3579,117.798,113.385
3580,122.706,116.354
3581,127.614,113.385
3582,132.522,116.354
3583,137.431,113.385
3584,142.339,116.354
3585,147.247,113.385
3586,152.155,116.354
3589,166.88,113.385
3590,171.788,116.354
3591,176.696,113.385
3592,181.605,116.354
3598,211.054,116.354
3599,215.962,113.385
3620,-171.788,121.886
3622,-161.972,121.886
3623,-157.064,124.855
3624,-152.155,121.886
3625,-147.247,124.855
3626,-142.339,121.886
3627,-137.431,124.855
3628,-132.522,121.886
3629,-127.614,124.855
3630,-122.706,121.886
3631,-117.798,124.855
3632,-112.889,121.886
3633,-107.981,124.855
3634,-103.073,121.886
3635,-98.1647,124.855
3636,-93.2565,121.886
3637,-88.3482,124.855
3638,-85.8941,120.469
3639,-83.44,121.818
3640,-83.44,124.72
3641,-80.9859,120.469
3642,-80.9859,126.069
3643,-78.5318,124.72
3644,-78.5318,121.818
3645,-76.0777,126.069
3646,-76.0777,120.469
3647,-73.6235,121.818
3648,-73.6235,124.72
3649,-71.1694,120.469
3650,-71.1694,126.069
3651,-68.7153,124.72
3652,-68.7153,121.818
3653,-66.2612,126.069
3654,-66.2612,120.469
3655,-63.8071,121.818
3656,-63.8071,124.72
3657,-61.353,120.469
3658,-61.3529,126.069
3659,-58.8988,124.72
3660,-58.8988,121.818
3661,-56.4447,126.069
3662,-56.4447,120.469
3663,-53.9906,121.818
3664,-53.9906,124.72
3665,-51.5365,120.469
3666,-51.5365,126.069
3667,-49.0824,124.72
3668,-49.0824,121.818
3669,-46.6282,126.069
3670,-46.6282,120.469
3671,-44.1741,121.818
3672,-44.1741,124.72
3673,-41.72,120.469
3674,-41.72,126.069
3675,-39.2659,124.72
3676,-39.2659,121.818
3677,-36.8118,126.069
3678,-36.8118,120.469
3679,-34.3577,121.818
3680,-34.3577,124.72
3681,-31.9035,120.469
3682,-31.9035,126.069
3683,-29.4494,124.72
3684,-29.4494,121.818
3685,-26.9953,126.069
3686,-26.9953,120.469
3687,-24.5412,121.818
3688,-24.5412,124.72
3689,-22.0871,120.469
3690,-22.0871,126.069
3691,-19.6329,124.72
3692,-19.6329,121.818
3693,-17.1788,126.069
3694,-17.1788,120.469
3695,-14.7247,121.818
3696,-14.7247,124.72
3697,-12.2706,120.469
3698,-12.2706,126.069
3699,-9.81647,124.72
3700,-9.81647,121.818
3701,-7.36235,126.069
3702,-7.36235,120.469
3703,-4.90824,121.818
3704,-4.90824,124.72
3705,-2.45412,120.469
3706,-2.45412,126.069
3707,-1.90735e-06,124.72
3708,-1.90735e-06,121.818
3709,2.45412,126.069
3710,2.45411,120.469
3711,4.90823,121.818
3712,4.90823,124.72
3713,7.36235,120.469
3714,7.36235,126.069
3715,9.81647,124.72
3716,9.81647,121.818
3717,12.2706,126.069
3718,12.2706,120.469
3719,14.7247,121.818
3720,14.7247,124.72
3721,17.1788,120.469
3722,17.1788,126.069
3723,19.6329,124.72
3724,19.6329,121.818
3725,22.087,126.069
3726,22.087,120.469
3727,24.5412,121.818
3728,24.5412,124.72
3729,26.9953,120.469
3731,29.4494,124.72
3733,31.9035,126.069
3734,31.9035,120.469
3735,34.3577,121.818
3736,34.3577,124.72
3737,36.8118,120.469
3738,36.8118,126.069
3739,39.2659,124.72
3740,39.2659,121.818
3741,41.72,126.069
3742,41.72,120.469
3743,44.1741,121.818
3744,44.1741,124.72
3755,58.8988,124.72
3756,58.8988,121.818
3757,61.353,126.069
3758,61.3529,120.469
3760,63.8071,124.72
3761,66.2612,120.469
3763,68.7153,124.72
3765,71.1694,126.069
3766,71.1694,120.469
3767,73.6235,121.818
3768,73.6235,124.72
3769,76.0777,120.469
3772,78.5318,121.818
3777,85.8941,120.469
3779,93.2565,121.886
3780,98.1647,124.855
3781,103.073,121.886
3782,107.981,124.855
3783,112.889,121.886
3784,117.798,124.855
3785,122.706,121.886
3786,127.614,124.855
3787,132.522,121.886
3788,137.431,124.855
3789,142.339,121.886
3790,147.247,124.855
3793,161.972,121.886
3794,166.88,124.855
3795,171.788,121.886
3796,176.696,124.855
3803,211.054,121.886
3804,215.962,124.855
3815,-211.054,133.357
3828,-147.247,130.387
3829,-142.339,133.357
3830,-137.431,130.387
3831,-132.522,133.357
3832,-127.614,130.387
3833,-122.706,133.357
3834,-117.798,130.387
3835,-112.889,133.357
3836,-107.981,130.387
3837,-103.073,133.357
3838,-98.1647,130.387
3839,-93.2565,133.357
3840,-88.3482,130.387
3841,-83.44,133.357
3842,-80.9859,128.97
3843,-78.5318,130.32
3844,-78.5318,133.221
3845,-76.0777,128.97
3846,-76.0777,134.57
3847,-73.6235,133.221
3848,-73.6235,130.32
3849,-71.1694,134.57
3850,-71.1694,128.97
3851,-68.7153,130.32
3852,-68.7153,133.221
3853,-66.2612,128.97
3854,-66.2612,134.57
3855,-63.8071,133.221
3856,-63.8071,130.32
3857,-61.353,134.57
3858,-61.353,128.97
3859,-58.8988,130.32
3860,-58.8988,133.221
3861,-56.4447,128.97
3862,-56.4447,134.57
3863,-53.9906,133.221
3864,-53.9906,130.32
3865,-51.5365,134.57
3866,-51.5365,128.97
3867,-49.0824,130.32
3868,-49.0824,133.221
3869,-46.6282,128.97
3870,-46.6282,134.57
3871,-44.1741,133.221
3872,-44.1741,130.32
3873,-41.72,134.57
3874,-41.72,128.97
3875,-39.2659,130.32
3876,-39.2659,133.221
3877,-36.8118,128.97
3878,-36.8118,134.57
3879,-34.3577,133.221
3880,-34.3577,130.32
3881,-31.9035,134.57
3882,-31.9035,128.97
3883,-29.4494,130.32
3884,-29.4494,133.221
3885,-26.9953,128.97
3886,-26.9953,134.57
3887,-24.5412,133.221
3888,-24.5412,130.32
3889,-22.0871,134.57
3890,-22.0871,128.97
3891,-19.6329,130.32
3892,-19.6329,133.221
3893,-17.1788,128.97
3894,-17.1788,134.57
3895,-14.7247,133.221
3896,-14.7247,130.32
3897,-12.2706,134.57
3898,-12.2706,128.97
3899,-9.81647,130.32
3900,-9.81647,133.221
3901,-7.36235,128.97
3902,-7.36235,134.57
3903,-4.90823,133.221
3904,-4.90823,130.32
3905,-2.45412,134.57
3906,-2.45412,128.97
3907,0,130.32
3908,0,133.221
3909,2.45412,128.97
3910,2.45412,134.57
3911,4.90823,133.221
3912,4.90823,130.32
3913,7.36235,134.57
3914,7.36235,128.97
3915,9.81647,130.32
3916,9.81647,133.221
3917,12.2706,128.97
3918,12.2706,134.57
3919,14.7247,133.221
3920,14.7247,130.32
3921,17.1788,134.57
3922,17.1788,128.97
3923,19.6329,130.32
3924,19.6329,133.221
3925,22.0871,128.97
3926,22.087,134.57
3927,24.5412,133.221
3928,24.5412,130.32
3929,26.9953,134.57
3930,26.9953,128.97
3931,29.4494,130.32
3932,29.4494,133.221
3933,31.9035,128.97
3934,31.9035,134.57
3935,34.3576,133.221
3936,34.3576,130.32
3938,36.8118,128.97
3940,39.2659,133.221
3942,41.72,134.57
3945,46.6283,134.57
3947,49.0824,130.32
3948,49.0824,133.221
3951,53.9906,133.221
3952,53.9906,130.32
3953,56.4447,134.57
3954,56.4447,128.97
3955,58.8988,130.32
3956,58.8988,133.221
3957,61.353,128.97
3958,61.353,134.57
3960,63.8071,130.32
3973,80.9859,128.97
3974,83.44,133.357
3978,103.073,133.357
3979,107.981,130.387
3980,112.889,133.357
3981,117.798,130.387
3982,122.706,133.357
3983,127.614,130.387
3985,137.431,130.387
3986,142.339,133.357
3987,147.247,130.387
3988,152.155,133.357
3990,161.972,133.357
3991,166.88,130.387
3992,171.788,133.357
4001,215.962,130.387
4002,220.871,133.357
4007,-225.779,141.858
4008,-220.871,138.889
4009,-215.962,141.858
4010,-211.054,138.889
4011,-206.146,141.858
4012,-201.238,138.889
4013,-196.329,141.858
4014,-191.421,138.889
4026,-132.522,138.889
4027,-127.614,141.858
4028,-122.706,138.889
4029,-117.798,141.858
4030,-112.889,138.889
4031,-107.981,141.858
4032,-103.073,138.889
4033,-98.1647,141.858
4034,-93.2565,138.889
4035,-88.3482,141.858
4036,-83.44,138.889
4037,-78.5318,141.858
4038,-73.6235,138.889
4039,-68.7153,141.858
4040,-63.8071,138.889
4041,-58.8988,141.858
4042,-53.9906,138.889
4043,-49.0824,141.858
4044,-44.1741,138.889
4045,-39.2659,141.858
4046,-34.3577,138.889
4047,-29.4494,141.858
4048,-24.5412,138.889
4051,-9.81647,141.858
4052,-4.90823,138.889
4053,1.90735e-06,141.858
4054,4.90824,138.889
4055,9.81647,141.858
4056,14.7247,138.889
4057,19.6329,141.858
4058,24.5412,138.889
4059,29.4494,141.858
4060,34.3576,138.889
4061,39.2659,141.858
4064,53.9906,138.889
4065,58.8988,141.858
4066,63.8071,138.889
4068,73.6235,138.889
4070,83.44,138.889
4072,93.2565,138.889
4073,98.1647,141.858
4074,103.073,138.889
4075,107.981,141.858
4076,112.889,138.889
4077,117.798,141.858
4078,122.706,138.889
4079,127.614,141.858
4080,132.522,138.889
4081,137.431,141.858
4082,142.339,138.889
4083,147.247,141.858
4085,157.064,141.858
4086,161.972,138.889
4087,166.88,141.858
4093,196.329,141.858
4095,206.146,141.858
4098,220.871,138.889
4099,225.779,141.858
4101,-225.779,147.39
4102,-220.871,150.359
4103,-215.962,147.39
4104,-211.054,150.359
4105,-206.146,147.39
4106,-201.238,150.359
4107,-196.329,147.39
4108,-191.421,150.359
4109,-186.513,147.39
4110,-181.605,150.359
4111,-176.696,147.39
4112,-171.788,150.359
4120,-132.522,150.359
4121,-127.614,147.39
4122,-122.706,150.359
4123,-117.798,147.39
4124,-112.889,150.359
4125,-107.981,147.39
4126,-103.073,150.359
4127,-98.1647,147.39
4128,-93.2565,150.359
4129,-88.3482,147.39
4130,-83.44,150.359
4131,-78.5318,147.39
4132,-73.6235,150.359
4133,-68.7153,147.39
4134,-63.8071,150.359
4135,-58.8988,147.39
4136,-53.9906,150.359
4137,-49.0824,147.39
4138,-44.1741,150.359
4139,-39.2659,147.39
4140,-34.3576,150.359
4141,-29.4494,147.39
4142,-24.5412,150.359
4143,-19.6329,147.39
4144,-14.7247,150.359
4145,-9.81646,147.39
4146,-4.90823,150.359
4147,3.8147e-06,147.39
4148,4.90824,150.359
4149,9.81647,147.39
4150,14.7247,150.359
4151,19.6329,147.39
4152,24.5412,150.359
4154,34.3576,150.359
4155,39.2659,147.39
4156,44.1741,150.359
4157,49.0824,147.39
4158,53.9906,150.359
4159,58.8988,147.39
4160,63.8071,150.359
4161,68.7153,147.39
4162,73.6235,150.359
4163,78.5318,147.39
4164,83.44,150.359
4165,88.3482,147.39
4166,93.2565,150.359
4167,98.1647,147.39
4169,107.981,147.39
4170,112.889,150.359
4171,117.798,147.39
4174,132.522,150.359
4175,137.431,147.39
4176,142.339,150.359
4177,147.247,147.39
4178,152.155,150.359
4179,157.064,147.39
4180,161.972,150.359
4192,220.871,150.359
4194,-220.871,155.891
4195,-215.962,158.861
4196,-211.054,155.891
4197,-206.146,158.861
4198,-201.238,155.891
4199,-196.329,158.861
4200,-191.421,155.891
4201,-186.513,158.861
4202,-181.605,155.891
4203,-176.696,158.861
4204,-171.788,155.891
4205,-166.88,158.861
4206,-161.972,155.891
4207,-157.064,158.861
4208,-152.155,155.891
4209,-147.247,158.861
4210,-142.339,155.891
4214,-122.706,155.891
4215,-117.798,158.861
4218,-103.073,155.891
4220,-93.2565,155.891
4221,-88.3482,158.861
4222,-83.44,155.891
4223,-78.5318,158.861
4224,-73.6235,155.891
4225,-68.7153,158.861
4226,-63.8071,155.891
4227,-58.8988,158.861
4228,-53.9906,155.891
4229,-49.0824,158.861
4230,-44.1741,155.891
4231,-39.2659,158.861
4232,-34.3576,155.891
4233,-29.4494,158.861
4234,-24.5412,155.891
4235,-19.6329,158.861
4236,-14.7247,155.891
4237,-9.81648,158.861
4238,-4.90823,155.891
4241,9.81647,158.861
4242,14.7247,155.891
4243,19.6329,158.861
4244,24.5412,155.891
4245,29.4494,158.861
4249,49.0823,158.861
4250,53.9906,155.891
4251,58.8988,158.861
4252,63.8071,155.891
4253,68.7153,158.861
4254,73.6235,155.891
4255,78.5318,158.861
4256,83.44,155.891
4257,88.3482,158.861
4258,93.2565,155.891
4260,103.073,155.891
4261,107.981,158.861
4262,112.889,155.891
4264,122.706,155.891
4267,137.431,158.861
4268,142.339,155.891
4269,147.247,158.861
4270,152.155,155.891
4283,215.962,158.861
4289,-196.329,164.393
4290,-191.421,167.362
4291,-186.513,164.393
4292,-181.605,167.362
4293,-176.696,164.393
4294,-171.788,167.362
4295,-166.88,164.393
4296,-161.972,167.362
4297,-157.064,164.393
4298,-152.155,167.362
4299,-147.247,164.393
4300,-142.339,167.362
4301,-137.431,164.393
4302,-132.522,167.362
4303,-127.614,164.393
4304,-122.706,167.362
4305,-117.798,164.393
4311,-88.3482,164.393
4312,-83.44,167.362
4313,-78.5318,164.393
4314,-73.6235,167.362
4315,-68.7153,164.393
4316,-63.8071,167.362
4317,-58.8988,164.393
4318,-53.9906,167.362
4319,-49.0824,164.393
4320,-44.1741,167.362
4321,-39.2659,164.393
4322,-34.3576,167.362
4323,-29.4494,164.393
4324,-24.5412,167.362
4325,-19.6329,164.393
4326,-14.7247,167.362
4327,-9.81647,164.393
4331,9.81647,164.393
4332,14.7247,167.362
4333,19.6329,164.393
4334,24.5412,167.362
4335,29.4494,164.393
4336,34.3576,167.362
4338,44.1741,167.362
4339,49.0823,164.393
4340,53.9906,167.362
4342,63.8071,167.362
4343,68.7153,164.393
4344,73.6235,167.362
4345,78.5318,164.393
4346,83.44,167.362
4347,88.3482,164.393
4348,93.2565,167.362
4349,98.1647,164.393
4350,103.073,167.362
4351,107.981,164.393
4354,122.706,167.362
4355,127.614,164.393
4356,132.522,167.362
4357,137.431,164.393
4358,142.339,167.362
4359,147.247,164.393
4360,152.155,167.362
4372,211.054,167.362
4375,-201.238,172.894
4377,-191.421,172.894
4378,-186.513,175.863
4379,-181.605,172.894
4380,-176.696,175.863
4381,-171.788,172.894
4382,-166.88,175.863
4383,-161.972,172.894
4384,-157.064,175.863
4385,-152.155,172.894
4386,-147.247,175.863
4387,-142.339,172.894
4390,-127.614,175.863
4400,-78.5318,175.863
4401,-73.6235,172.894
4402,-68.7153,175.863
4403,-63.8071,172.894
4404,-58.8988,175.863
4405,-53.9906,172.894
4406,-49.0824,175.863
4407,-44.1741,172.894
4408,-39.2659,175.863
4410,-29.4494,175.863
4411,-24.5412,172.894
4412,-19.6329,175.863
4413,-14.7247,172.894
4418,9.81648,175.863
4419,14.7247,172.894
4421,24.5412,172.894
4422,29.4494,175.863
4423,34.3576,172.894
4424,39.2659,175.863
4425,44.1741,172.894
4426,49.0823,175.863
4427,53.9906,172.894
4428,58.8988,175.863
4429,63.807,172.894
4430,68.7153,175.863
4431,73.6235,172.894
4434,88.3482,175.863
4435,93.2565,172.894
4436,98.1647,175.863
4437,103.073,172.894
4438,107.981,175.863
4439,112.889,172.894
4440,117.798,175.863
4441,122.706,172.894
4442,127.614,175.863
4443,132.522,172.894
4444,137.431,175.863
4445,142.339,172.894
4446,147.247,175.863
4447,152.155,172.894
4448,157.064,175.863
4450,166.88,175.863
4451,171.788,172.894
4460,-196.329,181.395
4461,-191.421,184.364
4462,-186.513,181.395
4464,-176.696,181.395
4468,-157.064,181.395
4469,-152.155,184.364
4470,-147.247,181.395
4471,-142.339,184.364
4472,-137.431,181.395
4486,-68.7153,181.395
4487,-63.8071,184.364
4488,-58.8988,181.395
4489,-53.9906,184.364
4490,-49.0824,181.395
4491,-44.1741,184.364
4492,-39.2659,181.395
4493,-34.3577,184.364
4494,-29.4494,181.395
4495,-24.5412,184.364
4496,-19.6329,181.395
4500,-1.90735e-06,181.395
4501,4.90823,184.364
4502,9.81647,181.395
4503,14.7247,184.364
4505,24.5412,184.364
4506,29.4494,181.395
4507,34.3576,184.364
4508,39.2659,181.395
4509,44.1741,184.364
4510,49.0823,181.395
4511,53.9906,184.364
4512,58.8988,181.395
4513,63.807,184.364
4514,68.7153,181.395
4515,73.6236,184.364
4516,78.5318,181.395
4517,83.44,184.364
4518,88.3483,181.395
4519,93.2565,184.364
4520,98.1647,181.395
4521,103.073,184.364
4522,107.981,181.395
4523,112.889,184.364
4524,117.798,181.395
4525,122.706,184.364
4529,142.339,184.364
4531,152.155,184.364
4532,157.064,181.395
4533,161.972,184.364
4535,171.788,184.364
4536,176.696,181.395
4543,-186.513,192.866
4546,-171.788,189.897
4550,-152.155,189.897
4551,-147.247,192.866
4552,-142.339,189.897
4553,-137.431,192.866
4554,-132.522,189.897
4568,-63.8071,189.897
4569,-58.8988,192.866
4570,-53.9906,189.897
4571,-49.0824,192.866
4572,-44.1741,189.897
4573,-39.2659,192.866
4574,-34.3577,189.897
4575,-29.4494,192.866
4576,-24.5412,189.897
4577,-19.6329,192.866
4578,-14.7247,189.897
4579,-9.81647,192.866
4580,-4.90823,189.897
4581,1.90735e-06,192.866
4582,4.90824,189.897
4583,9.81647,192.866
4584,14.7247,189.897
4585,19.6329,192.866
4586,24.5412,189.897
4587,29.4494,192.866
4588,34.3577,189.897
4589,39.2659,192.866
4590,44.1741,189.897
4591,49.0824,192.866
4592,53.9906,189.897
4593,58.8988,192.866
4594,63.8071,189.897
4595,68.7153,192.866
4596,73.6235,189.897
4597,78.5318,192.866
4598,83.44,189.897
4599,88.3483,192.866
4600,93.2565,189.897
4602,103.073,189.897
4611,147.247,192.866
4612,152.155,189.897
4614,161.972,189.897
4615,166.88,192.866
4616,171.788,189.897
4617,176.697,192.866
4625,-166.88,198.398
4626,-161.972,201.367
4628,-152.155,201.367
4629,-147.247,198.398
4630,-142.339,201.367
4631,-137.431,198.398
4632,-132.522,201.367
4633,-127.614,198.398
4635,-117.798,198.398
4636,-112.889,201.367
4639,-98.1647,198.398
4640,-93.2565,201.367
4641,-88.3482,198.398
4646,-63.8071,201.367
4647,-58.8988,198.398
4648,-53.9906,201.367
4649,-49.0823,198.398
4650,-44.1741,201.367
4651,-39.2659,198.398
4652,-34.3576,201.367
4653,-29.4494,198.398
4654,-24.5412,201.367
4655,-19.6329,198.398
4656,-14.7247,201.367
4657,-9.81648,198.398
4658,-4.90823,201.367
4659,3.8147e-06,198.398
4660,4.90824,201.367
4661,9.81647,198.398
4662,14.7247,201.367
4663,19.6329,198.398
4664,24.5412,201.367
4665,29.4494,198.398
4666,34.3577,201.367
4667,39.2659,198.398
4668,44.1741,201.367
4669,49.0824,198.398
4670,53.9906,201.367
4671,58.8988,198.398
4672,63.8071,201.367
4673,68.7153,198.398
4690,152.155,201.367
4691,157.064,198.398
4693,166.88,198.398
4694,171.788,201.367
4695,176.697,198.398
4702,-157.064,209.868
4703,-152.155,206.899
4705,-142.339,206.899
4706,-137.431,209.868
4707,-132.522,206.899
4708,-127.614,209.868
4709,-122.706,206.899
4716,-88.3482,209.868
4717,-83.44,206.899
4718,-78.5318,209.868
4719,-73.6235,206.899
4720,-68.7153,209.868
4721,-63.8071,206.899
4722,-58.8988,209.868
4723,-53.9906,206.899
4725,-44.1741,206.899
4729,-24.5412,206.899
4731,-14.7247,206.899
4732,-9.81647,209.868
4733,-4.90824,206.899
4734,-7.62939e-06,209.868
4735,4.90824,206.899
4736,9.81647,209.868
4737,14.7247,206.899
4739,24.5412,206.899
4740,29.4494,209.868
4741,34.3576,206.899
4743,44.1741,206.899
4762,137.431,209.868
4775,-142.339,218.37
4776,-137.431,215.4
4777,-132.522,218.37
4778,-127.614,215.4
4779,-122.706,218.37
4780,-117.798,215.4
4781,-112.889,218.37
4782,-107.981,215.4
4783,-103.073,218.37
4784,-98.1647,215.4
4785,-93.2565,218.37
4786,-88.3482,215.4
4787,-83.44,218.37
4788,-78.5318,215.4
4789,-73.6235,218.37
4790,-68.7153,215.4
4791,-63.8071,218.37
4792,-58.8988,215.4
4793,-53.9906,218.37
4802,-9.81647,215.4
4803,-4.90824,218.37
4804,-1.90735e-06,215.4
4807,14.7247,218.37
4839,-147.247,226.871
4840,-142.339,223.902
4841,-137.431,226.871
4842,-132.522,223.902
4843,-127.614,226.871
4844,-122.706,223.902
4845,-117.798,226.871
4846,-112.889,223.902
4847,-107.981,226.871
4848,-103.073,223.902
4849,-98.1647,226.871
4850,-93.2565,223.902
4855,-68.7153,226.871
4856,-63.8071,223.902
4865,-19.6329,226.871
4866,-14.7247,223.902
4867,-9.81647,226.871
4868,-4.90823,223.902
4869,1.90735e-06,226.871
4870,4.90824,223.902
4902,-137.431,232.403
4903,-132.522,235.372
4904,-127.614,232.403
4905,-122.706,235.372
4913,-83.44,235.372
4914,-78.5318,232.403
4915,-73.6235,235.372
4916,-68.7153,232.403
4925,-24.5412,235.372
4926,-19.6329,232.403
4927,-14.7247,235.372
4928,-9.81648,232.403
4930,5.72205e-06,232.403
4967,-93.2565,240.904
4968,-88.3482,243.874
4969,-83.44,240.904
4970,-78.5318,243.874
4980,-29.4494,243.874
4981,-24.5412,240.904
4982,-19.6329,243.874
4983,-14.7247,240.904
4986,-3.8147e-06,243.874
4998,58.8988,243.874
5015,-98.1647,249.406
5016,-93.2565,252.375
5017,-88.3482,249.406
5018,-83.44,252.375
5020,-73.6235,252.375
5021,-68.7153,249.406
5022,-63.8071,252.375
5023,-58.8988,249.406
5024,-53.9906,252.375
5025,-49.0824,249.406
5026,-44.1741,252.375
5028,-34.3576,252.375
5029,-29.4494,249.406
5030,-24.5412,252.375
5061,-73.6235,257.907
5068,-39.2659,260.876
5069,-34.3576,257.907
5070,-29.4494,260.876
5076,-3.8147e-06,260.876
5099,-39.2659,266.408
5101,-29.4494,266.408
5107,0,266.408
5137,-186.513,-5.83687
5138,-181.605,-2.86764
5139,-176.696,-5.83687
5140,-171.788,-2.86764
5141,-166.88,-5.83687
5142,-161.972,-2.86764
5143,-157.064,-5.83687
5144,-154.609,-1.45075
5145,-152.155,-2.7999
5151,-144.793,-7.05056
5152,-144.793,-1.45075
5153,-142.339,-2.7999
5154,-142.339,-5.70141
5155,-139.885,-1.45075
5156,-139.885,-7.05056
5157,-137.431,-5.70141
5158,-137.431,-2.7999
5159,-134.976,-7.05056
5160,-134.976,-1.45075
5162,-132.522,-5.70141
5163,-130.068,-1.45075
5164,-130.068,-7.05056
5165,-127.614,-5.70141
5166,-127.614,-2.7999
5167,-125.16,-7.05056
5168,-125.16,-1.45075
5169,-122.706,-2.7999
5170,-122.706,-5.70141
5171,-120.252,-1.45075
5172,-120.252,-7.05056
5173,-117.798,-5.70141
5174,-117.798,-2.7999
5175,-115.344,-7.05056
5176,-115.344,-1.45075
5177,-112.889,-2.7999
5178,-112.889,-5.70141
5179,-110.435,-1.45075
5181,-107.981,-5.70141
5182,-107.981,-2.7999
5183,-105.527,-7.05056
5184,-105.527,-1.45075
5185,-103.073,-2.7999
5186,-103.073,-5.70141
5187,-100.619,-1.45075
5188,-100.619,-7.05056
5189,-98.1647,-5.70141
5190,-98.1647,-2.7999
5191,-95.7106,-7.05056
5192,-95.7106,-1.45075
5193,-93.2565,-2.7999
5194,-93.2565,-5.70141
5195,-90.8024,-1.45075
5196,-90.8024,-7.05056
5197,-88.3482,-5.70141
5198,-88.3482,-2.7999
5199,-85.8941,-7.05056
5200,-85.8941,-1.45075
5201,-83.44,-2.7999
5202,-83.44,-5.70141
5203,-80.9859,-1.45075
5204,-80.9859,-7.05056
5205,-78.5318,-5.70141
5206,-78.5318,-2.7999
5207,-76.0777,-7.05056
5208,-76.0777,-1.45075
5209,-73.6235,-2.7999
5210,-73.6235,-5.70141
5211,-71.1694,-1.45075
5212,-71.1694,-7.05056
5213,-68.7153,-5.70141
5214,-68.7153,-2.7999
5215,-66.2612,-7.05056
5216,-66.2612,-1.45075
5217,-63.8071,-2.7999
5218,-63.8071,-5.70141
5219,-61.353,-1.45075
5220,-61.353,-7.05056
5221,-58.8988,-5.70141
5222,-58.8988,-2.7999
5223,-56.4447,-7.05056
5224,-56.4447,-1.45075
5225,-53.9906,-2.7999
5226,-53.9906,-5.70141
5227,-51.5365,-1.45075
5228,-51.5365,-7.05056
5229,-49.0824,-5.70141
5230,-49.0824,-2.7999
5231,-46.6282,-7.05056
5232,-46.6282,-1.45075
5233,-44.1741,-2.7999
5234,-44.1741,-5.70141
5235,-41.72,-1.45075
5236,-41.72,-7.05056
5237,-39.2659,-5.70141
5238,-39.2659,-2.7999
5239,-36.8118,-7.05056
5240,-36.8118,-1.45075
5241,-34.3577,-2.7999
5242,-34.3577,-5.70141
5243,-31.9035,-1.45075
5244,-31.9035,-7.05056
5245,-29.4494,-5.70141
5246,-29.4494,-2.7999
5247,-26.9953,-7.05056
5248,-26.9953,-1.45075
5249,-24.5412,-2.7999
5250,-24.5412,-5.70141
5251,-22.0871,-1.45075
5252,-22.0871,-7.05056
5253,-19.6329,-5.70141
5254,-19.6329,-2.7999
5255,-17.1788,-7.05056
5256,-17.1788,-1.45075
5257,-14.7247,-2.7999
5258,-14.7247,-5.70141
5259,-12.2706,-1.45075
5260,-12.2706,-7.05056
5261,-9.81648,-5.70141
5262,-9.81648,-2.7999
5263,-7.36236,-7.05056
5264,-7.36237,-1.45075
5268,-2.45413,-7.05056
5269,-1.33514e-05,-5.70141
5270,-1.33514e-05,-2.7999
5271,2.4541,-7.05056
5273,4.90825,-2.7999
5274,4.90825,-5.70141
5275,7.36237,-1.45075
5276,7.36237,-7.05056
5277,9.81648,-5.70141
5278,9.81648,-2.7999
5279,12.2706,-7.05056
5280,12.2706,-1.45075
5281,14.7247,-2.7999
5282,14.7247,-5.70141
5283,17.1788,-1.45075
5284,17.1788,-7.05056
5285,19.6329,-5.70141
5286,19.6329,-2.7999
5287,22.0871,-7.05056
5288,22.0871,-1.45075
5289,24.5412,-2.7999
5290,24.5412,-5.70141
5291,26.9953,-1.45075
5292,26.9953,-7.05056
5293,29.4494,-5.70141
5294,29.4494,-2.7999
5295,31.9035,-7.05056
5296,31.9035,-1.45075
5297,34.3577,-2.7999
5298,34.3577,-5.70141
5299,36.8118,-1.45075
5300,36.8118,-7.05056
5301,39.2659,-5.70141
5302,39.2659,-2.7999
5303,41.72,-7.05056
5304,41.72,-1.45075
5305,44.1741,-2.7999
5306,44.1741,-5.70141
5307,46.6282,-1.45075
5308,46.6282,-7.05056
5309,49.0824,-5.70141
5310,49.0824,-2.7999
5311,51.5365,-7.05056
5312,51.5365,-1.45075
5313,53.9906,-2.7999
5314,53.9906,-5.70141
5315,56.4447,-1.45075
5316,56.4447,-7.05056
5317,58.8988,-5.70141
5318,58.8988,-2.7999
5319,61.3529,-7.05056
5320,61.3529,-1.45075
5321,63.8071,-2.7999
5322,63.8071,-5.70141
5323,66.2612,-1.45075
5324,66.2612,-7.05056
5325,68.7153,-5.70141
5326,68.7153,-2.7999
5327,71.1694,-7.05056
5328,71.1694,-1.45075
5329,73.6235,-2.7999
5330,73.6235,-5.70141
5331,76.0776,-1.45075
5332,76.0776,-7.05056
5333,78.5318,-5.70141
5334,78.5318,-2.7999
5335,80.9859,-7.05056
5336,80.9859,-1.45075
5337,83.44,-2.7999
5338,83.44,-5.70141
5339,85.8941,-1.45075
5340,85.8941,-7.05056
5341,88.3483,-5.70141
5342,88.3483,-2.7999
5343,90.8024,-7.05056
5344,90.8024,-1.45075
5345,93.2565,-2.7999
5346,93.2565,-5.70141
5347,95.7106,-1.45075
5348,95.7106,-7.05056
5349,98.1647,-5.70141
5350,98.1647,-2.7999
5351,100.619,-7.05056
5352,100.619,-1.45075
5353,103.073,-2.7999
5354,103.073,-5.70141
5355,105.527,-1.45075
5356,105.527,-7.05056
5357,107.981,-5.70141
5358,107.981,-2.7999
5359,110.435,-7.05056
5361,112.889,-2.7999
5362,112.889,-5.70141
5363,115.344,-1.45075
5364,115.344,-7.05056
5365,117.798,-5.70141
5366,117.798,-2.7999
5367,120.252,-7.05056
5368,120.252,-1.45075
5369,122.706,-2.7999
5370,122.706,-5.70141
5371,125.16,-1.45075
5372,125.16,-7.05056
5373,127.614,-5.70141
5374,127.614,-2.7999
5375,130.068,-7.05056
5376,130.068,-1.45075
5377,132.522,-2.7999
5378,132.522,-5.70141
5379,134.976,-1.45075
5381,137.431,-5.70141
5382,137.431,-2.7999
5383,139.885,-7.05056
5384,139.885,-1.45075
5385,142.339,-2.7999
5386,142.339,-5.70141
5387,144.793,-1.45075
5388,144.793,-7.05056
5389,147.247,-5.70141
5390,147.247,-2.7999
5391,149.701,-7.05056
5392,149.701,-1.45075
5393,152.155,-2.7999
5394,152.155,-5.70141
5395,154.609,-1.45075
5398,166.88,-5.83687
5399,171.788,-2.86764
5400,176.697,-5.83687
5401,181.605,-2.86764
5402,186.513,-5.83687
5404,196.329,-5.83687
5405,201.238,-2.86764
5411,230.687,-2.86764
5415,250.32,-2.86764
5416,255.228,-5.83687
5417,260.136,-2.86764
5418,265.045,-5.83687
5419,269.953,-2.86764
5437,-186.513,-11.369
5438,-181.605,-14.3382
5439,-176.696,-11.369
5440,-171.788,-14.3382
5441,-166.88,-11.369
5446,-147.247,-11.3012
5447,-147.247,-14.2027
5448,-144.793,-9.95207
5449,-144.793,-15.5519
5450,-142.339,-14.2027
5451,-142.339,-11.3012
5452,-139.885,-15.5519
5453,-139.885,-9.95207
5454,-137.431,-11.3012
5455,-137.431,-14.2027
5456,-134.976,-9.95207
5457,-134.976,-15.5519
5458,-132.522,-14.2027
5459,-132.522,-11.3012
5460,-130.068,-15.5519
5461,-130.068,-9.95207
5462,-127.614,-11.3012
5463,-127.614,-14.2027
5464,-125.16,-9.95207
5465,-125.16,-15.5519
5466,-122.706,-14.2027
5467,-122.706,-11.3012
5468,-120.252,-15.5519
5469,-120.252,-9.95207
5470,-117.798,-11.3012
5471,-117.798,-14.2027
5472,-115.344,-9.95207
5473,-115.344,-15.5519
5474,-112.889,-14.2027
5475,-112.889,-11.3012
5476,-110.435,-15.5519
5477,-110.435,-9.95207
5478,-107.981,-11.3012
5479,-107.981,-14.2027
5480,-105.527,-9.95207
5481,-105.527,-15.5519
5482,-103.073,-14.2027
5483,-103.073,-11.3012
5484,-100.619,-15.5519
5485,-100.619,-9.95207
5486,-98.1647,-11.3012
5487,-98.1647,-14.2027
5488,-95.7106,-9.95207
5489,-95.7106,-15.5519
5490,-93.2565,-14.2027
5491,-93.2565,-11.3012
5492,-90.8024,-15.5519
5493,-90.8024,-9.95207
5494,-88.3482,-11.3012
5495,-88.3482,-14.2027
5496,-85.8941,-9.95207
5497,-85.8941,-15.5519
5498,-83.44,-14.2027
5499,-83.44,-11.3012
5500,-80.9859,-15.5519
5501,-80.9859,-9.95207
5502,-78.5318,-11.3012
5503,-78.5318,-14.2027
5504,-76.0777,-9.95207
5505,-76.0777,-15.5519
5506,-73.6235,-14.2027
5507,-73.6235,-11.3012
5508,-71.1694,-15.5519
5509,-71.1694,-9.95207
5510,-68.7153,-11.3012
5511,-68.7153,-14.2027
5512,-66.2612,-9.95207
5513,-66.2612,-15.5519
5514,-63.8071,-14.2027
5515,-63.8071,-11.3012
5516,-61.353,-15.5519
5517,-61.353,-9.95207
5518,-58.8988,-11.3012
5519,-58.8988,-14.2027
5520,-56.4447,-9.95207
5521,-56.4447,-15.5519
5522,-53.9906,-14.2027
5523,-53.9906,-11.3012
5524,-51.5365,-15.5519
5525,-51.5365,-9.95207
5526,-49.0824,-11.3012
5527,-49.0824,-14.2027
5528,-46.6282,-9.95207
5529,-46.6282,-15.5519
5530,-44.1741,-14.2027
5531,-44.1741,-11.3012
5532,-41.72,-15.5519
5533,-41.72,-9.95207
5534,-39.2659,-11.3012
5535,-39.2659,-14.2027
5536,-36.8118,-9.95207
5537,-36.8118,-15.5519
5538,-34.3577,-14.2027
5539,-34.3577,-11.3012
5540,-31.9035,-15.5519
5541,-31.9035,-9.95207
5542,-29.4494,-11.3012
5543,-29.4494,-14.2027
5544,-26.9953,-9.95207
5545,-26.9953,-15.5519
5546,-24.5412,-14.2027
5547,-24.5412,-11.3012
5548,-22.0871,-15.5519
5549,-22.0871,-9.95207
5550,-19.6329,-11.3012
5551,-19.6329,-14.2027
5552,-17.1788,-9.95207
5553,-17.1788,-15.5519
5554,-14.7247,-14.2027
5555,-14.7247,-11.3012
5556,-12.2706,-15.5519
5557,-12.2706,-9.95207
5558,-9.81648,-11.3012
5559,-9.81648,-14.2027
5560,-7.36236,-9.95207
5561,-7.36237,-15.5519
5562,-4.90825,-14.2027
5563,-4.90825,-11.3012
5564,-2.45413,-15.5519
5565,-2.45413,-9.95207
5566,-1.33514e-05,-11.3012
5567,-1.33514e-05,-14.2027
5568,2.4541,-9.95207
5569,2.45413,-15.5519
5570,4.90825,-14.2027
5572,7.36237,-15.5519
5573,7.36237,-9.95207
5574,9.81648,-11.3012
5575,9.81648,-14.2027
5576,12.2706,-9.95207
5577,12.2706,-15.5519
5578,14.7247,-14.2027
5579,14.7247,-11.3012
5580,17.1788,-15.5519
5581,17.1788,-9.95207
5582,19.6329,-11.3012
5583,19.6329,-14.2027
5584,22.0871,-9.95207
5585,22.0871,-15.5519
5586,24.5412,-14.2027
5587,24.5412,-11.3012
5588,26.9953,-15.5519
5589,26.9953,-9.95207
5590,29.4494,-11.3012
5591,29.4494,-14.2027
5592,31.9035,-9.95207
5593,31.9035,-15.5519
5594,34.3577,-14.2027
5595,34.3577,-11.3012
5596,36.8118,-15.5519
5597,36.8118,-9.95207
5598,39.2659,-11.3012
5599,39.2659,-14.2027
5600,41.72,-9.95207
5601,41.72,-15.5519
5602,44.1741,-14.2027
5603,44.1741,-11.3012
5604,46.6282,-15.5519
5605,46.6282,-9.95207
5606,49.0824,-11.3012
5607,49.0824,-14.2027
5608,51.5365,-9.95207
5609,51.5365,-15.5519
5610,53.9906,-14.2027
5611,53.9906,-11.3012
5612,56.4447,-15.5519
5613,56.4447,-9.95207
5614,58.8988,-11.3012
5615,58.8988,-14.2027
5616,61.3529,-9.95207
5617,61.3529,-15.5519
5618,63.8071,-14.2027
5619,63.8071,-11.3012
5620,66.2612,-15.5519
5621,66.2612,-9.95207
5622,68.7153,-11.3012
5623,68.7153,-14.2027
5624,71.1694,-9.95207
5625,71.1694,-15.5519
5626,73.6235,-14.2027
5627,73.6235,-11.3012
5628,76.0776,-15.5519
5629,76.0776,-9.95207
5630,78.5318,-11.3012
5631,78.5318,-14.2027
5632,80.9859,-9.95207
5633,80.9859,-15.5519
5634,83.44,-14.2027
5635,83.44,-11.3012
5636,85.8941,-15.5519
5637,85.8941,-9.95207
5638,88.3483,-11.3012
5639,88.3483,-14.2027
5640,90.8024,-9.95207
5641,90.8024,-15.5519
5642,93.2565,-14.2027
5643,93.2565,-11.3012
5644,95.7106,-15.5519
5645,95.7106,-9.95207
5646,98.1647,-11.3012
5647,98.1647,-14.2027
5648,100.619,-9.95207
5649,100.619,-15.5519
5650,103.073,-14.2027
5651,103.073,-11.3012
5652,105.527,-15.5519
5653,105.527,-9.95207
5654,107.981,-11.3012
5655,107.981,-14.2027
5656,110.435,-9.95207
5657,110.435,-15.5519
5658,112.889,-14.2027
5659,112.889,-11.3012
5660,115.344,-15.5519
5661,115.344,-9.95207
5662,117.798,-11.3012
5663,117.798,-14.2027
5664,120.252,-9.95207
5665,120.252,-15.5519
5666,122.706,-14.2027
5667,122.706,-11.3012
5669,125.16,-9.95207
5675,132.522,-11.3012
5676,134.976,-15.5519
5678,137.431,-11.3012
5680,139.885,-9.95207
5681,139.885,-15.5519
5682,142.339,-14.2027
5683,142.339,-11.3012
5684,144.793,-15.5519
5685,144.793,-9.95207
5686,147.247,-11.3012
5687,147.247,-14.2027
5688,149.701,-9.95207
5689,152.155,-14.3382
5690,157.064,-11.369
5691,161.972,-14.3382
5692,166.88,-11.369
5693,171.788,-14.3382
5694,176.697,-11.369
5695,181.605,-14.3382
5696,186.513,-11.369
5697,191.421,-14.3382
5698,196.329,-11.369
5699,201.238,-14.3382
5700,206.146,-11.369
5703,220.871,-14.3382
5704,225.779,-11.369
5705,230.687,-14.3382
5707,240.504,-14.3382
5708,245.412,-11.369
5711,260.136,-14.3382
5712,265.045,-11.369
5713,269.953,-14.3382
5730,-191.421,-19.8703
5731,-186.513,-22.8395
5732,-181.605,-19.8703
5733,-176.696,-22.8395
5734,-171.788,-19.8703
5735,-166.88,-22.8395
5737,-157.064,-22.8395
5738,-152.155,-19.8703
5739,-147.247,-22.8395
5740,-144.793,-18.4534
5741,-142.339,-19.8025
5743,-139.885,-18.4534
5744,-139.885,-24.0532
5745,-137.431,-22.704
5746,-137.431,-19.8025
5747,-134.976,-24.0532
5748,-134.976,-18.4534
5749,-132.522,-19.8025
5750,-132.522,-22.704
5751,-130.068,-18.4534
5752,-130.068,-24.0532
5753,-127.614,-22.704
5754,-127.614,-19.8025
5755,-125.16,-24.0532
5756,-125.16,-18.4534
5757,-122.706,-19.8025
5758,-122.706,-22.704
5759,-120.252,-18.4534
5760,-120.252,-24.0532
5761,-117.798,-22.704
5762,-117.798,-19.8025
5763,-115.344,-24.0532
5764,-115.344,-18.4534
5765,-112.889,-19.8025
5766,-112.889,-22.704
5767,-110.435,-18.4534
5768,-110.435,-24.0532
5769,-107.981,-22.704
5770,-107.981,-19.8025
5771,-105.527,-24.0532
5772,-105.527,-18.4534
5773,-103.073,-19.8025
5774,-103.073,-22.704
5775,-100.619,-18.4534
5776,-100.619,-24.0532
5777,-98.1647,-22.704
5778,-98.1647,-19.8025
5779,-95.7106,-24.0532
5780,-95.7106,-18.4534
5781,-93.2565,-19.8025
5782,-93.2565,-22.704
5783,-90.8024,-18.4534
5784,-90.8024,-24.0532
5785,-88.3482,-22.704
5786,-88.3482,-19.8025
5787,-85.8941,-24.0532
5788,-85.8941,-18.4534
5789,-83.44,-19.8025
5790,-83.44,-22.704
5791,-80.9859,-18.4534
5792,-80.9859,-24.0532
5793,-78.5318,-22.704
5794,-78.5318,-19.8025
5795,-76.0777,-24.0532
5796,-76.0777,-18.4534
5797,-73.6235,-19.8025
5798,-73.6235,-22.704
5799,-71.1694,-18.4534
5800,-71.1694,-24.0532
5801,-68.7153,-22.704
5802,-68.7153,-19.8025
5803,-66.2612,-24.0532
5804,-66.2612,-18.4534
5805,-63.8071,-19.8025
5806,-63.8071,-22.704
5807,-61.353,-18.4534
5808,-61.353,-24.0532
5809,-58.8988,-22.704
5810,-58.8988,-19.8025
5811,-56.4447,-24.0532
5812,-56.4447,-18.4534
5813,-53.9906,-19.8025
5814,-53.9906,-22.704
5815,-51.5365,-18.4534
5816,-51.5365,-24.0532
5817,-49.0824,-22.704
5818,-49.0824,-19.8025
5819,-46.6282,-24.0532
5820,-46.6282,-18.4534
5821,-44.1741,-19.8025
5822,-44.1741,-22.704
5823,-41.72,-18.4534
5824,-41.72,-24.0532
5825,-39.2659,-22.704
5826,-39.2659,-19.8025
5827,-36.8118,-24.0532
5828,-36.8118,-18.4534
5829,-34.3577,-19.8025
5830,-34.3577,-22.704
5831,-31.9035,-18.4534
5832,-31.9035,-24.0532
5833,-29.4494,-22.704
5834,-29.4494,-19.8025
5835,-26.9953,-24.0532
5836,-26.9953,-18.4534
5837,-24.5412,-19.8025
5838,-24.5412,-22.704
5839,-22.0871,-18.4534
5840,-22.0871,-24.0532
5841,-19.6329,-22.704
5842,-19.6329,-19.8025
5843,-17.1788,-24.0532
5844,-17.1788,-18.4534
5845,-14.7247,-19.8025
5846,-14.7247,-22.704
5847,-12.2706,-18.4534
5848,-12.2706,-24.0532
5849,-9.81648,-22.704
5850,-9.81648,-19.8025
5851,-7.36236,-24.0532
5852,-7.36237,-18.4534
5853,-4.90825,-19.8025
5854,-4.90825,-22.704
5855,-2.45413,-18.4534
5856,-2.45413,-24.0532
5857,-1.33514e-05,-22.704
5858,-1.33514e-05,-19.8025
5859,2.4541,-24.0532
5860,2.45413,-18.4534
5861,4.90825,-19.8025
5862,4.90825,-22.704
5863,7.36237,-18.4534
5864,7.36237,-24.0532
5865,9.81648,-22.704
5866,9.81648,-19.8025
5867,12.2706,-24.0532
5868,12.2706,-18.4534
5869,14.7247,-19.8025
5870,14.7247,-22.704
5871,17.1788,-18.4534
5872,17.1788,-24.0532
5873,19.6329,-22.704
5874,19.6329,-19.8025
5875,22.0871,-24.0532
5876,22.0871,-18.4534
5877,24.5412,-19.8025
5878,24.5412,-22.704
5879,26.9953,-18.4534
5880,26.9953,-24.0532
5881,29.4494,-22.704
5882,29.4494,-19.8025
5883,31.9035,-24.0532
5884,31.9035,-18.4534
5885,34.3577,-19.8025
5886,34.3577,-22.704
5887,36.8118,-18.4534
5888,36.8118,-24.0532
5889,39.2659,-22.704
5890,39.2659,-19.8025
5891,41.72,-24.0532
5892,41.72,-18.4534
5893,44.1741,-19.8025
5894,44.1741,-22.704
5895,46.6282,-18.4534
5896,46.6282,-24.0532
5897,49.0824,-22.704
5898,49.0824,-19.8025
5899,51.5365,-24.0532
5900,51.5365,-18.4534
5901,53.9906,-19.8025
5902,53.9906,-22.704
5903,56.4447,-18.4534
5904,56.4447,-24.0532
5905,58.8988,-22.704
5906,58.8988,-19.8025
5907,61.3529,-24.0532
5908,61.3529,-18.4534
5909,63.8071,-19.8025
5910,63.8071,-22.704
5911,66.2612,-18.4534
5912,66.2612,-24.0532
5913,68.7153,-22.704
5914,68.7153,-19.8025
5915,71.1694,-24.0532
5916,71.1694,-18.4534
5917,73.6235,-19.8025
5918,73.6235,-22.704
5919,76.0776,-18.4534
5920,76.0776,-24.0532
5921,78.5318,-22.704
5922,78.5318,-19.8025
5923,80.9859,-24.0532
5924,80.9859,-18.4534
5925,83.44,-19.8025
5926,83.44,-22.704
5927,85.8941,-18.4534
5928,85.8941,-24.0532
5929,88.3483,-22.704
5930,88.3483,-19.8025
5931,90.8024,-24.0532
5932,90.8024,-18.4534
5933,93.2565,-19.8025
5934,93.2565,-22.704
5935,95.7106,-18.4534
5936,95.7106,-24.0532
5937,98.1647,-22.704
5938,98.1647,-19.8025
5939,100.619,-24.0532
5940,100.619,-18.4534
5941,103.073,-19.8025
5942,103.073,-22.704
5943,105.527,-18.4534
5944,105.527,-24.0532
5945,107.981,-22.704
5946,107.981,-19.8025
5947,110.435,-24.0532
5948,110.435,-18.4534
5949,112.889,-19.8025
5950,112.889,-22.704
5951,115.344,-18.4534
5952,115.344,-24.0532
5953,117.798,-22.704
5954,117.798,-19.8025
5955,120.252,-24.0532
5956,120.252,-18.4534
5958,122.706,-22.704
5961,127.614,-22.704
5963,130.068,-24.0532
5964,130.068,-18.4534
5968,134.976,-24.0532
5969,137.431,-22.704
5970,137.431,-19.8025
5971,139.885,-24.0532
5972,139.885,-18.4534
5973,142.339,-19.8025
5974,142.339,-22.704
5975,144.793,-18.4534
5976,147.247,-22.8395
5977,152.155,-19.8703
5978,157.064,-22.8395
5979,161.972,-19.8703
5980,166.88,-22.8395
5981,171.788,-19.8703
5982,176.697,-22.8395
5983,181.605,-19.8703
5984,186.513,-22.8395
5985,191.421,-19.8703
5986,196.329,-22.8395
5987,201.238,-19.8703
5988,206.146,-22.8395
5989,211.054,-19.8703
5990,215.962,-22.8395
5991,220.871,-19.8703
5992,225.779,-22.8395
5993,230.687,-19.8703
5996,245.412,-22.8395
5997,250.32,-19.8703
5998,255.228,-22.8395
5999,260.136,-19.8703
6000,265.045,-22.8395
6001,269.953,-19.8703
6018,-191.421,-31.3408
6019,-186.513,-28.3716
6020,-181.605,-31.3408
6021,-176.696,-28.3716
6022,-171.788,-31.3408
6023,-166.88,-28.3716
6024,-161.972,-31.3408
6025,-157.064,-28.3716
6026,-152.155,-31.3408
6028,-142.339,-31.3408
6029,-139.885,-26.9547
6030,-137.431,-28.3038
6031,-137.431,-31.2053
6032,-134.976,-26.9547
6033,-134.976,-32.5545
6034,-132.522,-31.2053
6035,-132.522,-28.3038
6036,-130.068,-32.5545
6037,-130.068,-26.9547
6038,-127.614,-28.3038
6039,-127.614,-31.2053
6040,-125.16,-26.9547
6041,-125.16,-32.5545
6042,-122.706,-31.2053
6043,-122.706,-28.3038
6044,-120.252,-32.5545
6045,-120.252,-26.9547
6046,-117.798,-28.3038
6047,-117.798,-31.2053
6048,-115.344,-26.9547
6049,-115.344,-32.5545
6050,-112.889,-31.2053
6051,-112.889,-28.3038
6052,-110.435,-32.5545
6053,-110.435,-26.9547
6054,-107.981,-28.3038
6055,-107.981,-31.2053
6056,-105.527,-26.9547
6057,-105.527,-32.5545
6058,-103.073,-31.2053
6059,-103.073,-28.3038
6060,-100.619,-32.5545
6061,-100.619,-26.9547
6062,-98.1647,-28.3038
6063,-98.1647,-31.2053
6064,-95.7106,-26.9547
6065,-95.7106,-32.5545
6066,-93.2565,-31.2053
6067,-93.2565,-28.3038
6068,-90.8024,-32.5545
6069,-90.8024,-26.9547
6070,-88.3482,-28.3038
6071,-88.3482,-31.2053
6072,-85.8941,-26.9547
6073,-85.8941,-32.5545
6074,-83.44,-31.2053
6075,-83.44,-28.3038
6077,-80.9859,-26.9547
6078,-78.5318,-28.3038
6079,-78.5318,-31.2053
6080,-76.0777,-26.9547
6081,-76.0777,-32.5545
6082,-73.6235,-31.2053
6083,-73.6235,-28.3038
6084,-71.1694,-32.5545
6085,-71.1694,-26.9547
6086,-68.7153,-28.3038
6087,-68.7153,-31.2053
6088,-66.2612,-26.9547
6089,-66.2612,-32.5545
6090,-63.8071,-31.2053
6091,-63.8071,-28.3038
6092,-61.353,-32.5545
6093,-61.353,-26.9547
6094,-58.8988,-28.3038
6095,-58.8988,-31.2053
6096,-56.4447,-26.9547
6097,-56.4447,-32.5545
6098,-53.9906,-31.2053
6099,-53.9906,-28.3038
6100,-51.5365,-32.5545
6101,-51.5365,-26.9547
6102,-49.0824,-28.3038
6103,-49.0824,-31.2053
6104,-46.6282,-26.9547
6105,-46.6282,-32.5545
6106,-44.1741,-31.2053
6107,-44.1741,-28.3038
6108,-41.72,-32.5545
6109,-41.72,-26.9547
6110,-39.2659,-28.3038
6111,-39.2659,-31.2053
6112,-36.8118,-26.9547
6113,-36.8118,-32.5545
6114,-34.3577,-31.2053
6115,-34.3577,-28.3038
6116,-31.9035,-32.5545
6117,-31.9035,-26.9547
6118,-29.4494,-28.3038
6119,-29.4494,-31.2053
6120,-26.9953,-26.9547
6121,-26.9953,-32.5545
6122,-24.5412,-31.2053
6123,-24.5412,-28.3038
6124,-22.0871,-32.5545
6125,-22.0871,-26.9547
6126,-19.6329,-28.3038
6127,-19.6329,-31.2053
6128,-17.1788,-26.9547
6129,-17.1788,-32.5545
6130,-14.7247,-31.2053
6131,-14.7247,-28.3038
6132,-12.2706,-32.5545
6133,-12.2706,-26.9547
6134,-9.81648,-28.3038
6135,-9.81648,-31.2053
6136,-7.36236,-26.9547
6137,-7.36237,-32.5545
6138,-4.90825,-31.2053
6139,-4.90825,-28.3038
6140,-2.45413,-32.5545
6141,-2.45413,-26.9547
6142,-1.33514e-05,-28.3038
6143,-1.33514e-05,-31.2053
6144,2.4541,-26.9547
6145,2.45413,-32.5545
6146,4.90825,-31.2053
6147,4.90825,-28.3038
6148,7.36237,-32.5545
6149,7.36237,-26.9547
6150,9.81648,-28.3038
6151,9.81648,-31.2053
6152,12.2706,-26.9547
6153,12.2706,-32.5545
6154,14.7247,-31.2053
6155,14.7247,-28.3038
6156,17.1788,-32.5545
6157,17.1788,-26.9547
6158,19.6329,-28.3038
6159,19.6329,-31.2053
6160,22.0871,-26.9547
6161,22.0871,-32.5545
6162,24.5412,-31.2053
6163,24.5412,-28.3038
6164,26.9953,-32.5545
6165,26.9953,-26.9547
6166,29.4494,-28.3038
6167,29.4494,-31.2053
6168,31.9035,-26.9547
6169,31.9035,-32.5545
6170,34.3577,-31.2053
6171,34.3577,-28.3038
6172,36.8118,-32.5545
6173,36.8118,-26.9547
6174,39.2659,-28.3038
6175,39.2659,-31.2053
6176,41.72,-26.9547
6177,41.72,-32.5545
6178,44.1741,-31.2053
6179,44.1741,-28.3038
6180,46.6282,-32.5545
6181,46.6282,-26.9547
6182,49.0824,-28.3038
6183,49.0824,-31.2053
6184,51.5365,-26.9547
6185,51.5365,-32.5545
6186,53.9906,-31.2053
6187,53.9906,-28.3038
6188,56.4447,-32.5545
6189,56.4447,-26.9547
6190,58.8988,-28.3038
6191,58.8988,-31.2053
6192,61.3529,-26.9547
6193,61.3529,-32.5545
6194,63.8071,-31.2053
6195,63.8071,-28.3038
6196,66.2612,-32.5545
6197,66.2612,-26.9547
6198,68.7153,-28.3038
6199,68.7153,-31.2053
6200,71.1694,-26.9547
6201,71.1694,-32.5545
6202,73.6235,-31.2053
6203,73.6235,-28.3038
6204,76.0776,-32.5545
6205,76.0776,-26.9547
6206,78.5318,-28.3038
6207,78.5318,-31.2053
6208,80.9859,-26.9547
6209,80.9859,-32.5545
6210,83.44,-31.2053
6211,83.44,-28.3038
6212,85.8941,-32.5545
6213,85.8941,-26.9547
6214,88.3483,-28.3038
6215,88.3483,-31.2053
6216,90.8024,-26.9547
6217,90.8024,-32.5545
6218,93.2565,-31.2053
6219,93.2565,-28.3038
6220,95.7106,-32.5545
6221,95.7106,-26.9547
6222,98.1647,-28.3038
6223,98.1647,-31.2053
6224,100.619,-26.9547
6225,100.619,-32.5545
6226,103.073,-31.2053
6227,103.073,-28.3038
6228,105.527,-32.5545
6229,105.527,-26.9547
6230,107.981,-28.3038
6231,107.981,-31.2053
6233,110.435,-32.5545
6234,112.889,-31.2053
6235,112.889,-28.3038
6236,115.344,-32.5545
6237,115.344,-26.9547
6238,117.798,-28.3038
6239,117.798,-31.2053
6240,120.252,-26.9547
6241,120.252,-32.5545
6242,122.706,-31.2053
6243,122.706,-28.3038
6244,125.16,-32.5545
6245,125.16,-26.9547
6246,127.614,-28.3038
6247,127.614,-31.2053
6248,130.068,-26.9547
6249,130.068,-32.5545
6250,132.522,-31.2053
6251,132.522,-28.3038
6252,134.976,-32.5545
6253,134.976,-26.9547
6254,137.431,-28.3038
6255,137.431,-31.2053
6256,139.885,-26.9547
6257,142.339,-31.3408
6258,147.247,-28.3716
6259,152.155,-31.3408
6260,157.064,-28.3716
6261,161.972,-31.3408
6262,166.88,-28.3716
6263,171.788,-31.3408
6264,176.697,-28.3716
6265,181.605,-31.3408
6266,186.513,-28.3716
6267,191.421,-31.3408
6268,196.329,-28.3716
6272,215.962,-28.3716
6275,230.687,-31.3408
6276,235.595,-28.3716
6277,240.504,-31.3408
6278,245.412,-28.3716
6279,250.32,-31.3408
6280,255.228,-28.3716
6281,260.136,-31.3408
6283,269.953,-31.3408
6299,-191.421,-36.8729
6300,-186.513,-39.8421
6301,-181.605,-36.8729
6302,-176.696,-39.8421
6303,-171.788,-36.8729
6304,-166.88,-39.8421
6305,-161.972,-36.8729
6307,-152.155,-36.8729
6308,-147.247,-39.8421
6309,-142.339,-36.8729
6310,-137.431,-39.8421
6311,-134.976,-35.456
6312,-132.522,-36.8052
6313,-132.522,-39.7067
6314,-130.068,-35.456
6315,-130.068,-41.0558
6316,-127.614,-39.7067
6317,-127.614,-36.8052
6318,-125.16,-41.0558
6319,-125.16,-35.456
6320,-122.706,-36.8052
6321,-122.706,-39.7067
6322,-120.252,-35.456
6323,-120.252,-41.0558
6324,-117.798,-39.7067
6325,-117.798,-36.8052
6326,-115.344,-41.0558
6327,-115.344,-35.456
6328,-112.889,-36.8052
6329,-112.889,-39.7067
6330,-110.435,-35.456
6331,-110.435,-41.0558
6332,-107.981,-39.7067
6333,-107.981,-36.8052
6334,-105.527,-41.0558
6335,-105.527,-35.456
6336,-103.073,-36.8052
6337,-103.073,-39.7067
6338,-100.619,-35.456
6339,-100.619,-41.0558
6340,-98.1647,-39.7067
6341,-98.1647,-36.8052
6342,-95.7106,-41.0558
6343,-95.7106,-35.456
6344,-93.2565,-36.8052
6345,-93.2565,-39.7067
6346,-90.8024,-35.456
6347,-90.8024,-41.0558
6349,-88.3483,-36.8052
6350,-85.8941,-41.0558
6351,-85.8941,-35.456
6352,-83.44,-36.8052
6353,-83.44,-39.7067
6354,-80.9859,-35.456
6355,-80.9859,-41.0558
6356,-78.5318,-39.7067
6357,-78.5318,-36.8052
6358,-76.0777,-41.0558
6359,-76.0777,-35.456
6360,-73.6235,-36.8052
6361,-73.6235,-39.7067
6362,-71.1694,-35.456
6363,-71.1694,-41.0558
6364,-68.7153,-39.7067
6365,-68.7153,-36.8052
6366,-66.2612,-41.0558
6367,-66.2612,-35.456
6368,-63.8071,-36.8052
6369,-63.8071,-39.7067
6370,-61.353,-35.456
6371,-61.3529,-41.0558
6372,-58.8988,-39.7067
6373,-58.8988,-36.8052
6374,-56.4447,-41.0558
6375,-56.4447,-35.456
6376,-53.9906,-36.8052
6377,-53.9906,-39.7067
6378,-51.5365,-35.456
6379,-51.5365,-41.0558
6380,-49.0823,-39.7067
6381,-49.0823,-36.8052
6382,-46.6282,-41.0558
6383,-46.6282,-35.456
6384,-44.1741,-36.8052
6385,-44.1741,-39.7067
6386,-41.72,-35.456
6387,-41.72,-41.0558
6388,-39.2659,-39.7067
6389,-39.2659,-36.8052
6390,-36.8118,-41.0558
6391,-36.8118,-35.456
6392,-34.3576,-36.8052
6393,-34.3576,-39.7067
6394,-31.9035,-35.456
6395,-31.9035,-41.0558
6396,-29.4494,-39.7067
6397,-29.4494,-36.8052
6398,-26.9953,-41.0558
6399,-26.9953,-35.456
6400,-24.5412,-36.8052
6401,-24.5412,-39.7067
6402,-22.0871,-35.456
6403,-22.0871,-41.0558
6404,-19.6329,-39.7067
6405,-19.6329,-36.8052
6406,-17.1788,-41.0558
6407,-17.1788,-35.456
6408,-14.7247,-36.8052
6409,-14.7247,-39.7067
6410,-12.2706,-35.456
6411,-12.2706,-41.0558
6412,-9.81648,-39.7067
6413,-9.81648,-36.8052
6414,-7.36236,-41.0558
6415,-7.36236,-35.456
6416,-4.90825,-36.8052
6417,-4.90825,-39.7067
6418,-2.45413,-35.456
6419,-2.45413,-41.0558
6420,-1.14441e-05,-39.7067
6421,-1.14441e-05,-36.8052
6422,2.45411,-41.0558
6423,2.4541,-35.456
6424,4.90822,-36.8052
6425,4.90822,-39.7067
6426,7.36234,-35.456
6427,7.36237,-41.0558
6428,9.81649,-39.7067
6429,9.81649,-36.8052
6430,12.2706,-41.0558
6431,12.2706,-35.456
6432,14.7247,-36.8052
6433,14.7247,-39.7067
6434,17.1788,-35.456
6435,17.1788,-41.0558
6436,19.633,-39.7067
6437,19.633,-36.8052
6438,22.0871,-41.0558
6439,22.0871,-35.456
6440,24.5412,-36.8052
6441,24.5412,-39.7067
6442,26.9953,-35.456
6443,26.9953,-41.0558
6444,29.4494,-39.7067
6445,29.4494,-36.8052
6446,31.9035,-41.0558
6447,31.9035,-35.456
6448,34.3577,-36.8052
6449,34.3577,-39.7067
6450,36.8118,-35.456
6451,36.8118,-41.0558
6452,39.2659,-39.7067
6453,39.2659,-36.8052
6454,41.72,-41.0558
6455,41.72,-35.456
6456,44.1741,-36.8052
6457,44.1741,-39.7067
6458,46.6282,-35.456
6459,46.6282,-41.0558
6460,49.0824,-39.7067
6461,49.0824,-36.8052
6462,51.5365,-41.0558
6463,51.5365,-35.456
6464,53.9906,-36.8052
6465,53.9906,-39.7067
6466,56.4447,-35.456
6467,56.4447,-41.0558
6468,58.8988,-39.7067
6469,58.8988,-36.8052
6470,61.3529,-41.0558
6471,61.3529,-35.456
6472,63.8071,-36.8052
6473,63.8071,-39.7067
6474,66.2612,-35.456
6475,66.2612,-41.0558
6476,68.7153,-39.7067
6477,68.7153,-36.8052
6478,71.1694,-41.0558
6479,71.1694,-35.456
6480,73.6235,-36.8052
6481,73.6235,-39.7067
6482,76.0776,-35.456
6483,76.0776,-41.0558
6484,78.5318,-39.7067
6485,78.5318,-36.8052
6486,80.9859,-41.0558
6487,80.9859,-35.456
6488,83.44,-36.8052
6489,83.44,-39.7067
6490,85.8941,-35.456
6491,85.8941,-41.0558
6492,88.3482,-39.7067
6493,88.3482,-36.8052
6494,90.8023,-41.0558
6495,90.8024,-35.456
6496,93.2565,-36.8052
6497,93.2565,-39.7067
6498,95.7106,-35.456
6499,95.7106,-41.0558
6500,98.1647,-39.7067
6501,98.1647,-36.8052
6502,100.619,-41.0558
6503,100.619,-35.456
6504,103.073,-36.8052
6505,103.073,-39.7067
6506,105.527,-35.456
6507,105.527,-41.0558
6508,107.981,-39.7067
6509,107.981,-36.8052
6510,110.435,-41.0558
6511,110.435,-35.456
6512,112.889,-36.8052
6513,112.889,-39.7067
6514,115.344,-35.456
6515,115.344,-41.0558
6516,117.798,-39.7067
6517,117.798,-36.8052
6518,120.252,-41.0558
6519,120.252,-35.456
6520,122.706,-36.8052
6521,122.706,-39.7067
6522,125.16,-35.456
6523,125.16,-41.0558
6524,127.614,-39.7067
6525,127.614,-36.8052
6526,130.068,-41.0558
6527,130.068,-35.456
6528,132.522,-36.8052
6529,132.522,-39.7067
6530,134.976,-35.456
6531,137.431,-39.8421
6532,142.339,-36.8729
6533,147.247,-39.8421
6534,152.155,-36.8729
6535,157.064,-39.8421
6536,161.972,-36.8729
6537,166.88,-39.8421
6538,171.788,-36.8729
6539,176.697,-39.8421
6540,181.605,-36.8729
6541,186.513,-39.8421
6542,191.421,-36.8729
6543,196.329,-39.8421
6547,215.962,-39.8421
6548,220.871,-36.8729
6549,225.779,-39.8421
6550,230.687,-36.8729
6551,235.595,-39.8421
6552,240.504,-36.8729
6554,250.32,-36.8729
6573,-191.421,-48.3434
6574,-186.513,-45.3742
6575,-181.605,-48.3434
6576,-176.696,-45.3742
6577,-171.788,-48.3434
6578,-166.88,-45.3742
6580,-157.064,-45.3742
6581,-152.155,-48.3434
6582,-147.247,-45.3742
6583,-142.339,-48.3434
6584,-137.431,-45.3742
6585,-132.522,-48.3434
6586,-130.068,-43.9573
6587,-127.614,-45.3065
6588,-127.614,-48.208
6589,-125.16,-43.9573
6590,-125.16,-49.5571
6591,-122.706,-48.208
6592,-122.706,-45.3065
6593,-120.252,-49.5571
6594,-120.252,-43.9573
6595,-117.798,-45.3065
6596,-117.798,-48.208
6597,-115.344,-43.9573
6598,-115.344,-49.5571
6599,-112.889,-48.208
6600,-112.889,-45.3065
6601,-110.435,-49.5571
6602,-110.435,-43.9573
6603,-107.981,-45.3065
6604,-107.981,-48.208
6605,-105.527,-43.9573
6606,-105.527,-49.5571
6607,-103.073,-48.208
6608,-103.073,-45.3065
6609,-100.619,-49.5571
6610,-100.619,-43.9573
6611,-98.1647,-45.3065
6612,-98.1647,-48.208
6613,-95.7106,-43.9573
6614,-95.7106,-49.5571
6615,-93.2565,-48.208
6616,-93.2565,-45.3065
6617,-90.8024,-49.5571
6618,-90.8024,-43.9573
6619,-88.3483,-45.3065
6620,-88.3483,-48.208
6621,-85.8941,-43.9573
6622,-85.8941,-49.5571
6623,-83.44,-48.208
6624,-83.44,-45.3065
6625,-80.9859,-49.5571
6626,-80.9859,-43.9573
6627,-78.5318,-45.3065
6628,-78.5318,-48.208
6629,-76.0777,-43.9573
6630,-76.0777,-49.5571
6631,-73.6235,-48.208
6632,-73.6235,-45.3065
6633,-71.1694,-49.5571
6634,-71.1694,-43.9573
6635,-68.7153,-45.3065
6636,-68.7153,-48.208
6637,-66.2612,-43.9573
6638,-66.2612,-49.5571
6639,-63.8071,-48.208
6640,-63.8071,-45.3065
6641,-61.353,-49.5571
6642,-61.3529,-43.9573
6643,-58.8988,-45.3065
6644,-58.8988,-48.208
6645,-56.4447,-43.9573
6646,-56.4447,-49.5571
6647,-53.9906,-48.208
6648,-53.9906,-45.3065
6649,-51.5365,-49.5571
6650,-51.5365,-43.9573
6651,-49.0823,-45.3065
6652,-49.0823,-48.208
6653,-46.6282,-43.9573
6654,-46.6282,-49.5571
6655,-44.1741,-48.208
6656,-44.1741,-45.3065
6657,-41.72,-49.5571
6658,-41.72,-43.9573
6659,-39.2659,-45.3065
6660,-39.2659,-48.208
6661,-36.8118,-43.9573
6662,-36.8118,-49.5571
6663,-34.3576,-48.208
6664,-34.3576,-45.3065
6665,-31.9035,-49.5571
6666,-31.9035,-43.9573
6667,-29.4494,-45.3065
6668,-29.4494,-48.208
6669,-26.9953,-43.9573
6670,-26.9953,-49.5571
6671,-24.5412,-48.208
6672,-24.5412,-45.3065
6673,-22.0871,-49.5571
6674,-22.0871,-43.9573
6675,-19.6329,-45.3065
6676,-19.6329,-48.208
6677,-17.1788,-43.9573
6678,-17.1788,-49.5571
6679,-14.7247,-48.208
6680,-14.7247,-45.3065
6681,-12.2706,-49.5571
6682,-12.2706,-43.9573
6683,-9.81648,-45.3065
6684,-9.81648,-48.208
6685,-7.36236,-43.9573
6686,-7.36236,-49.5571
6687,-4.90825,-48.208
6688,-4.90825,-45.3065
6689,-2.45413,-49.5571
6690,-2.45413,-43.9573
6691,-1.14441e-05,-45.3065
6692,-1.14441e-05,-48.208
6693,2.45411,-43.9573
6694,2.4541,-49.5571
6695,4.90822,-48.208
6696,4.90822,-45.3065
6697,7.36234,-49.5571
6698,7.36237,-43.9573
6699,9.81649,-45.3065
6700,9.81649,-48.208
6701,12.2706,-43.9573
6702,12.2706,-49.5571
6703,14.7247,-48.208
6704,14.7247,-45.3065
6705,17.1788,-49.5571
6706,17.1788,-43.9573
6707,19.633,-45.3065
6708,19.633,-48.208
6709,22.0871,-43.9573
6710,22.0871,-49.5571
6711,24.5412,-48.208
6712,24.5412,-45.3065
6713,26.9953,-49.5571
6714,26.9953,-43.9573
6715,29.4494,-45.3065
6716,29.4494,-48.208
6717,31.9035,-43.9573
6718,31.9035,-49.5571
6719,34.3577,-48.208
6720,34.3577,-45.3065
6721,36.8118,-49.5571
6722,36.8118,-43.9573
6723,39.2659,-45.3065
6724,39.2659,-48.208
6725,41.72,-43.9573
6726,41.72,-49.5571
6727,44.1741,-48.208
6728,44.1741,-45.3065
6729,46.6282,-49.5571
6730,46.6282,-43.9573
6731,49.0824,-45.3065
6732,49.0824,-48.208
6733,51.5365,-43.9573
6734,51.5365,-49.5571
6735,53.9906,-48.208
6736,53.9906,-45.3065
6737,56.4447,-49.5571
6738,56.4447,-43.9573
6739,58.8988,-45.3065
6740,58.8988,-48.208
6741,61.3529,-43.9573
6742,61.3529,-49.5571
6743,63.8071,-48.208
6744,63.8071,-45.3065
6745,66.2612,-49.5571
6746,66.2612,-43.9573
6747,68.7153,-45.3065
6748,68.7153,-48.208
6749,71.1694,-43.9573
6750,71.1694,-49.5571
6751,73.6235,-48.208
6752,73.6235,-45.3065
6753,76.0776,-49.5571
6754,76.0776,-43.9573
6755,78.5318,-45.3065
6756,78.5318,-48.208
6757,80.9859,-43.9573
6758,80.9859,-49.5571
6759,83.44,-48.208
6760,83.44,-45.3065
6761,85.8941,-49.5571
6762,85.8941,-43.9573
6763,88.3482,-45.3065
6764,88.3482,-48.208
6765,90.8023,-43.9573
6766,90.8024,-49.5571
6767,93.2565,-48.208
6768,93.2565,-45.3065
6769,95.7106,-49.5571
6770,95.7106,-43.9573
6771,98.1647,-45.3065
6772,98.1647,-48.208
6773,100.619,-43.9573
6774,100.619,-49.5571
6775,103.073,-48.208
6776,103.073,-45.3065
6777,105.527,-49.5571
6778,105.527,-43.9573
6779,107.981,-45.3065
6780,107.981,-48.208
6781,110.435,-43.9573
6782,110.435,-49.5571
6783,112.889,-48.208
6784,112.889,-45.3065
6785,115.344,-49.5571
6786,115.344,-43.9573
6787,117.798,-45.3065
6788,117.798,-48.208
6789,120.252,-43.9573
6790,120.252,-49.5571
6791,122.706,-48.208
6792,122.706,-45.3065
6793,125.16,-49.5571
6794,125.16,-43.9573
6795,127.614,-45.3065
6796,127.614,-48.208
6797,130.068,-43.9573
6798,132.522,-48.3434
6799,137.431,-45.3742
6800,142.339,-48.3434
6801,147.247,-45.3742
6802,152.155,-48.3434
6803,157.064,-45.3742
6804,161.972,-48.3434
6805,166.88,-45.3742
6806,171.788,-48.3434
6807,176.697,-45.3742
6808,181.605,-48.3434
6809,186.513,-45.3742
6810,191.421,-48.3434
6811,196.329,-45.3742
6812,201.238,-48.3434
6813,206.146,-45.3742
6814,211.054,-48.3434
6815,215.962,-45.3742
6816,220.871,-48.3434
6817,225.779,-45.3742
6818,230.687,-48.3434
6819,235.595,-45.3742
6820,240.504,-48.3434
6821,245.412,-45.3742
6825,265.045,-45.3742
6841,-191.421,-53.8755
6842,-186.513,-56.8448
6843,-181.605,-53.8755
6844,-176.696,-56.8448
6845,-171.788,-53.8755
6846,-166.88,-56.8448
6847,-161.972,-53.8755
6848,-157.064,-56.8448
6849,-152.155,-53.8755
6851,-142.339,-53.8755
6852,-137.431,-56.8448
6853,-132.522,-53.8755
6854,-127.614,-56.8448
6855,-125.16,-52.4586
6856,-122.706,-53.8078
6862,-115.344,-58.0584
6863,-115.344,-52.4586
6864,-112.889,-53.8078
6865,-112.889,-56.7093
6866,-110.435,-52.4586
6867,-110.435,-58.0584
6868,-107.981,-56.7093
6869,-107.981,-53.8078
6870,-105.527,-58.0584
6871,-105.527,-52.4586
6872,-103.073,-53.8078
6873,-103.073,-56.7093
6874,-100.619,-52.4586
6875,-100.619,-58.0584
6876,-98.1647,-56.7093
6877,-98.1647,-53.8078
6878,-95.7106,-58.0584
6879,-95.7106,-52.4586
6880,-93.2565,-53.8078
6881,-93.2565,-56.7093
6882,-90.8024,-52.4586
6883,-90.8024,-58.0584
6884,-88.3483,-56.7093
6885,-88.3483,-53.8078
6886,-85.8941,-58.0584
6887,-85.8941,-52.4586
6888,-83.44,-53.8078
6889,-83.44,-56.7093
6890,-80.9859,-52.4586
6891,-80.9859,-58.0584
6892,-78.5318,-56.7093
6893,-78.5318,-53.8078
6894,-76.0777,-58.0584
6895,-76.0777,-52.4586
6896,-73.6235,-53.8078
6897,-73.6235,-56.7093
6898,-71.1694,-52.4586
6899,-71.1694,-58.0584
6900,-68.7153,-56.7093
6901,-68.7153,-53.8078
6903,-66.2612,-52.4586
6906,-61.353,-52.4586
6907,-61.3529,-58.0584
6908,-58.8988,-56.7093
6909,-58.8988,-53.8078
6910,-56.4447,-58.0584
6911,-56.4447,-52.4586
6912,-53.9906,-53.8078
6913,-53.9906,-56.7093
6914,-51.5365,-52.4586
6915,-51.5365,-58.0584
6916,-49.0823,-56.7093
6917,-49.0823,-53.8078
6918,-46.6282,-58.0584
6919,-46.6282,-52.4586
6920,-44.1741,-53.8078
6921,-44.1741,-56.7093
6922,-41.72,-52.4586
6923,-41.72,-58.0584
6924,-39.2659,-56.7093
6925,-39.2659,-53.8078
6926,-36.8118,-58.0584
6927,-36.8118,-52.4586
6928,-34.3576,-53.8078
6929,-34.3576,-56.7093
6930,-31.9035,-52.4586
6931,-31.9035,-58.0584
6932,-29.4494,-56.7093
6933,-29.4494,-53.8078
6934,-26.9953,-58.0584
6935,-26.9953,-52.4586
6936,-24.5412,-53.8078
6937,-24.5412,-56.7093
6938,-22.0871,-52.4586
6939,-22.0871,-58.0584
6940,-19.6329,-56.7093
6941,-19.6329,-53.8078
6942,-17.1788,-58.0584
6943,-17.1788,-52.4586
6944,-14.7247,-53.8078
6945,-14.7247,-56.7093
6946,-12.2706,-52.4586
6947,-12.2706,-58.0584
6948,-9.81648,-56.7093
6949,-9.81648,-53.8078
6950,-7.36236,-58.0584
6951,-7.36236,-52.4586
6952,-4.90825,-53.8078
6953,-4.90825,-56.7093
6954,-2.45413,-52.4586
6955,-2.45413,-58.0584
6956,-1.14441e-05,-56.7093
6957,-1.14441e-05,-53.8078
6958,2.45411,-58.0584
6959,2.4541,-52.4586
6960,4.90822,-53.8078
6961,4.90822,-56.7093
6962,7.36234,-52.4586
6963,7.36237,-58.0584
6964,9.81649,-56.7093
6965,9.81649,-53.8078
6966,12.2706,-58.0584
6967,12.2706,-52.4586
6968,14.7247,-53.8078
6969,14.7247,-56.7093
6970,17.1788,-52.4586
6971,17.1788,-58.0584
6972,19.633,-56.7093
6973,19.633,-53.8078
6974,22.0871,-58.0584
6975,22.0871,-52.4586
6976,24.5412,-53.8078
6977,24.5412,-56.7093
6978,26.9953,-52.4586
6979,26.9953,-58.0584
6980,29.4494,-56.7093
6981,29.4494,-53.8078
6982,31.9035,-58.0584
6983,31.9035,-52.4586
6984,34.3577,-53.8078
6985,34.3577,-56.7093
6986,36.8118,-52.4586
6987,36.8118,-58.0584
6988,39.2659,-56.7093
6989,39.2659,-53.8078
6990,41.72,-58.0584
6991,41.72,-52.4586
6992,44.1741,-53.8078
6993,44.1741,-56.7093
6994,46.6282,-52.4586
6995,46.6282,-58.0584
6996,49.0824,-56.7093
6997,49.0824,-53.8078
6998,51.5365,-58.0584
6999,51.5365,-52.4586
7000,53.9906,-53.8078
7001,53.9906,-56.7093
7002,56.4447,-52.4586
7003,56.4447,-58.0584
7004,58.8988,-56.7093
7005,58.8988,-53.8078
7006,61.3529,-58.0584
7007,61.3529,-52.4586
7008,63.8071,-53.8078
7009,63.8071,-56.7093
7010,66.2612,-52.4586
7011,66.2612,-58.0584
7012,68.7153,-56.7093
7013,68.7153,-53.8078
7014,71.1694,-58.0584
7015,71.1694,-52.4586
7016,73.6235,-53.8078
7017,73.6235,-56.7093
7018,76.0776,-52.4586
7019,76.0776,-58.0584
7020,78.5318,-56.7093
7021,78.5318,-53.8078
7022,80.9859,-58.0584
7023,80.9859,-52.4586
7024,83.44,-53.8078
7025,83.44,-56.7093
7026,85.8941,-52.4586
7027,85.8941,-58.0584
7028,88.3482,-56.7093
7029,88.3482,-53.8078
7030,90.8023,-58.0584
7031,90.8024,-52.4586
7032,93.2565,-53.8078
7033,93.2565,-56.7093
7034,95.7106,-52.4586
7035,95.7106,-58.0584
7036,98.1647,-56.7093
7037,98.1647,-53.8078
7038,100.619,-58.0584
7039,100.619,-52.4586
7040,103.073,-53.8078
7041,103.073,-56.7093
7042,105.527,-52.4586
7043,105.527,-58.0584
7044,107.981,-56.7093
7045,107.981,-53.8078
7046,110.435,-58.0584
7047,110.435,-52.4586
7048,112.889,-53.8078
7049,112.889,-56.7093
7050,115.344,-52.4586
7051,115.344,-58.0584
7052,117.798,-56.7093
7053,117.798,-53.8078
7054,120.252,-58.0584
7055,120.252,-52.4586
7056,122.706,-53.8078
7057,122.706,-56.7093
7058,125.16,-52.4586
7059,127.614,-56.8448
7060,132.522,-53.8755
7061,137.431,-56.8448
7062,142.339,-53.8755
7063,147.247,-56.8448
7064,152.155,-53.8755
7065,157.064,-56.8448
7066,161.972,-53.8755
7067,166.88,-56.8448
7068,171.788,-53.8755
7069,176.697,-56.8448
7070,181.605,-53.8755
7071,186.513,-56.8448
7072,191.421,-53.8755
7073,196.329,-56.8448
7074,201.238,-53.8755
7075,206.146,-56.8448
7076,211.054,-53.8755
7079,225.779,-56.8448
7080,230.687,-53.8755
7081,235.595,-56.8448
7092,-245.412,-62.3768
7103,-191.421,-65.3461
7104,-186.513,-62.3768
7105,-181.605,-65.3461
7106,-176.696,-62.3768
7107,-171.788,-65.3461
7108,-166.88,-62.3768
7109,-161.972,-65.3461
7110,-157.064,-62.3768
7111,-152.155,-65.3461
7112,-147.247,-62.3768
7113,-142.339,-65.3461
7114,-137.431,-62.3768
7115,-132.522,-65.3461
7116,-127.614,-62.3768
7117,-122.706,-65.3461
7118,-120.252,-60.9599
7120,-117.798,-65.2106
7121,-115.344,-60.9599
7127,-107.981,-62.3091
7128,-107.981,-65.2106
7129,-105.527,-60.9599
7130,-105.527,-66.5598
7131,-103.073,-65.2106
7132,-103.073,-62.3091
7133,-100.619,-66.5598
7134,-100.619,-60.9599
7135,-98.1647,-62.3091
7136,-98.1647,-65.2106
7137,-95.7106,-60.9599
7138,-95.7106,-66.5598
7139,-93.2565,-65.2106
7140,-93.2565,-62.3091
7141,-90.8024,-66.5598
7142,-90.8024,-60.9599
7143,-88.3483,-62.3091
7144,-88.3483,-65.2106
7145,-85.8941,-60.9599
7146,-85.8941,-66.5598
7148,-83.44,-62.3091
7149,-80.9859,-66.5598
7150,-80.9859,-60.9599
7151,-78.5318,-62.3091
7152,-78.5318,-65.2106
7153,-76.0777,-60.9599
7154,-76.0777,-66.5598
7155,-73.6235,-65.2106
7156,-73.6235,-62.3091
7157,-71.1694,-66.5598
7158,-71.1694,-60.9599
7159,-68.7153,-62.3091
7162,-66.2612,-66.5598
7166,-61.3529,-60.9599
7167,-58.8988,-62.3091
7169,-56.4447,-60.9599
7170,-56.4447,-66.5598
7171,-53.9906,-65.2106
7172,-53.9906,-62.3091
7173,-51.5365,-66.5598
7174,-51.5365,-60.9599
7175,-49.0823,-62.3091
7176,-49.0823,-65.2106
7177,-46.6282,-60.9599
7178,-46.6282,-66.5598
7179,-44.1741,-65.2106
7180,-44.1741,-62.3091
7181,-41.72,-66.5598
7182,-41.72,-60.9599
7183,-39.2659,-62.3091
7184,-39.2659,-65.2106
7185,-36.8118,-60.9599
7186,-36.8118,-66.5598
7187,-34.3576,-65.2106
7188,-34.3576,-62.3091
7189,-31.9035,-66.5598
7190,-31.9035,-60.9599
7191,-29.4494,-62.3091
7192,-29.4494,-65.2106
7193,-26.9953,-60.9599
7194,-26.9953,-66.5598
7195,-24.5412,-65.2106
7196,-24.5412,-62.3091
7197,-22.0871,-66.5598
7198,-22.0871,-60.9599
7199,-19.6329,-62.3091
7200,-19.6329,-65.2106
7201,-17.1788,-60.9599
7202,-17.1788,-66.5598
7203,-14.7247,-65.2106
7204,-14.7247,-62.3091
7205,-12.2706,-66.5598
7206,-12.2706,-60.9599
7207,-9.81648,-62.3091
7208,-9.81648,-65.2106
7209,-7.36236,-60.9599
7210,-7.36236,-66.5598
7211,-4.90825,-65.2106
7212,-4.90825,-62.3091
7213,-2.45413,-66.5598
7214,-2.45413,-60.9599
7215,-1.14441e-05,-62.3091
7216,-1.14441e-05,-65.2106
7217,2.45411,-60.9599
7218,2.4541,-66.5598
7219,4.90822,-65.2106
7220,4.90822,-62.3091
7221,7.36234,-66.5598
7222,7.36237,-60.9599
7223,9.81649,-62.3091
7224,9.81649,-65.2106
7225,12.2706,-60.9599
7226,12.2706,-66.5598
7227,14.7247,-65.2106
7228,14.7247,-62.3091
7229,17.1788,-66.5598
7230,17.1788,-60.9599
7231,19.633,-62.3091
7232,19.633,-65.2106
7233,22.0871,-60.9599
7234,22.0871,-66.5598
7235,24.5412,-65.2106
7236,24.5412,-62.3091
7237,26.9953,-66.5598
7238,26.9953,-60.9599
7239,29.4494,-62.3091
7240,29.4494,-65.2106
7241,31.9035,-60.9599
7242,31.9035,-66.5598
7243,34.3577,-65.2106
7244,34.3577,-62.3091
7245,36.8118,-66.5598
7246,36.8118,-60.9599
7247,39.2659,-62.3091
7248,39.2659,-65.2106
7249,41.72,-60.9599
7250,41.72,-66.5598
7251,44.1741,-65.2106
7252,44.1741,-62.3091
7253,46.6282,-66.5598
7254,46.6282,-60.9599
7255,49.0824,-62.3091
7256,49.0824,-65.2106
7257,51.5365,-60.9599
7258,51.5365,-66.5598
7259,53.9906,-65.2106
7260,53.9906,-62.3091
7261,56.4447,-66.5598
7262,56.4447,-60.9599
7263,58.8988,-62.3091
7264,58.8988,-65.2106
7265,61.3529,-60.9599
7266,61.3529,-66.5598
7267,63.8071,-65.2106
7268,63.8071,-62.3091
7269,66.2612,-66.5598
7270,66.2612,-60.9599
7271,68.7153,-62.3091
7272,68.7153,-65.2106
7273,71.1694,-60.9599
7274,71.1694,-66.5598
7275,73.6235,-65.2106
7276,73.6235,-62.3091
7277,76.0776,-66.5598
7278,76.0776,-60.9599
7279,78.5318,-62.3091
7280,78.5318,-65.2106
7281,80.9859,-60.9599
7282,80.9859,-66.5598
7283,83.44,-65.2106
7284,83.44,-62.3091
7285,85.8941,-66.5598
7286,85.8941,-60.9599
7287,88.3482,-62.3091
7288,88.3482,-65.2106
7289,90.8023,-60.9599
7290,90.8024,-66.5598
7291,93.2565,-65.2106
7292,93.2565,-62.3091
7293,95.7106,-66.5598
7294,95.7106,-60.9599
7295,98.1647,-62.3091
7296,98.1647,-65.2106
7297,100.619,-60.9599
7298,100.619,-66.5598
7299,103.073,-65.2106
7300,103.073,-62.3091
7301,105.527,-66.5598
7302,105.527,-60.9599
7303,107.981,-62.3091
7304,107.981,-65.2106
7305,110.435,-60.9599
7306,110.435,-66.5598
7307,112.889,-65.2106
7308,112.889,-62.3091
7309,115.344,-66.5598
7310,115.344,-60.9599
7311,117.798,-62.3091
7312,117.798,-65.2106
7313,120.252,-60.9599
7314,122.706,-65.3461
7315,127.614,-62.3768
7317,137.431,-62.3768
7318,142.339,-65.3461
7319,147.247,-62.3768
7320,152.155,-65.3461
7321,157.064,-62.3768
7322,161.972,-65.3461
7323,166.88,-62.3768
7324,171.788,-65.3461
7325,176.697,-62.3768
7326,181.605,-65.3461
7327,186.513,-62.3768
7328,191.421,-65.3461
7331,206.146,-62.3768
7334,220.871,-65.3461
7335,225.779,-62.3768
7358,-191.421,-70.8781
7359,-186.513,-73.8474
7360,-181.605,-70.8781
7361,-176.696,-73.8474
7362,-171.788,-70.8781
7363,-166.88,-73.8474
7364,-161.972,-70.8781
7367,-147.247,-73.8474
7368,-142.339,-70.8781
7369,-137.431,-73.8474
7370,-132.522,-70.8781
7371,-127.614,-73.8474
7372,-122.706,-70.8781
7373,-117.798,-73.8474
7376,-112.889,-73.7119
7378,-110.435,-75.0611
7379,-107.981,-73.7119
7381,-105.527,-75.0611
7382,-105.527,-69.4613
7383,-103.073,-70.8104
7384,-103.073,-73.7119
7385,-100.619,-69.4613
7386,-100.619,-75.0611
7387,-98.1647,-73.7119
7388,-98.1647,-70.8104
7389,-95.7106,-75.0611
7390,-95.7106,-69.4613
7391,-93.2565,-70.8104
7392,-93.2565,-73.7119
7393,-90.8024,-69.4613
7394,-90.8024,-75.0611
7395,-88.3482,-73.7119
7396,-88.3482,-70.8104
7397,-85.8941,-75.0611
7398,-85.8941,-69.4613
7399,-83.44,-70.8104
7400,-83.44,-73.7119
7401,-80.9859,-69.4613
7402,-80.9859,-75.0611
7403,-78.5318,-73.7119
7404,-78.5318,-70.8104
7405,-76.0776,-75.0611
7406,-76.0776,-69.4613
7407,-73.6235,-70.8104
7408,-73.6235,-73.7119
7412,-68.7153,-70.8104
7418,-61.3529,-75.0611
7419,-58.8988,-73.7119
7421,-56.4447,-75.0611
7422,-56.4447,-69.4613
7423,-53.9906,-70.8104
7425,-51.5365,-69.4613
7426,-51.5365,-75.0611
7427,-49.0824,-73.7119
7428,-49.0824,-70.8104
7429,-46.6282,-75.0611
7430,-46.6282,-69.4613
7431,-44.1741,-70.8104
7432,-44.1741,-73.7119
7433,-41.72,-69.4613
7434,-41.72,-75.0611
7435,-39.2659,-73.7119
7436,-39.2659,-70.8104
7437,-36.8118,-75.0611
7438,-36.8118,-69.4613
7439,-34.3576,-70.8104
7440,-34.3576,-73.7119
7441,-31.9035,-69.4613
7442,-31.9035,-75.0611
7443,-29.4494,-73.7119
7444,-29.4494,-70.8104
7445,-26.9953,-75.0611
7446,-26.9953,-69.4613
7447,-24.5412,-70.8104
7448,-24.5412,-73.7119
7449,-22.0871,-69.4613
7450,-22.0871,-75.0611
7451,-19.6329,-73.7119
7452,-19.6329,-70.8104
7453,-17.1788,-75.0611
7454,-17.1788,-69.4613
7455,-14.7247,-70.8104
7456,-14.7247,-73.7119
7457,-12.2706,-69.4613
7458,-12.2706,-75.0611
7459,-9.81648,-73.7119
7460,-9.81648,-70.8104
7461,-7.36236,-75.0611
7462,-7.36236,-69.4613
7463,-4.90824,-70.8104
7464,-4.90824,-73.7119
7465,-2.45413,-69.4613
7466,-2.45413,-75.0611
7467,-9.53674e-06,-73.7119
7468,-9.53674e-06,-70.8104
7469,2.45411,-75.0611
7470,2.45411,-69.4613
7471,4.90822,-70.8104
7472,4.90822,-73.7119
7473,7.36234,-69.4613
7474,7.36234,-75.0611
7475,9.81646,-73.7119
7476,9.81646,-70.8104
7477,12.2706,-75.0611
7478,12.2706,-69.4613
7479,14.7247,-70.8104
7480,14.7247,-73.7119
7481,17.1788,-69.4613
7482,17.1788,-75.0611
7483,19.633,-73.7119
7484,19.633,-70.8104
7485,22.0871,-75.0611
7486,22.0871,-69.4613
7487,24.5412,-70.8104
7488,24.5412,-73.7119
7489,26.9953,-69.4613
7490,26.9953,-75.0611
7491,29.4494,-73.7119
7492,29.4494,-70.8104
7493,31.9035,-75.0611
7494,31.9035,-69.4613
7495,34.3577,-70.8104
7496,34.3577,-73.7119
7497,36.8118,-69.4613
7498,36.8118,-75.0611
7499,39.2659,-73.7119
7500,39.2659,-70.8104
7501,41.72,-75.0611
7502,41.72,-69.4613
7503,44.1741,-70.8104
7504,44.1741,-73.7119
7505,46.6282,-69.4613
7506,46.6282,-75.0611
7507,49.0824,-73.7119
7508,49.0824,-70.8104
7509,51.5365,-75.0611
7510,51.5365,-69.4613
7511,53.9906,-70.8104
7512,53.9906,-73.7119
7513,56.4447,-69.4613
7514,56.4447,-75.0611
7515,58.8988,-73.7119
7516,58.8988,-70.8104
7517,61.3529,-75.0611
7518,61.3529,-69.4613
7519,63.8071,-70.8104
7520,63.8071,-73.7119
7521,66.2612,-69.4613
7522,66.2612,-75.0611
7524,68.7153,-70.8104
7526,71.1694,-69.4613
7527,73.6235,-70.8104
7529,76.0776,-69.4613
7530,76.0776,-75.0611
7531,78.5318,-73.7119
7532,78.5318,-70.8104
7533,80.9859,-75.0611
7534,80.9859,-69.4613
7535,83.44,-70.8104
7537,85.8941,-69.4613
7540,88.3482,-70.8104
7542,90.8023,-69.4613
7543,93.2565,-70.8104
7545,95.7106,-69.4613
7547,98.1647,-73.7119
7548,98.1647,-70.8104
7549,100.619,-75.0611
7550,100.619,-69.4613
7551,103.073,-70.8104
7552,103.073,-73.7119
7553,105.527,-69.4613
7554,105.527,-75.0611
7555,107.981,-73.7119
7556,107.981,-70.8104
7557,110.435,-75.0611
7558,110.435,-69.4613
7559,112.889,-70.8104
7560,112.889,-73.7119
7561,115.344,-69.4613
7562,117.798,-73.8474
7563,122.706,-70.8781
7564,127.614,-73.8474
7565,132.522,-70.8781
7566,137.431,-73.8474
7567,142.339,-70.8781
7568,147.247,-73.8474
7569,152.155,-70.8781
7570,157.064,-73.8474
7571,161.972,-70.8781
7572,166.88,-73.8474
7573,171.788,-70.8781
7575,181.605,-70.8781
7576,186.513,-73.8474
7577,191.421,-70.8781
7578,196.329,-73.8474
7579,201.238,-70.8781
7582,215.962,-73.8474
7583,220.871,-70.8781
7584,225.779,-73.8474
7606,-191.421,-82.3487
7607,-186.513,-79.3795
7608,-181.605,-82.3487
7609,-176.696,-79.3795
7610,-171.788,-82.3487
7611,-166.88,-79.3795
7612,-161.972,-82.3487
7613,-157.064,-79.3795
7614,-152.155,-82.3487
7615,-147.247,-79.3795
7616,-142.339,-82.3487
7617,-137.431,-79.3795
7618,-132.522,-82.3487
7619,-127.614,-79.3795
7621,-117.798,-79.3795
7622,-112.889,-82.3487
7623,-110.435,-77.9626
7624,-107.981,-79.3117
7625,-107.981,-82.2132
7626,-105.527,-77.9626
7627,-105.527,-83.5624
7628,-103.073,-82.2132
7629,-103.073,-79.3117
7630,-100.619,-83.5624
7631,-100.619,-77.9626
7632,-98.1647,-79.3117
7633,-98.1647,-82.2132
7634,-95.7106,-77.9626
7635,-95.7106,-83.5624
7636,-93.2565,-82.2132
7637,-93.2565,-79.3117
7638,-90.8024,-83.5624
7639,-90.8024,-77.9626
7640,-88.3482,-79.3117
7641,-88.3482,-82.2132
7642,-85.8941,-77.9626
7643,-85.8941,-83.5624
7644,-83.44,-82.2132
7645,-83.44,-79.3117
7646,-80.9859,-83.5624
7647,-80.9859,-77.9626
7648,-78.5318,-79.3117
7649,-78.5318,-82.2132
7650,-76.0776,-77.9626
7651,-76.0776,-83.5624
7652,-73.6235,-82.2132
7653,-73.6235,-79.3117
7654,-71.1694,-83.5624
7655,-71.1694,-77.9626
7657,-68.7153,-82.2132
7659,-66.2612,-83.5624
7660,-63.8071,-82.2132
7661,-63.8071,-79.3117
7662,-61.3529,-83.5624
7663,-61.3529,-77.9626
7664,-58.8988,-79.3117
7666,-56.4447,-77.9626
7668,-53.9906,-82.2132
7669,-53.9906,-79.3117
7670,-51.5365,-83.5624
7671,-51.5365,-77.9626
7672,-49.0824,-79.3117
7673,-49.0824,-82.2132
7674,-46.6282,-77.9626
7675,-46.6282,-83.5624
7676,-44.1741,-82.2132
7677,-44.1741,-79.3117
7678,-41.72,-83.5624
7679,-41.72,-77.9626
7680,-39.2659,-79.3117
7681,-39.2659,-82.2132
7682,-36.8118,-77.9626
7683,-36.8118,-83.5624
7684,-34.3576,-82.2132
7685,-34.3576,-79.3117
7686,-31.9035,-83.5624
7687,-31.9035,-77.9626
7688,-29.4494,-79.3117
7689,-29.4494,-82.2132
7690,-26.9953,-77.9626
7691,-26.9953,-83.5624
7692,-24.5412,-82.2132
7693,-24.5412,-79.3117
7694,-22.0871,-83.5624
7695,-22.0871,-77.9626
7696,-19.6329,-79.3117
7697,-19.6329,-82.2132
7698,-17.1788,-77.9626
7699,-17.1788,-83.5624
7700,-14.7247,-82.2132
7701,-14.7247,-79.3117
7702,-12.2706,-83.5624
7703,-12.2706,-77.9626
7704,-9.81648,-79.3117
7705,-9.81648,-82.2132
7706,-7.36236,-77.9626
7707,-7.36236,-83.5624
7708,-4.90824,-82.2132
7709,-4.90824,-79.3117
7710,-2.45413,-83.5624
7711,-2.45413,-77.9626
7712,-9.53674e-06,-79.3117
7713,-9.53674e-06,-82.2132
7714,2.45411,-77.9626
7715,2.45411,-83.5624
7716,4.90822,-82.2132
7717,4.90822,-79.3117
7718,7.36234,-83.5624
7719,7.36234,-77.9626
7720,9.81646,-79.3117
7721,9.81646,-82.2132
7722,12.2706,-77.9626
7723,12.2706,-83.5624
7724,14.7247,-82.2132
7725,14.7247,-79.3117
7726,17.1788,-83.5624
7727,17.1788,-77.9626
7728,19.633,-79.3117
7729,19.633,-82.2132
7730,22.0871,-77.9626
7731,22.0871,-83.5624
7732,24.5412,-82.2132
7733,24.5412,-79.3117
7734,26.9953,-83.5624
7735,26.9953,-77.9626
7736,29.4494,-79.3117
7737,29.4494,-82.2132
7738,31.9035,-77.9626
7739,31.9035,-83.5624
7740,34.3577,-82.2132
7741,34.3577,-79.3117
7742,36.8118,-83.5624
7743,36.8118,-77.9626
7744,39.2659,-79.3117
7745,39.2659,-82.2132
7746,41.72,-77.9626
7747,41.72,-83.5624
7748,44.1741,-82.2132
7749,44.1741,-79.3117
7750,46.6282,-83.5624
7751,46.6282,-77.9626
7752,49.0824,-79.3117
7753,49.0824,-82.2132
7754,51.5365,-77.9626
7755,51.5365,-83.5624
7756,53.9906,-82.2132
7757,53.9906,-79.3117
7758,56.4447,-83.5624
7759,56.4447,-77.9626
7760,58.8988,-79.3117
7761,58.8988,-82.2132
7762,61.3529,-77.9626
7763,61.3529,-83.5624
7764,63.8071,-82.2132
7765,63.8071,-79.3117
7766,66.2612,-83.5624
7767,66.2612,-77.9626
7768,68.7153,-79.3117
7769,68.7153,-82.2132
7770,71.1694,-77.9626
7771,71.1694,-83.5624
7772,73.6235,-82.2132
7773,73.6235,-79.3117
7774,76.0776,-83.5624
7776,78.5318,-79.3117
7777,78.5318,-82.2132
7778,80.9859,-77.9626
7779,80.9859,-83.5624
7780,83.44,-82.2132
7781,83.44,-79.3117
7782,85.8941,-83.5624
7783,85.8941,-77.9626
7785,88.3482,-82.2132
7787,90.8023,-83.5624
7788,93.2565,-82.2132
7790,95.7106,-83.5624
7793,98.1647,-82.2132
7794,100.619,-77.9626
7795,100.619,-83.5624
7796,103.073,-82.2132
7798,105.527,-83.5624
7799,105.527,-77.9626
7800,107.981,-79.3117
7801,107.981,-82.2132
7802,110.435,-77.9626
7803,112.889,-82.3487
7804,117.798,-79.3795
7805,122.706,-82.3487
7806,127.614,-79.3795
7807,132.522,-82.3487
7808,137.431,-79.3795
7809,142.339,-82.3487
7810,147.247,-79.3795
7811,152.155,-82.3487
7812,157.064,-79.3795
7813,161.972,-82.3487
7814,166.88,-79.3795
7815,171.788,-82.3487
7816,176.697,-79.3795
7819,191.421,-82.3487
7820,196.329,-79.3795
7823,211.054,-82.3487
7824,215.962,-79.3795
7825,220.871,-82.3487
7846,-196.329,-90.85
7847,-191.421,-87.8808
7848,-186.513,-90.85
7850,-176.696,-90.85
7851,-171.788,-87.8808
7852,-166.88,-90.85
7853,-161.972,-87.8808
7854,-157.064,-90.85
7855,-152.155,-87.8808
7856,-147.247,-90.85
7857,-142.339,-87.8808
7858,-137.431,-90.85
7859,-132.522,-87.8808
7860,-127.614,-90.85
7861,-122.706,-87.8808
7865,-105.527,-86.4639
7866,-103.073,-87.813
7867,-103.073,-90.7145
7868,-100.619,-86.4639
7869,-100.619,-92.0637
7870,-98.1647,-90.7145
7871,-98.1647,-87.813
7872,-95.7106,-92.0637
7873,-95.7106,-86.4639
7874,-93.2565,-87.813
7875,-93.2565,-90.7145
7876,-90.8024,-86.4639
7877,-90.8024,-92.0637
7878,-88.3482,-90.7145
7879,-88.3482,-87.813
7880,-85.8941,-92.0637
7881,-85.8941,-86.4639
7882,-83.44,-87.813
7883,-83.44,-90.7145
7884,-80.9859,-86.4639
7885,-80.9859,-92.0637
7886,-78.5318,-90.7145
7887,-78.5318,-87.813
7888,-76.0777,-92.0637
7889,-76.0776,-86.4639
7890,-73.6235,-87.813
7891,-73.6235,-90.7145
7892,-71.1694,-86.4639
7893,-71.1694,-92.0637
7894,-68.7153,-90.7145
7895,-68.7153,-87.813
7896,-66.2612,-92.0637
7897,-66.2612,-86.4639
7898,-63.8071,-87.813
7899,-63.8071,-90.7145
7900,-61.3529,-86.4639
7901,-61.3529,-92.0637
7902,-58.8988,-90.7145
7903,-58.8988,-87.813
7904,-56.4447,-92.0637
7905,-56.4447,-86.4639
7907,-53.9906,-90.7145
7908,-51.5365,-86.4639
7909,-51.5365,-92.0637
7910,-49.0824,-90.7145
7911,-49.0824,-87.813
7912,-46.6282,-92.0637
7913,-46.6282,-86.4639
7914,-44.1741,-87.813
7915,-44.1741,-90.7145
7916,-41.72,-86.4639
7917,-41.72,-92.0637
7918,-39.2659,-90.7145
7919,-39.2659,-87.813
7920,-36.8118,-92.0637
7921,-36.8118,-86.4639
7922,-34.3576,-87.813
7923,-34.3576,-90.7145
7924,-31.9035,-86.4639
7925,-31.9035,-92.0637
7926,-29.4494,-90.7145
7927,-29.4494,-87.813
7928,-26.9953,-92.0637
7929,-26.9953,-86.4639
7930,-24.5412,-87.813
7931,-24.5412,-90.7145
7932,-22.0871,-86.4639
7933,-22.0871,-92.0637
7934,-19.6329,-90.7145
7935,-19.6329,-87.813
7936,-17.1788,-92.0637
7937,-17.1788,-86.4639
7938,-14.7247,-87.813
7939,-14.7247,-90.7145
7940,-12.2706,-86.4639
7941,-12.2706,-92.0637
7942,-9.81647,-90.7145
7943,-9.81647,-87.813
7944,-7.36236,-92.0637
7945,-7.36236,-86.4639
7946,-4.90824,-87.813
7947,-4.90824,-90.7145
7948,-2.45412,-86.4639
7950,-7.62939e-06,-90.7145
7951,-7.62939e-06,-87.813
7952,2.45411,-92.0637
7953,2.45411,-86.4639
7954,4.90823,-87.813
7955,4.90823,-90.7145
7956,7.36234,-86.4639
7957,7.36234,-92.0637
7958,9.81646,-90.7145
7959,9.81646,-87.813
7960,12.2706,-92.0637
7961,12.2706,-86.4639
7962,14.7247,-87.813
7963,14.7247,-90.7145
7964,17.1788,-86.4639
7965,17.1788,-92.0637
7966,19.633,-90.7145
7967,19.633,-87.813
7968,22.0871,-92.0637
7969,22.0871,-86.4639
7970,24.5412,-87.813
7971,24.5412,-90.7145
7973,26.9953,-92.0637
7975,29.4494,-87.813
7976,31.9035,-92.0637
7977,31.9035,-86.4639
7978,34.3577,-87.813
7979,34.3577,-90.7145
7980,36.8118,-86.4639
7981,36.8118,-92.0637
7982,39.2659,-90.7145
7983,39.2659,-87.813
7984,41.72,-92.0637
7985,41.72,-86.4639
7986,44.1741,-87.813
7987,44.1741,-90.7145
7988,46.6282,-86.4639
7989,46.6282,-92.0637
7990,49.0824,-90.7145
7991,49.0824,-87.813
7992,51.5365,-92.0637
7993,51.5365,-86.4639
7994,53.9906,-87.813
7995,53.9906,-90.7145
7996,56.4447,-86.4639
7997,56.4447,-92.0637
7998,58.8988,-90.7145
7999,58.8988,-87.813
8000,61.3529,-92.0637
8001,61.3529,-86.4639
8002,63.8071,-87.813
8003,63.8071,-90.7145
8004,66.2612,-86.4639
8005,66.2612,-92.0637
8006,68.7153,-90.7145
8007,68.7153,-87.813
8008,71.1694,-92.0637
8009,71.1694,-86.4639
8010,73.6235,-87.813
8011,73.6235,-90.7145
8012,76.0776,-86.4639
8013,76.0776,-92.0637
8014,78.5318,-90.7145
8015,78.5318,-87.813
8016,80.9859,-92.0637
8017,80.9859,-86.4639
8018,83.44,-87.813
8019,83.44,-90.7145
8020,85.8941,-86.4639
8021,85.8941,-92.0637
8022,88.3482,-90.7145
8023,88.3482,-87.813
8024,90.8023,-92.0637
8025,90.8023,-86.4639
8026,93.2565,-87.813
8027,93.2565,-90.7145
8028,95.7106,-86.4639
8029,95.7106,-92.0637
8030,98.1647,-90.7145
8031,98.1647,-87.813
8032,100.619,-92.0637
8033,100.619,-86.4639
8034,103.073,-87.813
8035,103.073,-90.7145
8036,105.527,-86.4639
8037,107.981,-90.85
8038,112.889,-87.8808
8039,117.798,-90.85
8040,122.706,-87.8808
8041,127.614,-90.85
8042,132.522,-87.8808
8043,137.431,-90.85
8044,142.339,-87.8808
8047,157.064,-90.85
8048,161.972,-87.8808
8049,166.88,-90.85
8051,176.697,-90.85
8052,181.605,-87.8808
8053,186.513,-90.85
8054,191.421,-87.8808
8058,211.054,-87.8808
8059,215.962,-90.85
8060,220.871,-87.8808
8079,-196.329,-96.3821
8080,-191.421,-99.3513
8081,-186.513,-96.3821
8082,-181.605,-99.3513
8083,-176.696,-96.3821
8084,-171.788,-99.3513
8085,-166.88,-96.3821
8086,-161.972,-99.3513
8087,-157.064,-96.3821
8088,-152.155,-99.3513
8089,-147.247,-96.3821
8090,-142.339,-99.3513
8091,-137.431,-96.3821
8092,-132.522,-99.3513
8093,-127.614,-96.3821
8094,-122.706,-99.3513
8099,-100.619,-94.9652
8100,-98.1647,-96.3143
8101,-98.1647,-99.2159
8102,-95.7106,-94.9652
8103,-95.7106,-100.565
8104,-93.2565,-99.2159
8105,-93.2565,-96.3143
8106,-90.8024,-100.565
8107,-90.8024,-94.9652
8108,-88.3482,-96.3143
8109,-88.3482,-99.2159
8110,-85.8941,-94.9652
8111,-85.8941,-100.565
8112,-83.44,-99.2159
8113,-83.44,-96.3143
8114,-80.9859,-100.565
8115,-80.9859,-94.9652
8116,-78.5318,-96.3143
8117,-78.5318,-99.2159
8118,-76.0777,-94.9652
8119,-76.0777,-100.565
8120,-73.6235,-99.2159
8121,-73.6235,-96.3143
8122,-71.1694,-100.565
8123,-71.1694,-94.9652
8124,-68.7153,-96.3143
8125,-68.7153,-99.2159
8126,-66.2612,-94.9652
8127,-66.2612,-100.565
8128,-63.8071,-99.2159
8129,-63.8071,-96.3143
8130,-61.3529,-100.565
8131,-61.3529,-94.9652
8132,-58.8988,-96.3143
8133,-58.8988,-99.2159
8134,-56.4447,-94.9652
8135,-56.4447,-100.565
8136,-53.9906,-99.2159
8137,-53.9906,-96.3143
8138,-51.5365,-100.565
8139,-51.5365,-94.9652
8140,-49.0824,-96.3143
8141,-49.0824,-99.2159
8142,-46.6282,-94.9652
8143,-46.6282,-100.565
8144,-44.1741,-99.2159
8145,-44.1741,-96.3143
8146,-41.72,-100.565
8147,-41.72,-94.9652
8148,-39.2659,-96.3143
8149,-39.2659,-99.2159
8150,-36.8118,-94.9652
8151,-36.8118,-100.565
8152,-34.3576,-99.2159
8153,-34.3576,-96.3143
8154,-31.9035,-100.565
8155,-31.9035,-94.9652
8156,-29.4494,-96.3143
8157,-29.4494,-99.2159
8158,-26.9953,-94.9652
8159,-26.9953,-100.565
8160,-24.5412,-99.2159
8161,-24.5412,-96.3143
8162,-22.0871,-100.565
8163,-22.0871,-94.9652
8164,-19.6329,-96.3143
8165,-19.6329,-99.2159
8166,-17.1788,-94.9652
8167,-17.1788,-100.565
8168,-14.7247,-99.2159
8169,-14.7247,-96.3143
8170,-12.2706,-100.565
8171,-12.2706,-94.9652
8172,-9.81647,-96.3143
8173,-9.81647,-99.2159
8174,-7.36236,-94.9652
8175,-7.36236,-100.565
8176,-4.90824,-99.2159
8177,-4.90824,-96.3143
8178,-2.45412,-100.565
8179,-2.45412,-94.9652
8180,-5.72205e-06,-96.3143
8181,-5.72205e-06,-99.2159
8182,2.45411,-94.9652
8183,2.45411,-100.565
8184,4.90823,-99.2159
8185,4.90823,-96.3143
8186,7.36235,-100.565
8187,7.36234,-94.9652
8188,9.81646,-96.3143
8189,9.81646,-99.2159
8190,12.2706,-94.9652
8191,12.2706,-100.565
8192,14.7247,-99.2159
8193,14.7247,-96.3143
8194,17.1788,-100.565
8195,17.1788,-94.9652
8196,19.6329,-96.3143
8197,19.6329,-99.2159
8198,22.087,-94.9652
8199,22.0871,-100.565
8200,24.5412,-99.2159
8201,24.5412,-96.3143
8202,26.9953,-100.565
8203,26.9953,-94.9652
8204,29.4494,-96.3143
8205,29.4494,-99.2159
8206,31.9035,-94.9652
8207,31.9035,-100.565
8208,34.3577,-99.2159
8209,34.3577,-96.3143
8210,36.8118,-100.565
8211,36.8118,-94.9652
8212,39.2659,-96.3143
8213,39.2659,-99.2159
8214,41.72,-94.9652
8215,41.72,-100.565
8216,44.1741,-99.2159
8217,44.1741,-96.3143
8218,46.6282,-100.565
8219,46.6282,-94.9652
8220,49.0824,-96.3143
8221,49.0824,-99.2159
8222,51.5365,-94.9652
8223,51.5365,-100.565
8224,53.9906,-99.2159
8225,53.9906,-96.3143
8226,56.4447,-100.565
8227,56.4447,-94.9652
8228,58.8988,-96.3143
8229,58.8988,-99.2159
8230,61.3529,-94.9652
8231,61.3529,-100.565
8232,63.8071,-99.2159
8233,63.8071,-96.3143
8234,66.2612,-100.565
8235,66.2612,-94.9652
8236,68.7153,-96.3143
8237,68.7153,-99.2159
8238,71.1694,-94.9652
8239,71.1694,-100.565
8240,73.6235,-99.2159
8241,73.6235,-96.3143
8242,76.0776,-100.565
8243,76.0776,-94.9652
8244,78.5318,-96.3143
8245,78.5318,-99.2159
8246,80.9859,-94.9652
8247,80.9859,-100.565
8248,83.44,-99.2159
8249,83.44,-96.3143
8250,85.8941,-100.565
8251,85.8941,-94.9652
8252,88.3482,-96.3143
8253,88.3482,-99.2159
8254,90.8023,-94.9652
8255,90.8023,-100.565
8256,93.2565,-99.2159
8257,93.2565,-96.3143
8258,95.7106,-100.565
8259,95.7106,-94.9652
8260,98.1647,-96.3143
8261,98.1647,-99.2159
8262,100.619,-94.9652
8263,103.073,-99.3513
8264,107.981,-96.3821
8265,112.889,-99.3513
8266,117.798,-96.3821
8267,122.706,-99.3513
8268,127.614,-96.3821
8270,137.431,-96.3821
8273,152.155,-99.3513
8274,157.064,-96.3821
8275,161.972,-99.3513
8276,166.88,-96.3821
8277,171.788,-99.3513
8278,176.696,-96.3821
8281,191.421,-99.3513
8285,211.054,-99.3513
8286,215.962,-96.3821
8304,-201.238,-104.883
8305,-196.329,-107.853
8306,-191.421,-104.883
8308,-181.605,-104.883
8309,-176.696,-107.853
8312,-161.972,-104.883
8313,-157.064,-107.853
8314,-152.155,-104.883
8315,-147.247,-107.853
8316,-142.339,-104.883
8319,-127.614,-107.853
8320,-122.706,-104.883
8321,-117.798,-107.853
8322,-112.889,-104.883
8326,-95.7106,-103.467
8327,-93.2565,-104.816
8328,-93.2565,-107.717
8329,-90.8024,-103.467
8330,-90.8024,-109.066
8331,-88.3482,-107.717
8332,-88.3482,-104.816
8333,-85.8941,-109.066
8334,-85.8941,-103.467
8335,-83.44,-104.816
8336,-83.44,-107.717
8337,-80.9859,-103.467
8338,-80.9859,-109.066
8339,-78.5318,-107.717
8340,-78.5318,-104.816
8341,-76.0777,-109.066
8342,-76.0777,-103.467
8343,-73.6235,-104.816
8344,-73.6235,-107.717
8345,-71.1694,-103.467
8346,-71.1694,-109.066
8347,-68.7153,-107.717
8348,-68.7153,-104.816
8349,-66.2612,-109.066
8350,-66.2612,-103.467
8351,-63.8071,-104.816
8352,-63.8071,-107.717
8353,-61.3529,-103.467
8354,-61.3529,-109.066
8355,-58.8988,-107.717
8356,-58.8988,-104.816
8357,-56.4447,-109.066
8358,-56.4447,-103.467
8359,-53.9906,-104.816
8360,-53.9906,-107.717
8361,-51.5365,-103.467
8362,-51.5365,-109.066
8363,-49.0824,-107.717
8364,-49.0824,-104.816
8365,-46.6282,-109.066
8366,-46.6282,-103.467
8367,-44.1741,-104.816
8368,-44.1741,-107.717
8369,-41.72,-103.467
8370,-41.72,-109.066
8371,-39.2659,-107.717
8372,-39.2659,-104.816
8373,-36.8118,-109.066
8374,-36.8118,-103.467
8375,-34.3576,-104.816
8376,-34.3576,-107.717
8377,-31.9035,-103.467
8378,-31.9035,-109.066
8379,-29.4494,-107.717
8380,-29.4494,-104.816
8381,-26.9953,-109.066
8382,-26.9953,-103.467
8383,-24.5412,-104.816
8384,-24.5412,-107.717
8385,-22.0871,-103.467
8386,-22.0871,-109.066
8387,-19.6329,-107.717
8388,-19.6329,-104.816
8389,-17.1788,-109.066
8390,-17.1788,-103.467
8391,-14.7247,-104.816
8392,-14.7247,-107.717
8393,-12.2706,-103.467
8394,-12.2706,-109.066
8395,-9.81647,-107.717
8396,-9.81647,-104.816
8397,-7.36236,-109.066
8398,-7.36236,-103.467
8399,-4.90824,-104.816
8400,-4.90824,-107.717
8401,-2.45412,-103.467
8402,-2.45412,-109.066
8403,-5.72205e-06,-107.717
8404,-5.72205e-06,-104.816
8405,2.45411,-109.066
8406,2.45411,-103.467
8407,4.90823,-104.816
8408,4.90823,-107.717
8409,7.36235,-103.467
8410,7.36234,-109.066
8411,9.81646,-107.717
8412,9.81646,-104.816
8413,12.2706,-109.066
8414,12.2706,-103.467
8415,14.7247,-104.816
8416,14.7247,-107.717
8417,17.1788,-103.467
8418,17.1788,-109.066
8419,19.6329,-107.717
8420,19.6329,-104.816
8421,22.087,-109.066
8422,22.0871,-103.467
8423,24.5412,-104.816
8424,24.5412,-107.717
8425,26.9953,-103.467
8426,26.9953,-109.066
8427,29.4494,-107.717
8428,29.4494,-104.816
8429,31.9035,-109.066
8430,31.9035,-103.467
8431,34.3577,-104.816
8432,34.3577,-107.717
8433,36.8118,-103.467
8434,36.8118,-109.066
8435,39.2659,-107.717
8436,39.2659,-104.816
8438,41.72,-103.467
8439,44.1741,-104.816
8440,44.1741,-107.717
8441,46.6282,-103.467
8442,46.6282,-109.066
8443,49.0824,-107.717
8444,49.0824,-104.816
8445,51.5365,-109.066
8446,51.5365,-103.467
8447,53.9906,-104.816
8448,53.9906,-107.717
8449,56.4447,-103.467
8450,56.4447,-109.066
8451,58.8988,-107.717
8452,58.8988,-104.816
8453,61.3529,-109.066
8454,61.3529,-103.467
8455,63.8071,-104.816
8456,63.8071,-107.717
8457,66.2612,-103.467
8458,66.2612,-109.066
8459,68.7153,-107.717
8460,68.7153,-104.816
8461,71.1694,-109.066
8462,71.1694,-103.467
8463,73.6235,-104.816
8464,73.6235,-107.717
8465,76.0776,-103.467
8466,76.0776,-109.066
8467,78.5318,-107.717
8468,78.5318,-104.816
8469,80.9859,-109.066
8470,80.9859,-103.467
8471,83.44,-104.816
8472,83.44,-107.717
8473,85.8941,-103.467
8474,85.8941,-109.066
8475,88.3482,-107.717
8476,88.3482,-104.816
8477,90.8023,-109.066
8478,90.8023,-103.467
8480,93.2565,-107.717
8482,98.1647,-107.853
8483,103.073,-104.883
8484,107.981,-107.853
8485,112.889,-104.883
8486,117.798,-107.853
8487,122.706,-104.883
8488,127.614,-107.853
8489,132.522,-104.883
8490,137.431,-107.853
8491,142.339,-104.883
8492,147.247,-107.853
8493,152.155,-104.883
8494,157.064,-107.853
8495,161.972,-104.883
8505,211.054,-104.883
8506,215.962,-107.853
8523,-201.238,-116.354
8524,-196.329,-113.385
8525,-191.421,-116.354
8527,-181.605,-116.354
8528,-176.696,-113.385
8529,-171.788,-116.354
8532,-157.064,-113.385
8533,-152.155,-116.354
8534,-147.247,-113.385
8535,-142.339,-116.354
8536,-137.431,-113.385
8537,-132.522,-116.354
8538,-127.614,-113.385
8539,-122.706,-116.354
8540,-117.798,-113.385
8541,-112.889,-116.354
8542,-107.981,-113.385
8544,-98.1647,-113.385
8546,-90.8024,-111.968
8547,-88.3482,-113.317
8548,-88.3482,-116.218
8549,-85.8941,-111.968
8550,-85.8941,-117.568
8551,-83.44,-116.218
8552,-83.44,-113.317
8553,-80.9859,-117.568
8554,-80.9859,-111.968
8555,-78.5318,-113.317
8556,-78.5318,-116.218
8557,-76.0777,-111.968
8558,-76.0777,-117.568
8559,-73.6235,-116.218
8560,-73.6235,-113.317
8561,-71.1694,-117.568
8562,-71.1694,-111.968
8563,-68.7153,-113.317
8564,-68.7153,-116.218
8565,-66.2612,-111.968
8566,-66.2612,-117.568
8567,-63.8071,-116.218
8568,-63.8071,-113.317
8569,-61.3529,-117.568
8570,-61.3529,-111.968
8571,-58.8988,-113.317
8572,-58.8988,-116.218
8573,-56.4447,-111.968
8574,-56.4447,-117.568
8575,-53.9906,-116.218
8576,-53.9906,-113.317
8577,-51.5365,-117.568
8578,-51.5365,-111.968
8579,-49.0824,-113.317
8580,-49.0824,-116.218
8581,-46.6282,-111.968
8582,-46.6282,-117.568
8583,-44.1741,-116.218
8584,-44.1741,-113.317
8585,-41.72,-117.568
8586,-41.72,-111.968
8587,-39.2659,-113.317
8588,-39.2659,-116.218
8589,-36.8118,-111.968
8590,-36.8118,-117.568
8591,-34.3577,-116.218
8592,-34.3577,-113.317
8593,-31.9035,-117.568
8594,-31.9035,-111.968
8595,-29.4494,-113.317
8596,-29.4494,-116.218
8597,-26.9953,-111.968
8598,-26.9953,-117.568
8599,-24.5412,-116.218
8600,-24.5412,-113.317
8601,-22.0871,-117.568
8602,-22.0871,-111.968
8603,-19.6329,-113.317
8604,-19.6329,-116.218
8605,-17.1788,-111.968
8606,-17.1788,-117.568
8607,-14.7247,-116.218
8608,-14.7247,-113.317
8609,-12.2706,-117.568
8610,-12.2706,-111.968
8611,-9.81647,-113.317
8612,-9.81647,-116.218
8613,-7.36235,-111.968
8614,-7.36236,-117.568
8615,-4.90824,-116.218
8616,-4.90824,-113.317
8617,-2.45412,-117.568
8618,-2.45412,-111.968
8619,-3.8147e-06,-113.317
8620,-3.8147e-06,-116.218
8621,2.45411,-111.968
8622,2.45411,-117.568
8623,4.90823,-116.218
8624,4.90823,-113.317
8625,7.36235,-117.568
8626,7.36235,-111.968
8627,9.81646,-113.317
8628,9.81646,-116.218
8629,12.2706,-111.968
8630,12.2706,-117.568
8631,14.7247,-116.218
8632,14.7247,-113.317
8633,17.1788,-117.568
8634,17.1788,-111.968
8635,19.6329,-113.317
8636,19.6329,-116.218
8637,22.087,-111.968
8638,22.087,-117.568
8639,24.5412,-116.218
8640,24.5412,-113.317
8641,26.9953,-117.568
8642,26.9953,-111.968
8643,29.4494,-113.317
8644,29.4494,-116.218
8645,31.9035,-111.968
8646,31.9035,-117.568
8647,34.3577,-116.218
8648,34.3577,-113.317
8649,36.8118,-117.568
8650,36.8118,-111.968
8651,39.2659,-113.317
8652,39.2659,-116.218
8653,41.72,-111.968
8654,41.72,-117.568
8655,44.1741,-116.218
8656,44.1741,-113.317
8657,46.6283,-117.568
8658,46.6282,-111.968
8659,49.0824,-113.317
8660,49.0824,-116.218
8661,51.5365,-111.968
8662,51.5365,-117.568
8663,53.9906,-116.218
8664,53.9906,-113.317
8665,56.4447,-117.568
8666,56.4447,-111.968
8667,58.8988,-113.317
8668,58.8988,-116.218
8669,61.353,-111.968
8670,61.3529,-117.568
8671,63.8071,-116.218
8672,63.8071,-113.317
8673,66.2612,-117.568
8674,66.2612,-111.968
8675,68.7153,-113.317
8676,68.7153,-116.218
8677,71.1694,-111.968
8678,71.1694,-117.568
8679,73.6235,-116.218
8680,73.6235,-113.317
8681,76.0776,-117.568
8682,76.0776,-111.968
8683,78.5318,-113.317
8684,78.5318,-116.218
8685,80.9859,-111.968
8686,80.9859,-117.568
8687,83.44,-116.218
8688,83.44,-113.317
8689,85.8941,-117.568
8690,85.8941,-111.968
8691,88.3482,-113.317
8692,88.3482,-116.218
8693,90.8023,-111.968
8694,93.2565,-116.354
8695,98.1647,-113.385
8696,103.073,-116.354
8697,107.981,-113.385
8698,112.889,-116.354
8699,117.798,-113.385
8700,122.706,-116.354
8701,127.614,-113.385
8702,132.522,-116.354
8703,137.431,-113.385
8704,142.339,-116.354
8705,147.247,-113.385
8707,157.064,-113.385
8718,211.054,-116.354
8719,215.962,-113.385
8734,-201.238,-121.886
8735,-196.329,-124.855
8736,-191.421,-121.886
8738,-181.605,-121.886
8739,-176.696,-124.855
8744,-152.155,-121.886
8745,-147.247,-124.855
8746,-142.339,-121.886
8747,-137.431,-124.855
8748,-132.522,-121.886
8749,-127.614,-124.855
8750,-122.706,-121.886
8751,-117.798,-124.855
8752,-112.889,-121.886
8753,-107.981,-124.855
8754,-103.073,-121.886
8755,-98.1647,-124.855
8756,-93.2565,-121.886
8757,-88.3482,-124.855
8758,-85.8941,-120.469
8759,-83.44,-121.818
8760,-83.44,-124.72
8761,-80.9859,-120.469
8762,-80.9859,-126.069
8763,-78.5318,-124.72
8764,-78.5318,-121.818
8765,-76.0777,-126.069
8766,-76.0777,-120.469
8767,-73.6235,-121.818
8768,-73.6235,-124.72
8769,-71.1694,-120.469
8770,-71.1694,-126.069
8771,-68.7153,-124.72
8772,-68.7153,-121.818
8773,-66.2612,-126.069
8774,-66.2612,-120.469
8775,-63.8071,-121.818
8776,-63.8071,-124.72
8777,-61.353,-120.469
8778,-61.3529,-126.069
8779,-58.8988,-124.72
8780,-58.8988,-121.818
8781,-56.4447,-126.069
8782,-56.4447,-120.469
8783,-53.9906,-121.818
8784,-53.9906,-124.72
8785,-51.5365,-120.469
8786,-51.5365,-126.069
8787,-49.0824,-124.72
8788,-49.0824,-121.818
8789,-46.6282,-126.069
8790,-46.6282,-120.469
8791,-44.1741,-121.818
8792,-44.1741,-124.72
8793,-41.72,-120.469
8794,-41.72,-126.069
8795,-39.2659,-124.72
8796,-39.2659,-121.818
8797,-36.8118,-126.069
8798,-36.8118,-120.469
8799,-34.3577,-121.818
8800,-34.3577,-124.72
8801,-31.9035,-120.469
8802,-31.9035,-126.069
8803,-29.4494,-124.72
8804,-29.4494,-121.818
8805,-26.9953,-126.069
8806,-26.9953,-120.469
8807,-24.5412,-121.818
8808,-24.5412,-124.72
8809,-22.0871,-120.469
8810,-22.0871,-126.069
8811,-19.6329,-124.72
8812,-19.6329,-121.818
8813,-17.1788,-126.069
8814,-17.1788,-120.469
8815,-14.7247,-121.818
8816,-14.7247,-124.72
8817,-12.2706,-120.469
8818,-12.2706,-126.069
8819,-9.81647,-124.72
8820,-9.81647,-121.818
8821,-7.36235,-126.069
8822,-7.36235,-120.469
8823,-4.90824,-121.818
8824,-4.90824,-124.72
8825,-2.45412,-120.469
8826,-2.45412,-126.069
8827,-1.90735e-06,-124.72
8828,-1.90735e-06,-121.818
8829,2.45412,-126.069
8830,2.45411,-120.469
8831,4.90823,-121.818
8832,4.90823,-124.72
8833,7.36235,-120.469
8834,7.36235,-126.069
8835,9.81647,-124.72
8836,9.81647,-121.818
8837,12.2706,-126.069
8838,12.2706,-120.469
8839,14.7247,-121.818
8840,14.7247,-124.72
8841,17.1788,-120.469
8842,17.1788,-126.069
8843,19.6329,-124.72
8844,19.6329,-121.818
8845,22.087,-126.069
8846,22.087,-120.469
8847,24.5412,-121.818
8848,24.5412,-124.72
8849,26.9953,-120.469
8850,26.9953,-126.069
8851,29.4494,-124.72
8852,29.4494,-121.818
8853,31.9035,-126.069
8854,31.9035,-120.469
8855,34.3577,-121.818
8856,34.3577,-124.72
8857,36.8118,-120.469
8858,36.8118,-126.069
8859,39.2659,-124.72
8860,39.2659,-121.818
8861,41.72,-126.069
8862,41.72,-120.469
8863,44.1741,-121.818
8864,44.1741,-124.72
8865,46.6283,-120.469
8866,46.6282,-126.069
8867,49.0824,-124.72
8868,49.0824,-121.818
8869,51.5365,-126.069
8870,51.5365,-120.469
8871,53.9906,-121.818
8872,53.9906,-124.72
8873,56.4447,-120.469
8874,56.4447,-126.069
8875,58.8988,-124.72
8876,58.8988,-121.818
8877,61.353,-126.069
8878,61.3529,-120.469
8879,63.8071,-121.818
8880,63.8071,-124.72
8881,66.2612,-120.469
8882,66.2612,-126.069
8883,68.7153,-124.72
8884,68.7153,-121.818
8885,71.1694,-126.069
8886,71.1694,-120.469
8887,73.6235,-121.818
8888,73.6235,-124.72
8889,76.0777,-120.469
8890,76.0777,-126.069
8891,78.5318,-124.72
8892,78.5318,-121.818
8893,80.9859,-126.069
8894,80.9859,-120.469
8895,83.44,-121.818
8896,83.44,-124.72
8897,85.8941,-120.469
8898,88.3482,-124.855
8899,93.2565,-121.886
8900,98.1647,-124.855
8901,103.073,-121.886
8902,107.981,-124.855
8903,112.889,-121.886
8904,117.798,-124.855
8905,122.706,-121.886
8906,127.614,-124.855
8907,132.522,-121.886
8908,137.431,-124.855
8909,142.339,-121.886
8923,211.054,-121.886
8924,215.962,-124.855
8926,225.779,-124.855
8927,230.687,-121.886
8928,235.595,-124.855
8937,-201.238,-133.357
8938,-196.329,-130.387
8939,-191.421,-133.357
8940,-186.513,-130.387
8941,-181.605,-133.357
8942,-176.696,-130.387
8945,-161.972,-133.357
8947,-152.155,-133.357
8948,-147.247,-130.387
8949,-142.339,-133.357
8950,-137.431,-130.387
8951,-132.522,-133.357
8952,-127.614,-130.387
8953,-122.706,-133.357
8954,-117.798,-130.387
8955,-112.889,-133.357
8956,-107.981,-130.387
8957,-103.073,-133.357
8958,-98.1647,-130.387
8959,-93.2565,-133.357
8960,-88.3482,-130.387
8961,-83.44,-133.357
8962,-80.9859,-128.97
8963,-78.5318,-130.32
8964,-78.5318,-133.221
8965,-76.0777,-128.97
8966,-76.0777,-134.57
8967,-73.6235,-133.221
8968,-73.6235,-130.32
8969,-71.1694,-134.57
8970,-71.1694,-128.97
8971,-68.7153,-130.32
8972,-68.7153,-133.221
8973,-66.2612,-128.97
8974,-66.2612,-134.57
8975,-63.8071,-133.221
8976,-63.8071,-130.32
8977,-61.353,-134.57
8978,-61.353,-128.97
8979,-58.8988,-130.32
8980,-58.8988,-133.221
8981,-56.4447,-128.97
8982,-56.4447,-134.57
8983,-53.9906,-133.221
8984,-53.9906,-130.32
8986,-51.5365,-128.97
8987,-49.0824,-130.32
8988,-49.0824,-133.221
8989,-46.6282,-128.97
8990,-46.6282,-134.57
8991,-44.1741,-133.221
8992,-44.1741,-130.32
8993,-41.72,-134.57
8994,-41.72,-128.97
8995,-39.2659,-130.32
8996,-39.2659,-133.221
8997,-36.8118,-128.97
8998,-36.8118,-134.57
8999,-34.3577,-133.221
9000,-34.3577,-130.32
9001,-31.9035,-134.57
9002,-31.9035,-128.97
9004,-29.4494,-133.221
9006,-26.9953,-134.57
9007,-24.5412,-133.221
9009,-22.0871,-134.57
9010,-22.0871,-128.97
9011,-19.6329,-130.32
9012,-19.6329,-133.221
9013,-17.1788,-128.97
9014,-17.1788,-134.57
9015,-14.7247,-133.221
9016,-14.7247,-130.32
9017,-12.2706,-134.57
9018,-12.2706,-128.97
9019,-9.81647,-130.32
9020,-9.81647,-133.221
9021,-7.36235,-128.97
9023,-4.90823,-133.221
9024,-4.90823,-130.32
9025,-2.45412,-134.57
9026,-2.45412,-128.97
9027,0,-130.32
9028,0,-133.221
9029,2.45412,-128.97
9030,2.45412,-134.57
9031,4.90823,-133.221
9032,4.90823,-130.32
9033,7.36235,-134.57
9034,7.36235,-128.97
9035,9.81647,-130.32
9036,9.81647,-133.221
9037,12.2706,-128.97
9038,12.2706,-134.57
9039,14.7247,-133.221
9040,14.7247,-130.32
9041,17.1788,-134.57
9042,17.1788,-128.97
9043,19.6329,-130.32
9044,19.6329,-133.221
9045,22.0871,-128.97
9046,22.087,-134.57
9047,24.5412,-133.221
9048,24.5412,-130.32
9049,26.9953,-134.57
9050,26.9953,-128.97
9051,29.4494,-130.32
9052,29.4494,-133.221
9053,31.9035,-128.97
9054,31.9035,-134.57
9055,34.3576,-133.221
9056,34.3576,-130.32
9057,36.8118,-134.57
9058,36.8118,-128.97
9059,39.2659,-130.32
9060,39.2659,-133.221
9061,41.72,-128.97
9062,41.72,-134.57
9063,44.1741,-133.221
9064,44.1741,-130.32
9065,46.6283,-134.57
9066,46.6283,-128.97
9067,49.0824,-130.32
9068,49.0824,-133.221
9069,51.5365,-128.97
9070,51.5365,-134.57
9071,53.9906,-133.221
9072,53.9906,-130.32
9073,56.4447,-134.57
9074,56.4447,-128.97
9075,58.8988,-130.32
9076,58.8988,-133.221
9077,61.353,-128.97
9078,61.353,-134.57
9079,63.8071,-133.221
9080,63.8071,-130.32
9081,66.2612,-134.57
9082,66.2612,-128.97
9083,68.7153,-130.32
9084,68.7153,-133.221
9085,71.1694,-128.97
9086,71.1694,-134.57
9087,73.6235,-133.221
9088,73.6235,-130.32
9089,76.0777,-134.57
9090,76.0777,-128.97
9091,78.5318,-130.32
9092,78.5318,-133.221
9093,80.9859,-128.97
9094,83.44,-133.357
9095,88.3482,-130.387
9096,93.2565,-133.357
9097,98.1647,-130.387
9098,103.073,-133.357
9099,107.981,-130.387
9100,112.889,-133.357
9101,117.798,-130.387
9102,122.706,-133.357
9103,127.614,-130.387
9104,132.522,-133.357
9105,137.431,-130.387
9106,142.339,-133.357
9108,152.155,-133.357
9110,161.972,-133.357
9112,171.788,-133.357
9113,176.696,-130.387
9114,181.605,-133.357
9116,191.421,-133.357
9117,196.329,-130.387
9118,201.238,-133.357
9119,206.146,-130.387
9120,211.054,-133.357
9121,215.962,-130.387
9122,220.871,-133.357
9123,225.779,-130.387
9124,230.687,-133.357
9125,235.595,-130.387
9132,-201.238,-138.889
9133,-196.329,-141.858
9134,-191.421,-138.889
9136,-181.605,-138.889
9137,-176.696,-141.858
9138,-171.788,-138.889
9139,-166.88,-141.858
9140,-161.972,-138.889
9141,-157.064,-141.858
9142,-152.155,-138.889
9143,-147.247,-141.858
9144,-142.339,-138.889
9145,-137.431,-141.858
9146,-132.522,-138.889
9153,-98.1647,-141.858
9154,-93.2565,-138.889
9156,-83.44,-138.889
9157,-78.5318,-141.858
9158,-73.6235,-138.889
9159,-68.7153,-141.858
9160,-63.8071,-138.889
9161,-58.8988,-141.858
9162,-53.9906,-138.889
9164,-44.1741,-138.889
9165,-39.2659,-141.858
9166,-34.3577,-138.889
9167,-29.4494,-141.858
9168,-24.5412,-138.889
9169,-19.6329,-141.858
9170,-14.7247,-138.889
9171,-9.81647,-141.858
9174,4.90824,-138.889
9175,9.81647,-141.858
9176,14.7247,-138.889
9177,19.6329,-141.858
9178,24.5412,-138.889
9179,29.4494,-141.858
9180,34.3576,-138.889
9184,53.9906,-138.889
9186,63.8071,-138.889
9187,68.7153,-141.858
9188,73.6235,-138.889
9189,78.5318,-141.858
9190,83.44,-138.889
9191,88.3482,-141.858
9192,93.2565,-138.889
9193,98.1647,-141.858
9194,103.073,-138.889
9195,107.981,-141.858
9196,112.889,-138.889
9197,117.798,-141.858
9198,122.706,-138.889
9199,127.614,-141.858
9200,132.522,-138.889
9201,137.431,-141.858
9202,142.339,-138.889
9203,147.247,-141.858
9204,152.155,-138.889
9205,157.064,-141.858
9206,161.972,-138.889
9207,166.88,-141.858
9208,171.788,-138.889
9209,176.696,-141.858
9210,181.605,-138.889
9211,186.513,-141.858
9212,191.421,-138.889
9213,196.329,-141.858
9214,201.238,-138.889
9216,211.054,-138.889
9217,215.962,-141.858
9218,220.871,-138.889
9219,225.779,-141.858
9226,-201.238,-150.359
9227,-196.329,-147.39
9228,-191.421,-150.359
9230,-181.605,-150.359
9231,-176.696,-147.39
9234,-161.972,-150.359
9235,-157.064,-147.39
9236,-152.155,-150.359
9237,-147.247,-147.39
9238,-142.339,-150.359
9239,-137.431,-147.39
9240,-132.522,-150.359
9247,-98.1647,-147.39
9250,-83.44,-150.359
9251,-78.5318,-147.39
9252,-73.6235,-150.359
9253,-68.7153,-147.39
9254,-63.8071,-150.359
9255,-58.8988,-147.39
9256,-53.9906,-150.359
9257,-49.0824,-147.39
9258,-44.1741,-150.359
9259,-39.2659,-147.39
9260,-34.3576,-150.359
9261,-29.4494,-147.39
9262,-24.5412,-150.359
9263,-19.6329,-147.39
9264,-14.7247,-150.359
9265,-9.81646,-147.39
9266,-4.90823,-150.359
9267,3.8147e-06,-147.39
9268,4.90824,-150.359
9269,9.81647,-147.39
9270,14.7247,-150.359
9271,19.6329,-147.39
9272,24.5412,-150.359
9273,29.4494,-147.39
9281,68.7153,-147.39
9285,88.3482,-147.39
9286,93.2565,-150.359
9290,112.889,-150.359
9291,117.798,-147.39
9292,122.706,-150.359
9293,127.614,-147.39
9294,132.522,-150.359
9304,181.605,-150.359
9307,196.329,-147.39
9311,215.962,-147.39
9312,220.871,-150.359
9313,225.779,-147.39
9317,-206.146,-158.861
9318,-201.238,-155.891
9319,-196.329,-158.861
9320,-191.421,-155.891
9322,-181.605,-155.891
9323,-176.696,-158.861
9324,-171.788,-155.891
9326,-161.972,-155.891
9327,-157.064,-158.861
9328,-152.155,-155.891
9329,-147.247,-158.861
9332,-132.522,-155.891
9333,-127.614,-158.861
9336,-112.889,-155.891
9342,-83.44,-155.891
9343,-78.5318,-158.861
9345,-68.7153,-158.861
9346,-63.8071,-155.891
9347,-58.8988,-158.861
9348,-53.9906,-155.891
9349,-49.0824,-158.861
9350,-44.1741,-155.891
9351,-39.2659,-158.861
9352,-34.3576,-155.891
9353,-29.4494,-158.861
9354,-24.5412,-155.891
9355,-19.6329,-158.861
9356,-14.7247,-155.891
9357,-9.81648,-158.861
9358,-4.90823,-155.891
9359,5.72205e-06,-158.861
9360,4.90824,-155.891
9361,9.81647,-158.861
9362,14.7247,-155.891
9363,19.6329,-158.861
9364,24.5412,-155.891
9368,44.1741,-155.891
9375,78.5318,-158.861
9376,83.44,-155.891
9377,88.3482,-158.861
9378,93.2565,-155.891
9382,112.889,-155.891
9383,117.798,-158.861
9384,122.706,-155.891
9385,127.614,-158.861
9386,132.522,-155.891
9396,181.605,-155.891
9404,220.871,-155.891
9408,-201.238,-167.362
9409,-196.329,-164.393
9410,-191.421,-167.362
9411,-186.513,-164.393
9413,-176.696,-164.393
9414,-171.788,-167.362
9416,-161.972,-167.362
9417,-157.064,-164.393
9418,-152.155,-167.362
9419,-147.247,-164.393
9423,-127.614,-164.393
9424,-122.706,-167.362
9425,-117.798,-164.393
9426,-112.889,-167.362
9427,-107.981,-164.393
9431,-88.3482,-164.393
9432,-83.44,-167.362
9433,-78.5318,-164.393
9436,-63.8071,-167.362
9437,-58.8988,-164.393
9438,-53.9906,-167.362
9439,-49.0824,-164.393
9440,-44.1741,-167.362
9441,-39.2659,-164.393
9442,-34.3576,-167.362
9443,-29.4494,-164.393
9444,-24.5412,-167.362
9445,-19.6329,-164.393
9446,-14.7247,-167.362
9447,-9.81647,-164.393
9448,-4.90824,-167.362
9449,7.62939e-06,-164.393
9450,4.90824,-167.362
9451,9.81647,-164.393
9452,14.7247,-167.362
9453,19.6329,-164.393
9454,24.5412,-167.362
9466,83.44,-167.362
9467,88.3482,-164.393
9468,93.2565,-167.362
9472,112.889,-167.362
9473,117.798,-164.393
9474,122.706,-167.362
9475,127.614,-164.393
9487,186.513,-164.393
9496,-196.329,-175.863
9497,-191.421,-172.894
9498,-186.513,-175.863
9500,-176.696,-175.863
9501,-171.788,-172.894
9502,-166.88,-175.863
9503,-161.972,-172.894
9504,-157.064,-175.863
9505,-152.155,-172.894
9506,-147.247,-175.863
9507,-142.339,-172.894
9512,-117.798,-175.863
9513,-112.889,-172.894
9514,-107.981,-175.863
9517,-93.2565,-172.894
9519,-83.44,-172.894
9520,-78.5318,-175.863
9521,-73.6235,-172.894
9524,-58.8988,-175.863
9525,-53.9906,-172.894
9526,-49.0824,-175.863
9527,-44.1741,-172.894
9528,-39.2659,-175.863
9529,-34.3577,-172.894
9530,-29.4494,-175.863
9531,-24.5412,-172.894
9532,-19.6329,-175.863
9533,-14.7247,-172.894
9534,-9.81647,-175.863
9535,-4.90824,-172.894
9536,-3.8147e-06,-175.863
9537,4.90823,-172.894
9538,9.81648,-175.863
9539,14.7247,-172.894
9540,19.6329,-175.863
9541,24.5412,-172.894
9542,29.4494,-175.863
9544,39.2659,-175.863
9552,78.5318,-175.863
9553,83.44,-172.894
9554,88.3482,-175.863
9558,107.981,-175.863
9559,112.889,-172.894
9560,117.798,-175.863
9561,122.706,-172.894
9580,-196.329,-181.395
9581,-191.421,-184.364
9582,-186.513,-181.395
9583,-181.605,-184.364
9585,-171.788,-184.364
9586,-166.88,-181.395
9587,-161.972,-184.364
9588,-157.064,-181.395
9589,-152.155,-184.364
9590,-147.247,-181.395
9591,-142.339,-184.364
9597,-112.889,-184.364
9598,-107.981,-181.395
9599,-103.073,-184.364
9600,-98.1647,-181.395
9601,-93.2565,-184.364
9603,-83.44,-184.364
9604,-78.5318,-181.395
9607,-63.8071,-184.364
9608,-58.8988,-181.395
9609,-53.9906,-184.364
9612,-39.2659,-181.395
9613,-34.3577,-184.364
9614,-29.4494,-181.395
9615,-24.5412,-184.364
9616,-19.6329,-181.395
9617,-14.7247,-184.364
9618,-9.81647,-181.395
9619,-4.90824,-184.364
9620,-1.90735e-06,-181.395
9621,4.90823,-184.364
9622,9.81647,-181.395
9623,14.7247,-184.364
9624,19.6329,-181.395
9625,24.5412,-184.364
9626,29.4494,-181.395
9627,34.3576,-184.364
9628,39.2659,-181.395
9629,44.1741,-184.364
9630,49.0823,-181.395
9631,53.9906,-184.364
9636,78.5318,-181.395
9637,83.44,-184.364
9638,88.3483,-181.395
9641,103.073,-184.364
9642,107.981,-181.395
9643,112.889,-184.364
9644,117.798,-181.395
9645,122.706,-184.364
9662,-191.421,-189.897
9663,-186.513,-192.866
9664,-181.605,-189.897
9665,-176.696,-192.866
9666,-171.788,-189.897
9667,-166.88,-192.866
9668,-161.972,-189.897
9669,-157.064,-192.866
9670,-152.155,-189.897
9671,-147.247,-192.866
9672,-142.339,-189.897
9673,-137.431,-192.866
9682,-93.2565,-189.897
9683,-88.3482,-192.866
9684,-83.44,-189.897
9685,-78.5318,-192.866
9686,-73.6235,-189.897
9687,-68.7153,-192.866
9688,-63.8071,-189.897
9689,-58.8988,-192.866
9690,-53.9906,-189.897
9691,-49.0824,-192.866
9692,-44.1741,-189.897
9693,-39.2659,-192.866
9694,-34.3577,-189.897
9695,-29.4494,-192.866
9696,-24.5412,-189.897
9697,-19.6329,-192.866
9698,-14.7247,-189.897
9699,-9.81647,-192.866
9700,-4.90823,-189.897
9701,1.90735e-06,-192.866
9702,4.90824,-189.897
9703,9.81647,-192.866
9704,14.7247,-189.897
9705,19.6329,-192.866
9706,24.5412,-189.897
9707,29.4494,-192.866
9708,34.3577,-189.897
9709,39.2659,-192.866
9710,44.1741,-189.897
9711,49.0824,-192.866
9716,73.6235,-189.897
9717,78.5318,-192.866
9718,83.44,-189.897
9721,98.1647,-192.866
9722,103.073,-189.897
9723,107.981,-192.866
9724,112.889,-189.897
9725,117.798,-192.866
9726,122.706,-189.897
9743,-176.696,-198.398
9745,-166.88,-198.398
9746,-161.972,-201.367
9747,-157.064,-198.398
9748,-152.155,-201.367
9749,-147.247,-198.398
9750,-142.339,-201.367
9751,-137.431,-198.398
9752,-132.522,-201.367
9753,-127.614,-198.398
9761,-88.3482,-198.398
9762,-83.44,-201.367
9763,-78.5318,-198.398
9765,-68.7153,-198.398
9766,-63.8071,-201.367
9767,-58.8988,-198.398
9768,-53.9906,-201.367
9769,-49.0823,-198.398
9770,-44.1741,-201.367
9771,-39.2659,-198.398
9773,-29.4494,-198.398
9777,-9.81648,-198.398
9778,-4.90823,-201.367
9779,3.8147e-06,-198.398
9781,9.81647,-198.398
9782,14.7247,-201.367
9784,24.5412,-201.367
9785,29.4494,-198.398
9786,34.3577,-201.367
9787,39.2659,-198.398
9788,44.1741,-201.367
9789,49.0824,-198.398
9793,68.7153,-198.398
9794,73.6235,-201.367
9795,78.5318,-198.398
9797,88.3483,-198.398
9798,93.2565,-201.367
9799,98.1647,-198.398
9800,103.073,-201.367
9801,107.981,-198.398
9802,112.889,-201.367
9821,-161.972,-206.899
9822,-157.064,-209.868
9823,-152.155,-206.899
9824,-147.247,-209.868
9825,-142.339,-206.899
9826,-137.431,-209.868
9827,-132.522,-206.899
9828,-127.614,-209.868
9829,-122.706,-206.899
9831,-112.889,-206.899
9837,-83.44,-206.899
9838,-78.5318,-209.868
9839,-73.6235,-206.899
9842,-58.8988,-209.868
9843,-53.9906,-206.899
9844,-49.0824,-209.868
9851,-14.7247,-206.899
9852,-9.81647,-209.868
9853,-4.90824,-206.899
9854,-7.62939e-06,-209.868
9857,14.7247,-206.899
9858,19.6329,-209.868
9862,39.2659,-209.868
9863,44.1741,-206.899
9864,49.0824,-209.868
9865,53.9906,-206.899
9866,58.8988,-209.868
9867,63.8071,-206.899
9868,68.7153,-209.868
9869,73.6235,-206.899
9870,78.5318,-209.868
9871,83.44,-206.899
9872,88.3482,-209.868
9873,93.2565,-206.899
9874,98.1647,-209.868
9875,103.073,-206.899
9892,-157.064,-215.4
9893,-152.155,-218.37
9894,-147.247,-215.4
9895,-142.339,-218.37
9896,-137.431,-215.4
9897,-132.522,-218.37
9898,-127.614,-215.4
9899,-122.706,-218.37
9907,-83.44,-218.37
9908,-78.5318,-215.4
9909,-73.6235,-218.37
9912,-58.8988,-215.4
9913,-53.9906,-218.37
9914,-49.0824,-215.4
9915,-44.1741,-218.37
9916,-39.2659,-215.4
9917,-34.3577,-218.37
9921,-14.7247,-218.37
9922,-9.81647,-215.4
9923,-4.90824,-218.37
9928,19.6329,-215.4
9929,24.5412,-218.37
9934,49.0823,-215.4
9935,53.9906,-218.37
9936,58.8988,-215.4
9937,63.8071,-218.37
9938,68.7153,-215.4
9939,73.6235,-218.37
9940,78.5318,-215.4
9941,83.44,-218.37
9942,88.3482,-215.4
9943,93.2565,-218.37
9944,98.1647,-215.4
9948,117.798,-215.4
9949,122.706,-218.37
9959,-147.247,-226.871
9960,-142.339,-223.902
9961,-137.431,-226.871
9962,-132.522,-223.902
9963,-127.614,-226.871
9964,-122.706,-223.902
9968,-103.073,-223.902
9972,-83.44,-223.902
9973,-78.5318,-226.871
9974,-73.6235,-223.902
9975,-68.7153,-226.871
9978,-53.9906,-223.902
9979,-49.0824,-226.871
9980,-44.1741,-223.902
9981,-39.2659,-226.871
9982,-34.3577,-223.902
9983,-29.4494,-226.871
9984,-24.5412,-223.902
9985,-19.6329,-226.871
9986,-14.7247,-223.902
9987,-9.81647,-226.871
9988,-4.90823,-223.902
9989,1.90735e-06,-226.871
9994,24.5412,-223.902
9995,29.4494,-226.871
9996,34.3577,-223.902
9997,39.2659,-226.871
9998,44.1741,-223.902
9999,49.0824,-226.871
10000,53.9906,-223.902
10001,58.8988,-226.871
10002,63.8071,-223.902
10003,68.7153,-226.871
10004,73.6235,-223.902
10005,78.5318,-226.871
10006,83.44,-223.902
10022,-137.431,-232.403
10023,-132.522,-235.372
10024,-127.614,-232.403
10030,-98.1647,-232.403
10032,-88.3482,-232.403
10034,-78.5318,-232.403
10035,-73.6235,-235.372
10036,-68.7153,-232.403
10037,-63.8071,-235.372
10039,-53.9906,-235.372
10040,-49.0824,-232.403
10042,-39.2659,-232.403
10043,-34.3576,-235.372
10044,-29.4494,-232.403
10045,-24.5412,-235.372
10046,-19.6329,-232.403
10047,-14.7247,-235.372
10048,-9.81648,-232.403
10049,-4.90823,-235.372
10050,5.72205e-06,-232.403
10051,4.90824,-235.372
10052,9.81647,-232.403
10053,14.7247,-235.372
10054,19.6329,-232.403
10055,24.5412,-235.372
10056,29.4494,-232.403
10057,34.3576,-235.372
10058,39.2659,-232.403
10059,44.1741,-235.372
10060,49.0824,-232.403
10061,53.9906,-235.372
10062,58.8988,-232.403
10063,63.8071,-235.372
10064,68.7153,-232.403
10065,73.6235,-235.372
10066,78.5318,-232.403
10067,83.44,-235.372
10068,88.3482,-232.403
10091,-73.6235,-240.904
10093,-63.8071,-240.904
10094,-58.8988,-243.874
10095,-53.9906,-240.904
10096,-49.0824,-243.874
10097,-44.1741,-240.904
10099,-34.3576,-240.904
10100,-29.4494,-243.874
10101,-24.5412,-240.904
10102,-19.6329,-243.874
10103,-14.7247,-240.904
10104,-9.81647,-243.874
10105,-4.90824,-240.904
10106,-3.8147e-06,-243.874
10107,4.90823,-240.904
10108,9.81648,-243.874
10109,14.7247,-240.904
10110,19.6329,-243.874
10111,24.5412,-240.904
10112,29.4494,-243.874
10113,34.3576,-240.904
10114,39.2659,-243.874
10115,44.1741,-240.904
10116,49.0823,-243.874
10121,73.6235,-240.904
10122,78.5318,-243.874
10123,83.44,-240.904
10124,88.3482,-243.874
10125,93.2565,-240.904
10126,98.1647,-243.874
10140,-73.6235,-252.375
10141,-68.7153,-249.406
10144,-53.9906,-252.375
10145,-49.0824,-249.406
10146,-44.1741,-252.375
10148,-34.3576,-252.375
10149,-29.4494,-249.406
10150,-24.5412,-252.375
10151,-19.6329,-249.406
10152,-14.7247,-252.375
10153,-9.81647,-249.406
10154,-4.90824,-252.375
10155,3.8147e-06,-249.406
10159,19.6329,-249.406
10160,24.5412,-252.375
10161,29.4494,-249.406
10162,34.3577,-252.375
10163,39.2659,-249.406
10165,49.0824,-249.406
10166,53.9906,-252.375
10167,58.8988,-249.406
10173,88.3482,-249.406
10174,93.2565,-252.375
10175,98.1647,-249.406
10181,-73.6235,-257.907
10182,-68.7153,-260.876
10183,-63.8071,-257.907
10184,-58.8988,-260.876
10185,-53.9906,-257.907
10186,-49.0824,-260.876
10187,-44.1741,-257.907
10188,-39.2659,-260.876
10189,-34.3576,-257.907
10190,-29.4494,-260.876
10191,-24.5412,-257.907
10192,-19.6329,-260.876
10196,-3.8147e-06,-260.876
10198,9.81647,-260.876
10199,14.7247,-257.907
10200,19.6329,-260.876
10201,24.5412,-257.907
10207,53.9906,-257.907
10208,58.8988,-260.876
10219,-39.2659,-266.408
10227,0,-266.408
10228,4.90823,-269.378
10229,9.81647,-266.408
