psa,x,y,z,pad,mult,rank
max,-171.788,2.86764,841.76,20,1,0
max,-157.064,5.83687,427.76,23,1,0
max,-152.155,2.7999,435.12,25,1,0
max,-152.155,5.70141,429.6,26,1,0
max,-149.701,1.45075,435.12,27,1,0
max,-149.701,7.05056,429.6,28,1,0
max,-147.247,5.70141,429.6,29,1,0
max,-147.247,2.7999,435.12,30,1,0
max,-144.793,7.05056,490.32,31,1,0
max,-144.793,1.45075,435.12,32,1,0
max,-142.339,2.7999,431.44,33,1,0
max,-142.339,5.70141,490.32,34,1,0
max,-139.885,7.05056,490.32,36,1,0
max,-137.431,5.70141,495.84,37,1,0
max,-137.431,2.7999,490.32,38,1,0
max,-134.976,7.05056,490.32,39,1,0
max,-134.976,1.45075,490.32,40,1,0
max,-132.522,2.7999,490.32,41,1,0
max,-130.068,1.45075,492.16,43,1,0
max,-130.068,7.05056,545.52,44,1,0
max,-127.614,5.70141,545.52,45,1,0
max,-125.16,7.05056,545.52,47,1,0
max,-125.16,1.45075,545.52,48,1,0
max,-122.706,2.7999,545.52,49,1,0
max,-122.706,5.70141,547.36,50,1,0
max,-120.252,1.45075,545.52,51,1,0
max,-120.252,7.05056,545.52,52,1,0
max,-117.798,5.70141,547.36,53,1,0
max,-117.798,2.7999,547.36,54,1,0
max,-115.344,1.45075,547.36,56,1,0
max,-112.889,2.7999,547.36,57,1,0
max,-112.889,5.70141,543.68,58,1,0
max,-110.435,1.45075,547.36,59,1,0
max,-105.527,1.45075,547.36,64,1,0
max,-103.073,5.70141,600.72,66,1,0
max,-100.619,7.05056,600.72,68,1,0
max,-98.1647,5.70141,602.56,69,1,0
max,-98.1647,2.7999,600.72,70,1,0
max,-95.7106,7.05056,598.88,71,1,0
max,-93.2565,2.7999,602.56,73,1,0
max,-93.2565,5.70141,604.4,74,1,0
max,-90.8024,1.45075,604.4,75,1,0
max,-90.8024,7.05056,604.4,76,1,0
max,-88.3482,5.70141,604.4,77,1,0
max,-88.3482,2.7999,602.56,78,1,0
max,-85.8941,7.05056,604.4,79,1,0
max,-85.8941,1.45075,602.56,80,1,0
max,-83.44,2.7999,604.4,81,1,0
max,-83.44,5.70141,606.24,82,1,0
max,-80.9859,1.45075,604.4,83,1,0
max,-80.9859,7.05056,604.4,84,1,0
max,-78.5318,5.70141,606.24,85,1,0
max,-78.5318,2.7999,606.24,86,1,0
max,-76.0777,7.05056,606.24,87,1,0
max,-76.0777,1.45075,604.4,88,1,0
max,-73.6235,2.7999,606.24,89,1,0
max,-73.6235,5.70141,606.24,90,1,0
max,-71.1694,1.45075,606.24,91,1,0
max,-71.1694,7.05056,606.24,92,1,0
max,-68.7153,5.70141,606.24,93,1,0
max,-68.7153,2.7999,606.24,94,1,0
max,-66.2612,7.05056,608.08,95,1,0
max,-66.2612,1.45075,606.24,96,1,0
max,-63.8071,2.7999,606.24,97,1,0
max,-63.8071,5.70141,608.08,98,1,0
max,-61.353,7.05056,608.08,100,1,0
max,-58.8988,5.70141,608.08,101,1,0
max,-56.4447,7.05056,608.08,103,1,0
max,-49.0824,2.7999,560.24,110,1,0
max,-46.6282,1.45075,560.24,112,1,0
max,-44.1741,2.7999,560.24,113,1,0
max,-44.1741,5.70141,560.24,114,1,0
max,-41.72,1.45075,560.24,115,1,0
max,-41.72,7.05056,562.08,116,1,0
max,-39.2659,5.70141,562.08,117,1,0
max,-39.2659,2.7999,562.08,118,1,0
max,-36.8118,7.05056,562.08,119,1,0
max,-34.3577,5.70141,562.08,122,1,0
max,-31.9035,1.45075,508.72,123,1,0
max,-29.4494,2.7999,508.72,126,1,0
max,-26.9953,7.05056,508.72,127,1,0
max,-26.9953,1.45075,508.72,128,1,0
max,-24.5412,2.7999,508.72,129,1,0
max,-24.5412,5.70141,508.72,130,1,0
max,-22.0871,7.05056,508.72,132,1,0
max,171.788,2.86764,600.72,279,1,0
max,-157.064,11.369,427.76,323,1,0
max,-152.155,14.3382,427.76,324,1,0
max,-149.701,9.95207,429.6,325,1,0
max,-147.247,11.3012,488.48,326,1,0
max,-147.247,14.2027,488.48,327,1,0
max,-144.793,9.95207,490.32,328,1,0
max,-144.793,15.5519,488.48,329,1,0
max,-142.339,14.2027,490.32,330,1,0
max,-142.339,11.3012,490.32,331,1,0
max,-139.885,9.95207,490.32,333,1,0
max,-134.976,9.95207,545.52,336,1,0
max,-134.976,15.5519,543.68,337,1,0
max,-132.522,14.2027,543.68,338,1,0
max,-132.522,11.3012,543.68,339,1,0
max,-130.068,15.5519,543.68,340,1,0
max,-130.068,9.95207,545.52,341,1,0
max,-127.614,11.3012,545.52,342,1,0
max,-127.614,14.2027,549.2,343,1,0
max,-125.16,9.95207,545.52,344,1,0
max,-120.252,15.5519,598.88,348,1,0
max,-120.252,9.95207,543.68,349,1,0
max,-117.798,14.2027,600.72,351,1,0
max,-115.344,9.95207,600.72,352,1,0
max,-115.344,15.5519,600.72,353,1,0
max,-112.889,14.2027,600.72,354,1,0
max,-112.889,11.3012,600.72,355,1,0
max,-110.435,15.5519,600.72,356,1,0
max,-110.435,9.95207,602.56,357,1,0
max,-107.981,11.3012,602.56,358,1,0
max,-107.981,14.2027,602.56,359,1,0
max,-105.527,9.95207,602.56,360,1,0
max,-105.527,15.5519,602.56,361,1,0
max,-103.073,14.2027,602.56,362,1,0
max,-103.073,11.3012,600.72,363,1,0
max,-100.619,9.95207,602.56,365,1,0
max,-98.1647,11.3012,602.56,366,1,0
max,-95.7106,9.95207,602.56,368,1,0
max,-93.2565,11.3012,602.56,371,1,0
max,-90.8024,9.95207,602.56,373,1,0
max,-88.3482,11.3012,602.56,374,1,0
max,-85.8941,9.95207,604.4,376,1,0
max,-80.9859,9.95207,606.24,381,1,0
max,-76.0777,9.95207,604.4,384,1,0
max,-71.1694,9.95207,608.08,389,1,0
max,-68.7153,11.3012,608.08,390,1,0
max,-66.2612,9.95207,608.08,392,1,0
max,-63.8071,11.3012,608.08,395,1,0
max,-61.353,9.95207,608.08,397,1,0
max,-58.8988,11.3012,608.08,398,1,0
max,-58.8988,14.2027,608.08,399,1,0
max,-56.4447,9.95207,608.08,400,1,0
max,-56.4447,15.5519,608.08,401,1,0
max,-53.9906,14.2027,608.08,402,1,0
max,-53.9906,11.3012,609.92,403,1,0
max,-51.5365,15.5519,609.92,404,1,0
max,-51.5365,9.95207,609.92,405,1,0
max,-49.0824,11.3012,609.92,406,1,0
max,-49.0824,14.2027,609.92,407,1,0
max,-46.6282,15.5519,609.92,409,1,0
max,-44.1741,14.2027,609.92,410,1,0
max,-41.72,15.5519,609.92,412,1,0
max,-36.8118,9.95207,562.08,416,1,0
max,-34.3577,14.2027,562.08,418,1,0
max,-34.3577,11.3012,563.92,419,1,0
max,-31.9035,15.5519,562.08,420,1,0
max,-31.9035,9.95207,562.08,421,1,0
max,-29.4494,11.3012,562.08,422,1,0
max,-29.4494,14.2027,562.08,423,1,0
max,-26.9953,9.95207,648.56,424,1,0
max,-26.9953,15.5519,563.92,425,1,0
max,-24.5412,14.2027,563.92,426,1,0
max,-22.0871,9.95207,508.72,429,1,0
max,-19.6329,11.3012,510.56,430,1,0
max,-19.6329,14.2027,508.72,431,1,0
max,-17.1788,15.5519,510.56,433,1,0
max,51.5365,9.95207,280.56,488,1,0
max,76.0776,15.5519,234.56,508,1,0
max,147.247,11.3012,494,566,1,0
max,-215.962,22.8395,1014.72,605,1,0
max,-166.88,22.8395,427.76,615,1,0
max,-161.972,19.8703,427.76,616,1,0
max,-157.064,22.8395,433.28,617,1,0
max,-152.155,19.8703,494,618,1,0
max,-147.247,22.8395,488.48,619,1,0
max,-144.793,18.4534,488.48,620,1,0
max,-142.339,22.704,543.68,622,1,0
max,-139.885,18.4534,543.68,623,1,0
max,-139.885,24.0532,541.84,624,1,0
max,-137.431,22.704,543.68,625,1,0
max,-137.431,19.8025,543.68,626,1,0
max,-134.976,24.0532,543.68,627,1,0
max,-134.976,18.4534,543.68,628,1,0
max,-132.522,19.8025,543.68,629,1,0
max,-130.068,18.4534,543.68,631,1,0
max,-127.614,22.704,600.72,633,1,0
max,-127.614,19.8025,545.52,634,1,0
max,-125.16,24.0532,598.88,635,1,0
max,-125.16,18.4534,600.72,636,1,0
max,-122.706,19.8025,600.72,637,1,0
max,-122.706,22.704,600.72,638,1,0
max,-120.252,18.4534,600.72,639,1,0
max,-120.252,24.0532,600.72,640,1,0
max,-117.798,22.704,600.72,641,1,0
max,-117.798,19.8025,600.72,642,1,0
max,-115.344,18.4534,600.72,644,1,0
max,-112.889,19.8025,600.72,645,1,0
max,-110.435,18.4534,600.72,647,1,0
max,-100.619,24.0532,644.88,656,1,0
max,-98.1647,22.704,644.88,657,1,0
max,-95.7106,24.0532,644.88,659,1,0
max,-93.2565,22.704,644.88,662,1,0
max,-90.8024,24.0532,646.72,664,1,0
max,-88.3482,22.704,646.72,665,1,0
max,-85.8941,24.0532,646.72,667,1,0
max,-83.44,22.704,646.72,670,1,0
max,-80.9859,24.0532,648.56,672,1,0
max,-78.5318,22.704,648.56,673,1,0
max,-76.0777,24.0532,648.56,675,1,0
max,-73.6235,22.704,648.56,678,1,0
max,-71.1694,24.0532,648.56,680,1,0
max,-51.5365,18.4534,609.92,695,1,0
max,-49.0824,22.704,609.92,697,1,0
max,-49.0824,19.8025,609.92,698,1,0
max,-46.6282,24.0532,611.76,699,1,0
max,-46.6282,18.4534,609.92,700,1,0
max,-44.1741,19.8025,609.92,701,1,0
max,-44.1741,22.704,609.92,702,1,0
max,-41.72,18.4534,609.92,703,1,0
max,-41.72,24.0532,609.92,704,1,0
max,-39.2659,22.704,611.76,705,1,0
max,-39.2659,19.8025,609.92,706,1,0
max,-36.8118,24.0532,611.76,707,1,0
max,-34.3577,22.704,611.76,710,1,0
max,-31.9035,18.4534,562.08,711,1,0
max,-29.4494,22.704,563.92,713,1,0
max,-29.4494,19.8025,563.92,714,1,0
max,-26.9953,24.0532,563.92,715,1,0
max,-26.9953,18.4534,563.92,716,1,0
max,-24.5412,19.8025,563.92,717,1,0
max,-24.5412,22.704,563.92,718,1,0
max,-22.0871,18.4534,562.08,719,1,0
max,-22.0871,24.0532,563.92,720,1,0
max,-19.6329,22.704,563.92,721,1,0
max,-17.1788,18.4534,510.56,724,1,0
max,-14.7247,19.8025,508.72,725,1,0
max,-14.7247,22.704,508.72,726,1,0
max,-12.2706,18.4534,510.56,727,1,0
max,-12.2706,24.0532,506.88,728,1,0
max,-9.81648,22.704,506.88,729,1,0
max,-9.81648,19.8025,506.88,730,1,0
max,-7.36236,24.0532,506.88,731,1,0
max,-2.45413,24.0532,449.84,736,1,0
max,-1.33514e-05,22.704,451.68,737,1,0
max,2.4541,24.0532,451.68,739,1,0
max,4.90825,22.704,385.44,742,1,0
max,7.36237,24.0532,383.6,744,1,0
max,9.81648,22.704,385.44,745,1,0
max,73.6235,22.704,247.44,798,1,0
max,98.1647,19.8025,276.88,818,1,0
max,125.16,24.0532,269.52,840,1,0
max,171.788,19.8703,620.96,861,1,0
max,-186.513,28.3716,854.64,899,1,0
max,-166.88,28.3716,431.44,903,1,0
max,-161.972,31.3408,431.44,904,1,0
max,-157.064,28.3716,492.16,905,1,0
max,-152.155,31.3408,492.16,906,1,0
max,-147.247,28.3716,547.36,907,1,0
max,-142.339,31.3408,547.36,908,1,0
max,-139.885,26.9547,543.68,909,1,0
max,-137.431,28.3038,541.84,910,1,0
max,-137.431,31.2053,547.36,911,1,0
max,-134.976,32.5545,598.88,913,1,0
max,-132.522,31.2053,598.88,914,1,0
max,-132.522,28.3038,598.88,915,1,0
max,-130.068,32.5545,598.88,916,1,0
max,-130.068,26.9547,598.88,917,1,0
max,-127.614,28.3038,598.88,918,1,0
max,-127.614,31.2053,598.88,919,1,0
max,-125.16,26.9547,598.88,920,1,0
max,-125.16,32.5545,598.88,921,1,0
max,-122.706,31.2053,600.72,922,1,0
max,-122.706,28.3038,598.88,923,1,0
max,-120.252,26.9547,598.88,925,1,0
max,-110.435,32.5545,643.04,932,1,0
max,-107.981,28.3038,643.04,934,1,0
max,-107.981,31.2053,643.04,935,1,0
max,-105.527,26.9547,644.88,936,1,0
max,-105.527,32.5545,643.04,937,1,0
max,-103.073,31.2053,644.88,938,1,0
max,-103.073,28.3038,644.88,939,1,0
max,-100.619,32.5545,644.88,940,1,0
max,-100.619,26.9547,644.88,941,1,0
max,-98.1647,28.3038,644.88,942,1,0
max,-98.1647,31.2053,644.88,943,1,0
max,-95.7106,26.9547,644.88,944,1,0
max,-95.7106,32.5545,644.88,945,1,0
max,-93.2565,31.2053,646.72,946,1,0
max,-93.2565,28.3038,646.72,947,1,0
max,-90.8024,32.5545,646.72,948,1,0
max,-90.8024,26.9547,646.72,949,1,0
max,-88.3482,28.3038,646.72,950,1,0
max,-88.3482,31.2053,646.72,951,1,0
max,-85.8941,26.9547,646.72,952,1,0
max,-83.44,31.2053,648.56,954,1,0
max,-83.44,28.3038,646.72,955,1,0
max,-80.9859,32.5545,648.56,956,1,0
max,-80.9859,26.9547,648.56,957,1,0
max,-78.5318,28.3038,648.56,958,1,0
max,-78.5318,31.2053,648.56,959,1,0
max,-76.0777,26.9547,648.56,960,1,0
max,-76.0777,32.5545,648.56,961,1,0
max,-73.6235,31.2053,648.56,962,1,0
max,-73.6235,28.3038,648.56,963,1,0
max,-71.1694,32.5545,650.4,964,1,0
max,-71.1694,26.9547,650.4,965,1,0
max,-68.7153,28.3038,650.4,966,1,0
max,-68.7153,31.2053,650.4,967,1,0
max,-66.2612,26.9547,650.4,968,1,0
max,-66.2612,32.5545,650.4,969,1,0
max,-63.8071,31.2053,650.4,970,1,0
max,-63.8071,28.3038,650.4,971,1,0
max,-61.353,32.5545,652.24,972,1,0
max,-58.8988,31.2053,654.08,975,1,0
max,-49.0824,31.2053,654.08,983,1,0
max,-41.72,26.9547,611.76,989,1,0
max,-39.2659,28.3038,611.76,990,1,0
max,-39.2659,31.2053,611.76,991,1,0
max,-36.8118,26.9547,611.76,992,1,0
max,-36.8118,32.5545,611.76,993,1,0
max,-34.3577,31.2053,611.76,994,1,0
max,-34.3577,28.3038,611.76,995,1,0
max,-31.9035,32.5545,611.76,996,1,0
max,-31.9035,26.9547,611.76,997,1,0
max,-29.4494,28.3038,654.08,998,1,0
max,-29.4494,31.2053,613.6,999,1,0
max,-24.5412,28.3038,563.92,1003,1,0
max,-22.0871,26.9547,563.92,1005,1,0
max,-19.6329,28.3038,563.92,1006,1,0
max,-19.6329,31.2053,562.08,1007,1,0
max,-17.1788,26.9547,560.24,1008,1,0
max,-17.1788,32.5545,560.24,1009,1,0
max,-14.7247,31.2053,562.08,1010,1,0
max,-12.2706,26.9547,506.88,1013,1,0
max,-9.81648,28.3038,506.88,1014,1,0
max,-9.81648,31.2053,506.88,1015,1,0
max,-7.36236,26.9547,506.88,1016,1,0
max,-7.36237,32.5545,508.72,1017,1,0
max,-4.90825,31.2053,506.88,1018,1,0
max,-4.90825,28.3038,506.88,1019,1,0
max,-2.45413,26.9547,449.84,1021,1,0
max,-1.33514e-05,28.3038,449.84,1022,1,0
max,-1.33514e-05,31.2053,453.52,1023,1,0
max,2.4541,26.9547,451.68,1024,1,0
max,2.45413,32.5545,453.52,1025,1,0
max,4.90825,31.2053,453.52,1026,1,0
max,7.36237,32.5545,385.44,1028,1,0
max,7.36237,26.9547,385.44,1029,1,0
max,9.81648,28.3038,385.44,1030,1,0
max,9.81648,31.2053,385.44,1031,1,0
max,12.2706,32.5545,385.44,1033,1,0
max,49.0824,28.3038,282.4,1062,1,0
max,93.2565,31.2053,276.88,1098,1,0
max,-171.788,36.8729,429.6,1183,1,0
max,-166.88,39.8421,429.6,1184,1,0
max,-161.972,36.8729,431.44,1185,1,0
max,-157.064,39.8421,490.32,1186,1,0
max,-152.155,36.8729,545.52,1187,1,0
max,-147.247,39.8421,545.52,1188,1,0
max,-142.339,36.8729,545.52,1189,1,0
max,-137.431,39.8421,597.04,1190,1,0
max,-134.976,35.456,597.04,1191,1,0
max,-132.522,36.8052,598.88,1192,1,0
max,-132.522,39.7067,597.04,1193,1,0
max,-130.068,35.456,597.04,1194,1,0
max,-130.068,41.0558,598.88,1195,1,0
max,-127.614,36.8052,600.72,1197,1,0
max,-125.16,41.0558,654.08,1198,1,0
max,-125.16,35.456,598.88,1199,1,0
max,-117.798,39.7067,641.2,1204,1,0
max,-117.798,36.8052,641.2,1205,1,0
max,-115.344,41.0558,641.2,1206,1,0
max,-115.344,35.456,643.04,1207,1,0
max,-112.889,36.8052,641.2,1208,1,0
max,-112.889,39.7067,643.04,1209,1,0
max,-110.435,35.456,643.04,1210,1,0
max,-110.435,41.0558,643.04,1211,1,0
max,-107.981,39.7067,641.2,1212,1,0
max,-107.981,36.8052,643.04,1213,1,0
max,-105.527,41.0558,643.04,1214,1,0
max,-105.527,35.456,643.04,1215,1,0
max,-103.073,36.8052,643.04,1216,1,0
max,-103.073,39.7067,643.04,1217,1,0
max,-100.619,35.456,644.88,1218,1,0
max,-90.8024,41.0558,609.92,1227,1,0
max,-71.1694,35.456,650.4,1242,1,0
max,-68.7153,39.7067,652.24,1244,1,0
max,-68.7153,36.8052,650.4,1245,1,0
max,-66.2612,41.0558,652.24,1246,1,0
max,-66.2612,35.456,652.24,1247,1,0
max,-63.8071,36.8052,652.24,1248,1,0
max,-63.8071,39.7067,652.24,1249,1,0
max,-61.353,35.456,652.24,1250,1,0
max,-61.3529,41.0558,652.24,1251,1,0
max,-58.8988,39.7067,652.24,1252,1,0
max,-58.8988,36.8052,652.24,1253,1,0
max,-56.4447,41.0558,654.08,1254,1,0
max,-56.4447,35.456,652.24,1255,1,0
max,-53.9906,36.8052,652.24,1256,1,0
max,-53.9906,39.7067,654.08,1257,1,0
max,-36.8118,35.456,611.76,1271,1,0
max,-34.3576,36.8052,611.76,1272,1,0
max,-34.3576,39.7067,613.6,1273,1,0
max,-31.9035,35.456,611.76,1274,1,0
max,-31.9035,41.0558,613.6,1275,1,0
max,-29.4494,39.7067,613.6,1276,1,0
max,-29.4494,36.8052,611.76,1277,1,0
max,-26.9953,41.0558,613.6,1278,1,0
max,-26.9953,35.456,611.76,1279,1,0
max,-19.6329,39.7067,562.08,1284,1,0
max,-19.6329,36.8052,562.08,1285,1,0
max,-17.1788,41.0558,562.08,1286,1,0
max,-17.1788,35.456,562.08,1287,1,0
max,-14.7247,36.8052,562.08,1288,1,0
max,-14.7247,39.7067,562.08,1289,1,0
max,-12.2706,35.456,560.24,1290,1,0
max,-12.2706,41.0558,562.08,1291,1,0
max,-7.36236,41.0558,508.72,1294,1,0
max,-7.36236,35.456,508.72,1295,1,0
max,-4.90825,36.8052,506.88,1296,1,0
max,-4.90825,39.7067,508.72,1297,1,0
max,-2.45413,35.456,506.88,1298,1,0
max,-2.45413,41.0558,508.72,1299,1,0
max,2.45411,41.0558,453.52,1302,1,0
max,2.4541,35.456,453.52,1303,1,0
max,4.90822,36.8052,453.52,1304,1,0
max,4.90822,39.7067,453.52,1305,1,0
max,7.36234,35.456,453.52,1306,1,0
max,7.36237,41.0558,453.52,1307,1,0
max,9.81649,39.7067,387.28,1308,1,0
max,9.81649,36.8052,385.44,1309,1,0
max,12.2706,41.0558,387.28,1310,1,0
max,12.2706,35.456,385.44,1311,1,0
max,14.7247,36.8052,385.44,1312,1,0
max,14.7247,39.7067,385.44,1313,1,0
max,44.1741,36.8052,1020.24,1336,1,0
max,-171.788,48.3434,429.6,1457,1,0
max,-166.88,45.3742,429.6,1458,1,0
max,-161.972,48.3434,490.32,1459,1,0
max,-157.064,45.3742,490.32,1460,1,0
max,-152.155,48.3434,545.52,1461,1,0
max,-147.247,45.3742,545.52,1462,1,0
max,-142.339,48.3434,597.04,1463,1,0
max,-137.431,45.3742,597.04,1464,1,0
max,-132.522,48.3434,595.2,1465,1,0
max,-130.068,43.9573,597.04,1466,1,0
max,-122.706,48.208,639.36,1471,1,0
max,-122.706,45.3065,652.24,1472,1,0
max,-120.252,49.5571,641.2,1473,1,0
max,-120.252,43.9573,641.2,1474,1,0
max,-117.798,45.3065,641.2,1475,1,0
max,-117.798,48.208,641.2,1476,1,0
max,-115.344,43.9573,641.2,1477,1,0
max,-115.344,49.5571,641.2,1478,1,0
max,-112.889,48.208,641.2,1479,1,0
max,-112.889,45.3065,641.2,1480,1,0
max,-110.435,49.5571,650.4,1481,1,0
max,-110.435,43.9573,643.04,1482,1,0
max,-107.981,45.3065,643.04,1483,1,0
max,-107.981,48.208,643.04,1484,1,0
max,-73.6235,48.208,654.08,1511,1,0
max,-71.1694,49.5571,655.92,1513,1,0
max,-68.7153,48.208,654.08,1516,1,0
max,-63.8071,45.3065,654.08,1520,1,0
max,-61.353,49.5571,654.08,1521,1,0
max,-61.3529,43.9573,654.08,1522,1,0
max,-58.8988,45.3065,654.08,1523,1,0
max,-58.8988,48.208,654.08,1524,1,0
max,-56.4447,43.9573,654.08,1525,1,0
max,-56.4447,49.5571,654.08,1526,1,0
max,-53.9906,48.208,654.08,1527,1,0
max,-53.9906,45.3065,654.08,1528,1,0
max,-51.5365,49.5571,654.08,1529,1,0
max,-51.5365,43.9573,654.08,1530,1,0
max,-49.0823,48.208,655.92,1532,1,0
max,-46.6282,43.9573,643.04,1533,1,0
max,-31.9035,49.5571,611.76,1545,1,0
max,-31.9035,43.9573,613.6,1546,1,0
max,-29.4494,45.3065,611.76,1547,1,0
max,-29.4494,48.208,613.6,1548,1,0
max,-26.9953,43.9573,611.76,1549,1,0
max,-26.9953,49.5571,613.6,1550,1,0
max,-24.5412,48.208,613.6,1551,1,0
max,-24.5412,45.3065,613.6,1552,1,0
max,-17.1788,43.9573,562.08,1557,1,0
max,-17.1788,49.5571,567.6,1558,1,0
max,-14.7247,48.208,563.92,1559,1,0
max,-14.7247,45.3065,562.08,1560,1,0
max,-12.2706,49.5571,563.92,1561,1,0
max,-12.2706,43.9573,562.08,1562,1,0
max,-9.81648,45.3065,562.08,1563,1,0
max,-9.81648,48.208,563.92,1564,1,0
max,-4.90825,48.208,510.56,1567,1,0
max,-4.90825,45.3065,508.72,1568,1,0
max,-2.45413,49.5571,508.72,1569,1,0
max,-2.45413,43.9573,508.72,1570,1,0
max,-1.14441e-05,45.3065,508.72,1571,1,0
max,-1.14441e-05,48.208,510.56,1572,1,0
max,4.90822,48.208,455.36,1575,1,0
max,4.90822,45.3065,455.36,1576,1,0
max,7.36234,49.5571,457.2,1577,1,0
max,7.36237,43.9573,453.52,1578,1,0
max,9.81649,48.208,453.52,1580,1,0
max,12.2706,43.9573,385.44,1581,1,0
max,12.2706,49.5571,387.28,1582,1,0
max,14.7247,48.208,387.28,1583,1,0
max,14.7247,45.3065,387.28,1584,1,0
max,122.706,45.3065,838.08,1672,1,0
max,-171.788,53.8755,425.92,1725,1,0
max,-166.88,56.8448,424.08,1726,1,0
max,-161.972,53.8755,486.64,1727,1,0
max,-157.064,56.8448,486.64,1728,1,0
max,-152.155,53.8755,540,1729,1,0
max,-147.247,56.8448,540,1730,1,0
max,-142.339,53.8755,595.2,1731,1,0
max,-137.431,56.8448,595.2,1732,1,0
max,-132.522,53.8755,595.2,1733,1,0
max,-127.614,56.8448,639.36,1734,1,0
max,-122.706,53.8078,639.36,1736,1,0
max,-122.706,56.7093,635.68,1737,1,0
max,-120.252,52.4586,637.52,1738,1,0
max,-120.252,58.0584,635.68,1739,1,0
max,-117.798,56.7093,641.2,1740,1,0
max,-117.798,53.8078,637.52,1741,1,0
max,-115.344,58.0584,635.68,1742,1,0
max,-115.344,52.4586,637.52,1743,1,0
max,-112.889,53.8078,635.68,1744,1,0
max,-71.1694,52.4586,654.08,1778,1,0
max,-68.7153,53.8078,655.92,1781,1,0
max,-66.2612,52.4586,654.08,1783,1,0
max,-63.8071,53.8078,654.08,1784,1,0
max,-63.8071,56.7093,655.92,1785,1,0
max,-61.353,52.4586,654.08,1786,1,0
max,-61.3529,58.0584,655.92,1787,1,0
max,-58.8988,56.7093,655.92,1788,1,0
max,-58.8988,53.8078,654.08,1789,1,0
max,-56.4447,58.0584,655.92,1790,1,0
max,-56.4447,52.4586,654.08,1791,1,0
max,-53.9906,53.8078,654.08,1792,1,0
max,-53.9906,56.7093,655.92,1793,1,0
max,-51.5365,52.4586,654.08,1794,1,0
max,-51.5365,58.0584,655.92,1795,1,0
max,-49.0823,56.7093,655.92,1796,1,0
max,-49.0823,53.8078,652.24,1797,1,0
max,-39.2659,53.8078,792.08,1805,1,0
max,-31.9035,52.4586,613.6,1810,1,0
max,-31.9035,58.0584,611.76,1811,1,0
max,-29.4494,56.7093,613.6,1812,1,0
max,-29.4494,53.8078,613.6,1813,1,0
max,-26.9953,58.0584,613.6,1814,1,0
max,-26.9953,52.4586,613.6,1815,1,0
max,-24.5412,53.8078,611.76,1816,1,0
max,-24.5412,56.7093,613.6,1817,1,0
max,-22.0871,52.4586,613.6,1818,1,0
max,-17.1788,58.0584,565.76,1822,1,0
max,-17.1788,52.4586,563.92,1823,1,0
max,-14.7247,53.8078,563.92,1824,1,0
max,-14.7247,56.7093,565.76,1825,1,0
max,-12.2706,52.4586,563.92,1826,1,0
max,-12.2706,58.0584,563.92,1827,1,0
max,-9.81648,56.7093,563.92,1828,1,0
max,-9.81648,53.8078,563.92,1829,1,0
max,-4.90825,53.8078,510.56,1832,1,0
max,-4.90825,56.7093,510.56,1833,1,0
max,-2.45413,52.4586,510.56,1834,1,0
max,-2.45413,58.0584,510.56,1835,1,0
max,-1.14441e-05,56.7093,512.4,1836,1,0
max,-1.14441e-05,53.8078,510.56,1837,1,0
max,2.4541,52.4586,453.52,1839,1,0
max,4.90822,53.8078,455.36,1840,1,0
max,4.90822,56.7093,455.36,1841,1,0
max,7.36234,52.4586,455.36,1842,1,0
max,7.36237,58.0584,457.2,1843,1,0
max,9.81649,56.7093,455.36,1844,1,0
max,9.81649,53.8078,455.36,1845,1,0
max,12.2706,58.0584,389.12,1846,1,0
max,12.2706,52.4586,389.12,1847,1,0
max,14.7247,53.8078,389.12,1848,1,0
max,14.7247,56.7093,389.12,1849,1,0
max,17.1788,52.4586,389.12,1850,1,0
max,17.1788,58.0584,389.12,1851,1,0
max,46.6282,52.4586,1003.68,1874,1,0
max,68.7153,53.8078,1007.36,1893,1,0
max,117.798,53.8078,1018.4,1933,1,0
max,-171.788,65.3461,424.08,1987,1,0
max,-166.88,62.3768,424.08,1988,1,0
max,-161.972,65.3461,484.8,1989,1,0
max,-157.064,62.3768,484.8,1990,1,0
max,-152.155,65.3461,540,1991,1,0
max,-147.247,62.3768,540,1992,1,0
max,-137.431,62.3768,591.52,1994,1,0
max,-132.522,65.3461,589.68,1995,1,0
max,-127.614,62.3768,635.68,1996,1,0
max,-122.706,65.3461,633.84,1997,1,0
max,-120.252,60.9599,635.68,1998,1,0
max,-117.798,62.3091,635.68,1999,1,0
max,-117.798,65.2106,635.68,2000,1,0
max,-115.344,60.9599,633.84,2001,1,0
max,-115.344,66.5598,635.68,2002,1,0
max,-103.073,65.2106,633.84,2011,1,0
max,-90.8024,60.9599,633.84,2022,1,0
max,-85.8941,60.9599,589.68,2025,1,0
max,-83.44,62.3091,589.68,2028,1,0
max,-66.2612,66.5598,655.92,2042,1,0
max,-63.8071,65.2106,657.76,2043,1,0
max,-63.8071,62.3091,657.76,2044,1,0
max,-61.353,66.5598,657.76,2045,1,0
max,-61.3529,60.9599,655.92,2046,1,0
max,-58.8988,62.3091,654.08,2047,1,0
max,-58.8988,65.2106,657.76,2048,1,0
max,-56.4447,60.9599,655.92,2049,1,0
max,-56.4447,66.5598,657.76,2050,1,0
max,-53.9906,65.2106,657.76,2051,1,0
max,-53.9906,62.3091,655.92,2052,1,0
max,-51.5365,60.9599,657.76,2054,1,0
max,-31.9035,66.5598,615.44,2069,1,0
max,-31.9035,60.9599,611.76,2070,1,0
max,-29.4494,62.3091,615.44,2071,1,0
max,-29.4494,65.2106,615.44,2072,1,0
max,-26.9953,60.9599,613.6,2073,1,0
max,-26.9953,66.5598,615.44,2074,1,0
max,-24.5412,65.2106,615.44,2075,1,0
max,-24.5412,62.3091,615.44,2076,1,0
max,-22.0871,66.5598,615.44,2077,1,0
max,-17.1788,60.9599,563.92,2081,1,0
max,-17.1788,66.5598,565.76,2082,1,0
max,-14.7247,65.2106,565.76,2083,1,0
max,-14.7247,62.3091,565.76,2084,1,0
max,-12.2706,66.5598,565.76,2085,1,0
max,-12.2706,60.9599,565.76,2086,1,0
max,-9.81648,62.3091,565.76,2087,1,0
max,-9.81648,65.2106,565.76,2088,1,0
max,-4.90825,65.2106,512.4,2091,1,0
max,-4.90825,62.3091,510.56,2092,1,0
max,-2.45413,66.5598,512.4,2093,1,0
max,-2.45413,60.9599,510.56,2094,1,0
max,-1.14441e-05,62.3091,510.56,2095,1,0
max,-1.14441e-05,65.2106,512.4,2096,1,0
max,4.90822,65.2106,457.2,2099,1,0
max,4.90822,62.3091,457.2,2100,1,0
max,7.36234,66.5598,457.2,2101,1,0
max,7.36237,60.9599,455.36,2102,1,0
max,9.81649,62.3091,457.2,2103,1,0
max,9.81649,65.2106,457.2,2104,1,0
max,12.2706,60.9599,390.96,2105,1,0
max,12.2706,66.5598,392.8,2106,1,0
max,14.7247,65.2106,392.8,2107,1,0
max,14.7247,62.3091,389.12,2108,1,0
max,17.1788,66.5598,392.8,2109,1,0
max,17.1788,60.9599,389.12,2110,1,0
max,-240.504,70.8781,1034.96,2228,1,0
max,-171.788,70.8781,424.08,2242,1,0
max,-166.88,73.8474,422.24,2243,1,0
max,-161.972,70.8781,484.8,2244,1,0
max,-157.064,73.8474,484.8,2245,1,0
max,-152.155,70.8781,538.16,2246,1,0
max,-147.247,73.8474,538.16,2247,1,0
max,-142.339,70.8781,589.68,2248,1,0
max,-137.431,73.8474,589.68,2249,1,0
max,-132.522,70.8781,591.52,2250,1,0
max,-122.706,70.8781,635.68,2252,1,0
max,-117.798,73.8474,633.84,2253,1,0
max,-115.344,69.4613,635.68,2254,1,0
max,-78.5318,70.8104,635.68,2284,1,0
max,-76.0776,75.0611,655.92,2285,1,0
max,-73.6235,73.7119,654.08,2288,1,0
max,-71.1694,69.4613,654.08,2289,1,0
max,-71.1694,75.0611,655.92,2290,1,0
max,-66.2612,69.4613,657.76,2294,1,0
max,-63.8071,70.8104,657.76,2295,1,0
max,-61.3529,69.4613,657.76,2297,1,0
max,-58.8988,73.7119,655.92,2299,1,0
max,-58.8988,70.8104,657.76,2300,1,0
max,-56.4447,69.4613,657.76,2302,1,0
max,-34.3576,73.7119,617.28,2320,1,0
max,-31.9035,69.4613,615.44,2321,1,0
max,-31.9035,75.0611,617.28,2322,1,0
max,-29.4494,73.7119,615.44,2323,1,0
max,-29.4494,70.8104,615.44,2324,1,0
max,-26.9953,75.0611,617.28,2325,1,0
max,-26.9953,69.4613,615.44,2326,1,0
max,-24.5412,70.8104,615.44,2327,1,0
max,-24.5412,73.7119,617.28,2328,1,0
max,-22.0871,69.4613,615.44,2329,1,0
max,-19.6329,73.7119,567.6,2331,1,0
max,-17.1788,75.0611,567.6,2333,1,0
max,-17.1788,69.4613,565.76,2334,1,0
max,-14.7247,70.8104,567.6,2335,1,0
max,-14.7247,73.7119,567.6,2336,1,0
max,-12.2706,69.4613,565.76,2337,1,0
max,-12.2706,75.0611,567.6,2338,1,0
max,-9.81648,73.7119,567.6,2339,1,0
max,-9.81648,70.8104,569.44,2340,1,0
max,-7.36236,75.0611,512.4,2341,1,0
max,-4.90824,70.8104,512.4,2343,1,0
max,-4.90824,73.7119,512.4,2344,1,0
max,-2.45413,69.4613,512.4,2345,1,0
max,-2.45413,75.0611,512.4,2346,1,0
max,-9.53674e-06,73.7119,514.24,2347,1,0
max,-9.53674e-06,70.8104,512.4,2348,1,0
max,2.45411,75.0611,457.2,2349,1,0
max,2.45411,69.4613,457.2,2350,1,0
max,4.90822,70.8104,457.2,2351,1,0
max,4.90822,73.7119,459.04,2352,1,0
max,7.36234,69.4613,457.2,2353,1,0
max,7.36234,75.0611,457.2,2354,1,0
max,9.81646,70.8104,457.2,2356,1,0
max,12.2706,75.0611,390.96,2357,1,0
max,12.2706,69.4613,392.8,2358,1,0
max,14.7247,70.8104,390.96,2359,1,0
max,14.7247,73.7119,390.96,2360,1,0
max,17.1788,69.4613,392.8,2361,1,0
max,53.9906,73.7119,1020.24,2392,1,0
max,58.8988,73.7119,1005.52,2395,1,0
max,98.1647,70.8104,727.68,2428,1,0
max,220.871,70.8781,1016.56,2463,1,0
max,-171.788,82.3487,422.24,2490,1,0
max,-166.88,79.3795,422.24,2491,1,0
max,-161.972,82.3487,484.8,2492,1,0
max,-157.064,79.3795,484.8,2493,1,0
max,-152.155,82.3487,538.16,2494,1,0
max,-147.247,79.3795,538.16,2495,1,0
max,-142.339,82.3487,589.68,2496,1,0
max,-137.431,79.3795,589.68,2497,1,0
max,-132.522,82.3487,589.68,2498,1,0
max,-122.706,82.3487,633.84,2500,1,0
max,-117.798,79.3795,633.84,2501,1,0
max,-112.889,82.3487,633.84,2502,1,0
max,-93.2565,79.3117,589.68,2517,1,0
max,-80.9859,83.5624,654.08,2526,1,0
max,-61.3529,83.5624,795.76,2542,1,0
max,-39.2659,82.2132,617.28,2561,1,0
max,-36.8118,77.9626,617.28,2562,1,0
max,-36.8118,83.5624,619.12,2563,1,0
max,-34.3576,82.2132,617.28,2564,1,0
max,-34.3576,79.3117,617.28,2565,1,0
max,-31.9035,83.5624,617.28,2566,1,0
max,-31.9035,77.9626,617.28,2567,1,0
max,-29.4494,79.3117,617.28,2568,1,0
max,-29.4494,82.2132,619.12,2569,1,0
max,-26.9953,77.9626,617.28,2570,1,0
max,-22.0871,83.5624,571.28,2574,1,0
max,-19.6329,79.3117,567.6,2576,1,0
max,-19.6329,82.2132,567.6,2577,1,0
max,-17.1788,77.9626,567.6,2578,1,0
max,-17.1788,83.5624,569.44,2579,1,0
max,-14.7247,82.2132,567.6,2580,1,0
max,-14.7247,79.3117,567.6,2581,1,0
max,-12.2706,77.9626,567.6,2583,1,0
max,-9.81648,79.3117,512.4,2584,1,0
max,-9.81648,82.2132,514.24,2585,1,0
max,-7.36236,77.9626,512.4,2586,1,0
max,-7.36236,83.5624,514.24,2587,1,0
max,-4.90824,82.2132,514.24,2588,1,0
max,-4.90824,79.3117,512.4,2589,1,0
max,-2.45413,83.5624,514.24,2590,1,0
max,-2.45413,77.9626,512.4,2591,1,0
max,-9.53674e-06,79.3117,459.04,2592,1,0
max,2.45411,77.9626,457.2,2594,1,0
max,2.45411,83.5624,459.04,2595,1,0
max,4.90822,82.2132,459.04,2596,1,0
max,4.90822,79.3117,457.2,2597,1,0
max,7.36234,77.9626,457.2,2599,1,0
max,9.81646,79.3117,392.8,2600,1,0
max,9.81646,82.2132,390.96,2601,1,0
max,12.2706,77.9626,392.8,2602,1,0
max,12.2706,83.5624,390.96,2603,1,0
max,14.7247,82.2132,390.96,2604,1,0
max,14.7247,79.3117,390.96,2605,1,0
max,49.0824,82.2132,990.8,2633,1,0
max,-171.788,87.8808,422.24,2731,1,0
max,-166.88,90.85,422.24,2732,1,0
max,-161.972,87.8808,482.96,2733,1,0
max,-157.064,90.85,482.96,2734,1,0
max,-152.155,87.8808,538.16,2735,1,0
max,-147.247,90.85,536.32,2736,1,0
max,-142.339,87.8808,538.16,2737,1,0
max,-137.431,90.85,589.68,2738,1,0
max,-132.522,87.8808,589.68,2739,1,0
max,-127.614,90.85,589.68,2740,1,0
max,-122.706,87.8808,633.84,2741,1,0
max,-117.798,90.85,632,2742,1,0
max,-112.889,87.8808,633.84,2743,1,0
max,-107.981,90.85,632,2744,1,0
max,-105.527,86.4639,633.84,2745,1,0
max,-103.073,90.7145,632,2747,1,0
max,-98.1647,90.7145,633.84,2750,1,0
max,-95.7106,86.4639,692.72,2753,1,0
max,-46.6282,92.0637,620.96,2792,1,0
max,-44.1741,87.813,620.96,2794,1,0
max,-44.1741,90.7145,619.12,2795,1,0
max,-41.72,86.4639,619.12,2796,1,0
max,-41.72,92.0637,619.12,2797,1,0
max,-39.2659,90.7145,619.12,2798,1,0
max,-39.2659,87.813,619.12,2799,1,0
max,-36.8118,92.0637,619.12,2800,1,0
max,-36.8118,86.4639,619.12,2801,1,0
max,-34.3576,87.813,619.12,2802,1,0
max,-34.3576,90.7145,620.96,2803,1,0
max,-31.9035,86.4639,620.96,2804,1,0
max,-26.9953,92.0637,571.28,2808,1,0
max,-24.5412,87.813,571.28,2810,1,0
max,-24.5412,90.7145,571.28,2811,1,0
max,-22.0871,86.4639,569.44,2812,1,0
max,-22.0871,92.0637,569.44,2813,1,0
max,-19.6329,90.7145,569.44,2814,1,0
max,-19.6329,87.813,569.44,2815,1,0
max,-17.1788,92.0637,567.6,2816,1,0
max,-17.1788,86.4639,567.6,2817,1,0
max,-14.7247,87.813,569.44,2818,1,0
max,-14.7247,90.7145,516.08,2819,1,0
max,-12.2706,92.0637,514.24,2821,1,0
max,-9.81647,90.7145,514.24,2822,1,0
max,-9.81647,87.813,514.24,2823,1,0
max,-7.36236,92.0637,514.24,2824,1,0
max,-7.36236,86.4639,514.24,2825,1,0
max,-4.90824,87.813,514.24,2826,1,0
max,-4.90824,90.7145,514.24,2827,1,0
max,-2.45412,86.4639,459.04,2828,1,0
max,-2.45413,92.0637,457.2,2829,1,0
max,-7.62939e-06,90.7145,459.04,2830,1,0
max,-7.62939e-06,87.813,459.04,2831,1,0
max,2.45411,92.0637,460.88,2832,1,0
max,2.45411,86.4639,459.04,2833,1,0
max,4.90823,87.813,459.04,2834,1,0
max,4.90823,90.7145,460.88,2835,1,0
max,7.36234,86.4639,392.8,2836,1,0
max,7.36234,92.0637,392.8,2837,1,0
max,9.81646,90.7145,392.8,2838,1,0
max,9.81646,87.813,392.8,2839,1,0
max,12.2706,92.0637,394.64,2840,1,0
max,12.2706,86.4639,392.8,2841,1,0
max,95.7106,86.4639,760.8,2908,1,0
max,147.247,90.85,1018.4,2925,1,0
max,-186.513,96.3821,747.92,2961,1,0
max,-166.88,96.3821,420.4,2965,1,0
max,-161.972,99.3513,418.56,2966,1,0
max,-157.064,96.3821,481.12,2967,1,0
max,-152.155,99.3513,481.12,2968,1,0
max,-147.247,96.3821,538.16,2969,1,0
max,-142.339,99.3513,538.16,2970,1,0
max,-137.431,96.3821,538.16,2971,1,0
max,-132.522,99.3513,587.84,2972,1,0
max,-127.614,96.3821,587.84,2973,1,0
max,-122.706,99.3513,587.84,2974,1,0
max,-117.798,96.3821,633.84,2975,1,0
max,-112.889,99.3513,632,2976,1,0
max,-107.981,96.3821,632,2977,1,0
max,-103.073,99.3513,632,2978,1,0
max,-100.619,94.9652,632,2979,1,0
max,-98.1647,96.3143,630.16,2980,1,0
max,-98.1647,99.2159,630.16,2981,1,0
max,-95.7106,94.9652,633.84,2982,1,0
max,-95.7106,100.565,630.16,2983,1,0
max,-93.2565,99.2159,630.16,2984,1,0
max,-90.8024,100.565,628.32,2986,1,0
max,-88.3482,99.2159,657.76,2989,1,0
max,-61.3529,100.565,624.64,3010,1,0
max,-58.8988,99.2159,620.96,3013,1,0
max,-56.4447,100.565,622.8,3015,1,0
max,-53.9906,99.2159,620.96,3016,1,0
max,-51.5365,100.565,620.96,3018,1,0
max,-51.5365,94.9652,620.96,3019,1,0
max,-49.0824,96.3143,620.96,3020,1,0
max,-49.0824,99.2159,620.96,3021,1,0
max,-46.6282,94.9652,620.96,3022,1,0
max,-46.6282,100.565,620.96,3023,1,0
max,-44.1741,99.2159,620.96,3024,1,0
max,-44.1741,96.3143,620.96,3025,1,0
max,-41.72,100.565,619.12,3026,1,0
max,-41.72,94.9652,619.12,3027,1,0
max,-39.2659,96.3143,619.12,3028,1,0
max,-36.8118,94.9652,619.12,3030,1,0
max,-31.9035,100.565,573.12,3034,1,0
max,-29.4494,96.3143,573.12,3036,1,0
max,-29.4494,99.2159,573.12,3037,1,0
max,-26.9953,94.9652,573.12,3038,1,0
max,-26.9953,100.565,573.12,3039,1,0
max,-24.5412,99.2159,571.28,3040,1,0
max,-24.5412,96.3143,573.12,3041,1,0
max,-22.0871,94.9652,569.44,3043,1,0
max,-17.1788,100.565,517.92,3047,1,0
max,-14.7247,99.2159,516.08,3048,1,0
max,-14.7247,96.3143,516.08,3049,1,0
max,-12.2706,100.565,516.08,3050,1,0
max,-12.2706,94.9652,514.24,3051,1,0
max,-9.81647,96.3143,516.08,3052,1,0
max,-9.81647,99.2159,514.24,3053,1,0
max,-7.36236,94.9652,516.08,3054,1,0
max,-7.36236,100.565,459.04,3055,1,0
max,-4.90824,99.2159,459.04,3056,1,0
max,-4.90824,96.3143,459.04,3057,1,0
max,-2.45412,100.565,459.04,3058,1,0
max,-2.45412,94.9652,459.04,3059,1,0
max,-5.72205e-06,96.3143,457.2,3060,1,0
max,-5.72205e-06,99.2159,460.88,3061,1,0
max,2.45411,94.9652,460.88,3062,1,0
max,2.45411,100.565,394.64,3063,1,0
max,4.90823,99.2159,394.64,3064,1,0
max,4.90823,96.3143,392.8,3065,1,0
max,7.36235,100.565,394.64,3066,1,0
max,7.36234,94.9652,394.64,3067,1,0
max,9.81646,96.3143,394.64,3068,1,0
max,9.81646,99.2159,394.64,3069,1,0
max,12.2706,94.9652,392.8,3070,1,0
max,12.2706,100.565,392.8,3071,1,0
max,17.1788,100.565,302.64,3074,1,0
max,68.7153,99.2159,994.48,3117,1,0
max,-161.972,104.883,420.4,3192,1,0
max,-157.064,107.853,420.4,3193,1,0
max,-152.155,104.883,482.96,3194,1,0
max,-147.247,107.853,482.96,3195,1,0
max,-142.339,104.883,538.16,3196,1,0
max,-137.431,107.853,536.32,3197,1,0
max,-132.522,104.883,534.48,3198,1,0
max,-127.614,107.853,587.84,3199,1,0
max,-122.706,104.883,587.84,3200,1,0
max,-117.798,107.853,587.84,3201,1,0
max,-107.981,107.853,587.84,3203,1,0
max,-103.073,104.883,630.16,3204,1,0
max,-98.1647,107.853,630.16,3205,1,0
max,-95.7106,103.467,630.16,3206,1,0
max,-93.2565,104.816,630.16,3207,1,0
max,-93.2565,107.717,630.16,3208,1,0
max,-90.8024,103.467,630.16,3209,1,0
max,-90.8024,109.066,628.32,3210,1,0
max,-88.3482,107.717,628.32,3211,1,0
max,-88.3482,104.816,628.32,3212,1,0
max,-85.8941,109.066,628.32,3213,1,0
max,-85.8941,103.467,628.32,3214,1,0
max,-83.44,104.816,628.32,3215,1,0
max,-83.44,107.717,628.32,3216,1,0
max,-80.9859,103.467,628.32,3217,1,0
max,-80.9859,109.066,628.32,3218,1,0
max,-78.5318,107.717,624.64,3219,1,0
max,-78.5318,104.816,628.32,3220,1,0
max,-76.0777,109.066,624.64,3221,1,0
max,-76.0777,103.467,628.32,3222,1,0
max,-73.6235,104.816,624.64,3223,1,0
max,-73.6235,107.717,624.64,3224,1,0
max,-71.1694,103.467,624.64,3225,1,0
max,-71.1694,109.066,624.64,3226,1,0
max,-68.7153,107.717,624.64,3227,1,0
max,-68.7153,104.816,624.64,3228,1,0
max,-66.2612,109.066,624.64,3229,1,0
max,-66.2612,103.467,624.64,3230,1,0
max,-63.8071,104.816,622.8,3231,1,0
max,-63.8071,107.717,624.64,3232,1,0
max,-61.3529,103.467,622.8,3233,1,0
max,-61.3529,109.066,624.64,3234,1,0
max,-58.8988,107.717,622.8,3235,1,0
max,-58.8988,104.816,622.8,3236,1,0
max,-56.4447,109.066,622.8,3237,1,0
max,-56.4447,103.467,622.8,3238,1,0
max,-53.9906,104.816,622.8,3239,1,0
max,-53.9906,107.717,620.96,3240,1,0
max,-51.5365,103.467,620.96,3241,1,0
max,-49.0824,104.816,620.96,3244,1,0
max,-46.6282,109.066,574.96,3245,1,0
max,-46.6282,103.467,620.96,3246,1,0
max,-44.1741,104.816,619.12,3247,1,0
max,-41.72,109.066,576.8,3250,1,0
max,-39.2659,107.717,576.8,3251,1,0
max,-39.2659,104.816,578.64,3252,1,0
max,-36.8118,109.066,576.8,3253,1,0
max,-36.8118,103.467,574.96,3254,1,0
max,-34.3576,104.816,574.96,3255,1,0
max,-34.3576,107.717,576.8,3256,1,0
max,-31.9035,103.467,574.96,3257,1,0
max,-31.9035,109.066,573.12,3258,1,0
max,-29.4494,107.717,573.12,3259,1,0
max,-29.4494,104.816,573.12,3260,1,0
max,-26.9953,103.467,573.12,3262,1,0
max,-22.0871,109.066,517.92,3266,1,0
max,-19.6329,107.717,517.92,3267,1,0
max,-19.6329,104.816,516.08,3268,1,0
max,-17.1788,109.066,517.92,3269,1,0
max,-17.1788,103.467,516.08,3270,1,0
max,-14.7247,107.717,517.92,3272,1,0
max,-12.2706,103.467,516.08,3273,1,0
max,-12.2706,109.066,462.72,3274,1,0
max,-9.81647,107.717,460.88,3275,1,0
max,-9.81647,104.816,460.88,3276,1,0
max,-7.36236,109.066,460.88,3277,1,0
max,-7.36236,103.467,460.88,3278,1,0
max,-4.90824,104.816,460.88,3279,1,0
max,-4.90824,107.717,459.04,3280,1,0
max,-2.45412,103.467,459.04,3281,1,0
max,-2.45412,109.066,394.64,3282,1,0
max,-5.72205e-06,107.717,394.64,3283,1,0
max,-5.72205e-06,104.816,392.8,3284,1,0
max,2.45411,109.066,396.48,3285,1,0
max,2.45411,103.467,394.64,3286,1,0
max,4.90823,104.816,394.64,3287,1,0
max,4.90823,107.717,394.64,3288,1,0
max,7.36235,103.467,394.64,3289,1,0
max,191.421,104.883,1018.4,3381,1,0
max,-157.064,113.385,420.4,3412,1,0
max,-152.155,116.354,422.24,3413,1,0
max,-147.247,113.385,481.12,3414,1,0
max,-142.339,116.354,481.12,3415,1,0
max,-137.431,113.385,534.48,3416,1,0
max,-132.522,116.354,534.48,3417,1,0
max,-127.614,113.385,534.48,3418,1,0
max,-122.706,116.354,534.48,3419,1,0
max,-117.798,113.385,586,3420,1,0
max,-112.889,116.354,586,3421,1,0
max,-107.981,113.385,586,3422,1,0
max,-103.073,116.354,584.16,3423,1,0
max,-98.1647,113.385,584.16,3424,1,0
max,-93.2565,116.354,584.16,3425,1,0
max,-85.8941,111.968,628.32,3429,1,0
max,-80.9859,111.968,624.64,3434,1,0
max,-76.0777,111.968,626.48,3437,1,0
max,-73.6235,113.317,624.64,3440,1,0
max,-71.1694,111.968,624.64,3442,1,0
max,-66.2612,111.968,622.8,3445,1,0
max,-63.8071,113.317,620.96,3448,1,0
max,-61.3529,117.568,576.8,3449,1,0
max,-58.8988,116.218,576.8,3452,1,0
max,-56.4447,117.568,576.8,3454,1,0
max,-53.9906,116.218,576.8,3455,1,0
max,-51.5365,117.568,578.64,3457,1,0
max,-49.0824,113.317,578.64,3459,1,0
max,-49.0824,116.218,578.64,3460,1,0
max,-46.6282,111.968,576.8,3461,1,0
max,-46.6282,117.568,578.64,3462,1,0
max,-44.1741,116.218,578.64,3463,1,0
max,-44.1741,113.317,578.64,3464,1,0
max,-41.72,117.568,576.8,3465,1,0
max,-41.72,111.968,576.8,3466,1,0
max,-39.2659,113.317,576.8,3467,1,0
max,-39.2659,116.218,578.64,3468,1,0
max,-36.8118,111.968,576.8,3469,1,0
max,-36.8118,117.568,523.44,3470,1,0
max,-34.3577,113.317,576.8,3472,1,0
max,-31.9035,117.568,521.6,3473,1,0
max,-31.9035,111.968,574.96,3474,1,0
max,-29.4494,113.317,519.76,3475,1,0
max,-29.4494,116.218,519.76,3476,1,0
max,-26.9953,111.968,519.76,3477,1,0
max,-26.9953,117.568,519.76,3478,1,0
max,-24.5412,116.218,519.76,3479,1,0
max,-24.5412,113.317,519.76,3480,1,0
max,-22.0871,117.568,464.56,3481,1,0
max,-22.0871,111.968,519.76,3482,1,0
max,-19.6329,113.317,517.92,3483,1,0
max,-19.6329,116.218,462.72,3484,1,0
max,-17.1788,111.968,516.08,3485,1,0
max,-17.1788,117.568,460.88,3486,1,0
max,-14.7247,116.218,460.88,3487,1,0
max,-14.7247,113.317,460.88,3488,1,0
max,-12.2706,117.568,460.88,3489,1,0
max,-12.2706,111.968,462.72,3490,1,0
max,-9.81647,113.317,460.88,3491,1,0
max,-9.81647,116.218,394.64,3492,1,0
max,-7.36235,111.968,460.88,3493,1,0
max,-7.36236,117.568,396.48,3494,1,0
max,-4.90824,116.218,394.64,3495,1,0
max,-4.90824,113.317,394.64,3496,1,0
max,-2.45412,117.568,396.48,3497,1,0
max,-2.45412,111.968,394.64,3498,1,0
max,-3.8147e-06,113.317,394.64,3499,1,0
max,-3.8147e-06,116.218,396.48,3500,1,0
max,-152.155,121.886,420.4,3624,1,0
max,-147.247,124.855,418.56,3625,1,0
max,-142.339,121.886,481.12,3626,1,0
max,-137.431,124.855,481.12,3627,1,0
max,-132.522,121.886,479.28,3628,1,0
max,-127.614,124.855,479.28,3629,1,0
max,-122.706,121.886,534.48,3630,1,0
max,-117.798,124.855,532.64,3631,1,0
max,-112.889,121.886,532.64,3632,1,0
max,-107.981,124.855,530.8,3633,1,0
max,-103.073,121.886,584.16,3634,1,0
max,-98.1647,124.855,584.16,3635,1,0
max,-93.2565,121.886,584.16,3636,1,0
max,-88.3482,124.855,580.48,3637,1,0
max,-85.8941,120.469,578.64,3638,1,0
max,-83.44,121.818,580.48,3639,1,0
max,-83.44,124.72,580.48,3640,1,0
max,-80.9859,120.469,580.48,3641,1,0
max,-80.9859,126.069,580.48,3642,1,0
max,-78.5318,124.72,580.48,3643,1,0
max,-78.5318,121.818,580.48,3644,1,0
max,-76.0777,126.069,580.48,3645,1,0
max,-76.0777,120.469,578.64,3646,1,0
max,-73.6235,121.818,580.48,3647,1,0
max,-73.6235,124.72,578.64,3648,1,0
max,-71.1694,120.469,578.64,3649,1,0
max,-71.1694,126.069,578.64,3650,1,0
max,-68.7153,124.72,578.64,3651,1,0
max,-68.7153,121.818,578.64,3652,1,0
max,-66.2612,126.069,578.64,3653,1,0
max,-66.2612,120.469,578.64,3654,1,0
max,-63.8071,121.818,578.64,3655,1,0
max,-63.8071,124.72,576.8,3656,1,0
max,-61.353,120.469,578.64,3657,1,0
max,-61.3529,126.069,576.8,3658,1,0
max,-58.8988,124.72,578.64,3659,1,0
max,-58.8988,121.818,578.64,3660,1,0
max,-56.4447,120.469,578.64,3662,1,0
max,-53.9906,121.818,578.64,3663,1,0
max,-51.5365,120.469,578.64,3665,1,0
max,-49.0824,121.818,578.64,3668,1,0
max,-46.6282,126.069,525.28,3669,1,0
max,-46.6282,120.469,578.64,3670,1,0
max,-44.1741,121.818,525.28,3671,1,0
max,-44.1741,124.72,525.28,3672,1,0
max,-41.72,120.469,525.28,3673,1,0
max,-41.72,126.069,523.44,3674,1,0
max,-39.2659,124.72,523.44,3675,1,0
max,-39.2659,121.818,525.28,3676,1,0
max,-36.8118,126.069,523.44,3677,1,0
max,-36.8118,120.469,523.44,3678,1,0
max,-34.3577,121.818,521.6,3679,1,0
max,-34.3577,124.72,521.6,3680,1,0
max,-31.9035,120.469,521.6,3681,1,0
max,-31.9035,126.069,464.56,3682,1,0
max,-29.4494,121.818,521.6,3684,1,0
max,-26.9953,126.069,466.4,3685,1,0
max,-26.9953,120.469,519.76,3686,1,0
max,-24.5412,121.818,464.56,3687,1,0
max,-24.5412,124.72,464.56,3688,1,0
max,-22.0871,120.469,464.56,3689,1,0
max,-22.0871,126.069,464.56,3690,1,0
max,-19.6329,124.72,464.56,3691,1,0
max,-19.6329,121.818,462.72,3692,1,0
max,-17.1788,126.069,398.32,3693,1,0
max,-17.1788,120.469,462.72,3694,1,0
max,-14.7247,121.818,462.72,3695,1,0
max,-14.7247,124.72,396.48,3696,1,0
max,-12.2706,120.469,394.64,3697,1,0
max,-12.2706,126.069,396.48,3698,1,0
max,-9.81647,124.72,396.48,3699,1,0
max,-9.81647,121.818,396.48,3700,1,0
max,-7.36235,120.469,396.48,3702,1,0
max,-4.90824,121.818,396.48,3703,1,0
max,-2.45412,120.469,394.64,3705,1,0
max,-211.054,133.357,762.64,3815,1,0
max,-147.247,130.387,416.72,3828,1,0
max,-142.339,133.357,416.72,3829,1,0
max,-137.431,130.387,416.72,3830,1,0
max,-132.522,133.357,414.88,3831,1,0
max,-127.614,130.387,479.28,3832,1,0
max,-122.706,133.357,477.44,3833,1,0
max,-117.798,130.387,477.44,3834,1,0
max,-112.889,133.357,477.44,3835,1,0
max,-107.981,130.387,532.64,3836,1,0
max,-103.073,133.357,530.8,3837,1,0
max,-98.1647,130.387,530.8,3838,1,0
max,-93.2565,133.357,528.96,3839,1,0
max,-88.3482,130.387,527.12,3840,1,0
max,-83.44,133.357,527.12,3841,1,0
max,-78.5318,133.221,527.12,3844,1,0
max,-76.0777,128.97,580.48,3845,1,0
max,-76.0777,134.57,527.12,3846,1,0
max,-73.6235,133.221,525.28,3847,1,0
max,-71.1694,134.57,525.28,3849,1,0
max,-71.1694,128.97,578.64,3850,1,0
max,-68.7153,130.32,525.28,3851,1,0
max,-68.7153,133.221,525.28,3852,1,0
max,-66.2612,134.57,527.12,3854,1,0
max,-63.8071,133.221,527.12,3855,1,0
max,-63.8071,130.32,527.12,3856,1,0
max,-61.353,134.57,527.12,3857,1,0
max,-58.8988,130.32,525.28,3859,1,0
max,-58.8988,133.221,525.28,3860,1,0
max,-56.4447,128.97,525.28,3861,1,0
max,-56.4447,134.57,527.12,3862,1,0
max,-53.9906,133.221,525.28,3863,1,0
max,-53.9906,130.32,525.28,3864,1,0
max,-51.5365,134.57,525.28,3865,1,0
max,-51.5365,128.97,525.28,3866,1,0
max,-49.0824,130.32,525.28,3867,1,0
max,-49.0824,133.221,525.28,3868,1,0
max,-46.6282,128.97,525.28,3869,1,0
max,-46.6282,134.57,470.08,3870,1,0
max,-44.1741,130.32,525.28,3872,1,0
max,-41.72,134.57,470.08,3873,1,0
max,-41.72,128.97,525.28,3874,1,0
max,-39.2659,133.221,468.24,3876,1,0
max,-36.8118,134.57,466.4,3878,1,0
max,-34.3577,133.221,466.4,3879,1,0
max,-34.3577,130.32,466.4,3880,1,0
max,-31.9035,134.57,466.4,3881,1,0
max,-31.9035,128.97,466.4,3882,1,0
max,-29.4494,130.32,466.4,3883,1,0
max,-29.4494,133.221,464.56,3884,1,0
max,-26.9953,128.97,466.4,3885,1,0
max,-26.9953,134.57,400.16,3886,1,0
max,-24.5412,133.221,400.16,3887,1,0
max,-24.5412,130.32,466.4,3888,1,0
max,-22.0871,134.57,400.16,3889,1,0
max,-22.0871,128.97,464.56,3890,1,0
max,-19.6329,130.32,398.32,3891,1,0
max,-19.6329,133.221,400.16,3892,1,0
max,-17.1788,128.97,396.48,3893,1,0
max,-17.1788,134.57,398.32,3894,1,0
max,-14.7247,130.32,396.48,3896,1,0
max,-12.2706,128.97,396.48,3898,1,0
max,147.247,130.387,720.32,3987,1,0
max,-132.522,138.889,414.88,4026,1,0
max,-127.614,141.858,414.88,4027,1,0
max,-122.706,138.889,477.44,4028,1,0
max,-117.798,141.858,414.88,4029,1,0
max,-112.889,138.889,477.44,4030,1,0
max,-107.981,141.858,477.44,4031,1,0
max,-103.073,138.889,475.6,4032,1,0
max,-98.1647,141.858,473.76,4033,1,0
max,-93.2565,138.889,527.12,4034,1,0
max,-88.3482,141.858,471.92,4035,1,0
max,-83.44,138.889,527.12,4036,1,0
max,-78.5318,141.858,471.92,4037,1,0
max,-73.6235,138.889,528.96,4038,1,0
max,-68.7153,141.858,471.92,4039,1,0
max,-63.8071,138.889,527.12,4040,1,0
max,-58.8988,141.858,471.92,4041,1,0
max,-53.9906,138.889,470.08,4042,1,0
max,-49.0824,141.858,470.08,4043,1,0
max,-44.1741,138.889,470.08,4044,1,0
max,-39.2659,141.858,402,4045,1,0
max,-34.3577,138.889,402,4046,1,0
max,-29.4494,141.858,402,4047,1,0
max,-24.5412,138.889,400.16,4048,1,0
max,53.9906,138.889,705.6,4064,1,0
max,206.146,141.858,709.28,4095,1,0
max,-117.798,147.39,414.88,4123,1,0
max,-112.889,150.359,413.04,4124,1,0
max,-107.981,147.39,411.2,4125,1,0
max,-103.073,150.359,409.36,4126,1,0
max,-98.1647,147.39,471.92,4127,1,0
max,-93.2565,150.359,409.36,4128,1,0
max,-88.3482,147.39,471.92,4129,1,0
max,-83.44,150.359,411.2,4130,1,0
max,-78.5318,147.39,473.76,4131,1,0
max,-73.6235,150.359,409.36,4132,1,0
max,-68.7153,147.39,471.92,4133,1,0
max,-63.8071,150.359,409.36,4134,1,0
max,-58.8988,147.39,471.92,4135,1,0
max,-53.9906,150.359,405.68,4136,1,0
max,-49.0824,147.39,405.68,4137,1,0
max,-44.1741,150.359,405.68,4138,1,0
max,-39.2659,147.39,402,4139,1,0
max,-103.073,155.891,409.36,4218,1,0
max,-93.2565,155.891,409.36,4220,1,0
max,-88.3482,158.861,411.2,4221,1,0
max,-83.44,155.891,411.2,4222,1,0
max,-78.5318,158.861,409.36,4223,1,0
max,-73.6235,155.891,409.36,4224,1,0
max,-63.8071,155.891,409.36,4226,1,0
max,-49.0824,158.861,1005.52,4229,1,0
max,-34.3576,167.362,725.84,4322,1,0
max,9.81647,164.393,718.48,4331,1,0
max,34.3576,167.362,690.88,4336,1,0
max,49.0823,164.393,727.68,4339,1,0
max,103.073,172.894,701.92,4437,1,0
max,-29.4494,181.395,760.8,4494,1,0
max,-152.155,189.897,707.44,4550,1,0
max,44.1741,189.897,773.68,4590,1,0
max,137.431,209.868,659.6,4762,1,0
max,-78.5318,215.4,988.96,4788,1,0
max,-24.5412,240.904,753.44,4981,1,0
max,58.8988,243.874,716.64,4998,1,0
max,-144.793,-1.45075,435.12,5152,1,0
max,-142.339,-2.7999,436.96,5153,1,0
max,-142.339,-5.70141,435.12,5154,1,0
max,-139.885,-1.45075,431.44,5155,1,0
max,-139.885,-7.05056,436.96,5156,1,0
max,-137.431,-5.70141,436.96,5157,1,0
max,-137.431,-2.7999,431.44,5158,1,0
max,-134.976,-7.05056,436.96,5159,1,0
max,-134.976,-1.45075,490.32,5160,1,0
max,-132.522,-5.70141,436.96,5162,1,0
max,-130.068,-1.45075,492.16,5163,1,0
max,-130.068,-7.05056,495.84,5164,1,0
max,-127.614,-5.70141,492.16,5165,1,0
max,-127.614,-2.7999,492.16,5166,1,0
max,-125.16,-7.05056,492.16,5167,1,0
max,-125.16,-1.45075,492.16,5168,1,0
max,-122.706,-2.7999,492.16,5169,1,0
max,-122.706,-5.70141,492.16,5170,1,0
max,-120.252,-1.45075,545.52,5171,1,0
max,-120.252,-7.05056,492.16,5172,1,0
max,-117.798,-5.70141,494,5173,1,0
max,-117.798,-2.7999,547.36,5174,1,0
max,-115.344,-7.05056,492.16,5175,1,0
max,-115.344,-1.45075,552.88,5176,1,0
max,-112.889,-2.7999,552.88,5177,1,0
max,-110.435,-1.45075,551.04,5179,1,0
max,-107.981,-5.70141,547.36,5181,1,0
max,-107.981,-2.7999,549.2,5182,1,0
max,-105.527,-7.05056,551.04,5183,1,0
max,-105.527,-1.45075,551.04,5184,1,0
max,-103.073,-2.7999,552.88,5185,1,0
max,-103.073,-5.70141,551.04,5186,1,0
max,-100.619,-1.45075,551.04,5187,1,0
max,-100.619,-7.05056,552.88,5188,1,0
max,-98.1647,-5.70141,551.04,5189,1,0
max,-98.1647,-2.7999,551.04,5190,1,0
max,-95.7106,-7.05056,552.88,5191,1,0
max,-93.2565,-2.7999,551.04,5193,1,0
max,-93.2565,-5.70141,552.88,5194,1,0
max,-90.8024,-7.05056,552.88,5196,1,0
max,-88.3482,-5.70141,552.88,5197,1,0
max,-88.3482,-2.7999,554.72,5198,1,0
max,-85.8941,-7.05056,552.88,5199,1,0
max,-83.44,-5.70141,554.72,5202,1,0
max,-80.9859,-7.05056,552.88,5204,1,0
max,-78.5318,-5.70141,554.72,5205,1,0
max,-76.0777,-7.05056,554.72,5207,1,0
max,-73.6235,-5.70141,554.72,5210,1,0
max,-71.1694,-7.05056,554.72,5212,1,0
max,-68.7153,-5.70141,556.56,5213,1,0
max,-68.7153,-2.7999,554.72,5214,1,0
max,-66.2612,-7.05056,554.72,5215,1,0
max,-63.8071,-2.7999,556.56,5217,1,0
max,-63.8071,-5.70141,556.56,5218,1,0
max,-61.353,-7.05056,556.56,5220,1,0
max,-58.8988,-5.70141,556.56,5221,1,0
max,-58.8988,-2.7999,556.56,5222,1,0
max,-56.4447,-7.05056,556.56,5223,1,0
max,-56.4447,-1.45075,556.56,5224,1,0
max,-53.9906,-2.7999,556.56,5225,1,0
max,-53.9906,-5.70141,556.56,5226,1,0
max,-51.5365,-1.45075,556.56,5227,1,0
max,-51.5365,-7.05056,556.56,5228,1,0
max,-49.0824,-5.70141,558.4,5229,1,0
max,-49.0824,-2.7999,558.4,5230,1,0
max,-46.6282,-7.05056,505.04,5231,1,0
max,-46.6282,-1.45075,558.4,5232,1,0
max,-44.1741,-5.70141,506.88,5234,1,0
max,-41.72,-1.45075,560.24,5235,1,0
max,-41.72,-7.05056,506.88,5236,1,0
max,-39.2659,-5.70141,506.88,5237,1,0
max,-39.2659,-2.7999,505.04,5238,1,0
max,-36.8118,-7.05056,506.88,5239,1,0
max,-36.8118,-1.45075,506.88,5240,1,0
max,-34.3577,-2.7999,506.88,5241,1,0
max,-34.3577,-5.70141,506.88,5242,1,0
max,-31.9035,-1.45075,506.88,5243,1,0
max,-29.4494,-5.70141,449.84,5245,1,0
max,-29.4494,-2.7999,508.72,5246,1,0
max,-26.9953,-7.05056,449.84,5247,1,0
max,-26.9953,-1.45075,506.88,5248,1,0
max,-24.5412,-2.7999,449.84,5249,1,0
max,-24.5412,-5.70141,449.84,5250,1,0
max,120.252,-7.05056,637.52,5367,1,0
max,196.329,-5.83687,578.64,5404,1,0
max,250.32,-2.86764,589.68,5415,1,0
max,-137.431,-11.3012,435.12,5454,1,0
max,-134.976,-9.95207,436.96,5456,1,0
max,-132.522,-14.2027,436.96,5458,1,0
max,-132.522,-11.3012,436.96,5459,1,0
max,-130.068,-15.5519,436.96,5460,1,0
max,-130.068,-9.95207,433.28,5461,1,0
max,-127.614,-11.3012,433.28,5462,1,0
max,-127.614,-14.2027,436.96,5463,1,0
max,-125.16,-9.95207,492.16,5464,1,0
max,-125.16,-15.5519,435.12,5465,1,0
max,-122.706,-14.2027,435.12,5466,1,0
max,-122.706,-11.3012,492.16,5467,1,0
max,-120.252,-15.5519,436.96,5468,1,0
max,-120.252,-9.95207,492.16,5469,1,0
max,-117.798,-11.3012,495.84,5470,1,0
max,-117.798,-14.2027,495.84,5471,1,0
max,-115.344,-9.95207,495.84,5472,1,0
max,-115.344,-15.5519,495.84,5473,1,0
max,-112.889,-14.2027,495.84,5474,1,0
max,-112.889,-11.3012,495.84,5475,1,0
max,-110.435,-15.5519,495.84,5476,1,0
max,-110.435,-9.95207,497.68,5477,1,0
max,-107.981,-11.3012,497.68,5478,1,0
max,-107.981,-14.2027,497.68,5479,1,0
max,-105.527,-15.5519,497.68,5481,1,0
max,-103.073,-14.2027,497.68,5482,1,0
max,-100.619,-15.5519,497.68,5484,1,0
max,-100.619,-9.95207,551.04,5485,1,0
max,-98.1647,-11.3012,552.88,5486,1,0
max,-98.1647,-14.2027,497.68,5487,1,0
max,-95.7106,-9.95207,552.88,5488,1,0
max,-95.7106,-15.5519,497.68,5489,1,0
max,-93.2565,-14.2027,497.68,5490,1,0
max,-93.2565,-11.3012,552.88,5491,1,0
max,-90.8024,-15.5519,497.68,5492,1,0
max,-90.8024,-9.95207,552.88,5493,1,0
max,-88.3482,-11.3012,554.72,5494,1,0
max,-88.3482,-14.2027,497.68,5495,1,0
max,-85.8941,-9.95207,552.88,5496,1,0
max,-85.8941,-15.5519,499.52,5497,1,0
max,-83.44,-11.3012,552.88,5499,1,0
max,-80.9859,-15.5519,499.52,5500,1,0
max,-80.9859,-9.95207,554.72,5501,1,0
max,-78.5318,-11.3012,552.88,5502,1,0
max,-76.0777,-9.95207,554.72,5504,1,0
max,-76.0777,-15.5519,499.52,5505,1,0
max,-73.6235,-11.3012,554.72,5507,1,0
max,-71.1694,-15.5519,501.36,5508,1,0
max,-71.1694,-9.95207,554.72,5509,1,0
max,-68.7153,-11.3012,554.72,5510,1,0
max,-68.7153,-14.2027,501.36,5511,1,0
max,-66.2612,-9.95207,554.72,5512,1,0
max,-66.2612,-15.5519,501.36,5513,1,0
max,-63.8071,-14.2027,501.36,5514,1,0
max,-63.8071,-11.3012,556.56,5515,1,0
max,-61.353,-15.5519,501.36,5516,1,0
max,-61.353,-9.95207,554.72,5517,1,0
max,-58.8988,-11.3012,501.36,5518,1,0
max,-58.8988,-14.2027,503.2,5519,1,0
max,-56.4447,-15.5519,501.36,5521,1,0
max,-53.9906,-14.2027,503.2,5522,1,0
max,-53.9906,-11.3012,503.2,5523,1,0
max,-51.5365,-15.5519,503.2,5524,1,0
max,-51.5365,-9.95207,503.2,5525,1,0
max,-49.0824,-11.3012,503.2,5526,1,0
max,-49.0824,-14.2027,503.2,5527,1,0
max,-46.6282,-9.95207,503.2,5528,1,0
max,-44.1741,-14.2027,501.36,5530,1,0
max,-44.1741,-11.3012,506.88,5531,1,0
max,-41.72,-15.5519,444.32,5532,1,0
max,-41.72,-9.95207,505.04,5533,1,0
max,-39.2659,-11.3012,505.04,5534,1,0
max,-39.2659,-14.2027,444.32,5535,1,0
max,-36.8118,-15.5519,444.32,5537,1,0
max,-34.3577,-14.2027,444.32,5538,1,0
max,-34.3577,-11.3012,448,5539,1,0
max,-31.9035,-15.5519,444.32,5540,1,0
max,-31.9035,-9.95207,444.32,5541,1,0
max,-29.4494,-11.3012,444.32,5542,1,0
max,-29.4494,-14.2027,444.32,5543,1,0
max,-26.9953,-9.95207,444.32,5544,1,0
max,-24.5412,-11.3012,446.16,5547,1,0
max,49.0824,-14.2027,523.44,5607,1,0
max,76.0776,-15.5519,499.52,5628,1,0
max,88.3483,-14.2027,565.76,5639,1,0
max,-125.16,-18.4534,435.12,5756,1,0
max,-122.706,-19.8025,436.96,5757,1,0
max,-120.252,-18.4534,436.96,5759,1,0
max,-117.798,-22.704,436.96,5761,1,0
max,-117.798,-19.8025,436.96,5762,1,0
max,-115.344,-24.0532,435.12,5763,1,0
max,-115.344,-18.4534,436.96,5764,1,0
max,-112.889,-19.8025,436.96,5765,1,0
max,-112.889,-22.704,438.8,5766,1,0
max,-110.435,-18.4534,438.8,5767,1,0
max,-110.435,-24.0532,438.8,5768,1,0
max,-107.981,-22.704,436.96,5769,1,0
max,-107.981,-19.8025,438.8,5770,1,0
max,-105.527,-24.0532,436.96,5771,1,0
max,-105.527,-18.4534,497.68,5772,1,0
max,-103.073,-19.8025,438.8,5773,1,0
max,-103.073,-22.704,438.8,5774,1,0
max,-100.619,-18.4534,497.68,5775,1,0
max,-100.619,-24.0532,438.8,5776,1,0
max,-98.1647,-22.704,438.8,5777,1,0
max,-98.1647,-19.8025,497.68,5778,1,0
max,-95.7106,-24.0532,438.8,5779,1,0
max,-95.7106,-18.4534,499.52,5780,1,0
max,-93.2565,-19.8025,497.68,5781,1,0
max,-93.2565,-22.704,440.64,5782,1,0
max,-90.8024,-18.4534,499.52,5783,1,0
max,-90.8024,-24.0532,440.64,5784,1,0
max,-88.3482,-22.704,438.8,5785,1,0
max,-88.3482,-19.8025,499.52,5786,1,0
max,-85.8941,-24.0532,440.64,5787,1,0
max,-85.8941,-18.4534,499.52,5788,1,0
max,-83.44,-19.8025,499.52,5789,1,0
max,-83.44,-22.704,499.52,5790,1,0
max,-80.9859,-18.4534,499.52,5791,1,0
max,-80.9859,-24.0532,442.48,5792,1,0
max,-78.5318,-22.704,444.32,5793,1,0
max,-78.5318,-19.8025,499.52,5794,1,0
max,-76.0777,-24.0532,440.64,5795,1,0
max,-76.0777,-18.4534,499.52,5796,1,0
max,-73.6235,-19.8025,501.36,5797,1,0
max,-73.6235,-22.704,440.64,5798,1,0
max,-71.1694,-18.4534,501.36,5799,1,0
max,-71.1694,-24.0532,440.64,5800,1,0
max,-68.7153,-22.704,440.64,5801,1,0
max,-68.7153,-19.8025,501.36,5802,1,0
max,-66.2612,-24.0532,440.64,5803,1,0
max,-66.2612,-18.4534,501.36,5804,1,0
max,-63.8071,-19.8025,501.36,5805,1,0
max,-63.8071,-22.704,440.64,5806,1,0
max,-61.353,-18.4534,501.36,5807,1,0
max,-61.353,-24.0532,440.64,5808,1,0
max,-58.8988,-22.704,442.48,5809,1,0
max,-58.8988,-19.8025,499.52,5810,1,0
max,-56.4447,-18.4534,499.52,5812,1,0
max,-53.9906,-19.8025,442.48,5813,1,0
max,-53.9906,-22.704,442.48,5814,1,0
max,-51.5365,-18.4534,442.48,5815,1,0
max,-51.5365,-24.0532,442.48,5816,1,0
max,-49.0824,-22.704,442.48,5817,1,0
max,-49.0824,-19.8025,442.48,5818,1,0
max,-46.6282,-24.0532,442.48,5819,1,0
max,-46.6282,-18.4534,442.48,5820,1,0
max,-44.1741,-19.8025,442.48,5821,1,0
max,-44.1741,-22.704,442.48,5822,1,0
max,-41.72,-18.4534,442.48,5823,1,0
max,-39.2659,-19.8025,444.32,5826,1,0
max,-36.8118,-18.4534,444.32,5828,1,0
max,-24.5412,-19.8025,944.8,5837,1,0
max,-19.6329,-22.704,904.32,5841,1,0
max,-9.81648,-19.8025,823.36,5850,1,0
max,9.81648,-19.8025,994.48,5866,1,0
max,46.6282,-24.0532,462.72,5896,1,0
max,98.1647,-19.8025,499.52,5938,1,0
max,196.329,-22.8395,591.52,5986,1,0
max,-105.527,-26.9547,438.8,6056,1,0
max,-103.073,-28.3038,438.8,6059,1,0
max,-100.619,-26.9547,438.8,6061,1,0
max,-98.1647,-28.3038,438.8,6062,1,0
max,-95.7106,-26.9547,438.8,6064,1,0
max,-93.2565,-28.3038,438.8,6067,1,0
max,-90.8024,-26.9547,440.64,6069,1,0
max,-88.3482,-28.3038,440.64,6070,1,0
max,-85.8941,-26.9547,438.8,6072,1,0
max,-83.44,-28.3038,438.8,6075,1,0
max,-80.9859,-26.9547,438.8,6077,1,0
max,-78.5318,-28.3038,440.64,6078,1,0
max,-78.5318,-31.2053,440.64,6079,1,0
max,-76.0777,-26.9547,438.8,6080,1,0
max,-73.6235,-28.3038,440.64,6083,1,0
max,-71.1694,-26.9547,440.64,6085,1,0
max,-68.7153,-28.3038,440.64,6086,1,0
max,-66.2612,-26.9547,440.64,6088,1,0
max,-63.8071,-28.3038,440.64,6091,1,0
max,-61.353,-26.9547,440.64,6093,1,0
max,-58.8988,-28.3038,440.64,6094,1,0
max,-56.4447,-26.9547,442.48,6096,1,0
max,-7.36236,-26.9547,814.16,6136,1,0
max,83.44,-28.3038,528.96,6211,1,0
max,-63.8071,-39.7067,799.44,6369,1,0
max,-39.2659,-39.7067,816,6388,1,0
max,4.90822,-39.7067,521.6,6425,1,0
max,17.1788,-41.0558,1011.04,6435,1,0
max,39.2659,-39.7067,808.64,6452,1,0
max,110.435,-49.5571,547.36,6782,1,0
max,-112.889,-56.7093,1023.92,6865,1,0
max,93.2565,-53.8078,1029.44,7032,1,0
max,-245.412,-62.3768,841.76,7092,1,0
max,17.1788,-60.9599,1031.28,7230,1,0
max,46.6282,-60.9599,904.32,7254,1,0
max,68.7153,-62.3091,793.92,7271,1,0
max,161.972,-65.3461,521.6,7322,1,0
max,206.146,-62.3768,582.32,7331,1,0
max,31.9035,-69.4613,952.16,7494,1,0
max,71.1694,-69.4613,538.16,7526,1,0
max,-14.7247,-79.3117,987.12,7701,1,0
max,58.8988,-79.3117,832.56,7760,1,0
max,78.5318,-82.2132,565.76,7777,1,0
max,-58.8988,-87.813,821.52,7903,1,0
max,-7.62939e-06,-87.813,514.24,7951,1,0
max,24.5412,-87.813,560.24,7970,1,0
max,-137.431,-96.3821,1034.96,8091,1,0
max,-100.619,-94.9652,819.68,8099,1,0
max,-7.36236,-100.565,974.24,8175,1,0
max,7.36235,-100.565,523.44,8186,1,0
max,137.431,-96.3821,1018.4,8270,1,0
max,191.421,-99.3513,1018.4,8281,1,0
max,-71.1694,-109.066,812.32,8346,1,0
max,-132.522,-116.354,1003.68,8537,1,0
max,-14.7247,-116.218,1005.52,8607,1,0
max,132.522,-116.354,606.24,8702,1,0
max,-152.155,-121.886,1012.88,8744,1,0
max,-68.7153,-121.818,1033.12,8772,1,0
max,-12.2706,-120.469,1000,8817,1,0
max,230.687,-121.886,1016.56,8927,1,0
max,-26.9953,-134.57,1022.08,9006,1,0
max,53.9906,-133.221,1003.68,9071,1,0
max,73.6235,-130.32,1012.88,9088,1,0
max,-152.155,-138.889,1018.4,9142,1,0
max,-29.4494,-141.858,1009.2,9167,1,0
max,29.4494,-141.858,1022.08,9179,1,0
max,-201.238,-150.359,1025.76,9226,1,0
max,68.7153,-147.39,1009.2,9281,1,0
max,44.1741,-155.891,1029.44,9368,1,0
max,186.513,-164.393,578.64,9487,1,0
max,-171.788,-184.364,1020.24,9585,1,0
max,122.706,-189.897,1034.96,9726,1,0
max,24.5412,-201.367,1009.2,9784,1,0
max,-14.7247,-206.899,1022.08,9851,1,0
max,-9.81648,-232.403,1012.88,10048,1,0
max,-3.8147e-06,-243.874,1007.36,10106,1,0
multifit,-157.064,5.83687,430.653,23,1,0
multifit,-152.155,2.7999,435.976,25,1,0
multifit,-152.155,5.70141,430.913,26,1,0
multifit,-149.701,1.45075,436.202,27,1,0
multifit,-149.701,7.05056,430.887,28,1,0
multifit,-147.247,5.70141,430.925,29,1,0
multifit,-147.247,2.7999,436.189,30,1,0
multifit,-144.793,7.05056,490.059,31,2,0
multifit,-144.793,7.05056,430.922,31,2,1
multifit,-144.793,1.45075,436.832,32,1,0
multifit,-142.339,2.7999,431.824,33,2,0
multifit,-142.339,2.7999,490.239,33,2,1
multifit,-142.339,5.70141,491.725,34,2,0
multifit,-142.339,5.70141,430.173,34,2,1
multifit,-139.885,7.05056,490.864,36,1,0
multifit,-137.431,5.70141,496.283,37,1,0
multifit,-137.431,2.7999,491.513,38,1,0
multifit,-134.976,7.05056,491.856,39,2,0
multifit,-134.976,7.05056,544.052,39,2,1
multifit,-134.976,1.45075,491.571,40,1,0
multifit,-132.522,2.7999,492.028,41,1,0
multifit,-130.068,1.45075,493.085,43,1,0
multifit,-130.068,7.05056,545.304,44,1,0
multifit,-127.614,5.70141,547.002,45,1,0
multifit,-125.16,7.05056,546.313,47,1,0
multifit,-125.16,1.45075,546.501,48,1,0
multifit,-122.706,2.7999,546.474,49,1,0
multifit,-122.706,5.70141,547.611,50,2,0
multifit,-122.706,5.70141,598.496,50,2,1
multifit,-120.252,1.45075,546.898,51,1,0
multifit,-120.252,7.05056,546.629,52,2,0
multifit,-120.252,7.05056,662.055,52,2,1
multifit,-117.798,5.70141,547.212,53,1,0
multifit,-117.798,2.7999,548.594,54,1,0
multifit,-115.344,1.45075,547.988,56,1,0
multifit,-112.889,2.7999,547.893,57,1,0
multifit,-112.889,5.70141,546.07,58,1,0
multifit,-110.435,1.45075,547.774,59,1,0
multifit,-105.527,1.45075,547.468,64,1,0
multifit,-103.073,5.70141,601.761,66,1,0
multifit,-100.619,7.05056,602.205,68,1,0
multifit,-98.1647,5.70141,602.879,69,1,0
multifit,-98.1647,2.7999,601.724,70,1,0
multifit,-95.7106,7.05056,600.318,71,2,0
multifit,-95.7106,7.05056,547.014,71,2,1
multifit,-93.2565,2.7999,603.471,73,1,0
multifit,-93.2565,5.70141,604.67,74,1,0
multifit,-90.8024,1.45075,604.203,75,1,0
multifit,-90.8024,7.05056,605.249,76,1,0
multifit,-88.3482,5.70141,605.656,77,1,0
multifit,-88.3482,2.7999,603.895,78,1,0
multifit,-85.8941,7.05056,605.471,79,1,0
multifit,-85.8941,1.45075,603.787,80,1,0
multifit,-83.44,2.7999,605.82,81,1,0
multifit,-83.44,5.70141,606.292,82,1,0
multifit,-80.9859,1.45075,605.872,83,1,0
multifit,-80.9859,7.05056,606.101,84,1,0
multifit,-78.5318,5.70141,606.8,85,1,0
multifit,-78.5318,2.7999,606.557,86,1,0
multifit,-76.0777,7.05056,606.799,87,1,0
multifit,-76.0777,1.45075,605.39,88,1,0
multifit,-73.6235,2.7999,607.498,89,1,0
multifit,-73.6235,5.70141,607.913,90,1,0
multifit,-71.1694,1.45075,606.663,91,1,0
multifit,-71.1694,7.05056,607.821,92,1,0
multifit,-68.7153,5.70141,607.686,93,1,0
multifit,-68.7153,2.7999,607.888,94,1,0
multifit,-66.2612,7.05056,608.731,95,1,0
multifit,-66.2612,1.45075,606.84,96,2,0
multifit,-66.2612,1.45075,546.415,96,2,1
multifit,-63.8071,2.7999,606.524,97,2,0
multifit,-63.8071,2.7999,547.184,97,2,1
multifit,-63.8071,5.70141,608.35,98,1,0
multifit,-61.353,7.05056,609.124,100,1,0
multifit,-58.8988,5.70141,609.021,101,1,0
multifit,-56.4447,7.05056,608.993,103,1,0
multifit,-49.0824,2.7999,561.079,110,2,0
multifit,-49.0824,2.7999,603.057,110,2,1
multifit,-46.6282,1.45075,561.426,112,1,0
multifit,-44.1741,2.7999,561.088,113,1,0
multifit,-44.1741,5.70141,561.679,114,2,0
multifit,-44.1741,5.70141,646.784,114,2,1
multifit,-41.72,1.45075,561.824,115,2,0
multifit,-41.72,1.45075,646.737,115,2,1
multifit,-41.72,7.05056,563.01,116,1,0
multifit,-39.2659,5.70141,562.009,117,1,0
multifit,-39.2659,2.7999,562.102,118,2,0
multifit,-39.2659,2.7999,647.156,118,2,1
multifit,-36.8118,7.05056,562.573,119,1,0
multifit,-34.3577,5.70141,562.522,122,1,0
multifit,-31.9035,1.45075,508.977,123,1,0
multifit,-29.4494,2.7999,509.312,126,1,0
multifit,-26.9953,7.05056,509.551,127,1,0
multifit,-26.9953,1.45075,509.145,128,1,0
multifit,-24.5412,2.7999,509.422,129,1,0
multifit,-24.5412,5.70141,509.198,130,1,0
multifit,-22.0871,7.05056,510.45,132,1,0
multifit,171.788,2.86764,573.809,279,1,0
multifit,-157.064,11.369,429.644,323,1,0
multifit,-152.155,14.3382,429.75,324,2,0
multifit,-152.155,14.3382,490.883,324,2,1
multifit,-149.701,9.95207,430.799,325,2,0
multifit,-149.701,9.95207,544.282,325,2,1
multifit,-147.247,11.3012,489.903,326,2,0
multifit,-147.247,11.3012,428.496,326,2,1
multifit,-147.247,14.2027,490.179,327,1,0
multifit,-144.793,9.95207,490.905,328,1,0
multifit,-144.793,15.5519,489.979,329,1,0
multifit,-142.339,14.2027,490.363,330,1,0
multifit,-142.339,11.3012,491.032,331,1,0
multifit,-139.885,9.95207,490.835,333,1,0
multifit,-134.976,9.95207,546.517,336,1,0
multifit,-134.976,15.5519,544.936,337,1,0
multifit,-132.522,14.2027,545.424,338,1,0
multifit,-132.522,11.3012,545.408,339,1,0
multifit,-130.068,15.5519,545.63,340,1,0
multifit,-130.068,9.95207,545.65,341,1,0
multifit,-127.614,11.3012,546.101,342,1,0
multifit,-127.614,14.2027,549.448,343,2,0
multifit,-127.614,14.2027,602.028,343,2,1
multifit,-125.16,9.95207,546.197,344,1,0
multifit,-120.252,15.5519,600.635,348,1,0
multifit,-120.252,9.95207,545.969,349,1,0
multifit,-117.798,14.2027,601.625,351,1,0
multifit,-115.344,9.95207,602.206,352,1,0
multifit,-115.344,15.5519,601.722,353,1,0
multifit,-112.889,14.2027,601.975,354,1,0
multifit,-112.889,11.3012,601.883,355,1,0
multifit,-110.435,15.5519,602.314,356,1,0
multifit,-110.435,9.95207,603.046,357,1,0
multifit,-107.981,11.3012,602.789,358,1,0
multifit,-107.981,14.2027,602.579,359,2,0
multifit,-107.981,14.2027,546.379,359,2,1
multifit,-105.527,9.95207,603.332,360,2,0
multifit,-105.527,9.95207,546.761,360,2,1
multifit,-105.527,15.5519,603.111,361,2,0
multifit,-105.527,15.5519,546.085,361,2,1
multifit,-103.073,14.2027,603.651,362,2,0
multifit,-103.073,14.2027,643.797,362,2,1
multifit,-103.073,11.3012,602.068,363,1,0
multifit,-100.619,9.95207,604.383,365,1,0
multifit,-98.1647,11.3012,603.762,366,1,0
multifit,-95.7106,9.95207,604.142,368,1,0
multifit,-93.2565,11.3012,603.215,371,1,0
multifit,-90.8024,9.95207,604.53,373,1,0
multifit,-88.3482,11.3012,603.114,374,1,0
multifit,-85.8941,9.95207,606.024,376,1,0
multifit,-80.9859,9.95207,607.445,381,1,0
multifit,-76.0777,9.95207,606.136,384,1,0
multifit,-71.1694,9.95207,608.497,389,1,0
multifit,-68.7153,11.3012,608.674,390,1,0
multifit,-66.2612,9.95207,609.22,392,1,0
multifit,-63.8071,11.3012,608.504,395,1,0
multifit,-61.353,9.95207,609.356,397,1,0
multifit,-58.8988,11.3012,609.481,398,1,0
multifit,-58.8988,14.2027,609.408,399,1,0
multifit,-56.4447,9.95207,609.458,400,1,0
multifit,-56.4447,15.5519,609.953,401,1,0
multifit,-53.9906,14.2027,610.012,402,1,0
multifit,-53.9906,11.3012,610.451,403,1,0
multifit,-51.5365,15.5519,611.131,404,1,0
multifit,-51.5365,9.95207,610.443,405,1,0
multifit,-49.0824,11.3012,610.749,406,1,0
multifit,-49.0824,14.2027,610.791,407,1,0
multifit,-46.6282,15.5519,611.411,409,1,0
multifit,-44.1741,14.2027,611.568,410,1,0
multifit,-41.72,15.5519,611.862,412,1,0
multifit,-36.8118,9.95207,562.954,416,2,0
multifit,-36.8118,9.95207,607.552,416,2,1
multifit,-34.3577,14.2027,563.25,418,1,0
multifit,-34.3577,11.3012,563.403,419,1,0
multifit,-31.9035,15.5519,563.695,420,1,0
multifit,-31.9035,9.95207,563.715,421,1,0
multifit,-29.4494,11.3012,563.89,422,1,0
multifit,-29.4494,14.2027,563.166,423,2,0
multifit,-29.4494,14.2027,649.22,423,2,1
multifit,-26.9953,9.95207,650.169,424,1,0
multifit,-26.9953,15.5519,564.185,425,2,0
multifit,-26.9953,15.5519,649.275,425,2,1
multifit,-24.5412,14.2027,564.671,426,2,0
multifit,-24.5412,14.2027,648.992,426,2,1
multifit,-22.0871,9.95207,510.525,429,2,0
multifit,-22.0871,9.95207,649.788,429,2,1
multifit,-19.6329,11.3012,511.035,430,1,0
multifit,-19.6329,14.2027,510.197,431,2,0
multifit,-19.6329,14.2027,649.469,431,2,1
multifit,-17.1788,15.5519,511.173,433,1,0
multifit,51.5365,9.95207,280.544,488,1,0
multifit,76.0776,15.5519,235.812,508,1,0
multifit,147.247,11.3012,582.387,566,1,0
multifit,-215.962,22.8395,1015.39,605,1,0
multifit,-166.88,22.8395,428.207,615,1,0
multifit,-161.972,19.8703,428.603,616,1,0
multifit,-157.064,22.8395,433.371,617,2,0
multifit,-157.064,22.8395,493.708,617,2,1
multifit,-152.155,19.8703,494.457,618,2,0
multifit,-152.155,19.8703,433.769,618,2,1
multifit,-147.247,22.8395,489.237,619,1,0
multifit,-144.793,18.4534,490.247,620,1,0
multifit,-142.339,22.704,544.034,622,1,0
multifit,-139.885,18.4534,544.404,623,1,0
multifit,-139.885,24.0532,543.51,624,1,0
multifit,-137.431,22.704,544.323,625,1,0
multifit,-137.431,19.8025,544.823,626,1,0
multifit,-134.976,24.0532,543.694,627,1,0
multifit,-134.976,18.4534,544.647,628,1,0
multifit,-132.522,19.8025,544.723,629,1,0
multifit,-130.068,18.4534,544.74,631,1,0
multifit,-127.614,22.704,600.812,633,2,0
multifit,-127.614,22.704,547.639,633,2,1
multifit,-127.614,19.8025,546.055,634,2,0
multifit,-127.614,19.8025,601.271,634,2,1
multifit,-125.16,24.0532,600.349,635,1,0
multifit,-125.16,18.4534,601.249,636,2,0
multifit,-125.16,18.4534,547.839,636,2,1
multifit,-122.706,19.8025,601.211,637,1,0
multifit,-122.706,22.704,601.515,638,1,0
multifit,-120.252,18.4534,601.318,639,1,0
multifit,-120.252,24.0532,601.376,640,1,0
multifit,-117.798,22.704,601.401,641,1,0
multifit,-117.798,19.8025,600.902,642,1,0
multifit,-115.344,18.4534,601.566,644,1,0
multifit,-112.889,19.8025,601.359,645,1,0
multifit,-110.435,18.4534,601.475,647,1,0
multifit,-100.619,24.0532,645.054,656,1,0
multifit,-98.1647,22.704,645.94,657,1,0
multifit,-95.7106,24.0532,646.379,659,1,0
multifit,-93.2565,22.704,646.445,662,1,0
multifit,-90.8024,24.0532,647.477,664,1,0
multifit,-88.3482,22.704,647.225,665,1,0
multifit,-85.8941,24.0532,647.808,667,1,0
multifit,-83.44,22.704,648.333,670,1,0
multifit,-80.9859,24.0532,649.21,672,1,0
multifit,-78.5318,22.704,649.258,673,1,0
multifit,-76.0777,24.0532,649.475,675,2,0
multifit,-76.0777,24.0532,560.964,675,2,1
multifit,-73.6235,22.704,649.775,678,1,0
multifit,-71.1694,24.0532,650.067,680,1,0
multifit,-51.5365,18.4534,611.601,695,2,0
multifit,-51.5365,18.4534,648.604,695,2,1
multifit,-49.0824,22.704,611.534,697,1,0
multifit,-49.0824,19.8025,610.528,698,2,0
multifit,-49.0824,19.8025,648.059,698,2,1
multifit,-46.6282,24.0532,613.742,699,1,0
multifit,-46.6282,18.4534,611.319,700,2,0
multifit,-46.6282,18.4534,648.737,700,2,1
multifit,-44.1741,19.8025,611.58,701,2,0
multifit,-44.1741,19.8025,647.637,701,2,1
multifit,-44.1741,22.704,611.932,702,1,0
multifit,-41.72,18.4534,611.319,703,2,0
multifit,-41.72,18.4534,648.171,703,2,1
multifit,-41.72,24.0532,611.423,704,1,0
multifit,-39.2659,22.704,612.491,705,2,0
multifit,-39.2659,22.704,650.357,705,2,1
multifit,-39.2659,19.8025,611.258,706,2,0
multifit,-39.2659,19.8025,647.998,706,2,1
multifit,-36.8118,24.0532,613.017,707,2,0
multifit,-36.8118,24.0532,650.244,707,2,1
multifit,-34.3577,22.704,612.105,710,2,0
multifit,-34.3577,22.704,650.632,710,2,1
multifit,-31.9035,18.4534,562.716,711,1,0
multifit,-29.4494,22.704,564.561,713,1,0
multifit,-29.4494,19.8025,564.568,714,2,0
multifit,-29.4494,19.8025,649.379,714,2,1
multifit,-26.9953,24.0532,564.183,715,1,0
multifit,-26.9953,18.4534,564.685,716,1,0
multifit,-24.5412,19.8025,564.495,717,1,0
multifit,-24.5412,22.704,564.464,718,2,0
multifit,-24.5412,22.704,649.312,718,2,1
multifit,-22.0871,18.4534,563.717,719,2,0
multifit,-22.0871,18.4534,648.015,719,2,1
multifit,-22.0871,24.0532,565.053,720,2,0
multifit,-22.0871,24.0532,649.877,720,2,1
multifit,-19.6329,22.704,564.133,721,1,0
multifit,-17.1788,18.4534,510.887,724,1,0
multifit,-14.7247,19.8025,510.357,725,1,0
multifit,-14.7247,22.704,509.888,726,1,0
multifit,-12.2706,18.4534,511.589,727,1,0
multifit,-12.2706,24.0532,507.593,728,1,0
multifit,-9.81648,22.704,507.264,729,1,0
multifit,-9.81648,19.8025,507.771,730,1,0
multifit,-7.36236,24.0532,507.78,731,1,0
multifit,-2.45413,24.0532,451.546,736,1,0
multifit,-1.33514e-05,22.704,453.083,737,1,0
multifit,2.4541,24.0532,453.409,739,2,0
multifit,2.4541,24.0532,1022.17,739,2,1
multifit,4.90825,22.704,386.265,742,1,0
multifit,7.36237,24.0532,385.533,744,1,0
multifit,9.81648,22.704,385.715,745,1,0
multifit,98.1647,19.8025,277.571,818,1,0
multifit,125.16,24.0532,273.804,840,1,0
multifit,171.788,19.8703,622.067,861,1,0
multifit,-186.513,28.3716,858.965,899,1,0
multifit,-166.88,28.3716,432.172,903,1,0
multifit,-161.972,31.3408,432.317,904,2,0
multifit,-161.972,31.3408,492.512,904,2,1
multifit,-157.064,28.3716,493.157,905,2,0
multifit,-157.064,28.3716,432.622,905,2,1
multifit,-152.155,31.3408,493.282,906,1,0
multifit,-147.247,28.3716,547.638,907,2,0
multifit,-147.247,28.3716,493.899,907,2,1
multifit,-142.339,31.3408,547.778,908,1,0
multifit,-139.885,26.9547,543.955,909,1,0
multifit,-137.431,28.3038,543.083,910,1,0
multifit,-137.431,31.2053,547.483,911,2,0
multifit,-137.431,31.2053,599.713,911,2,1
multifit,-134.976,32.5545,599.614,913,1,0
multifit,-132.522,31.2053,599.669,914,1,0
multifit,-132.522,28.3038,599.677,915,1,0
multifit,-130.068,32.5545,599.335,916,1,0
multifit,-130.068,26.9547,600.098,917,1,0
multifit,-127.614,28.3038,599.696,918,1,0
multifit,-127.614,31.2053,599.472,919,1,0
multifit,-125.16,26.9547,600.264,920,1,0
multifit,-125.16,32.5545,600.309,921,1,0
multifit,-122.706,31.2053,601.27,922,1,0
multifit,-122.706,28.3038,600.539,923,1,0
multifit,-120.252,26.9547,600.771,925,1,0
multifit,-110.435,32.5545,643.336,932,1,0
multifit,-107.981,28.3038,644.177,934,1,0
multifit,-107.981,31.2053,643.916,935,1,0
multifit,-105.527,26.9547,646.17,936,2,0
multifit,-105.527,26.9547,601.386,936,2,1
multifit,-105.527,32.5545,644.434,937,1,0
multifit,-103.073,31.2053,645.225,938,1,0
multifit,-103.073,28.3038,645.181,939,1,0
multifit,-100.619,32.5545,644.933,940,1,0
multifit,-100.619,26.9547,645.416,941,1,0
multifit,-98.1647,28.3038,646.028,942,1,0
multifit,-98.1647,31.2053,645.951,943,1,0
multifit,-95.7106,26.9547,646.475,944,1,0
multifit,-95.7106,32.5545,645.902,945,1,0
multifit,-93.2565,31.2053,646.437,946,1,0
multifit,-93.2565,28.3038,646.656,947,1,0
multifit,-90.8024,32.5545,647.921,948,1,0
multifit,-90.8024,26.9547,647.505,949,2,0
multifit,-90.8024,26.9547,972.862,949,2,1
multifit,-88.3482,28.3038,647.703,950,1,0
multifit,-88.3482,31.2053,647.951,951,1,0
multifit,-85.8941,26.9547,648.361,952,1,0
multifit,-83.44,31.2053,649.737,954,2,0
multifit,-83.44,31.2053,610.759,954,2,1
multifit,-83.44,28.3038,648.424,955,1,0
multifit,-80.9859,32.5545,648.807,956,1,0
multifit,-80.9859,26.9547,649.281,957,1,0
multifit,-78.5318,28.3038,649.435,958,2,0
multifit,-78.5318,28.3038,610.236,958,2,1
multifit,-78.5318,31.2053,649.592,959,1,0
multifit,-76.0777,26.9547,649.639,960,1,0
multifit,-76.0777,32.5545,650.278,961,1,0
multifit,-73.6235,31.2053,650.314,962,1,0
multifit,-73.6235,28.3038,649.983,963,1,0
multifit,-71.1694,32.5545,651.111,964,1,0
multifit,-71.1694,26.9547,650.426,965,1,0
multifit,-68.7153,28.3038,650.765,966,1,0
multifit,-68.7153,31.2053,651.328,967,1,0
multifit,-66.2612,26.9547,651.085,968,1,0
multifit,-66.2612,32.5545,651.801,969,1,0
multifit,-63.8071,31.2053,652.158,970,1,0
multifit,-63.8071,28.3038,651.398,971,1,0
multifit,-61.353,32.5545,652.453,972,1,0
multifit,-58.8988,31.2053,654.428,975,1,0
multifit,-49.0824,31.2053,653.417,983,1,0
multifit,-41.72,26.9547,612.822,989,1,0
multifit,-39.2659,28.3038,612.645,990,1,0
multifit,-39.2659,31.2053,613.21,991,2,0
multifit,-39.2659,31.2053,649.876,991,2,1
multifit,-36.8118,26.9547,613.318,992,1,0
multifit,-36.8118,32.5545,612.588,993,2,0
multifit,-36.8118,32.5545,584.13,993,2,1
multifit,-34.3577,31.2053,612.376,994,1,0
multifit,-34.3577,28.3038,611.959,995,1,0
multifit,-31.9035,32.5545,613.189,996,2,0
multifit,-31.9035,32.5545,656.813,996,2,1
multifit,-31.9035,26.9547,612.293,997,1,0
multifit,-29.4494,28.3038,655.186,998,3,0
multifit,-29.4494,28.3038,610.635,998,3,1
multifit,-29.4494,28.3038,585.784,998,3,2
multifit,-29.4494,31.2053,613.764,999,1,0
multifit,-24.5412,28.3038,565.255,1003,1,0
multifit,-22.0871,26.9547,565.011,1005,1,0
multifit,-19.6329,28.3038,565.439,1006,1,0
multifit,-19.6329,31.2053,562.234,1007,1,0
multifit,-17.1788,26.9547,561.185,1008,1,0
multifit,-17.1788,32.5545,562.031,1009,1,0
multifit,-14.7247,31.2053,562.892,1010,1,0
multifit,-12.2706,26.9547,507.753,1013,1,0
multifit,-9.81648,28.3038,507.652,1014,1,0
multifit,-9.81648,31.2053,508.211,1015,1,0
multifit,-7.36236,26.9547,508.424,1016,1,0
multifit,-7.36237,32.5545,508.818,1017,1,0
multifit,-4.90825,31.2053,508.104,1018,1,0
multifit,-4.90825,28.3038,508.635,1019,1,0
multifit,-2.45413,26.9547,450.983,1021,2,0
multifit,-2.45413,26.9547,510.225,1021,2,1
multifit,-1.33514e-05,28.3038,451.394,1022,1,0
multifit,-1.33514e-05,31.2053,453.702,1023,1,0
multifit,2.4541,26.9547,453.341,1024,1,0
multifit,2.45413,32.5545,454.118,1025,1,0
multifit,4.90825,31.2053,453.887,1026,1,0
multifit,7.36237,32.5545,386.281,1028,1,0
multifit,7.36237,26.9547,386.293,1029,1,0
multifit,9.81648,28.3038,386.523,1030,1,0
multifit,9.81648,31.2053,386.602,1031,1,0
multifit,12.2706,32.5545,387.175,1033,1,0
multifit,49.0824,28.3038,281.478,1062,1,0
multifit,93.2565,31.2053,277.938,1098,1,0
multifit,-171.788,36.8729,431.443,1183,1,0
multifit,-166.88,39.8421,431.434,1184,1,0
multifit,-161.972,36.8729,431.872,1185,2,0
multifit,-161.972,36.8729,492.164,1185,2,1
multifit,-157.064,39.8421,491.881,1186,1,0
multifit,-152.155,36.8729,546.425,1187,2,0
multifit,-152.155,36.8729,492.555,1187,2,1
multifit,-147.247,39.8421,546.494,1188,1,0
multifit,-142.339,36.8729,547.089,1189,1,0
multifit,-137.431,39.8421,597.865,1190,1,0
multifit,-134.976,35.456,598.561,1191,1,0
multifit,-132.522,36.8052,598.74,1192,1,0
multifit,-132.522,39.7067,598.23,1193,1,0
multifit,-130.068,35.456,598.322,1194,1,0
multifit,-130.068,41.0558,598.987,1195,1,0
multifit,-127.614,36.8052,600.721,1197,1,0
multifit,-125.16,41.0558,654.297,1198,1,0
multifit,-125.16,35.456,599.867,1199,1,0
multifit,-117.798,39.7067,642.74,1204,1,0
multifit,-117.798,36.8052,643.045,1205,2,0
multifit,-117.798,36.8052,605.471,1205,2,1
multifit,-115.344,41.0558,642.692,1206,1,0
multifit,-115.344,35.456,643.576,1207,1,0
multifit,-112.889,36.8052,642.372,1208,1,0
multifit,-112.889,39.7067,643.301,1209,2,0
multifit,-112.889,39.7067,769.846,1209,2,1
multifit,-110.435,35.456,643.384,1210,1,0
multifit,-110.435,41.0558,643.387,1211,1,0
multifit,-107.981,39.7067,643.004,1212,1,0
multifit,-107.981,36.8052,643.888,1213,1,0
multifit,-105.527,41.0558,643.084,1214,1,0
multifit,-105.527,35.456,644.318,1215,1,0
multifit,-103.073,36.8052,643.914,1216,1,0
multifit,-103.073,39.7067,644.362,1217,1,0
multifit,-100.619,35.456,645.229,1218,1,0
multifit,-90.8024,41.0558,610.071,1227,1,0
multifit,-71.1694,35.456,650.265,1242,1,0
multifit,-68.7153,39.7067,652.812,1244,1,0
multifit,-68.7153,36.8052,650.815,1245,1,0
multifit,-66.2612,41.0558,651.525,1246,1,0
multifit,-66.2612,35.456,652.155,1247,1,0
multifit,-63.8071,36.8052,652.873,1248,1,0
multifit,-63.8071,39.7067,653.276,1249,1,0
multifit,-61.353,35.456,652.913,1250,1,0
multifit,-61.3529,41.0558,653.641,1251,1,0
multifit,-58.8988,39.7067,653.843,1252,1,0
multifit,-58.8988,36.8052,653.262,1253,1,0
multifit,-56.4447,41.0558,654.424,1254,1,0
multifit,-56.4447,35.456,653.207,1255,1,0
multifit,-53.9906,36.8052,653.566,1256,1,0
multifit,-53.9906,39.7067,654.319,1257,1,0
multifit,-36.8118,35.456,612.441,1271,1,0
multifit,-34.3576,36.8052,612.78,1272,1,0
multifit,-34.3576,39.7067,613.864,1273,1,0
multifit,-31.9035,35.456,613.233,1274,1,0
multifit,-31.9035,41.0558,613.816,1275,1,0
multifit,-29.4494,39.7067,614.494,1276,1,0
multifit,-29.4494,36.8052,613.608,1277,1,0
multifit,-26.9953,41.0558,614.727,1278,1,0
multifit,-26.9953,35.456,612.98,1279,1,0
multifit,-19.6329,39.7067,564.076,1284,1,0
multifit,-19.6329,36.8052,562.658,1285,1,0
multifit,-17.1788,41.0558,563.095,1286,1,0
multifit,-17.1788,35.456,562.38,1287,1,0
multifit,-14.7247,36.8052,562.636,1288,1,0
multifit,-14.7247,39.7067,563.532,1289,1,0
multifit,-12.2706,35.456,561.825,1290,1,0
multifit,-12.2706,41.0558,563.39,1291,2,0
multifit,-12.2706,41.0558,507.052,1291,2,1
multifit,-7.36236,41.0558,509.352,1294,1,0
multifit,-7.36236,35.456,509.184,1295,1,0
multifit,-4.90825,36.8052,508.852,1296,1,0
multifit,-4.90825,39.7067,509.467,1297,2,0
multifit,-4.90825,39.7067,564.032,1297,2,1
multifit,-2.45413,35.456,508.359,1298,1,0
multifit,-2.45413,41.0558,509.956,1299,1,0
multifit,2.45411,41.0558,454.487,1302,1,0
multifit,2.4541,35.456,454.063,1303,1,0
multifit,4.90822,36.8052,454.496,1304,1,0
multifit,4.90822,39.7067,454.863,1305,1,0
multifit,7.36234,35.456,453.905,1306,2,0
multifit,7.36234,35.456,385.463,1306,2,1
multifit,7.36237,41.0558,454.924,1307,1,0
multifit,9.81649,39.7067,388.561,1308,1,0
multifit,9.81649,36.8052,387.302,1309,2,0
multifit,9.81649,36.8052,455.923,1309,2,1
multifit,12.2706,41.0558,388.315,1310,1,0
multifit,12.2706,35.456,387.302,1311,1,0
multifit,14.7247,36.8052,387.325,1312,1,0
multifit,14.7247,39.7067,387.269,1313,1,0
multifit,44.1741,36.8052,1017.05,1336,1,0
multifit,-171.788,48.3434,430.417,1457,1,0
multifit,-166.88,45.3742,431.061,1458,1,0
multifit,-161.972,48.3434,491.483,1459,1,0
multifit,-157.064,45.3742,491.272,1460,1,0
multifit,-152.155,48.3434,545.634,1461,1,0
multifit,-147.247,45.3742,546.172,1462,1,0
multifit,-142.339,48.3434,596.943,1463,1,0
multifit,-137.431,45.3742,597.366,1464,1,0
multifit,-132.522,48.3434,597.035,1465,1,0
multifit,-130.068,43.9573,598.06,1466,1,0
multifit,-122.706,48.208,640.73,1471,1,0
multifit,-122.706,45.3065,651.848,1472,1,0
multifit,-120.252,49.5571,641.657,1473,1,0
multifit,-120.252,43.9573,643.019,1474,1,0
multifit,-117.798,45.3065,641.874,1475,1,0
multifit,-117.798,48.208,641.627,1476,1,0
multifit,-115.344,43.9573,642.301,1477,1,0
multifit,-115.344,49.5571,641.896,1478,1,0
multifit,-112.889,48.208,642.567,1479,1,0
multifit,-112.889,45.3065,642.585,1480,1,0
multifit,-110.435,49.5571,651.141,1481,1,0
multifit,-110.435,43.9573,643.131,1482,1,0
multifit,-107.981,45.3065,643.499,1483,1,0
multifit,-107.981,48.208,642.845,1484,1,0
multifit,-73.6235,48.208,655.271,1511,1,0
multifit,-71.1694,49.5571,656.581,1513,1,0
multifit,-68.7153,48.208,655.277,1516,1,0
multifit,-63.8071,45.3065,654.392,1520,1,0
multifit,-61.353,49.5571,654.983,1521,1,0
multifit,-61.3529,43.9573,654.282,1522,1,0
multifit,-58.8988,45.3065,654.774,1523,1,0
multifit,-58.8988,48.208,654.446,1524,2,0
multifit,-58.8988,48.208,630.734,1524,2,1
multifit,-56.4447,43.9573,654.716,1525,1,0
multifit,-56.4447,49.5571,654.689,1526,1,0
multifit,-53.9906,48.208,654.71,1527,1,0
multifit,-53.9906,45.3065,655.207,1528,1,0
multifit,-51.5365,49.5571,654.798,1529,1,0
multifit,-51.5365,43.9573,654.649,1530,1,0
multifit,-49.0823,48.208,656.313,1532,1,0
multifit,-46.6282,43.9573,644.075,1533,1,0
multifit,-31.9035,49.5571,613.963,1545,1,0
multifit,-31.9035,43.9573,614.724,1546,1,0
multifit,-29.4494,45.3065,613.103,1547,1,0
multifit,-29.4494,48.208,614.09,1548,1,0
multifit,-26.9953,43.9573,612.886,1549,1,0
multifit,-26.9953,49.5571,614.158,1550,1,0
multifit,-24.5412,48.208,614.9,1551,1,0
multifit,-24.5412,45.3065,615.043,1552,1,0
multifit,-17.1788,43.9573,563.664,1557,1,0
multifit,-17.1788,49.5571,568.244,1558,1,0
multifit,-14.7247,48.208,564.358,1559,1,0
multifit,-14.7247,45.3065,563.955,1560,1,0
multifit,-12.2706,49.5571,564.298,1561,1,0
multifit,-12.2706,43.9573,563.309,1562,1,0
multifit,-9.81648,45.3065,563.739,1563,2,0
multifit,-9.81648,45.3065,507.47,1563,2,1
multifit,-9.81648,48.208,564.8,1564,1,0
multifit,-4.90825,48.208,510.781,1567,1,0
multifit,-4.90825,45.3065,510.202,1568,1,0
multifit,-2.45413,49.5571,510.352,1569,1,0
multifit,-2.45413,43.9573,510.509,1570,1,0
multifit,-1.14441e-05,45.3065,510.147,1571,1,0
multifit,-1.14441e-05,48.208,512.15,1572,1,0
multifit,4.90822,48.208,455.258,1575,1,0
multifit,4.90822,45.3065,455.344,1576,1,0
multifit,7.36234,49.5571,457.215,1577,1,0
multifit,7.36237,43.9573,455.282,1578,1,0
multifit,9.81649,48.208,455.837,1580,1,0
multifit,12.2706,43.9573,387.189,1581,1,0
multifit,12.2706,49.5571,388.279,1582,1,0
multifit,14.7247,48.208,389.324,1583,1,0
multifit,14.7247,45.3065,389.06,1584,1,0
multifit,122.706,45.3065,837.765,1672,1,0
multifit,-171.788,53.8755,426.599,1725,1,0
multifit,-166.88,56.8448,426.171,1726,2,0
multifit,-166.88,56.8448,486.961,1726,2,1
multifit,-161.972,53.8755,487.015,1727,1,0
multifit,-157.064,56.8448,486.981,1728,2,0
multifit,-157.064,56.8448,539.468,1728,2,1
multifit,-152.155,53.8755,541.674,1729,1,0
multifit,-147.247,56.8448,541.218,1730,1,0
multifit,-142.339,53.8755,596.442,1731,1,0
multifit,-137.431,56.8448,595.949,1732,1,0
multifit,-132.522,53.8755,596.445,1733,1,0
multifit,-127.614,56.8448,639.899,1734,1,0
multifit,-122.706,53.8078,640.754,1736,1,0
multifit,-122.706,56.7093,637.12,1737,1,0
multifit,-120.252,52.4586,637.536,1738,1,0
multifit,-120.252,58.0584,636.781,1739,2,0
multifit,-120.252,58.0584,591.077,1739,2,1
multifit,-117.798,56.7093,641.86,1740,1,0
multifit,-117.798,53.8078,637.809,1741,1,0
multifit,-115.344,58.0584,636.934,1742,1,0
multifit,-115.344,52.4586,637.938,1743,1,0
multifit,-112.889,53.8078,635.962,1744,1,0
multifit,-71.1694,52.4586,654.998,1778,2,0
multifit,-71.1694,52.4586,585.145,1778,2,1
multifit,-68.7153,53.8078,656.738,1781,1,0
multifit,-66.2612,52.4586,655.805,1783,1,0
multifit,-63.8071,53.8078,656.144,1784,1,0
multifit,-63.8071,56.7093,655.908,1785,1,0
multifit,-61.353,52.4586,655.367,1786,1,0
multifit,-61.3529,58.0584,656.858,1787,2,0
multifit,-61.3529,58.0584,631.896,1787,2,1
multifit,-58.8988,56.7093,656.323,1788,1,0
multifit,-58.8988,53.8078,655.678,1789,2,0
multifit,-58.8988,53.8078,631.671,1789,2,1
multifit,-56.4447,58.0584,656.456,1790,1,0
multifit,-56.4447,52.4586,655.451,1791,1,0
multifit,-53.9906,53.8078,655.851,1792,1,0
multifit,-53.9906,56.7093,656.36,1793,1,0
multifit,-51.5365,52.4586,655.273,1794,1,0
multifit,-51.5365,58.0584,656.936,1795,1,0
multifit,-49.0823,56.7093,656.968,1796,1,0
multifit,-49.0823,53.8078,655.063,1797,1,0
multifit,-39.2659,53.8078,819.994,1805,1,0
multifit,-31.9035,52.4586,614.899,1810,1,0
multifit,-31.9035,58.0584,612.652,1811,1,0
multifit,-29.4494,56.7093,614.692,1812,1,0
multifit,-29.4494,53.8078,614.612,1813,1,0
multifit,-26.9953,58.0584,615.21,1814,1,0
multifit,-26.9953,52.4586,613.846,1815,1,0
multifit,-24.5412,53.8078,613.505,1816,1,0
multifit,-24.5412,56.7093,614.876,1817,1,0
multifit,-22.0871,52.4586,614.752,1818,1,0
multifit,-17.1788,58.0584,566.387,1822,1,0
multifit,-17.1788,52.4586,564.716,1823,1,0
multifit,-14.7247,53.8078,565.248,1824,2,0
multifit,-14.7247,53.8078,513.783,1824,2,1
multifit,-14.7247,56.7093,566.118,1825,2,0
multifit,-14.7247,56.7093,512.697,1825,2,1
multifit,-12.2706,52.4586,564.733,1826,2,0
multifit,-12.2706,52.4586,512.463,1826,2,1
multifit,-12.2706,58.0584,565.456,1827,1,0
multifit,-9.81648,56.7093,565.519,1828,1,0
multifit,-9.81648,53.8078,564.585,1829,1,0
multifit,-4.90825,53.8078,510.945,1832,2,0
multifit,-4.90825,53.8078,565.471,1832,2,1
multifit,-4.90825,56.7093,511.26,1833,1,0
multifit,-2.45413,52.4586,510.929,1834,1,0
multifit,-2.45413,58.0584,512.134,1835,1,0
multifit,-1.14441e-05,56.7093,514.079,1836,1,0
multifit,-1.14441e-05,53.8078,510.774,1837,1,0
multifit,2.4541,52.4586,455.036,1839,2,0
multifit,2.4541,52.4586,512.456,1839,2,1
multifit,4.90822,53.8078,456.795,1840,2,0
multifit,4.90822,53.8078,391.748,1840,2,1
multifit,4.90822,56.7093,457.1,1841,1,0
multifit,7.36234,52.4586,456.738,1842,2,0
multifit,7.36234,52.4586,395.022,1842,2,1
multifit,7.36237,58.0584,457.331,1843,1,0
multifit,9.81649,56.7093,456.198,1844,1,0
multifit,9.81649,53.8078,457.072,1845,1,0
multifit,12.2706,58.0584,390.036,1846,1,0
multifit,12.2706,52.4586,389.923,1847,1,0
multifit,14.7247,53.8078,390.18,1848,1,0
multifit,14.7247,56.7093,390.066,1849,1,0
multifit,17.1788,52.4586,390.013,1850,1,0
multifit,17.1788,58.0584,390.689,1851,1,0
multifit,46.6282,52.4586,1006.22,1874,1,0
multifit,68.7153,53.8078,1008,1893,1,0
multifit,117.798,53.8078,1017.49,1933,1,0
multifit,-171.788,65.3461,425.25,1987,1,0
multifit,-166.88,62.3768,425.55,1988,2,0
multifit,-166.88,62.3768,486.618,1988,2,1
multifit,-161.972,65.3461,485.855,1989,1,0
multifit,-157.064,62.3768,486.849,1990,2,0
multifit,-157.064,62.3768,540.384,1990,2,1
multifit,-152.155,65.3461,540.063,1991,1,0
multifit,-147.247,62.3768,540.579,1992,1,0
multifit,-137.431,62.3768,592.094,1994,1,0
multifit,-132.522,65.3461,590.683,1995,1,0
multifit,-127.614,62.3768,636.578,1996,1,0
multifit,-122.706,65.3461,635.54,1997,1,0
multifit,-120.252,60.9599,636.624,1998,1,0
multifit,-117.798,62.3091,636.187,1999,1,0
multifit,-117.798,65.2106,635.688,2000,2,0
multifit,-117.798,65.2106,419.24,2000,2,1
multifit,-115.344,60.9599,635.335,2001,1,0
multifit,-115.344,66.5598,635.603,2002,1,0
multifit,-103.073,65.2106,634.204,2011,1,0
multifit,-90.8024,60.9599,635.169,2022,1,0
multifit,-85.8941,60.9599,590.496,2025,1,0
multifit,-83.44,62.3091,590.561,2028,1,0
multifit,-66.2612,66.5598,657.331,2042,1,0
multifit,-63.8071,65.2106,658.426,2043,1,0
multifit,-63.8071,62.3091,657.887,2044,1,0
multifit,-61.353,66.5598,657.794,2045,1,0
multifit,-61.3529,60.9599,657.558,2046,2,0
multifit,-61.3529,60.9599,630.696,2046,2,1
multifit,-58.8988,62.3091,656.939,2047,1,0
multifit,-58.8988,65.2106,657.95,2048,1,0
multifit,-56.4447,60.9599,657.049,2049,1,0
multifit,-56.4447,66.5598,658.052,2050,1,0
multifit,-53.9906,65.2106,657.931,2051,1,0
multifit,-53.9906,62.3091,657.302,2052,1,0
multifit,-51.5365,60.9599,657.86,2054,2,0
multifit,-51.5365,60.9599,627.886,2054,2,1
multifit,-31.9035,66.5598,616.687,2069,1,0
multifit,-31.9035,60.9599,614.71,2070,1,0
multifit,-29.4494,62.3091,615.852,2071,1,0
multifit,-29.4494,65.2106,616.347,2072,1,0
multifit,-26.9953,60.9599,615.384,2073,1,0
multifit,-26.9953,66.5598,616.42,2074,1,0
multifit,-24.5412,65.2106,616.382,2075,1,0
multifit,-24.5412,62.3091,616.317,2076,1,0
multifit,-22.0871,66.5598,616.486,2077,1,0
multifit,-17.1788,60.9599,565.708,2081,1,0
multifit,-17.1788,66.5598,566.676,2082,1,0
multifit,-14.7247,65.2106,566.689,2083,2,0
multifit,-14.7247,65.2106,509.222,2083,2,1
multifit,-14.7247,62.3091,566.345,2084,1,0
multifit,-12.2706,66.5598,566.49,2085,2,0
multifit,-12.2706,66.5598,510.422,2085,2,1
multifit,-12.2706,60.9599,566.171,2086,1,0
multifit,-9.81648,62.3091,566.802,2087,1,0
multifit,-9.81648,65.2106,565.731,2088,2,0
multifit,-9.81648,65.2106,513.113,2088,2,1
multifit,-4.90825,65.2106,512.367,2091,1,0
multifit,-4.90825,62.3091,511.657,2092,1,0
multifit,-2.45413,66.5598,512.789,2093,2,0
multifit,-2.45413,66.5598,459.283,2093,2,1
multifit,-2.45413,60.9599,511.974,2094,2,0
multifit,-2.45413,60.9599,565.46,2094,2,1
multifit,-1.14441e-05,62.3091,511.848,2095,1,0
multifit,-1.14441e-05,65.2106,513.576,2096,1,0
multifit,4.90822,65.2106,457.784,2099,1,0
multifit,4.90822,62.3091,458.448,2100,1,0
multifit,7.36234,66.5598,458.025,2101,1,0
multifit,7.36237,60.9599,457.38,2102,1,0
multifit,9.81649,62.3091,457.319,2103,1,0
multifit,9.81649,65.2106,457.654,2104,2,0
multifit,9.81649,65.2106,395.515,2104,2,1
multifit,12.2706,60.9599,391.153,2105,2,0
multifit,12.2706,60.9599,455.125,2105,2,1
multifit,12.2706,66.5598,393.775,2106,1,0
multifit,14.7247,65.2106,393.073,2107,1,0
multifit,14.7247,62.3091,391.035,2108,1,0
multifit,17.1788,66.5598,393.944,2109,1,0
multifit,17.1788,60.9599,390.721,2110,1,0
multifit,-240.504,70.8781,1008.01,2228,1,0
multifit,-171.788,70.8781,424.575,2242,1,0
multifit,-166.88,73.8474,423.976,2243,2,0
multifit,-166.88,73.8474,485.185,2243,2,1
multifit,-161.972,70.8781,485.18,2244,1,0
multifit,-157.064,73.8474,485.069,2245,1,0
multifit,-152.155,70.8781,539.291,2246,1,0
multifit,-147.247,73.8474,539.231,2247,1,0
multifit,-142.339,70.8781,590.934,2248,1,0
multifit,-137.431,73.8474,590.692,2249,1,0
multifit,-132.522,70.8781,591.862,2250,1,0
multifit,-122.706,70.8781,636.995,2252,1,0
multifit,-117.798,73.8474,634.709,2253,2,0
multifit,-117.798,73.8474,589.793,2253,2,1
multifit,-115.344,69.4613,637.12,2254,1,0
multifit,-78.5318,70.8104,636.563,2284,1,0
multifit,-76.0776,75.0611,656.133,2285,1,0
multifit,-73.6235,73.7119,654.571,2288,1,0
multifit,-71.1694,69.4613,655.395,2289,1,0
multifit,-71.1694,75.0611,656.071,2290,1,0
multifit,-66.2612,69.4613,658.08,2294,1,0
multifit,-63.8071,70.8104,657.686,2295,1,0
multifit,-61.3529,69.4613,658.507,2297,1,0
multifit,-58.8988,73.7119,658.526,2299,1,0
multifit,-58.8988,70.8104,658.059,2300,1,0
multifit,-56.4447,69.4613,658.026,2302,1,0
multifit,-34.3576,73.7119,617.272,2320,2,0
multifit,-34.3576,73.7119,582.451,2320,2,1
multifit,-31.9035,69.4613,617.111,2321,1,0
multifit,-31.9035,75.0611,617.939,2322,1,0
multifit,-29.4494,73.7119,616.843,2323,1,0
multifit,-29.4494,70.8104,616.763,2324,1,0
multifit,-26.9953,75.0611,617.44,2325,1,0
multifit,-26.9953,69.4613,616.071,2326,1,0
multifit,-24.5412,70.8104,615.96,2327,1,0
multifit,-24.5412,73.7119,618.474,2328,2,0
multifit,-24.5412,73.7119,580.832,2328,2,1
multifit,-22.0871,69.4613,616.521,2329,1,0
multifit,-19.6329,73.7119,568.159,2331,2,0
multifit,-19.6329,73.7119,394.977,2331,2,1
multifit,-17.1788,75.0611,567.973,2333,1,0
multifit,-17.1788,69.4613,567.634,2334,1,0
multifit,-14.7247,70.8104,567.83,2335,2,0
multifit,-14.7247,70.8104,512.173,2335,2,1
multifit,-14.7247,73.7119,568.464,2336,3,0
multifit,-14.7247,73.7119,517.567,2336,3,1
multifit,-14.7247,73.7119,397.389,2336,3,2
multifit,-12.2706,69.4613,566.999,2337,2,0
multifit,-12.2706,69.4613,512.356,2337,2,1
multifit,-12.2706,75.0611,568.485,2338,1,0
multifit,-9.81648,73.7119,568.58,2339,1,0
multifit,-9.81648,70.8104,569.958,2340,1,0
multifit,-7.36236,75.0611,513.373,2341,1,0
multifit,-4.90824,70.8104,513.599,2343,1,0
multifit,-4.90824,73.7119,513.442,2344,1,0
multifit,-2.45413,69.4613,513.231,2345,2,0
multifit,-2.45413,69.4613,459.36,2345,2,1
multifit,-2.45413,75.0611,513.111,2346,1,0
multifit,-9.53674e-06,73.7119,515.387,2347,2,0
multifit,-9.53674e-06,73.7119,456.209,2347,2,1
multifit,-9.53674e-06,70.8104,512.668,2348,1,0
multifit,2.45411,75.0611,458.028,2349,1,0
multifit,2.45411,69.4613,458.493,2350,3,0
multifit,2.45411,69.4613,514.737,2350,3,1
multifit,2.45411,69.4613,390.819,2350,3,2
multifit,4.90822,70.8104,458.608,2351,1,0
multifit,4.90822,73.7119,459.68,2352,1,0
multifit,7.36234,69.4613,459.026,2353,1,0
multifit,7.36234,75.0611,458.81,2354,1,0
multifit,9.81646,70.8104,458.928,2356,2,0
multifit,9.81646,70.8104,390.422,2356,2,1
multifit,12.2706,75.0611,392.865,2357,1,0
multifit,12.2706,69.4613,392.874,2358,1,0
multifit,14.7247,70.8104,392.334,2359,1,0
multifit,14.7247,73.7119,391.752,2360,1,0
multifit,17.1788,69.4613,393.539,2361,1,0
multifit,53.9906,73.7119,1021.54,2392,1,0
multifit,58.8988,73.7119,1006.08,2395,1,0
multifit,98.1647,70.8104,763.463,2428,1,0
multifit,220.871,70.8781,1019.1,2463,1,0
multifit,-171.788,82.3487,423.076,2490,1,0
multifit,-166.88,79.3795,423.41,2491,2,0
multifit,-166.88,79.3795,485.754,2491,2,1
multifit,-161.972,82.3487,485.08,2492,2,0
multifit,-161.972,82.3487,422.543,2492,2,1
multifit,-157.064,79.3795,485.124,2493,1,0
multifit,-152.155,82.3487,538.492,2494,1,0
multifit,-147.247,79.3795,538.324,2495,1,0
multifit,-142.339,82.3487,590.561,2496,1,0
multifit,-137.431,79.3795,590.128,2497,1,0
multifit,-132.522,82.3487,591.233,2498,1,0
multifit,-122.706,82.3487,635.324,2500,1,0
multifit,-117.798,79.3795,635.545,2501,1,0
multifit,-112.889,82.3487,635.046,2502,1,0
multifit,-93.2565,79.3117,590.526,2517,1,0
multifit,-80.9859,83.5624,655.197,2526,1,0
multifit,-61.3529,83.5624,793.023,2542,1,0
multifit,-39.2659,82.2132,618.472,2561,1,0
multifit,-36.8118,77.9626,619.146,2562,1,0
multifit,-36.8118,83.5624,619.33,2563,1,0
multifit,-34.3576,82.2132,618.84,2564,1,0
multifit,-34.3576,79.3117,618.121,2565,1,0
multifit,-31.9035,83.5624,618.749,2566,1,0
multifit,-31.9035,77.9626,617.979,2567,1,0
multifit,-29.4494,79.3117,617.934,2568,2,0
multifit,-29.4494,79.3117,411.531,2568,2,1
multifit,-29.4494,82.2132,620.695,2569,1,0
multifit,-26.9953,77.9626,618.26,2570,1,0
multifit,-22.0871,83.5624,571.724,2574,1,0
multifit,-19.6329,79.3117,568.693,2576,2,0
multifit,-19.6329,79.3117,517.347,2576,2,1
multifit,-19.6329,82.2132,568.622,2577,1,0
multifit,-17.1788,77.9626,568.604,2578,2,0
multifit,-17.1788,77.9626,462.305,2578,2,1
multifit,-17.1788,83.5624,569.6,2579,1,0
multifit,-14.7247,82.2132,568.708,2580,2,0
multifit,-14.7247,82.2132,516.282,2580,2,1
multifit,-14.7247,79.3117,568.866,2581,2,0
multifit,-14.7247,79.3117,518.102,2581,2,1
multifit,-12.2706,77.9626,568.232,2583,1,0
multifit,-9.81648,79.3117,512.89,2584,2,0
multifit,-9.81648,79.3117,566.957,2584,2,1
multifit,-9.81648,82.2132,514.476,2585,1,0
multifit,-7.36236,77.9626,513.336,2586,1,0
multifit,-7.36236,83.5624,514.812,2587,2,0
multifit,-7.36236,83.5624,563.189,2587,2,1
multifit,-4.90824,82.2132,514.311,2588,2,0
multifit,-4.90824,82.2132,563.728,2588,2,1
multifit,-4.90824,79.3117,513.957,2589,1,0
multifit,-2.45413,83.5624,513.974,2590,1,0
multifit,-2.45413,77.9626,513.879,2591,2,0
multifit,-2.45413,77.9626,541.201,2591,2,1
multifit,-9.53674e-06,79.3117,458.774,2592,2,0
multifit,-9.53674e-06,79.3117,513.052,2592,2,1
multifit,2.45411,77.9626,458.757,2594,1,0
multifit,2.45411,83.5624,460.235,2595,1,0
multifit,4.90822,82.2132,459.809,2596,1,0
multifit,4.90822,79.3117,459.187,2597,1,0
multifit,7.36234,77.9626,458.958,2599,1,0
multifit,9.81646,79.3117,393.255,2600,2,0
multifit,9.81646,79.3117,457.977,2600,2,1
multifit,9.81646,82.2132,392.494,2601,1,0
multifit,12.2706,77.9626,393.125,2602,1,0
multifit,12.2706,83.5624,393.113,2603,1,0
multifit,14.7247,82.2132,392.954,2604,1,0
multifit,14.7247,79.3117,391.727,2605,1,0
multifit,49.0824,82.2132,992.137,2633,1,0
multifit,-171.788,87.8808,422.431,2731,1,0
multifit,-166.88,90.85,422.244,2732,1,0
multifit,-161.972,87.8808,483.83,2733,2,0
multifit,-161.972,87.8808,422.301,2733,2,1
multifit,-157.064,90.85,483.401,2734,1,0
multifit,-152.155,87.8808,538.63,2735,1,0
multifit,-147.247,90.85,537.421,2736,1,0
multifit,-142.339,87.8808,539.141,2737,1,0
multifit,-137.431,90.85,590.456,2738,1,0
multifit,-132.522,87.8808,590.9,2739,1,0
multifit,-127.614,90.85,589.961,2740,1,0
multifit,-122.706,87.8808,635.971,2741,1,0
multifit,-117.798,90.85,633.793,2742,1,0
multifit,-112.889,87.8808,634.097,2743,1,0
multifit,-107.981,90.85,633.269,2744,1,0
multifit,-105.527,86.4639,635.059,2745,1,0
multifit,-103.073,90.7145,633.553,2747,1,0
multifit,-98.1647,90.7145,634.86,2750,1,0
multifit,-95.7106,86.4639,697.998,2753,1,0
multifit,-46.6282,92.0637,620.96,2792,1,0
multifit,-44.1741,87.813,620.799,2794,1,0
multifit,-44.1741,90.7145,620.413,2795,2,0
multifit,-44.1741,90.7145,529.487,2795,2,1
multifit,-41.72,86.4639,620.324,2796,2,0
multifit,-41.72,86.4639,528.995,2796,2,1
multifit,-41.72,92.0637,620.593,2797,1,0
multifit,-39.2659,90.7145,620.225,2798,1,0
multifit,-39.2659,87.813,620.388,2799,1,0
multifit,-36.8118,92.0637,620.304,2800,2,0
multifit,-36.8118,92.0637,409.524,2800,2,1
multifit,-36.8118,86.4639,619.452,2801,1,0
multifit,-34.3576,87.813,619.498,2802,1,0
multifit,-34.3576,90.7145,621.519,2803,1,0
multifit,-31.9035,86.4639,621.123,2804,1,0
multifit,-26.9953,92.0637,573.182,2808,1,0
multifit,-24.5412,87.813,572.048,2810,1,0
multifit,-24.5412,90.7145,573.067,2811,2,0
multifit,-24.5412,90.7145,402.155,2811,2,1
multifit,-22.0871,86.4639,569.823,2812,1,0
multifit,-22.0871,92.0637,570.859,2813,1,0
multifit,-19.6329,90.7145,570.3,2814,2,0
multifit,-19.6329,90.7145,395.133,2814,2,1
multifit,-19.6329,87.813,570.22,2815,2,0
multifit,-19.6329,87.813,461.43,2815,2,1
multifit,-17.1788,92.0637,569.812,2816,1,0
multifit,-17.1788,86.4639,569.056,2817,1,0
multifit,-14.7247,87.813,570.186,2818,2,0
multifit,-14.7247,87.813,395.693,2818,2,1
multifit,-14.7247,90.7145,516.047,2819,2,0
multifit,-14.7247,90.7145,569.395,2819,2,1
multifit,-12.2706,92.0637,515.142,2821,2,0
multifit,-12.2706,92.0637,566.448,2821,2,1
multifit,-9.81647,90.7145,515.659,2822,1,0
multifit,-9.81647,87.813,515.286,2823,1,0
multifit,-7.36236,92.0637,515.414,2824,1,0
multifit,-7.36236,86.4639,515.172,2825,2,0
multifit,-7.36236,86.4639,565.914,2825,2,1
multifit,-4.90824,87.813,514.808,2826,1,0
multifit,-4.90824,90.7145,514.971,2827,2,0
multifit,-4.90824,90.7145,566.687,2827,2,1
multifit,-2.45412,86.4639,458.673,2828,2,0
multifit,-2.45412,86.4639,514.043,2828,2,1
multifit,-2.45413,92.0637,459.004,2829,2,0
multifit,-2.45413,92.0637,513.054,2829,2,1
multifit,-7.62939e-06,90.7145,460.993,2830,1,0
multifit,-7.62939e-06,87.813,459.146,2831,2,0
multifit,-7.62939e-06,87.813,511.603,2831,2,1
multifit,2.45411,92.0637,461.644,2832,2,0
multifit,2.45411,92.0637,392.903,2832,2,1
multifit,2.45411,86.4639,460.306,2833,1,0
multifit,4.90823,87.813,459.985,2834,2,0
multifit,4.90823,87.813,394.553,2834,2,1
multifit,4.90823,90.7145,461.103,2835,2,0
multifit,4.90823,90.7145,393.461,2835,2,1
multifit,7.36234,86.4639,393.804,2836,2,0
multifit,7.36234,86.4639,459.969,2836,2,1
multifit,7.36234,92.0637,394.672,2837,1,0
multifit,9.81646,90.7145,394.702,2838,1,0
multifit,9.81646,87.813,393.557,2839,1,0
multifit,12.2706,92.0637,393.966,2840,1,0
multifit,12.2706,86.4639,393.536,2841,1,0
multifit,95.7106,86.4639,767.362,2908,1,0
multifit,147.247,90.85,1017.87,2925,1,0
multifit,-186.513,96.3821,765.242,2961,1,0
multifit,-166.88,96.3821,421.139,2965,1,0
multifit,-161.972,99.3513,419.605,2966,1,0
multifit,-157.064,96.3821,482.703,2967,1,0
multifit,-152.155,99.3513,482.543,2968,1,0
multifit,-147.247,96.3821,538.292,2969,1,0
multifit,-142.339,99.3513,538.296,2970,1,0
multifit,-137.431,96.3821,539.282,2971,1,0
multifit,-132.522,99.3513,589.468,2972,1,0
multifit,-127.614,96.3821,589.542,2973,1,0
multifit,-122.706,99.3513,589.566,2974,1,0
multifit,-117.798,96.3821,634.254,2975,1,0
multifit,-112.889,99.3513,634.169,2976,1,0
multifit,-107.981,96.3821,632.898,2977,1,0
multifit,-103.073,99.3513,632.155,2978,1,0
multifit,-100.619,94.9652,632.538,2979,2,0
multifit,-100.619,94.9652,536.854,2979,2,1
multifit,-98.1647,96.3143,631.368,2980,1,0
multifit,-98.1647,99.2159,631.212,2981,1,0
multifit,-95.7106,94.9652,633.959,2982,1,0
multifit,-95.7106,100.565,631.443,2983,1,0
multifit,-93.2565,99.2159,631.302,2984,2,0
multifit,-93.2565,99.2159,584.605,2984,2,1
multifit,-90.8024,100.565,630.038,2986,2,0
multifit,-90.8024,100.565,654.593,2986,2,1
multifit,-88.3482,99.2159,657.814,2989,1,0
multifit,-61.3529,100.565,624.175,3010,1,0
multifit,-58.8988,99.2159,622.365,3013,1,0
multifit,-56.4447,100.565,622.874,3015,1,0
multifit,-53.9906,99.2159,622.196,3016,1,0
multifit,-51.5365,100.565,622.111,3018,1,0
multifit,-51.5365,94.9652,621.721,3019,1,0
multifit,-49.0824,96.3143,621.882,3020,1,0
multifit,-49.0824,99.2159,621.762,3021,1,0
multifit,-46.6282,94.9652,621.356,3022,1,0
multifit,-46.6282,100.565,622.143,3023,1,0
multifit,-44.1741,99.2159,621.406,3024,1,0
multifit,-44.1741,96.3143,621.412,3025,1,0
multifit,-41.72,100.565,620.397,3026,1,0
multifit,-41.72,94.9652,620.692,3027,1,0
multifit,-39.2659,96.3143,620.276,3028,1,0
multifit,-36.8118,94.9652,620.493,3030,2,0
multifit,-36.8118,94.9652,580.168,3030,2,1
multifit,-31.9035,100.565,574.088,3034,1,0
multifit,-29.4494,96.3143,574.057,3036,1,0
multifit,-29.4494,99.2159,574.322,3037,1,0
multifit,-26.9953,94.9652,574.07,3038,1,0
multifit,-26.9953,100.565,574.099,3039,2,0
multifit,-26.9953,100.565,403.068,3039,2,1
multifit,-24.5412,99.2159,573.167,3040,1,0
multifit,-24.5412,96.3143,573.643,3041,1,0
multifit,-22.0871,94.9652,570.201,3043,1,0
multifit,-17.1788,100.565,518.328,3047,2,0
multifit,-17.1788,100.565,568.983,3047,2,1
multifit,-14.7247,99.2159,517.166,3048,1,0
multifit,-14.7247,96.3143,516.818,3049,2,0
multifit,-14.7247,96.3143,567.577,3049,2,1
multifit,-12.2706,100.565,516.785,3050,1,0
multifit,-12.2706,94.9652,515.893,3051,1,0
multifit,-9.81647,96.3143,516.237,3052,1,0
multifit,-9.81647,99.2159,515.697,3053,2,0
multifit,-9.81647,99.2159,461.429,3053,2,1
multifit,-7.36236,94.9652,516.837,3054,2,0
multifit,-7.36236,94.9652,460.463,3054,2,1
multifit,-7.36236,100.565,460.575,3055,2,0
multifit,-7.36236,100.565,517.053,3055,2,1
multifit,-4.90824,99.2159,460.894,3056,1,0
multifit,-4.90824,96.3143,459.904,3057,1,0
multifit,-2.45412,100.565,460.889,3058,1,0
multifit,-2.45412,94.9652,459.466,3059,2,0
multifit,-2.45412,94.9652,513.48,3059,2,1
multifit,-5.72205e-06,96.3143,459.141,3060,2,0
multifit,-5.72205e-06,96.3143,512.635,3060,2,1
multifit,-5.72205e-06,99.2159,462.462,3061,2,0
multifit,-5.72205e-06,99.2159,392.595,3061,2,1
multifit,2.45411,94.9652,460.641,3062,2,0
multifit,2.45411,94.9652,394.296,3062,2,1
multifit,2.45411,100.565,395.822,3063,2,0
multifit,2.45411,100.565,461.479,3063,2,1
multifit,4.90823,99.2159,395.938,3064,1,0
multifit,4.90823,96.3143,394.861,3065,1,0
multifit,7.36235,100.565,395.882,3066,1,0
multifit,7.36234,94.9652,394.832,3067,1,0
multifit,9.81646,96.3143,395.222,3068,1,0
multifit,9.81646,99.2159,395.038,3069,1,0
multifit,12.2706,94.9652,394.272,3070,1,0
multifit,12.2706,100.565,394.239,3071,1,0
multifit,17.1788,100.565,304.942,3074,1,0
multifit,68.7153,99.2159,993.412,3117,1,0
multifit,-161.972,104.883,421.559,3192,1,0
multifit,-157.064,107.853,422.061,3193,1,0
multifit,-152.155,104.883,484.555,3194,1,0
multifit,-147.247,107.853,483.696,3195,1,0
multifit,-142.339,104.883,538.173,3196,1,0
multifit,-137.431,107.853,536.926,3197,1,0
multifit,-132.522,104.883,536.344,3198,2,0
multifit,-132.522,104.883,588.681,3198,2,1
multifit,-127.614,107.853,589.269,3199,2,0
multifit,-127.614,107.853,535.518,3199,2,1
multifit,-122.706,104.883,588.371,3200,1,0
multifit,-117.798,107.853,588.261,3201,1,0
multifit,-107.981,107.853,587.806,3203,1,0
multifit,-103.073,104.883,631.65,3204,1,0
multifit,-98.1647,107.853,631.094,3205,1,0
multifit,-95.7106,103.467,631.037,3206,2,0
multifit,-95.7106,103.467,655.009,3206,2,1
multifit,-93.2565,104.816,631.159,3207,1,0
multifit,-93.2565,107.717,630.658,3208,1,0
multifit,-90.8024,103.467,630.451,3209,1,0
multifit,-90.8024,109.066,630.101,3210,1,0
multifit,-88.3482,107.717,629.654,3211,1,0
multifit,-88.3482,104.816,629.81,3212,1,0
multifit,-85.8941,109.066,629.464,3213,1,0
multifit,-85.8941,103.467,629.715,3214,1,0
multifit,-83.44,104.816,629.237,3215,1,0
multifit,-83.44,107.717,628.956,3216,1,0
multifit,-80.9859,103.467,629.66,3217,1,0
multifit,-80.9859,109.066,628.694,3218,1,0
multifit,-78.5318,107.717,626.451,3219,1,0
multifit,-78.5318,104.816,628.512,3220,1,0
multifit,-76.0777,109.066,626.055,3221,1,0
multifit,-76.0777,103.467,629.304,3222,1,0
multifit,-73.6235,104.816,626.095,3223,1,0
multifit,-73.6235,107.717,625.686,3224,1,0
multifit,-71.1694,103.467,625.347,3225,1,0
multifit,-71.1694,109.066,625.47,3226,1,0
multifit,-68.7153,107.717,625.325,3227,1,0
multifit,-68.7153,104.816,625.799,3228,1,0
multifit,-66.2612,109.066,624.943,3229,1,0
multifit,-66.2612,103.467,625.324,3230,1,0
multifit,-63.8071,104.816,624.392,3231,1,0
multifit,-63.8071,107.717,624.625,3232,1,0
multifit,-61.3529,103.467,624.011,3233,1,0
multifit,-61.3529,109.066,624.548,3234,1,0
multifit,-58.8988,107.717,623.765,3235,1,0
multifit,-58.8988,104.816,623.427,3236,1,0
multifit,-56.4447,109.066,624.168,3237,1,0
multifit,-56.4447,103.467,623.396,3238,1,0
multifit,-53.9906,104.816,623.108,3239,1,0
multifit,-53.9906,107.717,622.179,3240,2,0
multifit,-53.9906,107.717,580.032,3240,2,1
multifit,-51.5365,103.467,622.13,3241,1,0
multifit,-49.0824,104.816,621.891,3244,1,0
multifit,-46.6282,109.066,575.979,3245,1,0
multifit,-46.6282,103.467,622.29,3246,1,0
multifit,-44.1741,104.816,620.137,3247,1,0
multifit,-41.72,109.066,578.19,3250,2,0
multifit,-41.72,109.066,525.835,3250,2,1
multifit,-39.2659,107.717,578.318,3251,1,0
multifit,-39.2659,104.816,579.161,3252,1,0
multifit,-36.8118,109.066,577.485,3253,1,0
multifit,-36.8118,103.467,575.718,3254,1,0
multifit,-34.3576,104.816,575.207,3255,1,0
multifit,-34.3576,107.717,577.045,3256,1,0
multifit,-31.9035,103.467,575.139,3257,1,0
multifit,-31.9035,109.066,574.737,3258,2,0
multifit,-31.9035,109.066,521.366,3258,2,1
multifit,-29.4494,107.717,574.262,3259,1,0
multifit,-29.4494,104.816,574.835,3260,1,0
multifit,-26.9953,103.467,574.741,3262,1,0
multifit,-22.0871,109.066,519.086,3266,1,0
multifit,-19.6329,107.717,518.109,3267,2,0
multifit,-19.6329,107.717,567.236,3267,2,1
multifit,-19.6329,104.816,517.695,3268,2,0
multifit,-19.6329,104.816,567.284,3268,2,1
multifit,-17.1788,109.066,518.428,3269,2,0
multifit,-17.1788,109.066,565.606,3269,2,1
multifit,-17.1788,103.467,518.021,3270,2,0
multifit,-17.1788,103.467,566.841,3270,2,1
multifit,-14.7247,107.717,517.667,3272,1,0
multifit,-12.2706,103.467,517.568,3273,3,0
multifit,-12.2706,103.467,460.914,3273,3,1
multifit,-12.2706,103.467,395.896,3273,3,2
multifit,-12.2706,109.066,463.314,3274,2,0
multifit,-12.2706,109.066,395.874,3274,2,1
multifit,-9.81647,107.717,461.495,3275,2,0
multifit,-9.81647,107.717,395.542,3275,2,1
multifit,-9.81647,104.816,460.832,3276,1,0
multifit,-7.36236,109.066,461.852,3277,3,0
multifit,-7.36236,109.066,395.476,3277,3,1
multifit,-7.36236,109.066,568.493,3277,3,2
multifit,-7.36236,103.467,461.584,3278,1,0
multifit,-4.90824,104.816,460.784,3279,2,0
multifit,-4.90824,104.816,394.645,3279,2,1
multifit,-4.90824,107.717,460.915,3280,3,0
multifit,-4.90824,107.717,394.986,3280,3,1
multifit,-4.90824,107.717,570.602,3280,3,2
multifit,-2.45412,103.467,461.003,3281,1,0
multifit,-2.45412,109.066,395.699,3282,2,0
multifit,-2.45412,109.066,461.776,3282,2,1
multifit,-5.72205e-06,107.717,396.313,3283,1,0
multifit,-5.72205e-06,104.816,394.788,3284,2,0
multifit,-5.72205e-06,104.816,460.643,3284,2,1
multifit,2.45411,109.066,396.382,3285,1,0
multifit,2.45411,103.467,396.381,3286,1,0
multifit,4.90823,104.816,395.914,3287,1,0
multifit,4.90823,107.717,396.115,3288,1,0
multifit,7.36235,103.467,396.322,3289,1,0
multifit,191.421,104.883,1015.54,3381,1,0
multifit,-157.064,113.385,421.251,3412,1,0
multifit,-152.155,116.354,422.416,3413,1,0
multifit,-147.247,113.385,483.007,3414,1,0
multifit,-142.339,116.354,481.975,3415,1,0
multifit,-137.431,113.385,536.131,3416,2,0
multifit,-137.431,113.385,481.784,3416,2,1
multifit,-132.522,116.354,536.116,3417,1,0
multifit,-127.614,113.385,535.957,3418,1,0
multifit,-122.706,116.354,534.877,3419,1,0
multifit,-117.798,113.385,587.679,3420,1,0
multifit,-112.889,116.354,587.264,3421,1,0
multifit,-107.981,113.385,586.634,3422,1,0
multifit,-103.073,116.354,585.76,3423,2,0
multifit,-103.073,116.354,632.188,3423,2,1
multifit,-98.1647,113.385,585.981,3424,1,0
multifit,-93.2565,116.354,585.167,3425,1,0
multifit,-85.8941,111.968,629.37,3429,1,0
multifit,-80.9859,111.968,625.971,3434,1,0
multifit,-76.0777,111.968,626.468,3437,1,0
multifit,-73.6235,113.317,626.166,3440,1,0
multifit,-71.1694,111.968,626.206,3442,1,0
multifit,-66.2612,111.968,624.8,3445,1,0
multifit,-63.8071,113.317,621.046,3448,1,0
multifit,-61.3529,117.568,577.896,3449,1,0
multifit,-58.8988,116.218,578.286,3452,1,0
multifit,-56.4447,117.568,577.919,3454,1,0
multifit,-53.9906,116.218,577.562,3455,1,0
multifit,-51.5365,117.568,580.101,3457,2,0
multifit,-51.5365,117.568,406.523,3457,2,1
multifit,-49.0824,113.317,579.014,3459,1,0
multifit,-49.0824,116.218,579.073,3460,1,0
multifit,-46.6282,111.968,578.402,3461,1,0
multifit,-46.6282,117.568,579.486,3462,1,0
multifit,-44.1741,116.218,579.291,3463,2,0
multifit,-44.1741,116.218,471.381,3463,2,1
multifit,-44.1741,113.317,578.665,3464,1,0
multifit,-41.72,117.568,578.438,3465,1,0
multifit,-41.72,111.968,578.341,3466,1,0
multifit,-39.2659,113.317,577.884,3467,1,0
multifit,-39.2659,116.218,578.583,3468,1,0
multifit,-36.8118,111.968,578.249,3469,1,0
multifit,-36.8118,117.568,524.478,3470,1,0
multifit,-34.3577,113.317,577.808,3472,1,0
multifit,-31.9035,117.568,521.76,3473,1,0
multifit,-31.9035,111.968,575.856,3474,1,0
multifit,-29.4494,113.317,521.673,3475,1,0
multifit,-29.4494,116.218,521.497,3476,1,0
multifit,-26.9953,111.968,521.275,3477,1,0
multifit,-26.9953,117.568,521.232,3478,1,0
multifit,-24.5412,116.218,521.564,3479,1,0
multifit,-24.5412,113.317,521.414,3480,1,0
multifit,-22.0871,117.568,464.608,3481,2,0
multifit,-22.0871,117.568,519.183,3481,2,1
multifit,-22.0871,111.968,521.319,3482,1,0
multifit,-19.6329,113.317,519.44,3483,1,0
multifit,-19.6329,116.218,463.957,3484,2,0
multifit,-19.6329,116.218,517.503,3484,2,1
multifit,-17.1788,111.968,517.31,3485,3,0
multifit,-17.1788,111.968,461.762,3485,3,1
multifit,-17.1788,111.968,567.577,3485,3,2
multifit,-17.1788,117.568,462.756,3486,1,0
multifit,-14.7247,116.218,462.318,3487,1,0
multifit,-14.7247,113.317,462.076,3488,3,0
multifit,-14.7247,113.317,567.307,3488,3,1
multifit,-14.7247,113.317,516.131,3488,3,2
multifit,-12.2706,117.568,462.463,3489,2,0
multifit,-12.2706,117.568,396.16,3489,2,1
multifit,-12.2706,111.968,462.596,3490,3,0
multifit,-12.2706,111.968,570.582,3490,3,1
multifit,-12.2706,111.968,395.484,3490,3,2
multifit,-9.81647,113.317,462.891,3491,1,0
multifit,-9.81647,116.218,395.069,3492,2,0
multifit,-9.81647,116.218,462.39,3492,2,1
multifit,-7.36235,111.968,461.775,3493,1,0
multifit,-7.36236,117.568,396.887,3494,3,0
multifit,-7.36236,117.568,462.932,3494,3,1
multifit,-7.36236,117.568,568.216,3494,3,2
multifit,-4.90824,116.218,396.107,3495,2,0
multifit,-4.90824,116.218,460.922,3495,2,1
multifit,-4.90824,113.317,395.938,3496,1,0
multifit,-2.45412,117.568,396.972,3497,1,0
multifit,-2.45412,111.968,395.899,3498,2,0
multifit,-2.45412,111.968,461.173,3498,2,1
multifit,-3.8147e-06,113.317,396.17,3499,1,0
multifit,-3.8147e-06,116.218,397.495,3500,1,0
multifit,-152.155,121.886,421.589,3624,1,0
multifit,-147.247,124.855,419.429,3625,1,0
multifit,-142.339,121.886,481.8,3626,2,0
multifit,-142.339,121.886,419.41,3626,2,1
multifit,-137.431,124.855,481.173,3627,1,0
multifit,-132.522,121.886,480.984,3628,1,0
multifit,-127.614,124.855,480.247,3629,2,0
multifit,-127.614,124.855,535.118,3629,2,1
multifit,-122.706,121.886,535.017,3630,1,0
multifit,-117.798,124.855,534.107,3631,1,0
multifit,-112.889,121.886,534.277,3632,2,0
multifit,-112.889,121.886,588.007,3632,2,1
multifit,-107.981,124.855,532.847,3633,2,0
multifit,-107.981,124.855,586.713,3633,2,1
multifit,-103.073,121.886,585.871,3634,1,0
multifit,-98.1647,124.855,585.083,3635,1,0
multifit,-93.2565,121.886,584.632,3636,1,0
multifit,-88.3482,124.855,582.205,3637,1,0
multifit,-85.8941,120.469,580.308,3638,1,0
multifit,-83.44,121.818,582.357,3639,1,0
multifit,-83.44,124.72,581.372,3640,1,0
multifit,-80.9859,120.469,581.255,3641,1,0
multifit,-80.9859,126.069,581.24,3642,1,0
multifit,-78.5318,124.72,581.242,3643,2,0
multifit,-78.5318,124.72,411.037,3643,2,1
multifit,-78.5318,121.818,581.186,3644,1,0
multifit,-76.0777,126.069,581.741,3645,1,0
multifit,-76.0777,120.469,580.251,3646,1,0
multifit,-73.6235,121.818,581.126,3647,1,0
multifit,-73.6235,124.72,580.47,3648,1,0
multifit,-71.1694,120.469,580.29,3649,2,0
multifit,-71.1694,120.469,616.444,3649,2,1
multifit,-71.1694,126.069,579.73,3650,2,0
multifit,-71.1694,126.069,618.597,3650,2,1
multifit,-68.7153,124.72,579.79,3651,1,0
multifit,-68.7153,121.818,579.601,3652,2,0
multifit,-68.7153,121.818,413.01,3652,2,1
multifit,-66.2612,126.069,579.48,3653,2,0
multifit,-66.2612,126.069,410.066,3653,2,1
multifit,-66.2612,120.469,578.69,3654,1,0
multifit,-63.8071,121.818,579.158,3655,1,0
multifit,-63.8071,124.72,578.593,3656,1,0
multifit,-61.353,120.469,579.04,3657,1,0
multifit,-61.3529,126.069,578.336,3658,2,0
multifit,-61.3529,126.069,525.825,3658,2,1
multifit,-58.8988,124.72,580.502,3659,1,0
multifit,-58.8988,121.818,579.068,3660,1,0
multifit,-56.4447,120.469,580.169,3662,1,0
multifit,-53.9906,121.818,579.73,3663,1,0
multifit,-51.5365,120.469,579.878,3665,1,0
multifit,-49.0824,121.818,579.593,3668,1,0
multifit,-46.6282,126.069,525.936,3669,1,0
multifit,-46.6282,120.469,579.86,3670,1,0
multifit,-44.1741,121.818,526.47,3671,2,0
multifit,-44.1741,121.818,576.641,3671,2,1
multifit,-44.1741,124.72,525.902,3672,2,0
multifit,-44.1741,124.72,407.079,3672,2,1
multifit,-41.72,120.469,525.275,3673,1,0
multifit,-41.72,126.069,524.955,3674,2,0
multifit,-41.72,126.069,577.537,3674,2,1
multifit,-39.2659,124.72,525.277,3675,1,0
multifit,-39.2659,121.818,525.33,3676,1,0
multifit,-36.8118,126.069,524.907,3677,1,0
multifit,-36.8118,120.469,524.346,3678,1,0
multifit,-34.3577,121.818,522.477,3679,2,0
multifit,-34.3577,121.818,573.09,3679,2,1
multifit,-34.3577,124.72,523.185,3680,1,0
multifit,-31.9035,120.469,522.729,3681,1,0
multifit,-31.9035,126.069,467.357,3682,2,0
multifit,-31.9035,126.069,523.4,3682,2,1
multifit,-29.4494,121.818,522.242,3684,1,0
multifit,-26.9953,126.069,466.584,3685,1,0
multifit,-26.9953,120.469,521.474,3686,1,0
multifit,-24.5412,121.818,465.85,3687,1,0
multifit,-24.5412,124.72,466.075,3688,1,0
multifit,-22.0871,120.469,465.349,3689,1,0
multifit,-22.0871,126.069,466.096,3690,1,0
multifit,-19.6329,124.72,464.781,3691,2,0
multifit,-19.6329,124.72,396.069,3691,2,1
multifit,-19.6329,121.818,464.065,3692,1,0
multifit,-17.1788,126.069,398.498,3693,1,0
multifit,-17.1788,120.469,463.134,3694,1,0
multifit,-14.7247,121.818,463.286,3695,1,0
multifit,-14.7247,124.72,396.818,3696,2,0
multifit,-14.7247,124.72,463.259,3696,2,1
multifit,-12.2706,120.469,396.255,3697,2,0
multifit,-12.2706,120.469,462.369,3697,2,1
multifit,-12.2706,126.069,398.24,3698,1,0
multifit,-9.81647,124.72,396.614,3699,1,0
multifit,-9.81647,121.818,397.343,3700,1,0
multifit,-7.36235,120.469,397.052,3702,2,0
multifit,-7.36235,120.469,460.616,3702,2,1
multifit,-4.90824,121.818,397.696,3703,3,0
multifit,-4.90824,121.818,517.845,3703,3,1
multifit,-4.90824,121.818,566.417,3703,3,2
multifit,-2.45412,120.469,396.593,3705,1,0
multifit,-211.054,133.357,748.932,3815,1,0
multifit,-147.247,130.387,417.766,3828,1,0
multifit,-142.339,133.357,417.236,3829,1,0
multifit,-137.431,130.387,417.754,3830,2,0
multifit,-137.431,130.387,480.753,3830,2,1
multifit,-132.522,133.357,416.719,3831,2,0
multifit,-132.522,133.357,480.643,3831,2,1
multifit,-127.614,130.387,479.451,3832,1,0
multifit,-122.706,133.357,479.063,3833,1,0
multifit,-117.798,130.387,479.044,3834,2,0
multifit,-117.798,130.387,534.206,3834,2,1
multifit,-112.889,133.357,478.32,3835,3,0
multifit,-112.889,133.357,534.204,3835,3,1
multifit,-112.889,133.357,656.293,3835,3,2
multifit,-107.981,130.387,532.789,3836,1,0
multifit,-103.073,133.357,532.375,3837,1,0
multifit,-98.1647,130.387,531.619,3838,1,0
multifit,-93.2565,133.357,529.442,3839,1,0
multifit,-88.3482,130.387,529.026,3840,2,0
multifit,-88.3482,130.387,581.288,3840,2,1
multifit,-83.44,133.357,528.501,3841,1,0
multifit,-78.5318,133.221,527.964,3844,1,0
multifit,-76.0777,128.97,581.391,3845,1,0
multifit,-76.0777,134.57,527.446,3846,1,0
multifit,-73.6235,133.221,526.896,3847,1,0
multifit,-71.1694,134.57,527.1,3849,1,0
multifit,-71.1694,128.97,579.366,3850,1,0
multifit,-68.7153,130.32,526.218,3851,2,0
multifit,-68.7153,130.32,578.875,3851,2,1
multifit,-68.7153,133.221,527.038,3852,1,0
multifit,-66.2612,134.57,528.591,3854,1,0
multifit,-63.8071,133.221,528.304,3855,1,0
multifit,-63.8071,130.32,526.991,3856,1,0
multifit,-61.353,134.57,527.759,3857,1,0
multifit,-58.8988,130.32,526.899,3859,1,0
multifit,-58.8988,133.221,525.342,3860,1,0
multifit,-56.4447,128.97,526.488,3861,1,0
multifit,-56.4447,134.57,527.474,3862,1,0
multifit,-53.9906,133.221,527.135,3863,1,0
multifit,-53.9906,130.32,527.201,3864,1,0
multifit,-51.5365,134.57,526.237,3865,1,0
multifit,-51.5365,128.97,526.835,3866,1,0
multifit,-49.0824,130.32,526.682,3867,1,0
multifit,-49.0824,133.221,526.688,3868,2,0
multifit,-49.0824,133.221,406.88,3868,2,1
multifit,-46.6282,128.97,526.432,3869,1,0
multifit,-46.6282,134.57,470.905,3870,2,0
multifit,-46.6282,134.57,527.299,3870,2,1
multifit,-44.1741,130.32,526.348,3872,1,0
multifit,-41.72,134.57,470.436,3873,1,0
multifit,-41.72,128.97,525.579,3874,1,0
multifit,-39.2659,133.221,470.064,3876,1,0
multifit,-36.8118,134.57,467.868,3878,1,0
multifit,-34.3577,133.221,467.673,3879,1,0
multifit,-34.3577,130.32,467.151,3880,1,0
multifit,-31.9035,134.57,467.346,3881,1,0
multifit,-31.9035,128.97,467.553,3882,1,0
multifit,-29.4494,130.32,466.982,3883,1,0
multifit,-29.4494,133.221,466.725,3884,1,0
multifit,-26.9953,128.97,467.233,3885,1,0
multifit,-26.9953,134.57,401.697,3886,2,0
multifit,-26.9953,134.57,467.071,3886,2,1
multifit,-24.5412,133.221,401.731,3887,1,0
multifit,-24.5412,130.32,466.72,3888,1,0
multifit,-22.0871,134.57,401.752,3889,1,0
multifit,-22.0871,128.97,465.342,3890,2,0
multifit,-22.0871,128.97,400.325,3890,2,1
multifit,-19.6329,130.32,398.796,3891,1,0
multifit,-19.6329,133.221,400.804,3892,1,0
multifit,-17.1788,128.97,398.052,3893,1,0
multifit,-17.1788,134.57,399.186,3894,1,0
multifit,-14.7247,130.32,397.811,3896,1,0
multifit,-12.2706,128.97,397.249,3898,1,0
multifit,147.247,130.387,768.252,3987,1,0
multifit,-132.522,138.889,416.824,4026,1,0
multifit,-127.614,141.858,416.129,4027,1,0
multifit,-122.706,138.889,479.079,4028,2,0
multifit,-122.706,138.889,415.814,4028,2,1
multifit,-117.798,141.858,415.459,4029,3,0
multifit,-117.798,141.858,478.413,4029,3,1
multifit,-117.798,141.858,631.043,4029,3,2
multifit,-112.889,138.889,478.178,4030,1,0
multifit,-107.981,141.858,477.534,4031,1,0
multifit,-103.073,138.889,476.625,4032,3,0
multifit,-103.073,138.889,655.889,4032,3,1
multifit,-103.073,138.889,531.454,4032,3,2
multifit,-98.1647,141.858,474.671,4033,1,0
multifit,-93.2565,138.889,529.031,4034,2,0
multifit,-93.2565,138.889,472.509,4034,2,1
multifit,-88.3482,141.858,472.914,4035,2,0
multifit,-88.3482,141.858,528.266,4035,2,1
multifit,-83.44,138.889,528.502,4036,1,0
multifit,-78.5318,141.858,472.746,4037,2,0
multifit,-78.5318,141.858,527.496,4037,2,1
multifit,-73.6235,138.889,529.629,4038,2,0
multifit,-73.6235,138.889,474.087,4038,2,1
multifit,-68.7153,141.858,473.903,4039,2,0
multifit,-68.7153,141.858,528.567,4039,2,1
multifit,-63.8071,138.889,528.305,4040,2,0
multifit,-63.8071,138.889,472.522,4040,2,1
multifit,-58.8988,141.858,472.532,4041,1,0
multifit,-53.9906,138.889,471.973,4042,2,0
multifit,-53.9906,138.889,526.448,4042,2,1
multifit,-49.0824,141.858,471.285,4043,1,0
multifit,-44.1741,138.889,470.702,4044,1,0
multifit,-39.2659,141.858,403.409,4045,2,0
multifit,-39.2659,141.858,468.359,4045,2,1
multifit,-34.3577,138.889,403.185,4046,2,0
multifit,-34.3577,138.889,467.852,4046,2,1
multifit,-29.4494,141.858,402.635,4047,1,0
multifit,-24.5412,138.889,402.082,4048,1,0
multifit,53.9906,138.889,708.077,4064,1,0
multifit,206.146,141.858,695.165,4095,1,0
multifit,-117.798,147.39,415.335,4123,1,0
multifit,-112.889,150.359,414.872,4124,1,0
multifit,-107.981,147.39,412.271,4125,2,0
multifit,-107.981,147.39,473.661,4125,2,1
multifit,-103.073,150.359,411.168,4126,1,0
multifit,-98.1647,147.39,473.524,4127,2,0
multifit,-98.1647,147.39,410.685,4127,2,1
multifit,-93.2565,150.359,410.138,4128,2,0
multifit,-93.2565,150.359,472.698,4128,2,1
multifit,-88.3482,147.39,472.937,4129,2,0
multifit,-88.3482,147.39,409.067,4129,2,1
multifit,-83.44,150.359,411.418,4130,2,0
multifit,-83.44,150.359,475.36,4130,2,1
multifit,-78.5318,147.39,474.626,4131,1,0
multifit,-73.6235,150.359,409.822,4132,2,0
multifit,-73.6235,150.359,474.179,4132,2,1
multifit,-68.7153,147.39,473.769,4133,2,0
multifit,-68.7153,147.39,409.469,4133,2,1
multifit,-63.8071,150.359,410.238,4134,2,0
multifit,-63.8071,150.359,473.533,4134,2,1
multifit,-58.8988,147.39,473.153,4135,2,0
multifit,-58.8988,147.39,408.096,4135,2,1
multifit,-53.9906,150.359,407.729,4136,1,0
multifit,-49.0824,147.39,406.904,4137,1,0
multifit,-44.1741,150.359,406.917,4138,1,0
multifit,-39.2659,147.39,403.84,4139,1,0
multifit,-103.073,155.891,410.321,4218,1,0
multifit,-93.2565,155.891,410.274,4220,1,0
multifit,-88.3482,158.861,412.271,4221,1,0
multifit,-83.44,155.891,411.851,4222,1,0
multifit,-78.5318,158.861,410.49,4223,1,0
multifit,-73.6235,155.891,409.912,4224,1,0
multifit,-63.8071,155.891,410.228,4226,1,0
multifit,-49.0824,158.861,1016.42,4229,1,0
multifit,9.81647,164.393,722.873,4331,1,0
multifit,34.3576,167.362,691.402,4336,1,0
multifit,49.0823,164.393,769.436,4339,1,0
multifit,103.073,172.894,702.784,4437,1,0
multifit,-152.155,189.897,758.047,4550,1,0
multifit,44.1741,189.897,727.286,4590,1,0
multifit,137.431,209.868,689.139,4762,1,0
multifit,-78.5318,215.4,1030.57,4788,1,0
multifit,-24.5412,240.904,758.248,4981,1,0
multifit,58.8988,243.874,718.414,4998,1,0
multifit,-144.793,-1.45075,436.624,5152,1,0
multifit,-142.339,-2.7999,437.77,5153,1,0
multifit,-142.339,-5.70141,436.443,5154,1,0
multifit,-139.885,-1.45075,432.843,5155,2,0
multifit,-139.885,-1.45075,547.44,5155,2,1
multifit,-139.885,-7.05056,437.362,5156,1,0
multifit,-137.431,-5.70141,437.808,5157,1,0
multifit,-137.431,-2.7999,432.699,5158,1,0
multifit,-134.976,-7.05056,437.838,5159,2,0
multifit,-134.976,-7.05056,492.729,5159,2,1
multifit,-134.976,-1.45075,491.729,5160,1,0
multifit,-132.522,-5.70141,437.477,5162,2,0
multifit,-132.522,-5.70141,497.404,5162,2,1
multifit,-130.068,-1.45075,492.646,5163,1,0
multifit,-130.068,-7.05056,497.352,5164,2,0
multifit,-130.068,-7.05056,437.861,5164,2,1
multifit,-127.614,-5.70141,492.911,5165,1,0
multifit,-127.614,-2.7999,493.616,5166,1,0
multifit,-125.16,-7.05056,493.165,5167,1,0
multifit,-125.16,-1.45075,492.575,5168,1,0
multifit,-122.706,-2.7999,493.046,5169,1,0
multifit,-122.706,-5.70141,493.713,5170,1,0
multifit,-120.252,-1.45075,546.86,5171,2,0
multifit,-120.252,-1.45075,493.879,5171,2,1
multifit,-120.252,-7.05056,494.015,5172,1,0
multifit,-117.798,-5.70141,494.336,5173,1,0
multifit,-117.798,-2.7999,547.797,5174,1,0
multifit,-115.344,-7.05056,493.912,5175,1,0
multifit,-115.344,-1.45075,553.085,5176,1,0
multifit,-112.889,-2.7999,552.814,5177,1,0
multifit,-110.435,-1.45075,552.723,5179,1,0
multifit,-107.981,-5.70141,548.714,5181,1,0
multifit,-107.981,-2.7999,549.219,5182,1,0
multifit,-105.527,-7.05056,551.79,5183,1,0
multifit,-105.527,-1.45075,552.596,5184,1,0
multifit,-103.073,-2.7999,552.79,5185,1,0
multifit,-103.073,-5.70141,552.213,5186,1,0
multifit,-100.619,-1.45075,551.397,5187,1,0
multifit,-100.619,-7.05056,552.9,5188,1,0
multifit,-98.1647,-5.70141,552.564,5189,1,0
multifit,-98.1647,-2.7999,552.735,5190,1,0
multifit,-95.7106,-7.05056,553.176,5191,1,0
multifit,-93.2565,-2.7999,552.066,5193,1,0
multifit,-93.2565,-5.70141,553.097,5194,1,0
multifit,-90.8024,-7.05056,553.962,5196,2,0
multifit,-90.8024,-7.05056,498.125,5196,2,1
multifit,-88.3482,-5.70141,553.627,5197,1,0
multifit,-88.3482,-2.7999,554.33,5198,1,0
multifit,-85.8941,-7.05056,554.159,5199,1,0
multifit,-83.44,-5.70141,555.279,5202,1,0
multifit,-80.9859,-7.05056,554.554,5204,1,0
multifit,-78.5318,-5.70141,555.923,5205,1,0
multifit,-76.0777,-7.05056,555.851,5207,1,0
multifit,-73.6235,-5.70141,556.382,5210,1,0
multifit,-71.1694,-7.05056,555.705,5212,1,0
multifit,-68.7153,-5.70141,556.708,5213,1,0
multifit,-68.7153,-2.7999,556.834,5214,1,0
multifit,-66.2612,-7.05056,556.468,5215,1,0
multifit,-63.8071,-2.7999,557.4,5217,1,0
multifit,-63.8071,-5.70141,556.692,5218,1,0
multifit,-61.353,-7.05056,556.933,5220,1,0
multifit,-58.8988,-5.70141,557.682,5221,1,0
multifit,-58.8988,-2.7999,557.814,5222,1,0
multifit,-56.4447,-7.05056,557.297,5223,1,0
multifit,-56.4447,-1.45075,558.059,5224,1,0
multifit,-53.9906,-2.7999,558.126,5225,1,0
multifit,-53.9906,-5.70141,558.39,5226,1,0
multifit,-51.5365,-1.45075,557.571,5227,1,0
multifit,-51.5365,-7.05056,558.353,5228,1,0
multifit,-49.0824,-5.70141,558.297,5229,1,0
multifit,-49.0824,-2.7999,559.185,5230,1,0
multifit,-46.6282,-7.05056,505.546,5231,1,0
multifit,-46.6282,-1.45075,559.366,5232,1,0
multifit,-44.1741,-5.70141,507.448,5234,1,0
multifit,-41.72,-1.45075,561.99,5235,1,0
multifit,-41.72,-7.05056,507.338,5236,1,0
multifit,-39.2659,-5.70141,507.839,5237,1,0
multifit,-39.2659,-2.7999,507.392,5238,1,0
multifit,-36.8118,-7.05056,507.594,5239,1,0
multifit,-36.8118,-1.45075,508.433,5240,1,0
multifit,-34.3577,-2.7999,508.235,5241,2,0
multifit,-34.3577,-2.7999,645.579,5241,2,1
multifit,-34.3577,-5.70141,507.834,5242,1,0
multifit,-31.9035,-1.45075,508.69,5243,1,0
multifit,-29.4494,-5.70141,450.005,5245,3,0
multifit,-29.4494,-5.70141,508.423,5245,3,1
multifit,-29.4494,-5.70141,607.287,5245,3,2
multifit,-29.4494,-2.7999,508.674,5246,1,0
multifit,-26.9953,-7.05056,450.488,5247,1,0
multifit,-26.9953,-1.45075,508.128,5248,1,0
multifit,-24.5412,-2.7999,452.285,5249,1,0
multifit,-24.5412,-5.70141,451.184,5250,2,0
multifit,-24.5412,-5.70141,608.174,5250,2,1
multifit,120.252,-7.05056,638.846,5367,1,0
multifit,196.329,-5.83687,579.917,5404,1,0
multifit,250.32,-2.86764,588.828,5415,1,0
multifit,-137.431,-11.3012,436.205,5454,1,0
multifit,-134.976,-9.95207,438.272,5456,1,0
multifit,-132.522,-14.2027,438.618,5458,1,0
multifit,-132.522,-11.3012,438.289,5459,1,0
multifit,-130.068,-15.5519,437.964,5460,1,0
multifit,-130.068,-9.95207,433.87,5461,1,0
multifit,-127.614,-11.3012,434.084,5462,1,0
multifit,-127.614,-14.2027,437.174,5463,1,0
multifit,-125.16,-9.95207,492.855,5464,2,0
multifit,-125.16,-9.95207,547.988,5464,2,1
multifit,-125.16,-15.5519,437.002,5465,2,0
multifit,-125.16,-15.5519,552.528,5465,2,1
multifit,-122.706,-14.2027,436.914,5466,1,0
multifit,-122.706,-11.3012,493.3,5467,3,0
multifit,-122.706,-11.3012,434.494,5467,3,1
multifit,-122.706,-11.3012,546.808,5467,3,2
multifit,-120.252,-15.5519,438.241,5468,1,0
multifit,-120.252,-9.95207,493.965,5469,1,0
multifit,-117.798,-11.3012,496.796,5470,1,0
multifit,-117.798,-14.2027,497.59,5471,2,0
multifit,-117.798,-14.2027,437.739,5471,2,1
multifit,-115.344,-9.95207,496.928,5472,1,0
multifit,-115.344,-15.5519,497.837,5473,2,0
multifit,-115.344,-15.5519,437.11,5473,2,1
multifit,-112.889,-14.2027,497.878,5474,1,0
multifit,-112.889,-11.3012,497.302,5475,1,0
multifit,-110.435,-15.5519,497.243,5476,2,0
multifit,-110.435,-15.5519,553.272,5476,2,1
multifit,-110.435,-9.95207,497.892,5477,1,0
multifit,-107.981,-11.3012,498.123,5478,1,0
multifit,-107.981,-14.2027,498.413,5479,2,0
multifit,-107.981,-14.2027,553.565,5479,2,1
multifit,-105.527,-15.5519,498.356,5481,1,0
multifit,-103.073,-14.2027,497.783,5482,2,0
multifit,-103.073,-14.2027,552.925,5482,2,1
multifit,-100.619,-15.5519,498.639,5484,2,0
multifit,-100.619,-15.5519,551.42,5484,2,1
multifit,-100.619,-9.95207,552.928,5485,1,0
multifit,-98.1647,-11.3012,553.381,5486,2,0
multifit,-98.1647,-11.3012,496.608,5486,2,1
multifit,-98.1647,-14.2027,498.633,5487,1,0
multifit,-95.7106,-9.95207,553.482,5488,1,0
multifit,-95.7106,-15.5519,499.289,5489,1,0
multifit,-93.2565,-14.2027,499.576,5490,1,0
multifit,-93.2565,-11.3012,553.936,5491,1,0
multifit,-90.8024,-15.5519,499.237,5492,2,0
multifit,-90.8024,-15.5519,553.254,5492,2,1
multifit,-90.8024,-9.95207,552.817,5493,1,0
multifit,-88.3482,-11.3012,554.989,5494,1,0
multifit,-88.3482,-14.2027,498.326,5495,2,0
multifit,-88.3482,-14.2027,554.79,5495,2,1
multifit,-85.8941,-9.95207,554.414,5496,1,0
multifit,-85.8941,-15.5519,500.931,5497,1,0
multifit,-83.44,-11.3012,554.639,5499,1,0
multifit,-80.9859,-15.5519,500.323,5500,2,0
multifit,-80.9859,-15.5519,555.109,5500,2,1
multifit,-80.9859,-9.95207,554.979,5501,1,0
multifit,-78.5318,-11.3012,554.325,5502,1,0
multifit,-76.0777,-9.95207,555.39,5504,1,0
multifit,-76.0777,-15.5519,501.353,5505,1,0
multifit,-73.6235,-11.3012,555.735,5507,1,0
multifit,-71.1694,-15.5519,501.183,5508,2,0
multifit,-71.1694,-15.5519,438.274,5508,2,1
multifit,-71.1694,-9.95207,556.336,5509,1,0
multifit,-68.7153,-11.3012,555.953,5510,1,0
multifit,-68.7153,-14.2027,501.371,5511,1,0
multifit,-66.2612,-9.95207,556.436,5512,1,0
multifit,-66.2612,-15.5519,501.985,5513,1,0
multifit,-63.8071,-14.2027,502.023,5514,2,0
multifit,-63.8071,-14.2027,438.124,5514,2,1
multifit,-63.8071,-11.3012,558.171,5515,1,0
multifit,-61.353,-15.5519,502.736,5516,2,0
multifit,-61.353,-15.5519,437.694,5516,2,1
multifit,-61.353,-9.95207,556.567,5517,1,0
multifit,-58.8988,-11.3012,503.503,5518,1,0
multifit,-58.8988,-14.2027,503.246,5519,1,0
multifit,-56.4447,-15.5519,502.909,5521,1,0
multifit,-53.9906,-14.2027,503.668,5522,1,0
multifit,-53.9906,-11.3012,503.592,5523,1,0
multifit,-51.5365,-15.5519,503.776,5524,1,0
multifit,-51.5365,-9.95207,503.593,5525,1,0
multifit,-49.0824,-11.3012,504.479,5526,1,0
multifit,-49.0824,-14.2027,504.353,5527,1,0
multifit,-46.6282,-9.95207,504.669,5528,1,0
multifit,-44.1741,-14.2027,503.104,5530,2,0
multifit,-44.1741,-14.2027,444.808,5530,2,1
multifit,-44.1741,-11.3012,507.423,5531,2,0
multifit,-44.1741,-11.3012,646.814,5531,2,1
multifit,-41.72,-15.5519,444.783,5532,1,0
multifit,-41.72,-9.95207,506.605,5533,1,0
multifit,-39.2659,-11.3012,506.029,5534,1,0
multifit,-39.2659,-14.2027,444.627,5535,1,0
multifit,-36.8118,-15.5519,445.023,5537,1,0
multifit,-34.3577,-14.2027,444.826,5538,1,0
multifit,-34.3577,-11.3012,449.922,5539,1,0
multifit,-31.9035,-15.5519,445.75,5540,1,0
multifit,-31.9035,-9.95207,445.971,5541,1,0
multifit,-29.4494,-11.3012,446.367,5542,1,0
multifit,-29.4494,-14.2027,445.705,5543,1,0
multifit,-26.9953,-9.95207,446.079,5544,1,0
multifit,-24.5412,-11.3012,447.008,5547,1,0
multifit,49.0824,-14.2027,523.747,5607,1,0
multifit,76.0776,-15.5519,540.302,5628,1,0
multifit,88.3483,-14.2027,566.894,5639,1,0
multifit,-125.16,-18.4534,437.263,5756,1,0
multifit,-122.706,-19.8025,437.745,5757,1,0
multifit,-120.252,-18.4534,437.746,5759,1,0
multifit,-117.798,-22.704,438.623,5761,1,0
multifit,-117.798,-19.8025,437.912,5762,1,0
multifit,-115.344,-24.0532,437.583,5763,1,0
multifit,-115.344,-18.4534,438.188,5764,1,0
multifit,-112.889,-19.8025,438.673,5765,1,0
multifit,-112.889,-22.704,438.89,5766,1,0
multifit,-110.435,-18.4534,439.569,5767,1,0
multifit,-110.435,-24.0532,439.158,5768,1,0
multifit,-107.981,-22.704,438.505,5769,1,0
multifit,-107.981,-19.8025,439.593,5770,1,0
multifit,-105.527,-24.0532,438.339,5771,2,0
multifit,-105.527,-24.0532,500.53,5771,2,1
multifit,-105.527,-18.4534,498.806,5772,2,0
multifit,-105.527,-18.4534,439.297,5772,2,1
multifit,-103.073,-19.8025,439.502,5773,2,0
multifit,-103.073,-19.8025,497.754,5773,2,1
multifit,-103.073,-22.704,439.458,5774,1,0
multifit,-100.619,-18.4534,498.949,5775,1,0
multifit,-100.619,-24.0532,440.008,5776,1,0
multifit,-98.1647,-22.704,440.423,5777,2,0
multifit,-98.1647,-22.704,499.798,5777,2,1
multifit,-98.1647,-19.8025,498.357,5778,1,0
multifit,-95.7106,-24.0532,440.567,5779,1,0
multifit,-95.7106,-18.4534,499.768,5780,1,0
multifit,-93.2565,-19.8025,499.554,5781,1,0
multifit,-93.2565,-22.704,441.313,5782,2,0
multifit,-93.2565,-22.704,498.493,5782,2,1
multifit,-90.8024,-18.4534,499.734,5783,1,0
multifit,-90.8024,-24.0532,440.902,5784,1,0
multifit,-88.3482,-22.704,439.949,5785,2,0
multifit,-88.3482,-22.704,500.164,5785,2,1
multifit,-88.3482,-19.8025,500.061,5786,1,0
multifit,-85.8941,-24.0532,441.044,5787,1,0
multifit,-85.8941,-18.4534,500.221,5788,1,0
multifit,-83.44,-19.8025,500.856,5789,1,0
multifit,-83.44,-22.704,500.751,5790,1,0
multifit,-80.9859,-18.4534,500.871,5791,1,0
multifit,-80.9859,-24.0532,443.186,5792,1,0
multifit,-78.5318,-22.704,443.72,5793,2,0
multifit,-78.5318,-22.704,500.878,5793,2,1
multifit,-78.5318,-19.8025,501.18,5794,1,0
multifit,-76.0777,-24.0532,442.089,5795,2,0
multifit,-76.0777,-24.0532,499.477,5795,2,1
multifit,-76.0777,-18.4534,501.024,5796,1,0
multifit,-73.6235,-19.8025,502.027,5797,1,0
multifit,-73.6235,-22.704,440.409,5798,2,0
multifit,-73.6235,-22.704,500.211,5798,2,1
multifit,-71.1694,-18.4534,501.601,5799,1,0
multifit,-71.1694,-24.0532,441.99,5800,1,0
multifit,-68.7153,-22.704,442.407,5801,1,0
multifit,-68.7153,-19.8025,502.233,5802,1,0
multifit,-66.2612,-24.0532,442.21,5803,1,0
multifit,-66.2612,-18.4534,502.253,5804,1,0
multifit,-63.8071,-19.8025,502.839,5805,2,0
multifit,-63.8071,-19.8025,441.236,5805,2,1
multifit,-63.8071,-22.704,441.999,5806,1,0
multifit,-61.353,-18.4534,502.491,5807,1,0
multifit,-61.353,-24.0532,442.174,5808,1,0
multifit,-58.8988,-22.704,442.632,5809,1,0
multifit,-58.8988,-19.8025,500.491,5810,2,0
multifit,-58.8988,-19.8025,443.629,5810,2,1
multifit,-56.4447,-18.4534,501.712,5812,1,0
multifit,-53.9906,-19.8025,442.328,5813,2,0
multifit,-53.9906,-19.8025,502.255,5813,2,1
multifit,-53.9906,-22.704,443.184,5814,1,0
multifit,-51.5365,-18.4534,443.111,5815,1,0
multifit,-51.5365,-24.0532,443.202,5816,1,0
multifit,-49.0824,-22.704,443.839,5817,1,0
multifit,-49.0824,-19.8025,443.99,5818,1,0
multifit,-46.6282,-24.0532,443.522,5819,1,0
multifit,-46.6282,-18.4534,443.94,5820,1,0
multifit,-44.1741,-19.8025,444.063,5821,1,0
multifit,-44.1741,-22.704,444.443,5822,1,0
multifit,-41.72,-18.4534,444.395,5823,1,0
multifit,-39.2659,-19.8025,444.877,5826,1,0
multifit,-36.8118,-18.4534,445.078,5828,1,0
multifit,-24.5412,-19.8025,1035.59,5837,1,0
multifit,-19.6329,-22.704,901.859,5841,1,0
multifit,-9.81648,-19.8025,819.754,5850,1,0
multifit,9.81648,-19.8025,995.861,5866,1,0
multifit,46.6282,-24.0532,461.426,5896,1,0
multifit,98.1647,-19.8025,540.886,5938,1,0
multifit,196.329,-22.8395,592.359,5986,1,0
multifit,-105.527,-26.9547,438.832,6056,1,0
multifit,-103.073,-28.3038,439.739,6059,1,0
multifit,-100.619,-26.9547,439.57,6061,1,0
multifit,-98.1647,-28.3038,440.238,6062,2,0
multifit,-98.1647,-28.3038,502.307,6062,2,1
multifit,-95.7106,-26.9547,440.516,6064,1,0
multifit,-93.2565,-28.3038,440.745,6067,1,0
multifit,-90.8024,-26.9547,441.02,6069,1,0
multifit,-88.3482,-28.3038,440.74,6070,1,0
multifit,-85.8941,-26.9547,440.183,6072,1,0
multifit,-83.44,-28.3038,440.113,6075,1,0
multifit,-80.9859,-26.9547,440.563,6077,1,0
multifit,-78.5318,-28.3038,441.103,6078,1,0
multifit,-78.5318,-31.2053,441.738,6079,1,0
multifit,-76.0777,-26.9547,440.622,6080,1,0
multifit,-73.6235,-28.3038,440.812,6083,1,0
multifit,-71.1694,-26.9547,441.559,6085,1,0
multifit,-68.7153,-28.3038,441.722,6086,1,0
multifit,-66.2612,-26.9547,441.958,6088,1,0
multifit,-63.8071,-28.3038,441.835,6091,1,0
multifit,-61.353,-26.9547,442.583,6093,1,0
multifit,-58.8988,-28.3038,441.517,6094,1,0
multifit,-56.4447,-26.9547,443.506,6096,1,0
multifit,-7.36236,-26.9547,815.164,6136,1,0
multifit,83.44,-28.3038,531.725,6211,1,0
multifit,-63.8071,-39.7067,799.01,6369,1,0
multifit,-39.2659,-39.7067,818.099,6388,1,0
multifit,4.90822,-39.7067,525.398,6425,1,0
multifit,17.1788,-41.0558,1011.88,6435,1,0
multifit,39.2659,-39.7067,816.949,6452,1,0
multifit,110.435,-49.5571,549.116,6782,1,0
multifit,-112.889,-56.7093,1022.5,6865,1,0
multifit,93.2565,-53.8078,1030.96,7032,1,0
multifit,-245.412,-62.3768,852.943,7092,2,0
multifit,-245.412,-62.3768,871.458,7092,2,1
multifit,17.1788,-60.9599,1032.48,7230,1,0
multifit,46.6282,-60.9599,905.225,7254,1,0
multifit,68.7153,-62.3091,842.969,7271,1,0
multifit,161.972,-65.3461,523.518,7322,1,0
multifit,31.9035,-69.4613,1020.83,7494,1,0
multifit,71.1694,-69.4613,576.38,7526,1,0
multifit,-14.7247,-79.3117,989.508,7701,1,0
multifit,58.8988,-79.3117,833.081,7760,1,0
multifit,78.5318,-82.2132,612.469,7777,1,0
multifit,-58.8988,-87.813,820.396,7903,1,0
multifit,-7.62939e-06,-87.813,508.557,7951,1,0
multifit,24.5412,-87.813,531.555,7970,1,0
multifit,-100.619,-94.9652,824.29,8099,1,0
multifit,-7.36236,-100.565,977.22,8175,1,0
multifit,7.36235,-100.565,547.872,8186,1,0
multifit,137.431,-96.3821,1022.34,8270,1,0
multifit,191.421,-99.3513,1018.41,8281,1,0
multifit,-71.1694,-109.066,876.257,8346,1,0
multifit,-132.522,-116.354,1031.65,8537,1,0
multifit,-14.7247,-116.218,1003.95,8607,1,0
multifit,132.522,-116.354,599.789,8702,1,0
multifit,-152.155,-121.886,1014.66,8744,1,0
multifit,-12.2706,-120.469,1002.37,8817,1,0
multifit,230.687,-121.886,1020.81,8927,1,0
multifit,-26.9953,-134.57,991.138,9006,1,0
multifit,53.9906,-133.221,1004.64,9071,1,0
multifit,73.6235,-130.32,1012.4,9088,1,0
multifit,-152.155,-138.889,1022.06,9142,1,0
multifit,-29.4494,-141.858,1024.48,9167,1,0
multifit,29.4494,-141.858,1025.56,9179,1,0
multifit,68.7153,-147.39,1010.28,9281,1,0
multifit,44.1741,-155.891,1028.78,9368,1,0
multifit,186.513,-164.393,582.687,9487,1,0
multifit,-171.788,-184.364,1020.89,9585,1,0
multifit,24.5412,-201.367,1013.41,9784,1,0
multifit,-14.7247,-206.899,1023.03,9851,1,0
multifit,-9.81648,-232.403,1027.15,10048,1,0
multifit,-3.8147e-06,-243.874,1007.66,10106,1,0
