eid,x,y,z,q
0,-245.412,-62.3768,422.186,58.5165
1,17.1788,-18.4534,912.408,4063.51
1,14.7247,-19.8025,911.253,4518.08
1,51.5365,-58.0584,907.873,197.094
1,24.5412,-36.8052,908.235,101.4
1,14.7247,-14.2027,908.272,172.183
1,36.8118,-43.9573,891.046,1588.53
1,39.2659,-45.3065,873.597,1552.52
1,17.1788,-24.0532,867.812,141.33
1,39.2659,-39.7067,866.991,565.874
1,44.1741,-39.7067,865.751,705.263
1,39.2659,-36.8052,866.547,647.763
1,41.72,-41.0558,848.498,125.097
1,12.2706,-15.5519,848.277,193.76
1,41.72,-35.456,848.461,112.428
1,36.8118,-35.456,848.781,252.896
1,34.3577,-45.3065,848.797,293.952
1,12.2706,-18.4534,846.356,2362.07
1,14.7247,-22.704,843.94,193.686
1,2.45413,-18.4534,798.903,344.751
1,2.45413,-32.5545,798.156,113.179
1,9.81648,-19.8025,795.419,1611.25
1,2.4541,-35.456,767.488,183.733
1,9.81648,-22.704,750.007,239.568
1,206.146,-62.3768,355.66,46.8612
1,-245.412,-62.3768,303.768,72.9309
1,98.1647,70.8104,277.109,61.2204
2,-39.2659,22.704,385.515,4370.98
2,-41.72,24.0532,383.836,4412.74
2,-71.1694,32.5545,380.238,250.334
2,-68.7153,31.2053,380.312,387.496
2,-66.2612,35.456,380.549,3244.54
2,-26.9953,9.95207,380.201,714.09
2,-71.1694,26.9547,380.38,2246.77
2,-68.7153,36.8052,380.957,3326.65
2,-73.6235,22.704,380.368,1161.23
2,-24.5412,19.8025,380.16,410.857
2,-36.8118,24.0532,378.719,507.29
2,-29.4494,19.8025,379.581,289.416
2,83.44,107.717,377.703,1715.31
2,85.8941,109.066,376.584,962.89
2,-49.0824,22.704,375.158,4376.22
2,-44.1741,22.704,375.336,4213.51
2,-90.8024,35.456,370.786,3591.52
2,-34.3577,22.704,367.28,179.593
2,83.44,104.816,367.946,306.146
2,-88.3483,39.7067,365.775,2499.3
2,-29.4494,22.704,365.679,548.959
2,-24.5412,22.704,366.575,716.874
2,88.3482,107.717,366.931,109.563
2,-90.8024,41.0558,364.499,157.04
2,-58.8988,22.704,363.701,516.299
2,-95.7106,32.5545,365.213,102.283
2,-31.9035,24.0532,365.095,276.749
2,-22.0871,15.5519,365.402,179.378
2,-19.6329,14.2027,364.649,204.109
2,-93.2565,31.2053,363.678,1712.75
2,-46.6282,15.5519,364.263,2292.4
2,-90.8024,32.5545,363.499,1696.81
2,-41.72,26.9547,361.207,4290.8
2,-85.8941,41.0558,360.174,186.004
2,-46.6282,24.0532,361.678,260.989
2,-44.1741,14.2027,360.173,439.893
2,-39.2659,14.2027,359.477,172.859
2,-88.3483,36.8052,357.964,155.98
2,88.3482,104.816,356.298,1042.09
2,85.8941,103.467,355.994,1965.53
2,-127.614,45.3065,349.552,3382.7
2,-39.2659,28.3038,347.43,4157.83
2,-127.614,48.208,347.079,4028.89
2,-125.16,52.4586,346.602,3660.69
2,-73.6235,39.7067,343.084,3531.61
2,90.8023,103.467,341.832,109.246
2,85.8941,100.565,340.446,585.967
2,-31.9035,18.4534,340.907,150.431
2,-53.9906,45.3065,336.904,491.996
2,-26.9953,24.0532,337.297,885.538
2,-29.4494,11.3012,337.325,159.243
2,-112.889,36.8052,337.907,407.321
2,-31.9035,15.5519,337.874,783.544
2,-36.8118,26.9547,336.966,2672.82
2,-90.8024,43.9573,336.271,88.3316
2,-22.0871,24.0532,335.045,140.717
2,-76.0777,41.0558,336.295,2134.31
2,-122.706,48.208,333.238,113.346
2,-130.068,43.9573,334.289,284.432
2,90.8023,100.565,331.002,403.917
2,-125.16,49.5571,329.472,2817.77
2,-78.5318,39.7067,329.996,529.805
2,88.3482,99.2159,328.616,1578.67
2,-49.0824,31.2053,320.815,114
2,-122.706,53.8078,318.724,2297.63
2,-39.2659,31.2053,318.123,3601.12
2,-41.72,15.5519,316.207,114.129
2,-44.1741,28.3038,315.236,2556.01
2,88.3482,96.3143,313.905,1056.21
2,-53.9906,31.2053,313.608,1269.72
2,-125.16,43.9573,312.71,646.179
2,-51.5365,32.5545,311.39,324.448
2,-71.1694,41.0558,310.541,580.607
2,-41.72,32.5545,309.164,3353.04
2,-78.5318,36.8052,307.016,127.188
2,-44.1741,31.2053,300.762,2545.91
2,-53.9906,39.7067,300.34,3004.58
2,-68.7153,-104.816,299.372,81.5433
2,90.8023,94.9652,298.846,2262.5
2,-56.4447,35.456,299.2,3136.52
2,-117.798,45.3065,299.791,3541.28
2,93.2565,96.3143,297.514,237.38
2,-51.5365,41.0558,293.565,3133.3
2,-56.4447,41.0558,290.129,2473.13
2,-115.344,49.5571,286.648,2742.88
2,-53.9906,36.8052,287.029,1157.69
2,-120.252,41.0558,285.619,2846.02
2,-80.9859,35.456,284.948,138.471
2,90.8023,92.0637,284.828,1436.59
2,-110.435,41.0558,282.485,99.5398
2,-112.889,39.7067,280.967,126.696
2,-63.8071,36.8052,280.21,391.303
2,-110.435,49.5571,280.875,136.827
2,-61.353,35.456,280.703,605.37
2,-49.0823,36.8052,279.433,158.721
2,-51.5365,35.456,279.472,255.819
2,-46.6282,35.456,278.971,127.558
2,-117.798,39.7067,278.751,1169.78
2,-58.8988,36.8052,277.728,242.402
2,-115.344,43.9573,277.106,265.996
2,-58.8988,39.7067,276.728,497.584
2,-46.6282,41.0558,277.458,454.103
2,-44.1741,39.7067,275.719,270.536
2,-49.0823,39.7067,275.201,1743.95
2,-36.8118,32.5545,273.65,3372.07
2,-112.889,48.208,273.989,154.664
2,-115.344,41.0558,273.194,104.338
2,93.2565,90.7145,273.637,1205.56
2,-120.252,43.9573,272.419,203.8
2,-46.6282,32.5545,272.149,129.755
2,-41.72,35.456,268.14,4090.13
2,-117.798,48.208,264.801,170.061
2,-36.8118,35.456,260.465,3475.29
2,93.2565,87.813,260.482,1548.92
2,-39.2659,36.8052,260.239,3877.09
2,-98.1647,124.855,254.732,78.499
2,-93.2565,121.886,254.268,174.192
2,90.8023,86.4639,253.842,508.461
2,-73.6235,70.8104,253.311,437.752
2,-93.2565,99.2159,253.399,687.681
2,-34.3577,31.2053,252.902,713.046
2,-80.9859,109.066,245.763,260.201
2,-80.9859,103.467,244.966,540.277
2,95.7106,86.4639,243.021,404.401
2,-85.8941,103.467,242.468,3025.79
2,-53.9906,65.2106,241.068,762.457
2,-88.3482,104.816,240.199,1794.91
2,-88.3482,99.2159,239.566,2814.81
2,-93.2565,107.717,237.189,2690.36
2,90.8023,83.5624,237.919,456.855
2,-56.4447,52.4586,236.369,118.404
2,-90.8024,111.968,235.518,2609.27
2,95.7106,83.5624,234.804,730.314
2,-78.5318,104.816,235.774,517.03
2,93.2565,82.2132,232.851,1289.08
2,-63.8071,65.2106,231.347,254.747
2,-44.1741,53.8078,231.102,1614.31
2,-56.4447,69.4613,228.439,2177.56
2,-58.8988,56.7093,228.113,190.181
2,-68.7153,70.8104,225.977,133.183
2,-29.4494,31.2053,225.309,542.558
2,-83.44,104.816,225.314,2247.46
2,-39.2659,39.7067,223.914,3489.47
2,-49.0823,62.3091,225.283,2018.92
2,-88.3482,113.317,225.076,1973.2
2,-71.1694,75.0611,224.354,125.938
2,-78.5318,79.3117,223.563,88.4563
2,-34.3576,36.8052,221.344,3025.2
2,-46.6282,58.0584,220.505,692.986
2,-85.8941,117.568,221.435,1227.3
2,-58.8988,65.2106,217.418,863.523
2,-93.2565,116.354,216.571,116.994
2,-88.3482,116.218,215.68,163.216
2,-36.8118,41.0558,215.725,2330.87
2,-63.8071,70.8104,213.484,134.688
2,93.2565,79.3117,213.727,1080.37
2,-34.3576,39.7067,207.525,3774.29
2,-39.2659,45.3065,208.441,534.823
2,98.1647,79.3117,206.617,134.86
2,-85.8941,111.968,206.621,747.384
2,-51.5365,60.9599,204.723,211.937
2,95.7106,77.9626,203.26,1043.67
2,90.8023,77.9626,202.542,112.391
2,-39.2659,53.8078,200.81,782.586
2,-41.72,49.5571,201.305,318.974
2,-44.1741,36.8052,194.724,1473.34
2,-83.44,113.317,195.438,325.325
2,-90.8024,109.066,195.626,504.81
2,90.8023,75.0611,191.403,110.53
2,-31.9035,32.5545,191.921,160.649
2,-41.72,43.9573,191.721,162.236
2,95.7106,75.0611,187.82,985.658
2,-78.5318,87.813,185.851,1771
2,-41.72,41.0558,186.188,650.253
2,-26.9953,26.9547,186.42,1511.08
2,-31.9035,35.456,183.637,2786.67
2,98.1647,73.7119,180.108,127.569
2,93.2565,73.7119,181.485,754.321
2,-73.6235,82.2132,178.25,2514.92
2,-56.4447,66.5598,179.129,185.961
2,-68.7153,90.7145,178.459,1933.04
2,-76.0776,86.4639,179.66,2415.58
2,-49.0824,70.8104,178.806,906.566
2,-44.1741,45.3065,177.314,533.295
2,-71.1694,77.9626,176.308,75.2419
2,-66.2612,86.4639,174.131,2374.54
2,-36.8118,49.5571,172.052,476.778
2,-31.9035,41.0558,172.214,3076.67
2,-68.7153,82.2132,171.557,243.105
2,-39.2659,56.7093,167.819,280.817
2,-61.3529,75.0611,168.416,97.64
2,-36.8118,43.9573,167.504,3023.59
2,-24.5412,28.3038,166.31,308.357
2,98.1647,70.8104,166.582,160.599
2,-61.3529,60.9599,166.648,117.234
2,-34.3576,45.3065,165.474,1855.12
2,-46.6282,66.5598,164.963,1495.14
2,-24.5412,31.2053,163.861,1469.37
2,93.2565,70.8104,162.125,887.3
2,-73.6235,87.813,160.945,130.762
2,90.8023,69.4613,160.311,191.701
2,95.7106,69.4613,160.42,1057.48
2,-68.7153,87.813,161.189,769.708
2,-76.0776,83.5624,161.322,684.266
2,-71.1694,86.4639,156.805,108.524
2,-31.9035,43.9573,155.389,3553.53
2,-29.4494,36.8052,151.435,2188.58
2,-49.0823,65.2106,148.526,327.184
2,-71.1694,83.5624,146.168,825.46
2,-22.0871,26.9547,147.221,2538.25
2,90.8024,66.5598,143.948,248.358
2,95.7106,66.5598,139.421,973.603
2,93.2565,65.2106,135.83,1099.81
2,-29.4494,39.7067,134.95,2198.09
2,-66.2612,77.9626,135.515,1787.22
2,98.1647,65.2106,135.742,257.793
2,-26.9953,32.5545,133.727,833.065
2,-39.2659,48.208,133.985,756.708
2,-26.9953,35.456,130.04,284.9
2,-63.8071,82.2132,126.771,2639.14
2,-66.2612,83.5624,126.196,2722.09
2,-44.1741,62.3091,126.556,626.569
2,-68.7153,73.7119,126.903,1273.93
2,-63.8071,73.7119,126.95,521.677
2,-68.7153,79.3117,124.976,596.311
2,93.2565,62.3091,123.911,1213.31
2,98.1647,62.3091,125.066,187.05
2,-41.72,58.0584,125.174,985.721
2,-29.4494,45.3065,125.345,3476.44
2,-71.1694,92.0637,124.517,904.451
2,-17.1788,24.0532,124.246,165.068
2,-46.6282,52.4586,120.376,109.766
2,-36.8118,52.4586,118.486,491.862
2,-34.3576,48.208,117.346,1863.45
2,-51.5365,66.5598,116.414,164.976
2,95.7106,60.9599,115.454,809.015
2,-44.1741,56.7093,115.471,334.904
2,-76.0777,92.0637,113.986,115.669
2,-22.0871,32.5545,113.034,266.48
2,-26.9953,43.9573,110.309,3740.18
3,53.9906,5.70141,373.781,210.915
3,39.2659,-11.3012,373.069,90.5654
3,88.3483,22.704,373.088,124.124
3,90.8024,26.9547,372.745,100.128
3,78.5318,19.8025,372.736,131.632
3,51.5365,7.05056,373.269,822.238
3,78.5318,14.2027,373.596,99.9753
3,49.0824,11.3012,372.753,3287.69
3,95.7106,18.4534,373.458,123.685
3,78.5318,11.3012,373.699,83.6552
3,51.5365,15.5519,372.927,2870.3
3,53.9906,14.2027,373.138,3568.66
3,56.4447,7.05056,373.84,165.103
3,56.4447,15.5519,373.323,3030.05
3,53.9906,11.3012,372.915,1802.05
3,58.8988,11.3012,373.24,158.736
3,93.2565,31.2053,372.991,105.742
3,95.7106,32.5545,373.013,98.5907
3,63.8071,19.8025,373.712,333.515
3,61.3529,15.5519,373.371,249.535
3,26.9953,18.4534,372.795,104.783
3,56.4447,9.95207,372.955,437.732
3,58.8988,14.2027,373.323,904.98
3,41.72,1.45075,371.497,858.654
3,34.3577,2.7999,371.225,1910.67
3,36.8118,1.45075,371.202,1788.2
3,85.8941,24.0532,372.189,119.381
3,39.2659,2.7999,371.437,1978.5
3,36.8118,9.95207,371.941,127.997
3,46.6282,9.95207,372.549,2516.26
3,44.1741,5.70141,372.038,2163.01
3,71.1694,9.95207,371.459,89.8264
3,58.8988,22.704,372.134,2379.95
3,46.6282,1.45075,372.678,227.596
3,34.3577,-2.7999,371.242,289.91
3,26.9953,7.05056,371.12,125.907
3,68.7153,11.3012,371.246,92.4192
3,39.2659,11.3012,371.924,104.136
3,29.4494,-5.70141,371.244,117.378
3,51.5365,9.95207,372.608,2840.56
3,49.0824,14.2027,372.677,1756.57
3,36.8118,-1.45075,371.184,534.553
3,51.5365,18.4534,371.227,1204.51
3,56.4447,26.9547,372.119,210.185
3,53.9906,22.704,371.777,703.851
3,56.4447,24.0532,371.962,1135.22
3,53.9906,19.8025,371.552,2364.86
3,56.4447,18.4534,371.466,3815.5
3,58.8988,19.8025,371.665,2978.82
3,61.3529,18.4534,371.76,982.7
3,61.3529,24.0532,372.269,1456.78
3,58.8988,28.3038,372.484,427.955
3,61.3529,26.9547,372.279,787.787
3,63.8071,28.3038,371.934,199.508
3,63.8071,22.704,371.808,409.222
3,49.0824,2.7999,371.634,124.283
3,36.8118,7.05056,371.772,786.391
3,31.9035,1.45075,370.973,1925.06
3,85.8941,18.4534,372.196,84.7126
3,39.2659,-2.7999,371.185,176.763
3,31.9035,7.05056,370.911,240.426
3,41.72,-1.45075,371.513,194.964
3,44.1741,11.3012,372.128,789.429
3,49.0824,5.70141,372.3,1051.33
3,34.3577,5.70141,371.247,799.846
3,41.72,7.05056,371.787,2301.76
3,44.1741,2.7999,371.992,888.886
3,39.2659,5.70141,371.844,1922.91
3,76.0776,24.0532,372.7,104.161
3,46.6282,7.05056,372.498,2396.16
3,41.72,9.95207,372.146,779.33
3,24.5412,-5.70141,370.474,211.563
3,22.0871,1.45075,369.285,319.968
3,24.5412,2.7999,369.885,856.612
3,29.4494,5.70141,370.329,297.361
3,22.0871,-1.45075,369.316,298.941
3,26.9953,1.45075,370.27,1509.59
3,49.0824,19.8025,369.445,121.936
3,29.4494,2.7999,370.589,1251.06
3,44.1741,14.2027,370.807,137.122
3,24.5412,-2.7999,369.766,1188.62
3,26.9953,-1.45075,370.221,1419.71
3,29.4494,-2.7999,370.55,615.823
3,46.6282,15.5519,370.761,278.891
3,24.5412,5.70141,369.741,150.972
3,31.9035,-1.45075,370.455,1031.12
3,206.146,-62.3768,189.666,50.2803
3,-245.412,-62.3768,141.319,71.1822
4,22.0871,9.95207,978.891,3357.87
4,14.7247,5.70141,979.785,2782.12
4,63.8071,31.2053,975.068,1960.27
4,66.2612,24.0532,975.343,2303.84
4,29.4494,22.704,973.132,187.847
4,22.0871,18.4534,973.709,785.304
4,19.6329,19.8025,973.741,412.787
4,22.0871,15.5519,972.557,656.048
4,19.6329,14.2027,971.232,1005.15
4,24.5412,19.8025,949.813,258.897
4,66.2612,26.9547,949.723,446.266
4,63.8071,22.704,949.056,351.492
4,68.7153,22.704,944.675,1985.45
4,24.5412,11.3012,944.964,1916.19
4,36.8118,24.0532,938.41,1457.92
4,17.1788,15.5519,909.706,890.74
4,34.3577,22.704,885.971,885.17
4,68.7153,31.2053,869.774,698.59
4,17.1788,7.05056,870.196,667.463
4,66.2612,35.456,870.077,299.728
4,24.5412,14.2027,865.747,126.524
4,71.1694,24.0532,828.639,697.843
4,22.0871,7.05056,829.08,1352.72
4,24.5412,14.2027,774.082,176.819
4,66.2612,32.5545,746.584,219.302
4,26.9953,9.95207,713.708,211.513
4,24.5412,14.2027,681.705,164.726
4,24.5412,5.70141,667.573,807.48
4,26.9953,7.05056,659.79,125.107
4,63.8071,14.2027,646.94,555.368
4,9.81648,2.7999,642.529,564.733
4,26.9953,9.95207,608.446,255.96
4,24.5412,2.7999,565.607,486.261
4,39.2659,11.3012,566.469,287.259
4,24.5412,14.2027,564.462,102.147
4,22.0871,1.45075,555.789,54.5305
4,26.9953,7.05056,548.838,275.218
4,31.9035,-1.45075,529.237,291.705
4,63.8071,11.3012,529.315,380.606
4,26.9953,9.95207,477.29,178.544
4,24.5412,2.7999,466.07,670.071
4,26.9953,7.05056,454.199,268.85
4,39.2659,11.3012,433.103,396.198
4,22.0871,1.45075,432.516,107.678
4,31.9035,-1.45075,430.822,288.507
4,31.9035,-7.05056,394.006,183.422
4,26.9953,7.05056,344.772,205.219
4,26.9953,1.45075,316.742,101.778
4,22.0871,1.45075,296.573,278.432
4,24.5412,-2.7999,261.227,77.775
4,31.9035,-7.05056,254.603,149.377
4,26.9953,7.05056,230.919,123.741
4,22.0871,1.45075,204.391,311.125
4,73.6235,11.3012,151.392,125.699
4,14.7247,-2.7999,152.634,144.597
4,24.5412,-2.7999,112.645,150.07
5,-34.3577,-11.3012,978.338,152.244
5,-9.81648,-2.7999,978.195,69.468
5,-76.0777,15.5519,977.375,115.238
5,-26.9953,1.45075,977.758,85.0946
5,-22.0871,-7.05056,977.266,109.142
5,-34.3577,-5.70141,977.483,325.74
5,-76.0777,24.0532,977.108,561.073
5,-78.5318,14.2027,977.579,2216.59
5,-36.8118,7.05056,977.144,705.466
5,-76.0777,18.4534,977.057,453.483
5,-78.5318,11.3012,977.565,1476.97
5,-12.2706,-1.45075,977.248,503.372
5,-63.8071,19.8025,977.824,240.314
5,-66.2612,15.5519,977.723,152.821
5,-46.6282,9.95207,975.002,4081.38
5,-36.8118,-9.95207,961.892,1345.8
5,-29.4494,5.70141,963.367,104.991
5,-44.1741,5.70141,962.216,127.851
5,-93.2565,19.8025,961.834,311.421
5,-88.3482,28.3038,961.837,1946.37
5,-88.3482,22.704,961.883,1929.21
5,-44.1741,11.3012,962.946,2097.62
5,-90.8024,18.4534,961.507,1004.33
5,-90.8024,24.0532,961.221,149.585
5,-44.1741,-11.3012,961.557,585.568
5,-85.8941,24.0532,960.503,77.8101
5,-22.0871,1.45075,961.632,211.762
5,-39.2659,2.7999,961.818,542.989
5,-90.8024,15.5519,960.922,98.642
5,-44.1741,-5.70141,961.504,950.972
5,-26.9953,7.05056,943.812,122.728
5,-83.44,19.8025,944.052,2374.5
5,-80.9859,24.0532,944.07,2565.35
5,-31.9035,1.45075,942.31,296.702
5,-31.9035,7.05056,940.291,248.169
5,-41.72,7.05056,941.551,274.812
5,-41.72,-1.45075,941.27,486.286
5,-83.44,14.2027,941.462,553.399
5,-41.72,-7.05056,941.547,1015.27
5,-85.8941,15.5519,938.764,107.3
5,-80.9859,18.4534,938.014,244.058
5,-41.72,9.95207,935.679,3228.68
5,-44.1741,14.2027,926.579,3013.3
5,-80.9859,9.95207,925.056,440.345
5,-115.344,26.9547,925.008,184.437
5,-103.073,14.2027,924.992,222.841
5,-115.344,32.5545,925.192,444.026
5,-95.7106,9.95207,925.282,407.982
5,-88.3483,36.8052,922.629,147.869
5,-88.3483,39.7067,923.48,131.069
5,-39.2659,11.3012,920.363,3502.23
5,-39.2659,14.2027,918.272,4352.68
5,-41.72,15.5519,917.838,3893.37
5,-29.4494,-2.7999,912.198,88.5649
5,-24.5412,5.70141,911.719,298.752
5,-66.2612,9.95207,910.642,104.864
5,-85.8941,41.0558,902.205,503.869
5,-14.7247,19.8025,898.578,75.7877
5,-17.1788,18.4534,899.182,94.0126
5,-85.8941,35.456,897.277,1377.16
5,-36.8118,15.5519,891.795,4396.72
5,-34.3577,14.2027,876.998,3426.5
5,-78.5318,28.3038,875.118,114.324
5,-19.6329,19.8025,875.112,418.256
5,-19.6329,14.2027,875.074,236.318
5,-76.0777,35.456,875.543,131.075
5,-22.0871,15.5519,873.632,82.3549
5,-76.0777,26.9547,873.638,343.534
5,-73.6235,31.2053,874.029,117.135
5,-51.5365,18.4534,874.392,1399.68
5,-22.0871,18.4534,872.487,825.575
5,-63.8071,31.2053,871.29,357.916
5,-36.8118,18.4534,872.407,2651.19
5,-73.6235,36.8052,869.972,609.596
5,-66.2612,26.9547,864.004,78.251
5,-29.4494,14.2027,864.206,701.912
5,-29.4494,11.3012,858.408,125.388
5,-85.8941,32.5545,859.034,233.857
5,-34.3577,19.8025,855.829,2973.61
5,-31.9035,18.4534,854.404,3394.45
5,-31.9035,15.5519,853.908,3696.19
5,-34.3577,11.3012,843.937,175.859
5,-31.9035,9.95207,842.712,230.465
5,-93.2565,39.7067,840.036,480.832
5,-93.2565,36.8052,840.387,488.255
5,-98.1647,31.2053,839.479,231.956
5,-95.7106,32.5545,839.468,164.115
5,-90.8024,41.0558,839.455,85.9084
5,-83.44,39.7067,837.445,329.276
5,-88.3482,31.2053,835.251,1193.73
5,-46.6282,24.0532,833.229,1280.29
5,-90.8024,32.5545,831.904,133.194
5,-29.4494,19.8025,826.364,3599.06
5,269.953,-2.86764,824.733,86.3442
5,265.045,-5.83687,823.64,78.7311
5,260.136,-2.86764,819.415,51.0292
5,-26.9953,18.4534,813.739,3445.19
5,255.228,-5.83687,811.459,77.1989
5,-73.6235,22.704,810.005,440.058
5,-49.0824,22.704,809.961,124.657
5,-61.353,26.9547,810.729,285.161
5,-73.6235,28.3038,810.209,879.087
5,-68.7153,36.8052,810.002,281.606
5,-71.1694,32.5545,808.913,409.746
5,-24.5412,14.2027,808.198,136.783
5,-12.2706,24.0532,806.526,212.118
5,-26.9953,15.5519,805.712,672.689
5,245.412,-11.369,802.5,61.5604
5,-12.2706,18.4534,803.332,49.6212
5,-29.4494,22.704,797.758,1109.35
5,-24.5412,19.8025,794.837,3880.17
5,-53.9906,19.8025,792.926,737.205
5,-12.2706,9.95207,792.815,179.179
5,-14.7247,14.2027,793.459,115.701
5,-56.4447,24.0532,793.062,1052.89
5,-7.36236,7.05056,792.386,303.765
5,-4.90825,2.7999,792.053,154.218
5,-26.9953,24.0532,788.968,740.549
5,-24.5412,22.704,787.4,2712.41
5,230.687,-14.3382,786.546,66.2231
5,220.871,-19.8703,777.132,71.2688
5,-39.2659,22.704,773.695,157.317
5,-17.1788,7.05056,773.238,163.862
5,-19.6329,5.70141,773.954,1004.67
5,-22.0871,15.5519,773.626,284.524
5,-66.2612,26.9547,773.073,98.7064
5,-22.0871,18.4534,773.494,1743.2
5,-63.8071,31.2053,772.759,205.955
5,-19.6329,14.2027,773.202,627.445
5,-66.2612,24.0532,773.766,1270.22
5,-19.6329,11.3012,772.492,196.488
5,215.962,-22.8395,770.428,101.36
5,211.054,-19.8703,767.414,125.847
5,206.146,-22.8395,758.193,56.8999
5,-22.0871,24.0532,757.211,2425.64
5,-19.6329,19.8025,757.376,2860.11
5,-73.6235,36.8052,755.551,265.438
5,201.238,-19.8703,754.79,49.6016
5,-19.6329,22.704,754.911,2385.41
5,-83.44,28.3038,754.923,197.71
5,196.329,-22.8395,749.681,105.958
5,186.513,-28.3716,739.61,63.9087
5,186.513,-22.8395,738.237,62.1291
5,-78.5318,28.3038,734.712,236.705
5,-31.9035,9.95207,735.173,71.2228
5,-51.5365,18.4534,734.435,235.436
5,-76.0777,35.456,733.352,859.741
5,-56.4447,18.4534,731.31,99.8124
5,-9.81648,11.3012,732.569,637.044
5,-12.2706,15.5519,732.561,653.87
5,-2.45413,1.45075,731.748,177.185
5,-56.4447,32.5545,731.456,100.014
5,176.697,-28.3716,728.001,67.4052
5,-17.1788,24.0532,728.376,3142.5
5,-17.1788,18.4534,724.992,2229.31
5,-14.7247,22.704,722.499,2367.86
5,166.88,-28.3716,718.898,94.4276
5,-17.1788,26.9547,716.374,169.435
5,-14.7247,19.8025,717.964,2580.22
5,-66.2612,75.0611,713.494,226.603
5,-61.3529,75.0611,711.685,86.0862
5,-58.8988,73.7119,712.459,119.683
5,157.064,-28.3716,707.577,87.9031
5,-49.0824,19.8025,700.191,155.601
5,-22.0871,41.0558,700.642,121.003
5,-76.0777,100.565,698.377,171.457
5,-56.4447,75.0611,698.983,773.029
5,-83.44,90.7145,699.224,309.51
5,-80.9859,86.4639,698.315,195.971
5,-78.5318,99.2159,698.913,719.039
5,-39.2659,56.7093,699.599,131.844
5,147.247,-28.3716,697.326,72.6573
5,-12.2706,24.0532,694.739,2788.63
5,142.339,-31.3408,692.923,59.2912
5,139.885,-26.9547,691.446,194.779
5,137.431,-28.3038,689.898,109.543
5,-9.81648,22.704,686.171,3294.56
5,134.976,-26.9547,684.676,113.508
5,130.068,-26.9547,682.42,127.766
5,-9.81648,45.3065,679.529,355.765
5,-12.2706,18.4534,679.649,1453.63
5,-1.14441e-05,45.3065,678.628,120.428
5,-12.2706,26.9547,678.906,576.358
5,-7.36237,32.5545,677.51,104.38
5,-9.81648,19.8025,676.763,2784.5
5,125.16,-26.9547,674.786,142.285
5,-12.2706,32.5545,673.579,219.233
5,122.706,-22.704,672.95,93.0245
5,120.252,-26.9547,672.146,150.188
5,120.252,-24.0532,669.162,151.459
5,117.798,-28.3038,668.595,84.96
5,115.344,-24.0532,665.173,131.894
5,-7.36236,24.0532,662.539,2655.97
5,-1.33514e-05,11.3012,660.756,241.732
5,110.435,-24.0532,661.497,130.683
5,-4.90825,62.3091,660.439,269.107
5,-9.81648,28.3038,660.937,715.28
5,-7.36236,60.9599,659.96,199.47
5,-1.14441e-05,62.3091,659.141,121.191
5,107.981,-22.704,658.256,144.818
5,105.527,-24.0532,656.075,96.8826
5,103.073,-22.704,652.066,88.5154
5,-4.90825,22.704,649.531,2573.05
5,98.1647,-22.704,645.984,271.706
5,95.7106,-24.0532,646.024,133.791
5,98.1647,-19.8025,646.863,181.228
5,95.7106,-18.4534,645.784,110.597
5,-9.81648,73.7119,644.074,136.985
5,-14.7247,56.7093,644.482,121.435
5,93.2565,-19.8025,643.725,126.357
5,-12.2706,92.0637,644.119,116.543
5,-7.62939e-06,87.813,644.121,389.312
5,-9.81648,82.2132,644.165,120.86
5,-7.36236,26.9547,643.058,545.205
5,-4.90825,36.8052,643.478,156.997
5,88.3483,-19.8025,636.904,96.7866
5,90.8024,-18.4534,637.993,136.562
5,88.3483,-14.2027,633.715,50.8051
5,85.8941,-18.4534,632.377,157.073
5,83.44,-19.8025,631.079,108.977
5,-2.45413,26.9547,632.143,115.943
5,-4.90825,28.3038,630.182,398.664
5,80.9859,-18.4534,627.981,80.5254
5,-7.36236,75.0611,628.58,197.481
5,-4.90825,19.8025,628.552,371.624
5,-14.7247,31.2053,628.139,128.887
5,80.9859,-15.5519,626.873,114.447
5,78.5318,-14.2027,626.146,122.581
5,76.0776,-15.5519,625.059,149.791
5,76.0776,-18.4534,625.22,189.356
5,73.6235,-14.2027,620.323,110.673
5,-2.45413,24.0532,621.379,2613.34
5,71.1694,-15.5519,617.618,125.361
5,68.7153,-11.3012,613.66,86.2104
5,68.7153,-14.2027,614.171,197.052
5,63.8071,-11.3012,608.21,108.233
5,61.3529,-9.95207,605.988,124.178
5,-4.90824,70.8104,606.944,97.8036
5,58.8988,-11.3012,603.671,87.5864
5,56.4447,-9.95207,602.059,91.4434
5,-1.33514e-05,22.704,602.853,1837.23
5,44.1741,-5.70141,588.144,99.8131
5,-1.33514e-05,5.70141,588.373,85.3469
5,44.1741,-2.7999,586.885,97.6078
5,46.6282,-1.45075,587.013,73.4269
5,-1.33514e-05,31.2053,587.207,89.5627
5,39.2659,-2.7999,582.425,68.7321
5,2.4541,24.0532,581.192,1402.7
5,26.9953,7.05056,565.331,78.6325
5,14.7247,19.8025,560.538,86.4185
5,4.90825,22.704,559.179,1076.18
5,12.2706,18.4534,557.59,158.467
5,9.81648,19.8025,520.482,355.356
5,7.36237,24.0532,486.505,494.653
5,9.81648,22.704,478.861,800.592
5,17.1788,15.5519,420.791,58.4385
5,12.2706,18.4534,417.557,753.757
5,9.81648,19.8025,418.116,616.488
5,14.7247,22.704,390.385,96.3618
5,7.36237,24.0532,365.685,184.41
5,17.1788,18.4534,356.888,232.144
5,14.7247,19.8025,357.016,709.135
5,12.2706,24.0532,329.122,164.761
5,17.1788,15.5519,300.444,220.797
5,14.7247,22.704,279.489,155.55
5,19.6329,14.2027,272.388,104.811
5,7.36237,24.0532,256.43,67.5517
5,17.1788,18.4534,244.374,746.22
5,22.0871,15.5519,209.682,52.1159
5,17.1788,15.5519,194.448,703.401
5,19.6329,14.2027,129.723,403.151
6,76.0776,24.0532,318.24,78.119
6,73.6235,28.3038,316.944,832.991
6,73.6235,22.704,317.654,52.8213
6,26.9953,15.5519,316.618,138.191
6,17.1788,18.4534,317.186,76.4431
6,78.5318,28.3038,316.531,1112.54
6,83.44,28.3038,314.968,215.727
6,44.1741,19.8025,315.122,97.9339
6,80.9859,35.456,315.372,4234.92
6,80.9859,32.5545,315.382,2574.68
6,26.9953,24.0532,315.905,229.856
6,78.5318,31.2053,315.767,3651.38
6,44.1741,28.3038,315.844,249.482
6,80.9859,26.9547,316.225,285.292
6,78.5318,36.8052,315.342,4119.83
6,12.2706,18.4534,315.634,170.055
6,76.0776,35.456,315.41,1923.79
6,34.3577,14.2027,316.243,99.1541
6,73.6235,36.8052,316.104,177.317
6,76.0776,26.9547,316.288,1008.66
6,76.0776,32.5545,315.823,2998.87
6,73.6235,31.2053,316.252,1029.29
6,83.44,31.2053,315.182,105.216
6,34.3577,11.3012,315.707,100.333
6,83.44,36.8052,314.563,2796.22
6,85.8941,26.9547,315.387,92.8156
6,76.0776,41.0558,314.82,144.182
6,39.2659,19.8025,315.015,116.064
6,41.72,26.9547,314.607,103.947
6,85.8941,32.5545,315.27,96.3004
6,29.4494,11.3012,315.852,146.009
6,36.8118,18.4534,314.841,91.6871
6,85.8941,35.456,314.039,323.989
6,90.8024,49.5571,312.959,3900
6,176.696,113.385,313.626,46.7459
6,93.2565,48.208,313.123,2477.27
6,88.3482,39.7067,313.598,266.895
6,88.3482,36.8052,314.208,101.972
6,85.8941,41.0558,313.633,3104.16
6,41.72,15.5519,314.544,96.9894
6,83.44,39.7067,314.287,4280.49
6,80.9859,41.0558,314.228,4089.39
6,90.8023,41.0558,313.767,77.1003
6,78.5318,39.7067,314.468,2170.7
6,127.614,48.208,314.205,117.372
6,71.1694,43.9573,313.735,95.6665
6,83.44,45.3065,313.236,2551.1
6,73.6235,45.3065,313.549,109.122
6,100.619,43.9573,312.743,170.187
6,76.0776,43.9573,313.962,93.769
6,88.3482,45.3065,312.745,4054.53
6,78.5318,53.8078,313.222,162.325
6,85.8941,43.9573,313.45,4012.49
6,83.44,48.208,313.383,645.676
6,80.9859,43.9573,313.986,1775.43
6,85.8941,52.4586,311.603,121.048
6,93.2565,45.3065,311.426,594.782
6,90.8023,43.9573,311.865,968.129
6,100.619,58.0584,311.594,878.474
6,103.073,56.7093,311.242,2517.36
6,95.7106,49.5571,312.502,2321.6
6,100.619,52.4586,311.673,2611.58
6,98.1647,48.208,312.508,481.339
6,100.619,49.5571,311.763,627.872
6,103.073,53.8078,311.377,2896.15
6,105.527,52.4586,310.991,748.584
6,90.8024,52.4586,312.617,1858.95
6,98.1647,53.8078,311.793,3563.33
6,93.2565,56.7093,311.681,326.696
6,98.1647,56.7093,311.402,1185.3
6,93.2565,53.8078,312.509,1862.38
6,80.9859,49.5571,312.545,157.84
6,78.5318,45.3065,312.196,289.895
6,88.3482,48.208,312.631,3614.65
6,95.7106,52.4586,312.527,3899.21
6,95.7106,58.0584,312.378,217.002
6,85.8941,49.5571,312.569,1037.1
6,73.6235,53.8078,310.391,250.428
6,112.889,62.3091,310.023,342.183
6,110.435,52.4586,310.363,428.75
6,107.981,56.7093,310.48,3055.76
6,115.344,60.9599,309.388,893.892
6,107.981,53.8078,310.52,1434.23
6,120.252,52.4586,309.297,144.74
6,112.889,53.8078,309.782,730.965
6,110.435,60.9599,310.172,745.046
6,78.5318,48.208,310.774,84.1043
6,88.3482,53.8078,309.261,199.361
6,105.527,58.0584,310.813,1934.07
6,110.435,58.0584,309.918,2366.82
6,107.981,62.3091,310.865,179.817
6,117.798,62.3091,309.156,308.062
6,105.527,60.9599,310.62,187.021
6,115.344,58.0584,309.301,2511.24
6,117.798,53.8078,309.106,446.005
6,115.344,52.4586,310.027,200.353
6,137.431,62.3768,309.888,58.377
6,112.889,56.7093,309.719,2253.94
6,53.9906,36.8052,309.582,151.038
6,127.614,62.3768,308.179,272.923
6,120.252,60.9599,308.885,984.985
6,122.706,65.3461,308.364,94.2581
6,122.706,56.7093,308.337,2077.84
6,120.252,58.0584,308.451,2431.82
6,117.798,56.7093,308.81,2118.64
6,76.0776,52.4586,307.842,187.676
6,130.068,43.9573,308.76,146.588
6,80.9859,52.4586,307.379,129.59
6,51.5365,35.456,308.092,102.427
6,103.073,48.208,305.48,204.67
6,125.16,52.4586,306.977,176.703
6,98.1647,45.3065,305.868,122.977
6,132.522,53.8755,305.577,1005.39
6,127.614,56.8448,306.689,1821.3
6,122.706,53.8078,307.229,435.588
6,142.339,53.8755,304.219,1428.65
6,95.7106,43.9573,305.212,180.325
6,76.0776,49.5571,304.729,190.264
6,142.339,48.3434,304.065,464.102
6,137.431,56.8448,305.122,1285.06
6,147.247,45.3742,305.047,499.211
6,147.247,56.8448,304.835,200.309
6,152.155,53.8755,304.46,188.316
6,152.155,48.3434,302.171,1362.65
6,152.155,36.8729,302.054,57.437
6,157.064,45.3742,301.314,1083.23
6,157.064,39.8421,300.688,747.373
6,171.788,19.8703,299.115,919.615
6,161.972,31.3408,299.458,319.332
6,161.972,36.8729,299.948,1222.05
6,161.972,48.3434,299.603,92.485
6,147.247,5.70141,298.364,79.3701
6,176.697,22.8395,298.824,491.65
6,166.88,22.8395,299.841,225.716
6,166.88,28.3716,298.544,943.664
6,171.788,14.3382,298.285,409.751
6,166.88,39.8421,299.69,364.921
6,166.88,45.3742,299.083,55.3334
6,171.788,31.3408,298.327,702.723
6,171.788,36.8729,298.731,104.089
6,176.697,11.369,297.547,1125.33
6,181.605,19.8703,297.317,54.7122
6,181.605,14.3382,297.695,192.042
6,117.798,5.70141,297.99,134.676
6,176.697,28.3716,297.914,114.502
6,132.522,-11.3012,295.131,74.6177
6,176.697,5.83687,294.751,836.843
6,147.247,2.7999,294.878,83.112
6,181.605,-2.86764,293.455,701.776
6,181.605,2.86764,294.207,612.482
6,176.697,-5.83687,293.231,591.93
6,186.513,-11.369,291.587,55.656
6,176.697,-11.369,292.294,681.059
6,186.513,-5.83687,292.482,49.9468
6,181.605,-19.8703,291.339,442.735
6,166.88,-28.3716,291.189,54.5404
6,181.605,-14.3382,292.16,677.221
6,171.788,-19.8703,291.474,83.8377
6,176.697,-22.8395,290.697,851.765
6,171.788,-31.3408,289.231,456.501
6,176.697,-28.3716,289.932,919.953
6,88.3483,-14.2027,289.984,81.1397
6,181.605,-31.3408,289.185,113.858
6,171.788,-48.3434,290.056,429.33
6,176.697,-45.3742,290.794,90.1329
6,166.88,-45.3742,290.083,754.866
6,90.8024,-1.45075,290.189,97.8923
6,166.88,-39.8421,290.485,187.187
6,181.605,-36.8729,288.518,58.4123
6,22.0871,-24.0532,287.432,76.4485
6,161.972,-48.3434,288.785,178.379
6,166.88,-56.8448,287.359,329.274
6,176.697,-39.8421,288.52,372.25
6,171.788,-36.8729,288.644,932.522
6,171.788,-53.8755,287.753,73.6072
6,161.972,-65.3461,285.751,88.453
6,157.064,-56.8448,285.93,347.143
6,85.8941,-43.9573,285.732,73.8126
6,157.064,-62.3768,285.598,721.452
6,29.4494,-19.8025,287.207,96.0987
6,161.972,-53.8755,286.915,897.213
6,31.9035,-24.0532,286.73,113.168
6,19.6329,-19.8025,286.192,108.891
6,9.81648,-11.3012,286.272,75.9836
6,31.9035,-18.4534,286.375,79.0776
6,147.247,-62.3768,284.185,62.7827
6,22.0871,-15.5519,285.405,74.7279
6,152.155,-65.3461,284.56,766.639
6,152.155,-70.8781,283.791,479.083
6,137.431,-73.8474,282.297,610.01
6,142.339,-82.3487,282.633,56.2212
6,157.064,-73.8474,282.406,48.4642
6,147.247,-73.8474,282.949,545.777
6,142.339,-70.8781,282.985,659.113
6,181.605,-70.8781,282.855,49.7925
6,127.614,-79.3795,280.318,663.605
6,132.522,-82.3487,281.269,538.524
6,137.431,-79.3795,281.521,607.68
6,122.706,-82.3487,279.571,712.812
6,112.889,-82.3487,278.344,529.065
6,117.798,-79.3795,278.905,214.739
6,105.527,-83.5624,276.755,499.887
6,107.981,-82.2132,277.12,211.421
6,103.073,-82.2132,276.868,228.484
6,122.706,-87.8808,277.151,238.272
6,117.798,-90.85,276.957,109.451
6,105.527,-86.4639,276.789,1378.05
6,98.1647,-90.7145,277.292,300.537
6,103.073,-90.7145,277.965,230.79
6,93.2565,-90.7145,277.483,248.305
6,90.8023,-92.0637,277.645,86.0641
6,88.3482,-90.7145,277.162,239.863
6,107.981,-90.85,275.096,262.125
6,100.619,-92.0637,276.159,121.036
6,83.44,-90.7145,276.256,112.922
6,78.5318,-87.813,275.298,553.042
6,85.8941,-92.0637,275.871,100.926
6,76.0776,-86.4639,274.886,831.663
6,80.9859,-86.4639,275.274,1112.22
6,66.2612,-92.0637,275.606,89.7617
6,112.889,-87.8808,276.07,619.867
6,93.2565,-87.813,274.604,1264.05
6,103.073,-87.813,276.069,1170.7
6,100.619,-86.4639,275.786,1102.25
6,93.2565,-82.2132,274.585,157.634
6,95.7106,-86.4639,274.964,1157.78
6,95.7106,-83.5624,275.479,370.947
6,98.1647,-87.813,275.399,1089.88
6,98.1647,-82.2132,275.364,94.3105
6,100.619,-83.5624,275.705,419.063
6,83.44,-82.2132,273.364,340.119
6,90.8023,-83.5624,274.103,509.12
6,73.6235,-82.2132,274.34,982.201
6,73.6235,-79.3117,274.087,245.982
6,66.2612,-86.4639,273.516,108.302
6,88.3482,-82.2132,274.128,227.601
6,85.8941,-83.5624,273.448,607.054
6,71.1694,-83.5624,273.927,968.725
6,88.3482,-87.813,274.367,1134.83
6,71.1694,-86.4639,274.406,409.148
6,71.1694,-77.9626,274.06,133.359
6,68.7153,-82.2132,273.654,1072.7
6,66.2612,-43.9573,273.07,105.97
6,66.2612,-75.0611,272.969,108.228
6,63.8071,-82.2132,272.903,987.675
6,66.2612,-83.5624,273.22,829.312
6,68.7153,-87.813,274.19,126.694
6,90.8023,-86.4639,274.428,1330.13
6,66.2612,-41.0558,273.342,103.494
6,85.8941,-86.4639,273.462,1165.97
6,68.7153,-79.3117,273.215,630.188
6,61.3529,-83.5624,272.907,331.626
6,76.0776,-83.5624,274.345,1347.35
6,73.6235,-87.813,274.247,302.366
6,83.44,-87.813,273.492,626.092
6,66.2612,-77.9626,273.289,562.606
6,78.5318,-79.3117,272.846,98.632
6,53.9906,-70.8104,271.006,193.668
6,61.3529,-75.0611,271.572,254.35
6,58.8988,-73.7119,271.609,403.423
6,53.9906,-73.7119,270.919,952.129
6,56.4447,-75.0611,271.449,1443.3
6,56.4447,-77.9626,271.722,1326.58
6,58.8988,-79.3117,271.839,1165.17
6,80.9859,-83.5624,272.644,728.524
6,78.5318,-82.2132,272.477,717.385
6,61.3529,-77.9626,272.125,1347.14
6,63.8071,-79.3117,272.381,1229.08
6,56.4447,-83.5624,269.467,91.4601
6,58.8988,-82.2132,269.787,353.026
6,51.5365,-69.4613,269.682,262.105
6,53.9906,-79.3117,269.137,430.433
6,44.1741,-73.7119,267.443,308.972
6,51.5365,-77.9626,268.881,528.894
6,51.5365,-75.0611,268.496,1149.34
6,41.72,-69.4613,267.294,863.935
6,49.0824,-73.7119,268.421,1062.42
6,44.1741,-70.8104,267.372,874.324
6,46.6282,-75.0611,268.658,413.467
6,49.0824,-70.8104,268.205,1084.46
6,46.6282,-69.4613,267.454,909.925
6,44.1741,-65.2106,267.003,369.273
6,41.72,-66.5598,266.786,985.156
6,34.3577,-62.3091,265.737,864.446
6,36.8118,-60.9599,265.918,846.818
6,41.72,-75.0611,266.671,83.2702
6,34.3577,-65.2106,266.051,421.054
6,39.2659,-62.3091,266.336,679.204
6,41.72,-60.9599,265.924,233.947
6,46.6282,-66.5598,266.874,244.698
6,39.2659,-70.8104,266.976,229.427
6,36.8118,-66.5598,266.013,479.794
6,36.8118,-69.4613,266.819,108.74
6,44.1741,-62.3091,266.207,158.493
6,39.2659,-65.2106,266.112,1209.15
6,34.3577,-53.8078,263.79,145.494
6,26.9953,-58.0584,264.15,335.988
6,29.4494,-56.7093,264.611,894.129
6,29.4494,-48.208,263.692,157.623
6,31.9035,-58.0584,264.896,936.373
6,34.3577,-56.7093,264.746,500.473
6,26.9953,-52.4586,263.867,919.309
6,31.9035,-52.4586,263.89,253.817
6,29.4494,-53.8078,264.197,699.824
6,26.9953,-49.5571,263.79,669.175
6,36.8118,-58.0584,264.918,231.751
6,29.4494,-62.3091,265.239,182.989
6,31.9035,-60.9599,265.415,622.755
6,24.5412,-56.7093,264.382,136.798
6,19.633,-39.7067,261.854,479.928
6,26.9953,-43.9573,263.521,150.511
6,19.633,-45.3065,262.483,755.326
6,22.0871,-52.4586,263.397,269.813
6,22.0871,-43.9573,262.474,745.635
6,22.0871,-49.5571,263.011,703.032
6,29.4494,-45.3065,262.72,86.3638
6,24.5412,-53.8078,263.415,469.716
6,17.1788,-43.9573,262.239,272.668
6,22.0871,-41.0558,262.411,313.178
6,24.5412,-48.208,263.447,845.911
6,24.5412,-45.3065,262.537,560.611
6,19.633,-48.208,262.731,280.306
6,17.1788,-35.456,260.343,546.776
6,17.1788,-41.0558,261.794,381.624
6,14.7247,-39.7067,260.926,267.026
6,7.36237,-26.9547,260.354,187.991
6,14.7247,-36.8052,260.645,456.982
6,14.7247,-22.704,260.571,87.8347
6,12.2706,-35.456,260.211,269.467
6,19.633,-36.8052,261.206,363.312
6,9.81648,-28.3038,259.366,342.348
6,12.2706,-32.5545,259.671,584.354
6,17.1788,-32.5545,259.707,373.261
6,12.2706,-26.9547,258.954,695.536
6,12.2706,-24.0532,258.243,448.195
6,14.7247,-28.3038,259.34,504.044
6,14.7247,-31.2053,259.637,752.042
6,17.1788,-26.9547,259.904,114.384
6,7.36237,-24.0532,258.267,279.871
6,9.81648,-31.2053,259.582,251.37
6,9.81648,-19.8025,257.522,252.912
6,9.81648,-22.704,258.099,556.732
7,-22.0871,18.4534,976.674,1417.35
7,-76.0777,35.456,973.224,1341.24
7,-19.6329,22.704,969.001,3003.21
7,-14.7247,19.8025,956.356,330.494
7,-14.7247,22.704,948.223,292.638
7,-78.5318,28.3038,947.683,339.111
7,-51.5365,18.4534,947.966,413.62
7,-36.8118,15.5519,947.133,261.381
7,-22.0871,24.0532,942.563,258.481
7,-12.2706,15.5519,897.086,951.583
7,-9.81648,11.3012,897.617,913.393
7,-7.36236,7.05056,894.948,173.93
7,-56.4447,32.5545,893.867,151.532
7,-26.9953,18.4534,893.415,224.435
7,-53.9906,19.8025,893.563,357.592
7,-2.45413,1.45075,894.234,260.684
7,-17.1788,18.4534,890.405,859.479
7,-56.4447,18.4534,890.402,160.547
7,-17.1788,24.0532,865.16,1824.29
7,-78.5318,28.3038,853.769,276.371
7,-14.7247,19.8025,850.212,1318.14
7,-14.7247,22.704,848.031,1555.52
7,-58.8988,73.7119,806.467,136.117
7,-66.2612,75.0611,806.629,247.688
7,-12.2706,18.4534,748.647,990.596
7,-56.4447,75.0611,747.828,613.943
7,-78.5318,99.2159,747.579,580.35
7,-9.81648,22.704,734.742,169.292
7,-12.2706,24.0532,704.678,1139.49
7,-49.0824,19.8025,698.691,491.721
7,-9.81648,19.8025,659.039,1458.31
7,-9.81648,22.704,644.798,1109.24
7,-17.1788,15.5519,640.575,163.161
7,-80.9859,26.9547,636.774,177.349
7,-44.1741,28.3038,636.717,108.088
7,-78.5318,36.8052,637.026,555.307
7,-46.6282,18.4534,637.68,405.826
7,-12.2706,26.9547,562.799,127.735
7,-9.81648,28.3038,560.2,187.185
7,-7.36236,60.9599,561.225,320.171
7,-7.36236,24.0532,490.302,245.33
7,7.36234,77.9626,471.617,56.6124
7,-4.90825,22.704,455.947,125.538
7,-17.1788,15.5519,435.758,111.838
7,-17.1788,15.5519,284.983,54.4656
7,206.146,-62.3768,283.754,83.1755
7,-245.412,-62.3768,164.981,64.6262
8,206.146,-62.3768,161.332,80.7123
9,-58.8988,90.7145,858.231,89.1625
9,-63.8071,90.7145,858.652,73.6794
9,-71.1694,100.565,856.629,4221.28
9,-68.7153,99.2159,857.155,4379.65
9,-26.9953,60.9599,856.732,169.108
9,-51.5365,83.5624,856.782,360.161
9,-31.9035,52.4586,856.56,92.1852
9,-58.8988,104.816,857.092,93.0424
9,-49.0824,79.3117,857.088,445.026
9,-68.7153,96.3143,857.898,4419.97
9,-61.3529,100.565,857.118,228.072
9,-66.2612,94.9652,857.426,1966.79
9,-31.9035,60.9599,857.663,80.6598
9,-22.0871,43.9573,856.712,204.246
9,-66.2612,92.0637,857.888,2246.7
9,-66.2612,86.4639,856.565,119.997
9,-49.0824,70.8104,856.705,122.931
9,-34.3576,45.3065,856.648,141.305
9,-61.3529,103.467,857.218,51.4707
9,-76.0777,109.066,855.733,288.638
9,-71.1694,111.968,854.626,2813.19
9,-68.7153,104.816,856.082,4389.08
9,-73.6235,113.317,855.073,285.026
9,-78.5318,107.717,855.29,391.649
9,-44.1741,73.7119,854.94,195.467
9,-31.9035,69.4613,856.044,89.7881
9,-29.4494,70.8104,854.562,110.78
9,-63.8071,99.2159,856.289,84.6043
9,-22.0871,66.5598,854.623,265.269
9,-61.3529,94.9652,855.73,244.319
9,-29.4494,65.2106,855.282,316.516
9,-66.2612,100.565,856.224,851.627
9,-71.1694,94.9652,855.246,3331.94
9,-19.6329,28.3038,856.192,85.7973
9,-71.1694,92.0637,855.534,1609.96
9,-68.7153,90.7145,856.089,4243.92
9,-68.7153,87.813,856.149,1089.7
9,-73.6235,99.2159,854.603,336.901
9,-73.6235,96.3143,855.043,148.897
9,-61.3529,83.5624,856.101,44.1174
9,-66.2612,103.467,856.05,613.861
9,-66.2612,109.066,855.16,1081.86
9,-68.7153,113.317,854.711,4481.77
9,-39.2659,65.2106,855.485,139.461
9,-68.7153,107.717,855.737,4174.08
9,-73.6235,104.816,855.556,565.761
9,-26.9953,66.5598,855.259,394.399
9,-71.1694,109.066,855.095,4040.69
9,-41.72,69.4613,855.884,102.393
9,-66.2612,111.968,854.58,2126.35
9,-26.9953,49.5571,855.674,194.264
9,-24.5412,65.2106,854.883,435.505
9,-71.1694,103.467,856.211,4252.95
9,-73.6235,107.717,855.267,400.707
9,-29.4494,53.8078,855.785,92.1864
9,-39.2659,90.7145,853.835,133.09
9,-68.7153,121.818,853.346,632.07
9,-51.5365,100.565,853.757,191.055
9,-41.72,94.9652,853.704,87.3266
9,-68.7153,133.221,852.807,92.4532
9,-71.1694,134.57,853.266,78.4397
9,-46.6282,109.066,853.257,127.735
9,-78.5318,133.221,853.288,97.1857
9,-71.1694,128.97,853.778,137.961
9,-61.353,120.469,853.353,262
9,-63.8071,121.818,853.056,3439
9,-56.4447,117.568,853.608,71.6773
9,-73.6235,130.32,853.595,113.635
9,-44.1741,104.816,853.565,198.768
9,-66.2612,120.469,853.509,4259.35
9,-49.0824,104.816,853.737,104.037
9,-93.2565,150.359,853.69,46.5761
9,-46.6282,103.467,853.341,100.007
9,-68.7153,124.72,853.013,129.752
9,-63.8071,116.218,853.693,348.101
9,-66.2612,117.568,853.825,4137.36
9,-68.7153,116.218,854.107,4065.12
9,-71.1694,117.568,854.054,144.635
9,-71.1694,120.469,852.963,82.3219
9,-31.9035,83.5624,854.219,66.6082
9,-61.3529,111.968,853.827,202.677
9,-66.2612,126.069,852.608,606.756
9,-63.8071,130.32,852.045,481.117
9,-61.3529,126.069,852.329,3564.56
9,-76.0777,117.568,851.245,79.6578
9,-66.2612,128.97,852.076,91.2175
9,-58.8988,133.221,851.024,3025.02
9,-63.8071,124.72,852.726,3961.52
9,-78.5318,116.218,851.5,88.3202
9,-61.353,128.97,849.713,3554.86
9,-41.72,109.066,849.354,87.6292
9,-61.353,134.57,849.338,127.311
9,-56.4447,128.97,849.099,521.154
9,-56.4447,126.069,849.765,126.046
9,-58.8988,130.32,849.299,3747.24
9,-56.4447,120.469,849.956,129.308
9,-53.9906,130.32,849.576,76.8937
9,-58.8988,124.72,850.436,256.924
9,-34.3577,130.32,847.923,90.0701
9,-39.2659,147.39,847.353,1634.84
9,-31.9035,120.469,847.762,152.354
9,-51.5365,134.57,848.214,863.101
9,-44.1741,116.218,848.341,159.445
9,-34.3577,124.72,847.567,88.2484
9,-39.2659,141.858,847.729,954.742
9,-46.6282,128.97,848.256,87.9042
9,-53.9906,138.889,848.093,1310.02
9,-49.0824,130.32,848.773,94.4734
9,-53.9906,133.221,848.697,1896.45
9,-56.4447,134.57,848.841,3930.38
9,-49.0824,141.858,847.08,1881.15
9,-44.1741,138.889,846.645,712.936
9,-24.5412,96.3143,845.828,152.524
9,-34.3576,150.359,846.561,919.263
9,-22.0871,83.5624,846.441,67.2088
9,-26.9953,109.066,846.012,129.455
9,-29.4494,147.39,845.852,1559.57
9,-4.90823,150.359,843.657,1208.11
9,-26.9953,117.568,844.328,83.3585
9,-19.6329,147.39,844.251,1091.81
9,-24.5412,99.2159,844.091,198.094
9,-26.9953,120.469,843.793,151.089
9,-24.5412,150.359,845.036,1426.31
9,-14.7247,133.221,843.928,91.7874
9,-17.1788,134.57,844.495,147.503
9,-9.81646,147.39,844.346,991.208
9,-19.6329,130.32,844.559,120.706
9,-14.7247,150.359,843.513,1677.16
9,1.90735e-06,141.858,842.07,67.9692
9,-17.1788,128.97,843.567,95.5822
9,4.90824,150.359,840.277,473.911
9,4.90824,138.889,840.741,63.0247
9,9.81647,124.72,841.211,80.6853
9,3.8147e-06,147.39,840.936,1692.02
9,9.81647,121.818,841.245,109.176
9,17.1788,94.9652,841.008,167.826
9,9.81646,116.218,841.039,84.2772
9,22.087,134.57,838.264,1624.55
9,26.9953,111.968,838.425,72.7796
9,9.81647,141.858,839.216,1162.24
9,14.7247,116.218,839.583,119.984
9,14.7247,138.889,839.582,1003.09
9,9.81647,133.221,839.464,118.659
9,19.6329,133.221,838.426,82.6361
9,17.1788,134.57,838.799,145.287
9,9.81647,147.39,839.701,773.774
9,19.6329,130.32,839.921,93.0306
9,24.5412,96.3143,838.506,75.9748
9,24.5412,138.889,838.467,507.032
9,19.6329,141.858,839.292,777.936
9,24.5412,133.221,837.814,1847.54
9,26.9953,134.57,837.607,1584.78
9,29.4494,133.221,837.541,955.928
9,29.4494,124.72,837.435,225.95
9,31.9035,128.97,836.475,1898.31
9,34.3576,133.221,837.499,90.7733
9,24.5412,130.32,837.366,251.957
9,29.4494,130.32,836.998,2477.78
9,29.4494,116.218,837.08,83.5877
9,26.9953,128.97,836.933,811.621
9,31.9035,126.069,836.103,1968.13
9,34.3576,130.32,836.335,151.911
9,34.3577,121.818,835.41,1180.46
9,34.3577,124.72,835.941,2250.86
9,39.2659,107.717,832.761,51.665
9,39.2659,121.818,832.969,1060.01
9,39.2659,124.72,833.159,242.45
9,41.72,134.57,833.938,76.3712
9,36.8118,120.469,833.177,2272.77
9,36.8118,126.069,833.46,520.337
9,41.72,126.069,832.745,67.5479
9,46.6283,134.57,833.143,59.9471
9,41.72,109.066,831.34,899.597
9,44.1741,113.317,831.546,1116.95
9,36.8118,117.568,832.705,833.29
9,46.6282,111.968,831.215,255.584
9,39.2659,116.218,832.149,1958.07
9,41.72,120.469,832.54,347.446
9,39.2659,113.317,831.876,684.641
9,41.72,111.968,831.669,1875.26
9,41.72,117.568,832.199,1277.19
9,44.1741,116.218,832.099,361.041
9,41.72,92.0637,829.24,73.9643
9,44.1741,104.816,829.316,943.635
9,44.1741,107.717,830.689,1928.24
9,46.6282,109.066,829.65,1061.36
9,46.6282,92.0637,827.373,435.614
9,24.5412,39.7067,827.858,80.5737
9,26.9953,52.4586,827.438,66.1967
9,49.0824,104.816,829.05,545.77
9,51.5365,100.565,828.534,97.5636
9,46.6282,103.467,828.936,2307.34
9,49.0824,96.3143,827.874,2003.4
9,58.8988,107.717,828.548,78.4054
9,44.1741,99.2159,828.74,172.347
9,44.1741,96.3143,828.798,84.5546
9,36.8118,92.0637,828.809,99.1719
9,46.6282,100.565,828.546,2221.22
9,46.6282,83.5624,827.3,143.89
9,51.5365,94.9652,827.675,668.336
9,46.6282,94.9652,827.77,719.648
9,51.5365,103.467,828.93,91.4576
9,49.0824,99.2159,828.241,1572.08
9,49.0824,107.717,828.713,182.32
9,53.9906,70.8104,825.458,358.694
9,49.0824,70.8104,825.88,1301.15
9,51.5365,69.4613,825.59,1830.78
9,49.0824,79.3117,825.677,728.451
9,51.5365,83.5624,825.953,2255.23
9,51.5365,77.9626,825.46,2037.28
9,46.6282,86.4639,826.496,272.555
9,53.9906,82.2132,825.701,382.236
9,49.0824,87.813,826.634,1712.97
9,49.0824,82.2132,825.959,1033.21
9,51.5365,86.4639,826.422,1920.93
9,34.3577,53.8078,826.704,62.2839
9,53.9906,87.813,826.927,273.562
9,49.0824,90.7145,826.962,2315.66
9,51.5365,92.0637,827.255,1358.33
9,53.9906,90.7145,827.232,85.1589
9,46.6282,58.0584,823.696,632.777
9,49.0824,56.7093,823.881,1474.1
9,53.9906,79.3117,825.101,435.959
9,46.6282,66.5598,825.396,130.687
9,49.0824,65.2106,825.202,1441.85
9,46.6282,60.9599,824.036,457.904
9,51.5365,75.0611,824.797,1878.47
9,51.5365,60.9599,824.401,698.9
9,53.9906,65.2106,824.846,137.02
9,51.5365,66.5598,824.941,1853.29
9,78.5318,104.816,824.772,69.3707
9,46.6282,69.4613,824.243,116.856
9,49.0824,73.7119,824.555,1248.96
9,49.0824,62.3091,824.634,1654.03
9,51.5365,52.4586,824.245,79.9502
9,51.5365,58.0584,824.146,456.496
9,76.0776,103.467,824.886,83.3252
9,53.9906,73.7119,824.221,402.403
9,46.6282,49.5571,822.767,1804.19
9,49.0824,53.8078,823.444,985.558
9,46.6282,52.4586,823.194,1612.61
9,49.0824,48.208,822.71,290.485
9,44.1741,53.8078,823.097,181.507
9,41.72,49.5571,822.964,145.119
9,44.1741,45.3065,821.898,1678.92
9,90.8023,103.467,822.981,90.5965
9,44.1741,48.208,822.464,1073.81
9,41.72,43.9573,821.96,701.193
9,41.72,41.0558,821.54,1139.86
9,44.1741,36.8052,821.174,209.935
9,39.2659,39.7067,820.93,490.51
9,36.8118,35.456,820.245,550.802
9,41.72,35.456,820.476,681.165
9,39.2659,36.8052,820.558,1224.5
9,46.6282,41.0558,820.028,107.562
9,46.6282,43.9573,820.596,436.486
9,44.1741,39.7067,819.829,562.009
9,41.72,32.5545,818.697,202.453
9,39.2659,31.2053,818.288,634.487
9,49.0824,45.3065,819.883,86.2384
9,31.9035,26.9547,818.752,672.684
9,34.3577,28.3038,819.193,985.286
9,34.3577,31.2053,819.808,607.869
9,36.8118,32.5545,819.844,1299.59
9,39.2659,28.3038,817.548,70.0927
9,36.8118,26.9547,817.585,393.517
9,26.9953,24.0532,816.607,110.79
9,34.3577,22.704,816.606,149.65
9,29.4494,22.704,816.421,1113.98
9,31.9035,24.0532,816.842,1210.69
9,24.5412,19.8025,816.003,500.743
9,26.9953,18.4534,815.737,1058.66
9,22.0871,18.4534,815.256,173.91
9,26.9953,15.5519,815.787,371.157
9,24.5412,14.2027,815.191,358.593
9,22.0871,15.5519,815.146,779.561
9,29.4494,19.8025,816.19,565.912
9,19.6329,11.3012,813.796,413.214
9,19.6329,14.2027,814.26,374.318
9,22.0871,9.95207,814.295,134.581
9,-245.412,-62.3768,408.822,68.1246
10,22.0871,-43.9573,978.008,60.2058
10,22.0871,-49.5571,977.76,77.4786
10,7.36237,-32.5545,978.038,2308.67
10,14.7247,-36.8052,977.926,1983.65
10,9.81648,-22.704,974.742,67.2876
10,29.4494,-62.3091,975.736,463.468
10,66.2612,-1.45075,972.273,2147.31
10,73.6235,-5.70141,970.475,64.2114
10,22.0871,-52.4586,967.327,206.905
10,39.2659,-70.8104,966.538,668.643
10,31.9035,-60.9599,965.455,67.2826
10,41.72,-69.4613,966.796,384.979
10,17.1788,-43.9573,965.141,556.606
10,31.9035,-134.57,965.223,195.122
10,46.6282,-66.5598,963.208,237.694
10,4.90822,-36.8052,962.121,3245.67
10,7.36237,-26.9547,963.252,97.296
10,17.1788,-41.0558,960.041,59.1777
10,36.8118,-69.4613,959.215,110.471
10,44.1741,-65.2106,959.793,340.815
10,132.522,-31.2053,958.462,91.4853
10,63.8071,-2.7999,957.85,2236.79
10,68.7153,-5.70141,950.646,91.286
10,51.5365,-75.0611,946.405,799.49
10,12.2706,-35.456,946.839,144.563
10,22.0871,-58.0584,945.717,97.7693
10,49.0824,-73.7119,946.059,882.177
10,19.633,-48.208,945.736,342.925
10,24.5412,-56.7093,945.626,358.845
10,19.633,-53.8078,944.762,98.5766
10,2.4541,-35.456,943.775,3712.59
10,44.1741,-79.3117,944.666,119.334
10,2.45413,-32.5545,939.211,3682.79
10,61.3529,-1.45075,934.281,125.451
10,4.90825,-31.2053,932.865,1803.17
10,63.8071,-5.70141,931.371,638.745
10,9.81648,-19.8025,913.606,1259.83
10,2.4541,-26.9547,911.841,1957.19
10,2.45413,-18.4534,908.274,1127.1
10,12.2706,-18.4534,908.673,757.667
10,31.9035,-49.5571,905.847,1203.85
10,58.8988,-2.7999,907.027,119.844
10,61.3529,-7.05056,906.596,811.305
10,4.90825,-28.3038,903.888,116.587
10,58.8988,-5.70141,902.4,1228.2
10,19.633,-36.8052,901.572,172.246
10,-1.33514e-05,-31.2053,898.883,3804.67
10,2.4541,-24.0532,899.225,191.966
10,-1.14441e-05,-36.8052,883.373,144.271
10,-2.45413,-32.5545,869.88,2498.07
10,-36.8118,-52.4586,865.673,1557.97
10,56.4447,-7.05056,867.008,1216.04
10,-9.81648,-31.2053,865.761,1558.68
10,-34.3576,-53.8078,864.711,142.794
10,-26.9953,-49.5571,864.472,210.236
10,-9.81648,-36.8052,864.71,240.488
10,-26.9953,-58.0584,864.555,99.6677
10,-29.4494,-56.7093,865.226,84.3366
10,-31.9035,-58.0584,864.861,561.819
10,-34.3576,-56.7093,864.75,478.251
10,-7.36237,-32.5545,863.176,88.6519
10,-29.4494,-48.208,861.033,100.726
10,-26.9953,-43.9573,861.65,80.9493
10,-1.33514e-05,-28.3038,854.058,2679.84
10,53.9906,-5.70141,854.101,245.051
10,56.4447,-9.95207,853.471,959.44
10,-12.2706,-18.4534,843.521,172.272
10,-2.45413,-26.9547,837.201,2488.91
10,51.5365,-7.05056,835.985,248.099
10,-4.90825,-31.2053,835.054,2429.35
10,53.9906,-11.3012,835.72,725.941
10,-4.90825,-28.3038,831.707,2842.69
10,9.81648,-31.2053,831.854,256.457
10,36.8118,-52.4586,832.069,240.898
10,-7.36236,-9.95207,818.873,179.345
10,-49.0824,-73.7119,817.785,170.785
10,51.5365,-9.95207,807.046,1043.97
10,-19.6329,-36.8052,799.314,107.563
10,-2.45413,-18.4534,797.052,382.398
10,-31.9035,-49.5571,796.813,233.541
10,-24.5412,-39.7067,796.791,134.919
10,-41.72,-75.0611,794.788,283.516
10,-24.5412,-45.3065,794.836,513.853
10,-2.45413,-9.95207,795.297,1179.68
10,-49.0824,-70.8104,795.292,106.08
10,-31.9035,-52.4586,796.14,117.728
10,-44.1741,-73.7119,794.494,277.202
10,-12.2706,-26.9547,793.985,119.481
10,49.0824,-14.2027,792.272,241.059
10,49.0824,-11.3012,792.284,1285.88
10,-4.90825,-22.704,791.958,1625.24
10,-7.36236,-26.9547,789.832,2870.48
10,-2.45413,-24.0532,783.732,1606.44
10,46.6282,-9.95207,775.693,845.318
10,-7.36236,-24.0532,775.111,2846.31
10,-22.0871,-41.0558,760.739,201.701
10,-36.8118,-69.4613,759.304,138.018
10,-41.72,-66.5598,759.137,628.332
10,-7.36237,-32.5545,758.014,145.104
10,-44.1741,-65.2106,757.968,225.224
10,-14.7247,-39.7067,748.783,375.11
10,46.6282,-15.5519,745.812,129.053
10,44.1741,-11.3012,739.29,860.25
10,-1.33514e-05,-14.2027,733.902,120.468
10,-44.1741,-62.3091,733.903,993.356
10,-19.6329,-45.3065,733.433,266.964
10,-17.1788,-41.0558,733.049,647.286
10,-9.81648,-22.704,731.741,2924.6
10,-46.6282,-69.4613,728.084,312.35
10,44.1741,-14.2027,728.709,349.409
10,-12.2706,-24.0532,711.791,193.5
10,-9.81648,-19.8025,709.631,2149.63
10,41.72,-9.95207,705.438,466.5
10,41.72,-15.5519,703.211,292.601
10,-9.81648,-28.3038,701.775,540.063
10,-1.33514e-05,-22.704,701.223,470.153
10,-4.90825,-19.8025,701.069,113.34
10,-29.4494,-56.7093,698.611,80.4329
10,39.2659,-14.2027,698.797,847.283
10,39.2659,-11.3012,699.247,1109.18
10,-29.4494,-45.3065,699.609,224.829
10,-26.9953,-58.0584,699.416,160.412
10,-31.9035,-49.5571,680.174,100.145
10,-2.45413,-18.4534,679.835,111.237
10,36.8118,-15.5519,678.705,469.913
10,-12.2706,-18.4534,676.93,1472.62
10,36.8118,-9.95207,675.562,524.023
10,34.3577,-14.2027,665.233,615.867
10,-14.7247,-19.8025,654.137,146.672
10,34.3577,-11.3012,640.789,622.41
10,31.9035,-15.5519,623.99,183.578
10,31.9035,-9.95207,623.882,454.228
10,29.4494,-11.3012,600.166,541.338
10,29.4494,-14.2027,598.764,365.215
10,26.9953,-9.95207,588.028,423.531
10,26.9953,-15.5519,587.775,126.974
10,24.5412,-11.3012,556.233,487.054
10,24.5412,-14.2027,552.128,194.701
10,24.5412,-5.70141,529.789,130.196
10,19.6329,-14.2027,520.004,137.334
10,22.0871,-9.95207,520.906,628.281
10,22.0871,-7.05056,521.04,218.047
10,19.6329,-11.3012,519.358,223.358
10,206.146,-62.3768,110,66.3946
12,22.0871,9.95207,979.551,1105.19
12,63.8071,28.3038,978.919,188.677
12,58.8988,28.3038,978.299,936.947
12,19.6329,14.2027,978.223,3777.9
12,58.8988,31.2053,978.711,1344.09
12,61.3529,26.9547,978.054,684.833
12,12.2706,7.05056,975.897,271.627
12,9.81646,87.813,976.125,50.2449
12,9.81648,14.2027,975.541,168.813
12,61.3529,18.4534,975.593,342.442
12,12.2706,86.4639,973.839,47.4908
12,7.36234,86.4639,971.564,146.911
12,63.8071,31.2053,963.842,2658.41
12,66.2612,26.9547,965.261,343.366
12,49.0824,28.3038,963.967,71.462
12,46.6282,24.0532,963.93,107.617
12,22.0871,15.5519,964.4,3066.4
12,44.1741,22.704,963.091,166.291
12,24.5412,22.704,963.335,353.249
12,66.2612,24.0532,962.25,539.439
12,29.4494,22.704,963.347,300.952
12,31.9035,24.0532,963.25,588.205
12,19.6329,11.3012,956.611,957.679
12,-73.6235,-257.907,890.878,51.7229
12,-68.7153,-249.406,889.509,110.627
12,-73.6235,-252.375,890.052,207.09
12,-73.6235,-240.904,885.456,116.67
12,-73.6235,-235.372,882.235,98.7922
12,-78.5318,-232.403,880.829,143.701
12,-78.5318,-226.871,876.65,269.472
12,-83.44,-218.37,875.363,67.9282
12,-83.44,-223.902,874.823,61.8977
12,-73.6235,-223.902,874.828,73.7759
12,-73.6235,-218.37,874.419,48.1572
12,-78.5318,-215.4,871.928,211.704
12,-83.44,-206.899,869.84,215.375
12,-78.5318,-209.868,869.033,305.873
12,-83.44,-201.367,865.743,290.946
12,-68.7153,-121.818,866.457,51.1931
12,-78.5318,-198.398,864.337,118.477
12,-78.5318,-192.866,862.259,89.4024
12,-83.44,-189.897,860.08,222.67
12,-83.44,-184.364,856.204,236.11
12,-78.5318,-181.395,854.92,50.4058
12,-78.5318,-175.863,853.509,58.3579
12,-83.44,-172.894,851.238,199.831
12,-78.5318,-164.393,849.554,103.445
12,-83.44,-167.362,849.97,609.101
12,-78.5318,-158.861,844.269,71.4991
12,-83.44,-155.891,842.961,245.901
12,-83.44,-150.359,839.091,153.32
12,-78.5318,-147.39,836.868,85.6885
12,-78.5318,-141.858,834.116,198.611
12,-83.44,-138.889,832.906,87.9132
12,-78.5318,-133.221,830.523,259.427
12,-76.0777,-128.97,827.714,175.641
12,-83.44,-133.357,827.02,51.4804
12,-78.5318,-130.32,825.126,364.248
12,-78.5318,-124.72,821.766,303.334
12,-76.0777,-126.069,821.524,207.603
12,-78.5318,-121.818,820.723,254.16
12,12.2706,83.5624,820.34,57.6197
12,-76.0777,-120.469,819.194,437.407
12,12.2706,86.4639,819.928,140.113
12,9.81646,87.813,818.241,268.271
12,-73.6235,-116.218,817.37,281.417
12,7.36234,86.4639,818.129,489.782
12,7.36234,83.5624,817.668,409.938
12,-76.0777,-117.568,817.937,508.684
12,-78.5318,-116.218,817.753,122.89
12,-76.0777,-111.968,815.351,263.642
12,-73.6235,-113.317,815.011,368.772
12,-76.0777,-109.066,813.702,98.5025
12,-71.1694,-109.066,813.416,231.708
12,-73.6235,-107.717,812.517,236.734
12,-68.7153,-107.717,811.371,73.7032
12,-73.6235,-104.816,810.86,470.709
12,-68.7153,-104.816,809.92,218.887
12,-71.1694,-103.467,809.579,609.302
12,-71.1694,-100.565,809.091,495.974
12,-68.7153,-99.2159,807.927,291.48
12,-68.7153,-96.3143,807.405,165.816
12,-66.2612,-86.4639,804.149,404.398
12,-66.2612,-92.0637,804.838,311.415
12,-68.7153,-90.7145,804.858,108.625
12,-66.2612,-83.5624,803.959,329.408
12,-63.8071,-87.813,802.363,682.891
12,-63.8071,-90.7145,801.906,124.353
12,-63.8071,-82.2132,801.119,500.861
12,-61.3529,-83.5624,801.541,513.232
12,-61.3529,-86.4639,801.121,373.648
12,-63.8071,-79.3117,798.646,150.967
12,-56.4447,-77.9626,796.626,77.7682
12,9.81646,82.2132,796.956,193.321
12,4.90823,87.813,797.904,133.94
12,-61.3529,-77.9626,797.699,174.094
12,-58.8988,-79.3117,797.853,171.207
12,-56.4447,-75.0611,795.407,154.049
12,-58.8988,-73.7119,794.948,235.496
12,-61.3529,-75.0611,796.094,83.3877
12,4.90822,82.2132,796.063,154.693
12,-56.4447,-69.4613,792.067,577.292
12,-56.4447,-66.5598,791.354,124.389
12,-53.9906,-70.8104,791.526,412.011
12,-51.5365,-66.5598,789.511,129.037
12,-53.9906,-65.2106,789.174,232.057
12,-49.0823,-62.3091,787.344,138.579
12,-53.9906,-62.3091,787.651,100.298
12,-51.5365,-60.9599,786.509,318.827
12,-51.5365,-58.0584,785.401,157.695
12,-49.0823,-56.7093,783.756,273.07
12,-46.6282,-52.4586,782.141,381.906
12,-46.6282,-58.0584,783.181,194.668
12,-49.0823,-53.8078,783.064,171.791
12,-44.1741,-56.7093,783.601,166.044
12,-46.6282,-49.5571,780.205,60.3499
12,-44.1741,-53.8078,780.338,234.771
12,-44.1741,-45.3065,778.925,170.482
12,-44.1741,-48.208,778.658,462.384
12,-41.72,-49.5571,779.296,453.066
12,-39.2659,-48.208,778.604,195.017
12,-41.72,-43.9573,777.166,299.15
12,-39.2659,-45.3065,776.646,537.282
12,-36.8118,-43.9573,775.736,159.696
12,-39.2659,-39.7067,774.101,52.3653
12,-34.3576,-39.7067,772.954,171.547
12,-36.8118,-41.0558,773.931,299.546
12,-34.3576,-36.8052,771.742,134.349
12,-31.9035,-32.5545,770.418,109.705
12,-31.9035,-35.456,769.029,202.352
12,-29.4494,-31.2053,768.659,142.936
12,-26.9953,-26.9547,766.374,126.908
12,-26.9953,-32.5545,766.415,69.3625
12,-24.5412,-28.3038,765.899,119.331
12,-22.0871,-26.9547,763.765,140.469
12,-24.5412,-31.2053,764.753,83.6287
12,-22.0871,-24.0532,764.178,146.556
12,-19.6329,-19.8025,761.044,107.211
12,-19.6329,-22.704,759.464,97.9595
12,-17.1788,-18.4534,758.058,162.112
12,206.146,-62.3768,269.665,65.8867
12,-245.412,-62.3768,178.279,73.2231
13,-4.90825,-19.8025,971.765,1469.68
13,-9.81648,-22.704,971.541,1603.64
13,-34.3576,-53.8078,961.153,220.559
13,-7.36237,-18.4534,958.798,280.62
13,-24.5412,-53.8078,959.908,342.089
13,-29.4494,-45.3065,959.851,513.596
13,-26.9953,-58.0584,959.976,232.841
13,-9.81648,-28.3038,959.839,424.835
13,-29.4494,-56.7093,959.786,173.888
13,-2.45413,-24.0532,954.349,2515.67
13,-31.9035,-52.4586,919.106,154.556
13,-2.45413,-26.9547,917.647,425.996
13,-29.4494,-53.8078,916.414,377.407
13,-4.90825,-22.704,863.716,1025.25
14,-71.1694,-1.45075,809.245,79.2382
14,-76.0777,-9.95207,808.356,131.01
14,-73.6235,-2.7999,808.407,127.492
14,-76.0777,-1.45075,807.371,2764.36
14,-147.247,-45.3742,807.98,63.7789
14,-78.5318,-2.7999,807.956,4325.72
14,-80.9859,-9.95207,807.954,1867.69
14,-80.9859,-7.05056,807.964,4123.89
14,-78.5318,-11.3012,808.924,69.6921
14,-80.9859,-1.45075,807.487,4071.83
14,-83.44,-2.7999,807.894,897.205
14,-83.44,-11.3012,808.267,634.204
14,-83.44,-5.70141,807.958,2065.94
14,-85.8941,1.45075,808.094,95.1459
14,-85.8941,-7.05056,807.815,157.81
14,-85.8941,-9.95207,807.391,177.866
14,-78.5318,-5.70141,807.75,2600.23
14,-76.0777,-7.05056,807.04,89.374
14,-73.6235,2.7999,804.126,2545.93
14,-76.0777,9.95207,803.83,468.752
14,-73.6235,11.3012,803.693,1148.06
14,-71.1694,15.5519,803.675,72.7666
14,-26.9953,1.45075,803.673,214.766
14,-26.9953,7.05056,804.199,85.5661
14,-71.1694,9.95207,803.976,4344.39
14,-68.7153,11.3012,803.772,4182.93
14,-17.1788,1.45075,803.649,76.8021
14,-14.7247,2.7999,803.745,76.1642
14,-22.0871,-7.05056,803.907,62.0417
14,-31.9035,-7.05056,803.86,82.8504
14,-66.2612,7.05056,803.714,189.622
14,-132.522,36.8052,805.217,74.1205
14,-117.798,36.8052,803.947,249.696
14,-85.8941,7.05056,804.101,99.4624
14,-117.798,22.704,804.888,124.183
14,-122.706,31.2053,805.12,122.408
14,-78.5318,2.7999,804.375,3975.91
14,-105.527,26.9547,805.02,69.4375
14,-125.16,26.9547,804.844,165.961
14,-83.44,5.70141,804.233,180.666
14,-73.6235,5.70141,804.592,3987.78
14,-98.1647,11.3012,804.469,91.6269
14,-122.706,36.8052,805.016,121.889
14,-80.9859,1.45075,804.431,1317.11
14,-93.2565,14.2027,804.007,280.649
14,-76.0777,7.05056,803.927,3196.04
14,-112.889,31.2053,804.321,112.308
14,-100.619,9.95207,804.964,117.533
14,-134.976,32.5545,805.111,58.1823
14,-105.527,24.0532,804.698,78.6041
14,-93.2565,11.3012,804.432,170.214
14,-76.0777,1.45075,804.903,4140.01
14,-112.889,14.2027,804.443,184.49
14,-137.431,39.8421,804.637,58.0502
14,-112.889,11.3012,804.583,140.036
14,-78.5318,5.70141,803.989,979.759
14,-68.7153,5.70141,804.114,232.282
14,-125.16,32.5545,804.796,93.2351
14,-110.435,26.9547,804.382,110.222
14,-71.1694,7.05056,803.858,3940.41
14,-115.344,24.0532,804.354,98.668
14,-53.9906,14.2027,802.658,97.7045
14,-61.353,24.0532,802.699,71.6652
14,-61.353,18.4534,802.468,2432.36
14,-58.8988,19.8025,802.085,2006.38
14,-56.4447,18.4534,802.064,3998.21
14,-12.2706,15.5519,802.383,88.5865
14,-53.9906,19.8025,801.865,3717.7
14,-93.2565,31.2053,801.931,84.4476
14,-83.44,31.2053,801.899,63.9807
14,-51.5365,15.5519,802.271,85.8392
14,-68.7153,14.2027,803.19,2558.02
14,-29.4494,2.7999,803.46,444.662
14,-66.2612,18.4534,802.931,370.012
14,-24.5412,-2.7999,803.428,200.779
14,-66.2612,15.5519,802.885,2747.94
14,-63.8071,19.8025,802.902,294.429
14,-66.2612,9.95207,803.111,1483.41
14,-24.5412,5.70141,803.073,140.805
14,-63.8071,14.2027,802.893,4056.89
14,-22.0871,7.05056,803.477,140.166
14,-63.8071,11.3012,803.092,1050.01
14,-9.81648,2.7999,803.118,140.977
14,-61.353,15.5519,802.614,4119.5
14,-49.0824,14.2027,803.047,141.656
14,-58.8988,14.2027,802.42,867.653
14,-56.4447,15.5519,802.286,986.307
14,-71.1694,32.5545,801.181,67.4934
14,-58.8988,22.704,801.555,89.1423
14,-68.7153,36.8052,800.733,83.0203
14,-39.2659,22.704,800.392,2479.26
14,-66.2612,35.456,800.839,77.3476
14,-36.8118,24.0532,800.214,1263.71
14,-66.2612,32.5545,800.149,96.2286
14,-36.8118,15.5519,800.822,72.2182
14,-49.0824,22.704,801.208,2196.45
14,-78.5318,28.3038,801.265,171.016
14,-49.0824,19.8025,801.238,3147.47
14,-46.6282,18.4534,801.25,876.744
14,-44.1741,19.8025,801.083,1916.3
14,-51.5365,18.4534,801.483,2262.53
14,-41.72,18.4534,800.392,377.991
14,-39.2659,19.8025,800.163,1141.39
14,-36.8118,18.4534,800.081,315.012
14,-46.6282,24.0532,801.015,715.761
14,-90.8024,32.5545,801.418,108.392
14,-44.1741,22.704,800.875,2374.39
14,-41.72,24.0532,800.761,1177.62
14,-51.5365,24.0532,801.281,333.682
14,-53.9906,22.704,801.568,544.081
14,-56.4447,24.0532,801.801,80.6803
14,-26.9953,18.4534,799.258,856.525
14,-34.3577,22.704,799.853,2298.35
14,-22.0871,18.4534,798.548,1307.71
14,-22.0871,24.0532,799.859,144.571
14,-26.9953,24.0532,799.304,476.897
14,-24.5412,22.704,798.827,919.248
14,-29.4494,19.8025,799.549,1770.13
14,-76.0777,35.456,799.607,137.551
14,-19.6329,14.2027,799.512,76.9592
14,-34.3577,19.8025,799.87,1215.06
14,-31.9035,18.4534,799.672,426.096
14,-24.5412,19.8025,798.837,1951.74
14,-22.0871,15.5519,799.369,136.538
14,-29.4494,22.704,799.524,1800.91
14,-31.9035,24.0532,799.53,1112.17
14,-19.6329,22.704,799.1,234.398
14,-19.6329,19.8025,798.276,1672.03
14,-17.1788,15.5519,797.732,468.451
14,-12.2706,18.4534,797.08,807.132
14,-14.7247,19.8025,797.786,1070.71
14,-17.1788,18.4534,797.955,1814.07
15,-22.0871,-9.95207,803.722,170.201
15,-19.6329,-14.2027,803.654,864.961
15,-17.1788,-15.5519,803.706,82.4372
15,-26.9953,-24.0532,802.671,440.576
15,-31.9035,-26.9547,802.013,1045.8
15,-29.4494,-31.2053,802.419,90.8047
15,-29.4494,-28.3038,802.343,340.964
15,-26.9953,-26.9547,802.366,83.145
15,-24.5412,-14.2027,803.487,343.317
15,-22.0871,-15.5519,803.377,814.109
15,-31.9035,-24.0532,802.405,624.204
15,-29.4494,-19.8025,802.688,485.914
15,-26.9953,-18.4534,802.876,765.997
15,-29.4494,-22.704,802.381,1297.29
15,-26.9953,-15.5519,803.485,190.219
15,-19.6329,-11.3012,803.424,526.371
15,-24.5412,-22.704,802.842,111.998
15,-34.3577,-28.3038,801.91,701.26
15,-22.0871,-18.4534,803.463,256.584
15,-24.5412,-19.8025,802.952,624.251
15,-36.8118,-32.5545,801.448,436.501
15,-34.3577,-31.2053,801.572,1137.01
15,-31.9035,-32.5545,801.593,477.601
15,-41.72,-41.0558,800.73,75.5799
15,-36.8118,-49.5571,798.731,1689.5
15,-31.9035,-35.456,799.94,259.968
15,-41.72,-52.4586,798.961,96.1431
15,-34.3576,-39.7067,799.563,690.814
15,-41.72,-49.5571,799.032,80.5033
15,-34.3576,-36.8052,799.753,1092.14
15,-39.2659,-48.208,798.933,1085.55
15,-36.8118,-41.0558,799.316,1409.64
15,-39.2659,-36.8052,799.616,224.711
15,-39.2659,-45.3065,799.112,831.816
15,-36.8118,-35.456,799.945,1350.77
15,-36.8118,-43.9573,799.037,1099.4
15,-34.3576,-45.3065,799.123,381.618
15,-39.2659,-39.7067,799.647,396.469
15,-39.2659,-53.8078,798.151,635.825
15,-1.33514e-05,-31.2053,797.223,56.5172
15,-36.8118,-52.4586,796.423,1946.95
15,-34.3576,-48.208,796.981,644.613
15,-9.81648,-36.8052,796.862,63.1702
15,-34.3576,-56.7093,795.956,977.466
15,-36.8118,-66.5598,795.305,152.986
15,-26.9953,-66.5598,795.475,71.4624
15,-26.9953,-69.4613,795.717,313.306
15,-34.3576,-104.816,795.638,54.3875
15,-26.9953,-75.0611,794.736,1935.68
15,-26.9953,-77.9626,794.708,958.431
15,-29.4494,-65.2106,795.758,257.516
15,-29.4494,-70.8104,795.164,1650.92
15,-29.4494,-73.7119,794.838,1237.32
15,-31.9035,-66.5598,794.842,1928.16
15,-24.5412,-73.7119,794.999,673.469
15,-34.3576,-53.8078,796.228,670.451
15,-31.9035,-58.0584,795.533,222.057
15,-17.1788,-26.9547,795.86,217.677
15,-29.4494,-62.3091,796.152,52.1205
15,-36.8118,-58.0584,796.343,57.8603
15,-17.1788,-32.5545,795.895,230.897
15,-39.2659,-56.7093,795.962,481.401
15,-31.9035,-60.9599,795.277,528.716
15,-34.3576,-62.3091,795.449,1671.36
15,-36.8118,-60.9599,795.473,1480.53
15,-34.3576,-65.2106,795.006,1691.76
15,-17.1788,-77.9626,794.049,183.821
15,-14.7247,-79.3117,794.075,241.112
15,-14.7247,-82.2132,793.18,1763.43
15,-24.5412,-70.8104,794.36,102.1
15,-24.5412,-79.3117,794.252,1275.38
15,-19.6329,-79.3117,793.87,1581.57
15,-19.6329,-82.2132,793.752,1351.04
15,-22.0871,-75.0611,794.479,386.579
15,-22.0871,-77.9626,794.301,1936.71
15,-24.5412,-82.2132,793.923,164.666
15,-22.0871,-83.5624,794.278,273.536
15,-17.1788,-83.5624,793.417,1469.91
15,-12.2706,-83.5624,793.24,2254.31
15,-9.81647,-90.7145,793.246,57.2016
15,-12.2706,-86.4639,792.882,1341.88
15,-2.45413,-60.9599,792.969,59.8421
15,-31.9035,-69.4613,794.467,1464.56
15,-34.3576,-70.8104,794.378,162.155
15,-14.7247,-87.813,792.935,125.776
15,-9.81647,-87.813,792.626,656.619
15,-7.36236,-92.0637,791.04,97.1229
15,-17.1788,-86.4639,791.057,209.39
15,-4.90824,-90.7145,792.641,150.284
15,-4.90824,-87.813,792.324,1620.6
15,-9.81648,-82.2132,792.628,442.34
15,-2.45413,-83.5624,792.216,518.014
15,-2.45412,-86.4639,792.101,2368.75
15,-7.36236,-83.5624,792.404,1104.18
15,-7.62939e-06,-90.7145,791.635,122.858
15,-4.90824,-82.2132,792.014,114.853
15,2.45411,-83.5624,789.651,450.946
15,2.45411,-86.4639,789.849,2121.52
15,7.36234,-83.5624,789.413,1361.43
15,9.81646,-90.7145,789.268,70.1388
15,4.90822,-82.2132,789.111,204.75
15,4.90823,-87.813,789.346,1828.32
15,4.90823,-90.7145,789.964,138.037
15,17.1788,-66.5598,789.641,62.266
15,4.90823,-96.3143,790.569,62.995
15,-7.62939e-06,-87.813,789.764,1841.22
15,7.36234,-92.0637,790.112,103.519
15,7.36234,-86.4639,789.757,2554.29
15,26.9953,-92.0637,790.272,63.0935
15,-7.36236,-86.4639,790.395,2105.36
15,17.1788,-86.4639,788.931,129.565
15,9.81646,-82.2132,788.816,584.618
15,14.7247,-79.3117,788.673,324.809
15,12.2706,-86.4639,788.806,1736.37
15,31.9035,-94.9652,788.021,62.881
15,31.9035,-60.9599,787.685,1847.02
15,19.633,-82.2132,787.843,1929.94
15,22.0871,-66.5598,788.577,63.5906
15,22.0871,-69.4613,788.224,60.8476
15,24.5412,-124.72,788.41,65.0685
15,22.0871,-75.0611,787.578,1358.57
15,22.087,-109.066,788.506,70.8289
15,22.0871,-77.9626,787.374,3047.81
15,22.0871,-83.5624,787.584,211.19
15,14.7247,-87.813,787.772,133.002
15,24.5412,-87.813,787.384,57.0004
15,34.3577,-65.2106,787.904,100.588
15,31.9035,-66.5598,787.947,869.03
15,34.3577,-62.3091,787.46,114.32
15,12.2706,-83.5624,788.584,2425.92
15,17.1788,-32.5545,787.737,73.2108
15,29.4494,-62.3091,787.945,3806.45
15,36.8118,-58.0584,787.396,103.068
15,26.9953,-49.5571,787.289,3955.25
15,19.633,-39.7067,787.698,63.9678
15,34.3577,-56.7093,787.905,136.723
15,31.9035,-58.0584,787.353,2169.66
15,29.4494,-56.7093,787.514,4202.47
15,34.3577,-53.8078,788.185,108.755
15,26.9953,-58.0584,787.311,1648.36
15,7.36237,-18.4534,787.58,86.2707
15,29.4494,-53.8078,787.374,4152.63
15,41.72,-75.0611,787.387,89.0557
15,19.633,-79.3117,787.845,2601.34
15,26.9953,-83.5624,787.344,85.063
15,26.9953,-77.9626,787.312,400.702
15,34.3577,-96.3143,787.599,80.9026
15,29.4494,-96.3143,787.503,75.9688
15,34.3577,-99.2159,787.389,107.143
15,34.3577,-104.816,787.463,71.8136
15,24.5412,-82.2132,787.308,239.989
15,19.6329,-130.32,787.931,65.4372
15,31.9035,-69.4613,787.543,420.593
15,9.81646,-87.813,788.603,933.019
15,24.5412,-113.317,788.689,73.6441
15,24.5412,-107.717,788.84,81.2989
15,14.7247,-82.2132,788.407,2253.58
15,19.633,-73.7119,788.032,95.9196
15,17.1788,-77.9626,787.827,372.088
15,17.1788,-83.5624,788.254,1387.86
15,29.4494,-70.8104,786.587,2019.89
15,29.4494,-45.3065,786.508,521.56
15,24.5412,-48.208,786.586,1956.27
15,24.5412,-53.8078,787.122,328.839
15,26.9953,-52.4586,787.002,3544.47
15,31.9035,-52.4586,786.982,1205.32
15,29.4494,-73.7119,786.657,818.712
15,2.4541,-24.0532,787.219,125.449
15,31.9035,-49.5571,786.786,351.03
15,24.5412,-56.7093,786.749,68.2203
15,26.9953,-60.9599,786.187,1090.63
15,24.5412,-45.3065,786.685,1748.2
15,17.1788,-128.97,786.954,78.7048
15,29.4494,-65.2106,786.137,3444.76
15,29.4494,-48.208,786.672,2294.9
15,34.3577,-48.208,786.789,121.333
15,26.9953,-75.0611,787.044,2091.36
15,17.1788,-26.9547,786.951,90.7913
15,31.9035,-134.57,787.159,355.004
15,26.9953,-69.4613,786.454,3206.69
15,26.9953,-66.5598,786.348,2148.07
15,26.9953,-43.9573,786.746,886.037
15,24.5412,-79.3117,787.253,1044.2
15,22.0871,-49.5571,786.454,113.987
15,22.0871,-43.9573,786.981,96.7019
15,24.5412,-73.7119,786.936,2871.3
15,24.5412,-70.8104,786.684,1288.7
15,206.146,-62.3768,153.794,61.9807
16,-90.8024,1.45075,625.568,100.542
16,-95.7106,-9.95207,625.777,104.855
16,-95.7106,-7.05056,626.021,107.207
16,-90.8024,-1.45075,624.654,68.4883
16,-100.619,-9.95207,624.267,42.3879
16,-88.3482,-11.3012,624.488,933.591
16,-88.3482,-5.70141,624.595,2916.98
16,-88.3482,-2.7999,624.174,420.999
16,-85.8941,-9.95207,624.366,2093.21
16,-88.3482,2.7999,624.475,243.452
16,-85.8941,-7.05056,624.67,4066.71
16,-85.8941,-1.45075,623.795,375.254
16,-85.8941,1.45075,623.8,250.107
16,-83.44,-5.70141,624.12,4361.5
16,-83.44,-11.3012,624.452,703.582
16,-83.44,-2.7999,623.753,1377.49
16,-80.9859,-7.05056,623.782,4314.16
16,-152.155,-48.3434,624.147,55.3311
16,-93.2565,-11.3012,624.465,242.612
16,-90.8024,-9.95207,624.998,1387.21
16,-107.981,-14.2027,625.232,124.588
16,-100.619,-15.5519,624.599,84.0376
16,-90.8024,-7.05056,625.144,2255.66
16,-110.435,-15.5519,625.178,132.916
16,-93.2565,-5.70141,625.408,488.379
16,-80.9859,-9.95207,623.379,1633.12
16,-78.5318,-2.7999,623.099,1622.76
16,-73.6235,-11.3012,621.971,391.022
16,-76.0777,-1.45075,622.725,407.501
16,-73.6235,-2.7999,622.266,1047.93
16,-71.1694,-1.45075,622.48,416.908
16,-78.5318,-5.70141,623.38,4237.23
16,-137.431,-31.2053,622.759,188.981
16,-76.0777,-7.05056,622.784,4075.6
16,-76.0777,-9.95207,622.668,1249.68
16,-61.353,-1.45075,622.146,124.495
16,-63.8071,-2.7999,622.034,134.808
16,-66.2612,-1.45075,622.548,190.218
16,-73.6235,-5.70141,622.458,4176.48
16,-134.976,-32.5545,622.557,274.219
16,-71.1694,-7.05056,621.982,3992.63
16,-78.5318,-11.3012,623.133,415.25
16,-80.9859,-1.45075,623.605,659.145
16,-112.889,-28.3038,620.318,132.691
16,-56.4447,-18.4534,620.076,292.43
16,-53.9906,-19.8025,620.32,317.672
16,-61.353,-9.95207,620.027,3359.66
16,-115.344,-24.0532,620.843,69.6877
16,-115.344,-26.9547,620.949,70.4919
16,-63.8071,-11.3012,620.237,2115.57
16,-117.798,-22.704,621.032,70.0302
16,-68.7153,-5.70141,621.362,2932.84
16,-130.068,-32.5545,621.795,112.874
16,-66.2612,-7.05056,620.915,3839.82
16,-130.068,-26.9547,621.77,103.492
16,-68.7153,-11.3012,621.376,732.494
16,-68.7153,-2.7999,621.796,701.482
16,-63.8071,-5.70141,620.661,1542.56
16,-61.353,-7.05056,620.357,1532.11
16,-58.8988,-2.7999,621.437,73.8215
16,-71.1694,-9.95207,621.563,1450.3
16,-58.8988,-5.70141,620.038,346.123
16,-46.6282,-1.45075,621.245,82.1915
16,-66.2612,-9.95207,620.66,2862.15
16,-56.4447,-7.05056,620.129,392.394
16,-103.073,-31.2053,619.456,86.6157
16,-46.6282,-15.5519,619.267,662.84
16,-44.1741,-22.704,618.509,2027.19
16,-44.1741,-19.8025,618.853,870.534
16,-112.889,-31.2053,619.247,87.1845
16,-51.5365,-15.5519,618.251,2963.07
16,-51.5365,-26.9547,619.219,81.3801
16,-105.527,-26.9547,619.677,112.358
16,-56.4447,-9.95207,619.287,1904.91
16,-110.435,-26.9547,619.239,81.4396
16,-53.9906,-14.2027,618.439,2460.23
16,-61.353,-15.5519,619.563,166.974
16,-58.8988,-14.2027,619.097,1708.52
16,-39.2659,-19.8025,618.731,67.3944
16,-49.0824,-11.3012,618.368,95.7528
16,-110.435,-32.5545,619.044,87.8418
16,-58.8988,-11.3012,619.663,3114.14
16,-66.2612,-18.4534,619.298,101.588
16,-46.6282,-24.0532,618.304,1954.07
16,-56.4447,-15.5519,618.894,1510.11
16,-46.6282,-18.4534,619.223,1793.95
16,-63.8071,-14.2027,619.368,321.555
16,-51.5365,-9.95207,618.971,163.554
16,-49.0824,-19.8025,619.315,2476.19
16,-53.9906,-11.3012,618.906,1405.37
16,-49.0824,-22.704,618.576,943.484
16,-51.5365,-18.4534,619.804,2146.81
16,-51.5365,-24.0532,619.854,165.284
16,-41.72,-18.4534,618.025,94.3331
16,-39.2659,-22.704,617.905,159.699
16,-41.72,-24.0532,617.895,1411.02
16,-49.0824,-14.2027,617.817,1020.4
16,-44.1741,-28.3038,617.601,1161.54
16,-46.6282,-32.5545,617.594,94.4223
16,-46.6282,-26.9547,617.758,545.054
16,-34.3577,-31.2053,617.414,133.451
16,-39.2659,-31.2053,616.953,1931.19
16,-41.72,-32.5545,616.998,971.558
16,-44.1741,-31.2053,617.511,548.953
16,-39.2659,-28.3038,616.973,1488.18
16,-41.72,-26.9547,617.684,2221.57
16,-24.5412,-19.8025,618.062,77.419
16,-36.8118,-26.9547,617.618,205.683
16,-36.8118,-32.5545,616.284,1290.35
16,-39.2659,-53.8078,613.081,71.8227
16,-41.72,-35.456,613.62,599.446
16,-36.8118,-35.456,613.725,1762.04
16,-44.1741,-39.7067,614.449,88.0022
16,-34.3576,-36.8052,613.203,1109.94
16,-39.2659,-36.8052,613.531,1387.64
16,-41.72,-41.0558,613.878,151.817
16,-34.3576,-39.7067,612.758,1621.38
16,-39.2659,-39.7067,613.136,824.564
16,-31.9035,-35.456,613.668,74.1527
16,-31.9035,-41.0558,612.891,528.295
16,-39.2659,-48.208,611.516,182.475
16,-31.9035,-43.9573,612.334,1007.99
16,-39.2659,-45.3065,612.6,236.657
16,-36.8118,-49.5571,611.441,621.398
16,-36.8118,-43.9573,612.137,1449.24
16,-34.3576,-45.3065,611.874,2073.79
16,-36.8118,-41.0558,612.694,1610.15
16,-9.81648,-31.2053,609.264,79.5745
16,-29.4494,-65.2106,610.075,679.382
16,-31.9035,-49.5571,609.262,1805.15
16,-29.4494,-45.3065,609.952,117.796
16,-29.4494,-48.208,609.237,454.264
16,-34.3576,-48.208,609.451,2124.84
16,-26.9953,-49.5571,609.937,108.559
16,-17.1788,-26.9547,607.574,81.6722
16,-34.3576,-53.8078,608.373,2010.47
16,-29.4494,-56.7093,608.121,796.656
16,-31.9035,-58.0584,607.948,2390.8
16,-34.3576,-56.7093,607.935,2018.25
16,-36.8118,-52.4586,608.569,606.808
16,-26.9953,-52.4586,609.059,91.4189
16,-31.9035,-52.4586,608.451,2193.2
16,-29.4494,-53.8078,608.189,667.913
16,-29.4494,-73.7119,608.281,145.707
16,-17.1788,-32.5545,608.173,79.5971
16,-26.9953,-43.9573,607.684,93.6879
16,-29.4494,-70.8104,608.81,329.496
16,-34.3576,-62.3091,606.683,1409.73
16,-36.8118,-66.5598,605.511,637.031
16,-68.7153,-107.717,605.528,76.4556
16,-22.0871,-49.5571,606.647,73.8175
16,-31.9035,-66.5598,606.277,2191.95
16,-29.4494,-62.3091,607.162,801.517
16,-31.9035,-60.9599,607.154,2324.01
16,-36.8118,-60.9599,606.839,431.244
16,-34.3576,-65.2106,606.074,1819.77
16,-53.9906,-96.3143,604.562,110.125
16,-51.5365,-92.0637,604.402,85.5717
16,-31.9035,-75.0611,604.334,824.234
16,-39.2659,-73.7119,604.671,243.769
16,-31.9035,-77.9626,603.876,436.096
16,-36.8118,-75.0611,604.003,1325.84
16,-34.3576,-70.8104,605.194,1968.21
16,-34.3576,-73.7119,604.812,2078.12
16,-34.3576,-79.3117,603.877,1420.28
16,-31.9035,-69.4613,605.13,1338.98
16,-36.8118,-69.4613,605.262,653.823
16,-39.2659,-70.8104,605.182,80.2765
16,-39.2659,-90.7145,603.697,1240.21
16,-39.2659,-79.3117,603.221,816.974
16,-39.2659,-82.2132,603.004,1682.33
16,-34.3576,-87.813,602.872,159.501
16,-39.2659,-87.813,601.859,2036.3
16,-36.8118,-86.4639,602.518,1230.01
16,-36.8118,-83.5624,603.191,2024.68
16,-41.72,-83.5624,602.474,613.462
16,-41.72,-77.9626,602.773,91.3768
16,-41.72,-92.0637,603.163,1831.15
16,-34.3576,-82.2132,603.36,940.024
16,-56.4447,-94.9652,603.367,117.006
16,-51.5365,-94.9652,602.928,111.927
16,-36.8118,-77.9626,603.625,1736.87
16,-49.0824,-90.7145,603.591,114.654
16,-41.72,-94.9652,600.82,1316.85
16,-39.2659,-96.3143,601.238,260.891
16,-36.8118,-94.9652,600.021,212.175
16,-49.0824,-96.3143,600.171,595.805
16,-46.6282,-92.0637,600.842,578.711
16,-46.6282,-94.9652,600.541,1318
16,-44.1741,-96.3143,600.123,1671.45
16,-36.8118,-92.0637,601.116,191.108
16,-44.1741,-90.7145,601.336,1129.49
16,-44.1741,-87.813,601.654,443.626
16,-71.1694,-109.066,600.851,58.2292
16,-56.4447,-100.565,601.606,128.062
16,-41.72,-86.4639,601.722,1057.92
16,-58.8988,-116.218,598.495,215.639
16,-53.9906,-99.2159,598.721,230.537
16,-41.72,-100.565,599.292,196.626
16,-51.5365,-100.565,599.075,972.741
16,-31.9035,-83.5624,598.443,83.0525
16,-53.9906,-107.717,599.615,1405.8
16,-46.6282,-103.467,599.299,720.783
16,-51.5365,-109.066,599.721,440.272
16,-49.0824,-107.717,599.556,246.15
16,-49.0824,-99.2159,599.624,1648.18
16,-49.0824,-104.816,598.514,1170.87
16,-46.6282,-100.565,599.625,1296.15
16,-44.1741,-99.2159,599.991,1100.06
16,-51.5365,-103.467,598.244,1683.35
16,-56.4447,-109.066,598.922,1546.89
16,-58.8988,-113.317,598.444,1027.34
16,-56.4447,-111.968,599.112,820.981
16,-66.2612,-120.469,596.482,345.979
16,-63.8071,-116.218,597.239,1357.17
16,-44.1741,-104.816,597.305,145.529
16,-61.3529,-111.968,597.987,1920.39
16,-61.3529,-117.568,597.154,348.412
16,-58.8988,-107.717,596.694,1020.6
16,-56.4447,-103.467,597.965,435.905
16,-53.9906,-113.317,598.035,136.911
16,-83.44,-116.218,596.431,127.754
16,-71.1694,-111.968,596.975,102.262
16,-63.8071,-107.717,597.533,143.675
16,-53.9906,-104.816,598.029,1670.57
16,-66.2612,-109.066,596.952,118.174
16,-76.0777,-111.968,597.201,99.1119
16,-58.8988,-104.816,597.559,291.797
16,-66.2612,-117.568,594.699,1647.41
16,-61.3529,-109.066,596.316,1154.32
16,-78.5318,-130.32,595.267,170.123
16,-63.8071,-113.317,595.476,1781.45
16,-68.7153,-121.818,596.154,258.671
16,-73.6235,-124.72,595.895,104.464
16,-66.2612,-111.968,595.284,1105.76
16,-68.7153,-113.317,595.294,778.532
16,-73.6235,-113.317,594.782,110.704
16,-76.0777,-126.069,594.639,269.842
16,-36.8118,-103.467,595.926,161.775
16,-76.0777,-120.469,593.008,2203.7
16,-78.5318,-116.218,593.948,259.631
16,-73.6235,-121.818,593.324,1040.93
16,-80.9859,-117.568,593.423,391.754
16,-80.9859,-128.97,592.937,225.181
16,-76.0777,-117.568,593.044,911.819
16,-73.6235,-116.218,593.806,942.394
16,-71.1694,-117.568,594.12,1979.06
16,-68.7153,-116.218,594.236,2087.9
16,-71.1694,-120.469,594.513,1473.75
16,-83.44,-124.72,591.594,1546.3
16,-88.3482,-130.387,591.364,112.38
16,-83.44,-121.818,592.115,1595.44
16,-80.9859,-120.469,592.339,1426.07
16,-80.9859,-126.069,592.573,424.874
16,-78.5318,-121.818,592.305,1765.21
16,-78.5318,-124.72,592.714,662.098
16,-85.8941,-120.469,591.904,801.82
16,-98.1647,-130.387,589.767,290.928
16,-93.2565,-121.886,590.657,629.021
16,-88.3482,-124.855,590.736,1209.8
16,-80.9859,-69.4613,590.546,76.084
16,-98.1647,-124.855,589.629,1116.1
16,-103.073,-133.357,588.977,64.3078
16,-107.981,-130.387,587.95,345.182
16,-103.073,-121.886,588.821,482.561
16,-107.981,-124.855,587.599,1351.09
16,-117.798,-130.387,586.989,133.129
16,-83.44,-70.8104,585.469,92.7325
16,-117.798,-124.855,585.9,1228.15
16,-112.889,-121.886,586.909,697.98
16,-127.614,-124.855,584.316,677.404
16,-122.706,-121.886,585.111,878.655
16,-122.706,-116.354,584.408,47.3918
16,-142.339,-121.886,582.336,164.481
16,-132.522,-121.886,583.265,1145.22
16,-73.6235,-65.2106,583.329,101.001
16,-137.431,-113.385,582.062,429.771
16,-132.522,-116.354,583.13,425.264
16,-137.431,-124.855,582.393,161.799
16,-90.8024,-52.4586,581.455,97.0297
16,-88.3483,-56.7093,580.512,104.359
16,-147.247,-113.385,580.145,1315.05
16,-142.339,-116.354,581.16,1121.51
16,-88.3483,-53.8078,580.359,104.112
16,-90.8024,-58.0584,581.384,102.727
16,-157.064,-107.853,578.408,937.482
16,-147.247,-107.853,579.441,379.101
16,-152.155,-104.883,578.978,580.688
16,-152.155,-116.354,579.475,205.301
16,-157.064,-113.385,578.747,121.158
16,-171.788,-82.3487,576.431,810.968
16,-152.155,-99.3513,577.358,48.9506
16,-161.972,-99.3513,576.672,992.861
16,-157.064,-96.3821,577.62,132.847
16,-161.972,-104.883,577.539,720.715
16,-186.513,-73.8474,575.285,97.8227
16,-26.9953,-26.9547,575.478,88.0949
16,-176.696,-79.3795,575.743,1183.17
16,-24.5412,-28.3038,575.706,81.8395
16,-176.696,-73.8474,574.614,685.455
16,-166.88,-90.85,574.829,696.614
16,-166.88,-96.3821,575.63,939.488
16,-171.788,-87.8808,573.75,1384.3
16,-176.696,-90.85,573.955,172.764
16,-171.788,-99.3513,574.497,89.8273
16,-181.605,-65.3461,572.731,1044.34
16,-181.605,-70.8781,573.98,1064.33
16,-181.605,-82.3487,572.494,132.713
16,-186.513,-62.3768,572.123,522.032
16,-176.696,-62.3768,571.968,123.423
16,-98.1647,-11.3012,569.17,117.636
16,-186.513,-56.8448,569.186,929.993
16,-105.527,-15.5519,569.323,119.084
16,-191.421,-53.8755,569.358,92.6111
16,-191.421,-48.3434,568.083,146.02
16,-134.976,-18.4534,569.03,83.8417
16,-181.605,-53.8755,568.798,579.467
16,-130.068,-15.5519,569.076,86.7488
16,-127.614,-22.704,567.804,130.646
16,-186.513,-45.3742,567.398,1026.99
16,-130.068,-24.0532,567.671,124.977
16,-181.605,-48.3434,567.6,393.148
16,-186.513,-39.8421,563.805,1013.18
16,-147.247,-11.3012,563.714,103.528
16,-191.421,-31.3408,562.686,146.929
16,-181.605,-31.3408,562.007,390.004
16,-191.421,-36.8729,563.222,133.949
16,-181.605,-36.8729,563.354,268.329
16,-176.696,-22.8395,560.479,46.4032
16,-186.513,-22.8395,560.631,781.923
16,-186.513,-28.3716,561.778,1187.25
16,-176.696,-11.369,558.361,296.323
16,-181.605,-19.8703,559.952,737.314
16,-186.513,-11.369,558.457,239.291
16,-181.605,-14.3382,558.916,954.264
16,-171.788,-2.86764,556.81,171.261
16,-176.696,-5.83687,557.542,784.205
16,-137.431,-5.70141,557.841,68.936
16,-181.605,2.86764,556.394,183.006
16,-186.513,-5.83687,557.832,77.1733
16,-181.605,-2.86764,556.911,523.103
16,-166.88,5.83687,557.184,171.067
16,-166.88,11.369,556.676,823.724
16,-171.788,14.3382,556.792,732.125
16,-176.696,11.369,557.424,180.405
16,-161.972,14.3382,555.346,307.894
16,-171.788,2.86764,555.43,751.748
16,-171.788,19.8703,556.113,128.605
16,-147.247,2.7999,555.94,82.5173
16,-161.972,19.8703,554.963,808.65
16,-95.7106,7.05056,555.236,85.0628
16,-166.88,22.8395,555.195,323.397
16,-176.696,5.83687,555.393,862.357
16,-157.064,22.8395,550.503,467.441
16,-134.976,-7.05056,549.751,111.778
16,-157.064,28.3716,549.862,761.052
16,-147.247,28.3716,548.728,223.229
16,-152.155,31.3408,548.707,871.302
16,-152.155,36.8729,548.264,228.084
16,-142.339,31.3408,546.873,77.2554
16,-63.8071,2.7999,547.077,83.7964
16,-142.339,36.8729,546.718,839.628
16,-66.2612,1.45075,546.768,91.1186
16,-147.247,39.8421,546.917,211.889
16,-76.0777,1.45075,546.085,75.4787
16,-117.798,53.8078,544.466,150.59
16,-137.431,39.8421,545.224,694.747
16,-120.252,52.4586,545.064,227.657
16,-132.522,39.7067,544.306,330.773
16,-130.068,41.0558,544.338,407.401
16,-130.068,43.9573,543.968,1165.16
16,-132.522,48.3434,543.969,242.502
16,-137.431,45.3742,544.651,251.618
16,-115.344,52.4586,543.778,482.816
16,-125.16,49.5571,542.779,427.859
16,-120.252,43.9573,542.467,236.278
16,-127.614,45.3065,542.611,915.947
16,-125.16,43.9573,542.98,510.508
16,-122.706,48.208,542.456,935.625
16,-125.16,41.0558,543.394,149.87
16,-127.614,48.208,543.288,506.817
16,-117.798,45.3065,542.07,489.562
16,-115.344,43.9573,542.92,149.3
16,-122.706,45.3065,542.515,778.572
16,-112.889,53.8078,543.582,496.683
16,-105.527,52.4586,541.991,1165.4
16,-110.435,52.4586,542.895,740.017
16,-107.981,56.7093,543.132,90.7618
16,-107.981,53.8078,542.478,398.97
16,-100.619,49.5571,540.988,579.761
16,-98.1647,48.208,541.181,194.331
16,-115.344,49.5571,540.883,1366.88
16,-100.619,52.4586,541.52,818.097
16,-117.798,48.208,541.58,1379.72
16,-95.7106,49.5571,540.083,405.225
16,-93.2565,48.208,540.314,181.468
16,-95.7106,52.4586,540.319,969.209
16,-122.706,53.8078,541.339,86.6798
16,-120.252,49.5571,541.247,1103.71
16,-98.1647,56.7093,540.724,135.958
16,-93.2565,53.8078,540.044,801.834
16,-103.073,53.8078,541.493,608.513
16,-112.889,48.208,540.388,1010.13
16,-112.889,45.3065,540.672,176.952
16,-110.435,49.5571,540.079,1112.5
16,-98.1647,53.8078,541.169,673.064
16,-93.2565,56.7093,540.02,112.419
16,-107.981,48.208,539.396,395.943
16,-105.527,49.5571,538.94,856.402
16,-103.073,48.208,539.037,286.017
16,-88.3483,56.7093,538.687,186.824
16,-90.8024,49.5571,539.917,353.462
16,-83.44,56.7093,539.311,167.409
16,-90.8024,52.4586,539.993,876.026
16,-95.7106,58.0584,539.932,91.5522
16,-80.9859,58.0584,536.526,99.2115
16,-80.9859,52.4586,534.994,960.52
16,-85.8941,49.5571,535.552,408.165
16,-88.3483,48.208,536.232,239.394
16,-83.44,48.208,535.428,208.671
16,-88.3483,53.8078,535.861,970.029
16,-80.9859,49.5571,535.042,576.506
16,-78.5318,48.208,535.064,205.947
16,-71.1694,52.4586,535.063,717.059
16,-85.8941,52.4586,535.687,1015.85
16,-83.44,53.8078,534.712,938.132
16,-73.6235,48.208,534.986,491.559
16,-61.353,52.4586,533.012,313.457
16,-63.8071,53.8078,534.239,128.189
16,-63.8071,48.208,532.896,886.077
16,-68.7153,45.3065,533.708,163.121
16,-78.5318,53.8078,534.3,596.573
16,-73.6235,45.3065,534.374,117.917
16,-66.2612,49.5571,533.873,958.985
16,-76.0777,52.4586,534.019,789.354
16,-73.6235,53.8078,534.084,452.059
16,-76.0777,49.5571,533.956,579.583
16,-78.5318,56.7093,533.434,197.472
16,-68.7153,48.208,533.931,763.392
16,-66.2612,52.4586,534.428,498.905
16,-71.1694,49.5571,534.386,987.354
16,-68.7153,53.8078,534.386,238.139
16,-58.8988,48.208,532.66,937.726
16,-61.3529,43.9573,531.84,251.076
16,-53.9906,48.208,531.594,544.637
16,-63.8071,45.3065,530.933,387.449
16,-56.4447,52.4586,532.066,95.9682
16,-61.353,49.5571,532.656,1103.01
16,-51.5365,49.5571,531.667,261.882
16,-56.4447,49.5571,532.136,509.101
16,-49.0823,48.208,531.436,201.129
16,-53.9906,45.3065,529.931,805.014
16,-44.1741,45.3065,529.265,336.124
16,-46.6282,49.5571,530.014,88.8294
16,-56.4447,43.9573,530.279,516.232
16,-58.8988,45.3065,530.303,883.844
16,-49.0823,39.7067,529.479,186.459
16,-49.0823,45.3065,529.606,676.508
16,-44.1741,39.7067,528.011,707.759
16,-34.3576,39.7067,527.625,396.782
16,-44.1741,36.8052,528.454,164.126
16,-41.72,43.9573,528.606,252.709
16,-51.5365,43.9573,529.081,820.563
16,-36.8118,41.0558,528.171,279.426
16,-34.3576,36.8052,528.014,883.249
16,-41.72,41.0558,528.986,755.543
16,-41.72,35.456,528.255,144.782
16,-39.2659,36.8052,528.062,817.736
16,-36.8118,32.5545,528.275,173.178
16,-36.8118,35.456,527.843,672.374
16,-39.2659,39.7067,528.721,595.049
16,-46.6282,43.9573,528.552,685.97
16,-51.5365,41.0558,528.958,315.033
16,-39.2659,45.3065,529.042,116.781
16,-46.6282,41.0558,528.27,655.993
16,-17.1788,26.9547,526.497,129.755
16,-31.9035,32.5545,526.68,613.602
16,-22.0871,32.5545,525.518,121.122
16,-29.4494,36.8052,526.442,160.522
16,-26.9953,32.5545,526.914,610.975
16,-29.4494,39.7067,527.106,85.7523
16,-26.9953,35.456,526.585,145.662
16,-24.5412,31.2053,525.772,342.293
16,-31.9035,35.456,526.814,536.227
16,-29.4494,31.2053,526.689,574.874
16,-26.9953,26.9547,525.571,199.891
16,-34.3577,31.2053,527.136,190.231
16,-29.4494,28.3038,526.405,151.612
16,-24.5412,28.3038,525.335,473.229
16,-9.81648,19.8025,523.677,105.849
16,-14.7247,22.704,524.025,345.581
16,-19.6329,28.3038,524.305,313.988
16,-17.1788,24.0532,523.653,509.091
16,-22.0871,26.9547,524.764,454.978
16,-19.6329,22.704,522.016,518.447
16,-19.6329,19.8025,522.093,113.662
16,-22.0871,24.0532,523.027,347.332
16,-12.2706,18.4534,520.622,210.407
16,-14.7247,19.8025,521.431,478.561
16,-17.1788,18.4534,521.04,232.09
16,-245.412,-62.3768,283.943,58.1802
16,-245.412,-62.3768,179.983,75.9581
17,206.146,-62.3768,196.681,71.037
17,-245.412,-62.3768,122.456,73.8167
18,66.2612,-41.0558,394.849,622.772
18,63.8071,-31.2053,394.65,91.2109
18,63.8071,-39.7067,394.673,1759.14
18,61.3529,-41.0558,394.715,1950.49
18,61.3529,-43.9573,394.883,359.183
18,61.3529,-66.5598,394.843,106.559
18,58.8988,-65.2106,395.083,75.444
18,58.8988,-45.3065,395.43,219.916
18,66.2612,-43.9573,394.955,115.693
18,53.9906,-65.2106,395.182,97.8303
18,58.8988,-56.7093,395.073,81.7337
18,51.5365,-66.5598,395.073,124.875
18,53.9906,-31.2053,394.872,91.2094
18,56.4447,-52.4586,394.78,128.345
18,68.7153,-39.7067,394.96,302.263
18,51.5365,-60.9599,395.188,74.9631
18,56.4447,-58.0584,394.868,108.273
18,66.2612,-35.456,393.546,643.147
18,12.2706,-15.5519,393.879,90.4632
18,49.0824,-39.7067,393.659,3464.05
18,63.8071,-36.8052,393.261,1701.24
18,49.0824,-45.3065,393.936,356.164
18,85.8941,-41.0558,394.435,79.3729
18,46.6282,-43.9573,393.453,748.893
18,61.3529,-35.456,393.315,1649.14
18,46.6282,-35.456,393.563,1112.73
18,39.2659,-48.208,393.3,130.574
18,44.1741,-45.3065,393.301,194.904
18,83.44,-39.7067,394.022,78.6848
18,44.1741,-48.208,394.04,198.722
18,68.7153,-36.8052,393.251,295.033
18,49.0824,-36.8052,393.583,2240.31
18,44.1741,-53.8078,393.279,76.3829
18,39.2659,-53.8078,393.409,83.6913
18,46.6282,-49.5571,394.247,106.854
18,51.5365,-32.5545,393.809,166.734
18,41.72,-52.4586,392.918,96.5111
18,51.5365,-35.456,393.68,1141.59
18,51.5365,-49.5571,394.014,138.751
18,51.5365,-43.9573,393.476,955.189
18,51.5365,-41.0558,393.577,2954.91
18,36.8118,-49.5571,394.161,78.9376
18,53.9906,-45.3065,393.629,420.167
18,53.9906,-39.7067,394.172,3755.29
18,53.9906,-36.8052,393.966,2436.54
18,56.4447,-43.9573,394.148,679.538
18,56.4447,-35.456,394.125,1570.1
18,56.4447,-41.0558,394.222,2800.57
18,56.4447,-32.5545,393.924,220.394
18,58.8988,-39.7067,394.508,3638.75
18,63.8071,-45.3065,393.44,89.9479
18,39.2659,-39.7067,392.872,2226.74
18,34.3577,-45.3065,393.996,121.337
18,61.3529,-32.5545,393.697,148.395
18,44.1741,-39.7067,393.038,3138.82
18,24.5412,-14.2027,393.447,80.5978
18,39.2659,-45.3065,392.975,140.449
18,80.9859,-41.0558,393.859,81.8681
18,44.1741,-36.8052,393.303,2467.24
18,58.8988,-36.8052,392.748,2633.58
18,46.6282,-41.0558,393.473,2309.84
18,41.72,-43.9573,393.573,390.158
18,26.9953,-35.456,391.388,1075.8
18,24.5412,-36.8052,391.413,121.122
18,44.1741,-31.2053,392.108,86.3291
18,41.72,-32.5545,391.802,258.396
18,39.2659,-31.2053,391.674,197.343
18,31.9035,-35.456,391.785,2097.86
18,36.8118,-32.5545,390.97,853.121
18,46.6282,-32.5545,392.328,94.8591
18,66.2612,-32.5545,391.784,112.954
18,51.5365,-52.4586,391.641,115.571
18,26.9953,-32.5545,391.085,1889.19
18,29.4494,-36.8052,391.494,861.761
18,31.9035,-41.0558,392.359,216.313
18,34.3577,-39.7067,391.806,894.633
18,41.72,-49.5571,391.906,122.05
18,34.3577,-36.8052,392.049,2739.09
18,36.8118,-41.0558,392.407,965.636
18,41.72,-35.456,392.606,1675.52
18,39.2659,-36.8052,392.548,3051.12
18,36.8118,-43.9573,392.431,244.799
18,36.8118,-35.456,392.66,2231.03
18,41.72,-41.0558,392.726,1820.59
18,29.4494,-39.7067,391.772,239.509
18,24.5412,-31.2053,390.562,1658.07
18,29.4494,-31.2053,389.824,1459.62
18,31.9035,-26.9547,390.562,218.032
18,29.4494,-28.3038,389.582,569.372
18,26.9953,-26.9547,389.158,743.445
18,19.6329,-28.3038,390.549,1186.13
18,17.1788,-24.0532,389.806,1418.22
18,22.0871,-26.9547,390.075,1721.06
18,22.0871,-32.5545,390.827,593.461
18,34.3577,-28.3038,390.265,179.523
18,34.3577,-31.2053,390.695,722.478
18,51.5365,-58.0584,390.547,75.2806
18,19.6329,-22.704,389.865,1128.65
18,31.9035,-32.5545,390.002,1511.91
18,22.0871,-35.456,388.708,84.3662
18,17.1788,-18.4534,388.994,829.739
18,14.7247,-19.8025,388.752,1465.05
18,26.9953,-24.0532,388.548,95.938
18,22.0871,-24.0532,388.5,867.643
18,19.6329,-19.8025,387.779,516.043
18,14.7247,-28.3038,388.928,146.781
18,14.7247,-22.704,387.464,935.716
18,12.2706,-24.0532,388.422,190.905
18,19.6329,-31.2053,388.445,389.841
18,17.1788,-26.9547,387.636,887.43
18,24.5412,-28.3038,388.811,1214.31
18,17.1788,-32.5545,388.38,97.954
18,24.5412,-22.704,388.823,234.01
18,9.81648,-19.8025,386.485,193.345
18,17.1788,-15.5519,386.628,159.27
18,12.2706,-18.4534,385.651,336.794
18,9.81648,-22.704,386.563,113.873
18,206.146,-62.3768,217.917,83.2464
18,-245.412,-62.3768,129.987,47.1492
19,206.146,-62.3768,139.894,84.5552
20,63.8071,31.2053,980.217,1464.49
20,29.4494,22.704,978.273,212.692
20,66.2612,26.9547,976.836,181.937
20,22.0871,9.95207,974.61,4139.24
20,24.5412,19.8025,974.55,99.4311
20,66.2612,24.0532,972.882,1191.03
20,14.7247,5.70141,971.787,1596.17
20,22.0871,18.4534,971.766,379.995
20,63.8071,22.704,969.173,88.6999
20,24.5412,14.2027,969.826,891.362
20,19.6329,19.8025,970.428,209.926
20,24.5412,11.3012,965.584,3369.85
20,68.7153,22.704,954.428,3006.93
20,36.8118,24.0532,949.629,2480.28
20,17.1788,15.5519,941.075,1648.94
20,71.1694,24.0532,935.793,1009
20,34.3577,22.704,923.738,1323.65
20,68.7153,31.2053,921.647,1009.39
20,26.9953,9.95207,919.38,194.697
20,66.2612,35.456,919.36,418.807
20,17.1788,7.05056,917.376,937.543
20,71.1694,32.5545,917.552,193.953
20,68.7153,36.8052,916.881,79.5585
20,68.7153,28.3038,916.018,124.366
20,39.2659,22.704,915.544,116.242
20,19.6329,5.70141,913.096,184.723
20,22.0871,7.05056,913.183,3642.93
20,14.7247,11.3012,912.546,90.2677
20,61.3529,24.0532,910.293,92.4312
20,66.2612,32.5545,908.564,200.728
20,63.8071,14.2027,883.177,1978.89
20,9.81648,2.7999,881.39,2057.17
20,24.5412,5.70141,874.4,2433.98
20,31.9035,7.05056,866.725,332.587
20,61.3529,18.4534,864.084,107.142
20,63.8071,11.3012,864.47,990.439
20,31.9035,-1.45075,863.102,723.148
20,61.3529,15.5519,859.152,336.576
20,63.8071,5.70141,856.575,229.21
20,61.3529,9.95207,850.652,125.527
20,29.4494,-5.70141,849.172,104.324
20,66.2612,7.05056,846.355,325.313
20,31.9035,-7.05056,832.044,247.024
20,39.2659,11.3012,831.924,681.945
20,24.5412,2.7999,813.575,1680.35
20,73.6235,11.3012,788.457,94.2982
20,14.7247,-2.7999,788.154,117.07
20,22.0871,1.45075,744.223,281.241
20,206.146,-62.3768,155.316,60.5454
21,-39.2659,11.3012,978.784,2048.21
21,-63.8071,14.2027,978.062,1918.19
21,-36.8118,7.05056,969.754,132.719
21,-44.1741,11.3012,966.816,126.484
21,-34.3577,2.7999,965.472,101.83
21,-19.6329,-2.7999,960.801,156.533
21,-71.1694,15.5519,961.048,303.05
21,-68.7153,19.8025,961.375,952.064
21,-26.9953,1.45075,961.088,572.344
21,-71.1694,9.95207,961.273,218.524
21,-68.7153,14.2027,961.358,868.585
21,-66.2612,18.4534,961.028,88.4671
21,-41.72,7.05056,958.249,146.063
21,-22.0871,-1.45075,959.053,125.329
21,-31.9035,-7.05056,958.632,880.26
21,-31.9035,1.45075,958.669,79.9801
21,-22.0871,-7.05056,956.816,474.075
21,-66.2612,9.95207,957.892,627.919
21,-63.8071,19.8025,955.327,185.619
21,-29.4494,-2.7999,954.252,123.134
21,-22.0871,7.05056,947.983,2786.63
21,-26.9953,9.95207,937.344,966.428
21,-22.0871,9.95207,937.593,3067.05
21,-66.2612,7.05056,929.942,241.613
21,-24.5412,11.3012,927.543,2781.4
21,-9.81648,2.7999,925.339,797.066
21,-63.8071,11.3012,924.672,295.948
21,-31.9035,7.05056,925.119,106.696
21,-63.8071,5.70141,919.622,103.624
21,-19.6329,11.3012,905.517,1340.77
21,-68.7153,22.704,899.001,2087.29
21,-17.1788,15.5519,894.78,900.634
21,-66.2612,32.5545,895.073,1553.83
21,-71.1694,24.0532,893.864,562.463
21,-34.3577,22.704,893.028,678.925
21,-29.4494,22.704,892.832,714.753
21,-31.9035,24.0532,879.317,757.199
21,-17.1788,7.05056,875.059,217.596
21,-66.2612,24.0532,852.167,1875.13
21,-14.7247,5.70141,848.303,1949.86
21,-19.6329,14.2027,846.751,1972.47
21,-63.8071,31.2053,837.101,1423.3
21,-66.2612,26.9547,834.145,582.245
21,-63.8071,22.704,830.019,254.292
21,-24.5412,19.8025,827.84,584.863
21,-19.6329,5.70141,804.903,156.324
21,-22.0871,15.5519,801.712,523.836
21,-61.353,24.0532,773.869,250.157
21,-58.8988,31.2053,772.025,107.981
21,-14.7247,11.3012,770.889,270.579
21,-12.2706,18.4534,735.428,77.0928
21,206.146,-62.3768,255.663,46.8331
21,206.146,-62.3768,166.364,61.0119
22,-63.8071,14.2027,960.338,863.011
22,-39.2659,11.3012,960.426,947.687
22,-31.9035,-7.05056,959.459,383.532
22,-66.2612,9.95207,940.216,260.908
22,-68.7153,14.2027,941.124,818.613
22,-71.1694,9.95207,940.971,187.745
22,-26.9953,1.45075,941.267,522.883
22,-68.7153,19.8025,941.792,898.252
22,-71.1694,15.5519,940.955,282.106
22,-66.2612,18.4534,939.08,84.4364
22,-19.6329,-2.7999,938.861,127.167
22,-22.0871,-1.45075,937.846,99.0042
22,-19.6329,11.3012,924.209,899.882
22,-22.0871,7.05056,910.13,2252.2
22,-19.6329,14.2027,909.848,461.763
22,-22.0871,9.95207,904.096,2175.22
22,-26.9953,9.95207,895.745,1452.16
22,-24.5412,11.3012,890.848,2217.38
22,-66.2612,7.05056,873.073,85.5434
22,-9.81648,2.7999,873.405,304.159
22,-63.8071,11.3012,870.351,110.521
22,-71.1694,24.0532,833.304,486.256
22,-34.3577,22.704,831.736,471.061
22,-66.2612,32.5545,831.37,837.243
22,-68.7153,22.704,832.415,1103.12
22,-19.6329,11.3012,829.268,389.887
22,-31.9035,24.0532,829.539,387.788
22,-29.4494,22.704,830.018,372.962
22,-24.5412,14.2027,806.253,250.77
22,-19.6329,14.2027,804.485,1342.22
22,-17.1788,15.5519,798.817,674.435
22,-66.2612,24.0532,772.27,1062.89
22,-66.2612,26.9547,771.021,278.071
22,-14.7247,5.70141,771.97,962.152
22,-63.8071,31.2053,746.501,816.976
22,-24.5412,19.8025,740.838,437.949
22,-17.1788,7.05056,739.114,227.06
22,-22.0871,15.5519,739.791,707.482
22,-14.7247,11.3012,669.288,463.921
22,-61.353,24.0532,659.146,430.211
22,-14.7247,19.8025,616.587,274.743
22,-17.1788,18.4534,609.617,340.613
22,-12.2706,18.4534,593.751,406.207
22,115.344,66.5598,494.547,1163.66
22,105.527,83.5624,495.13,116.414
22,88.3482,65.2106,494.719,154.749
22,112.889,87.8808,494.986,421.979
22,85.8941,66.5598,494.827,119.601
22,95.7106,92.0637,494.595,263.295
22,78.5318,62.3091,494.549,165.864
22,90.8024,66.5598,494.569,91.2247
22,85.8941,77.9626,494.58,102.637
22,103.073,65.2106,494.89,114.498
22,103.073,87.813,494.639,218.985
22,117.798,73.8474,495.471,842.968
22,107.981,73.7119,493.431,613.231
22,107.981,79.3117,494.234,528.645
22,115.344,69.4613,492.923,2266.01
22,112.889,73.7119,493.716,4094.91
22,98.1647,65.2106,493.366,181.981
22,110.435,75.0611,493.778,2414.64
22,83.44,79.3117,494.46,85.3521
22,76.0776,66.5598,493.845,150.678
22,112.889,70.8104,493.197,4205.97
22,90.8023,69.4613,493.781,159.513
22,117.798,65.2106,493.924,114.287
22,110.435,58.0584,492.956,2422.29
22,103.073,62.3091,492.959,89.9516
22,110.435,77.9626,494.207,2213.89
22,107.981,62.3091,493.243,2836.18
22,83.44,65.2106,494.521,78.4921
22,105.527,66.5598,493.494,225.735
22,107.981,65.2106,493.831,1580.43
22,100.619,58.0584,492.76,76.2574
22,117.798,62.3091,494.241,82.5411
22,115.344,60.9599,493.676,287.33
22,93.2565,62.3091,494.076,95.5806
22,112.889,62.3091,493.592,2037.03
22,110.435,66.5598,494.074,3645.72
22,88.3482,56.7093,494.49,88.9555
22,90.8023,60.9599,493.927,155.919
22,110.435,60.9599,493.459,3279.64
22,85.8941,58.0584,493.935,227.519
22,88.3482,62.3091,493.721,152.017
22,115.344,58.0584,493.217,111.144
22,112.889,65.2106,494.294,3030.24
22,105.527,86.4639,494.452,131.911
22,117.798,79.3795,494.117,918.635
22,98.1647,90.7145,494.361,153.48
22,112.889,82.3487,494.511,2455.42
22,107.981,70.8104,492.77,908.585
22,107.981,82.2132,494.323,378.559
22,85.8941,69.4613,493.489,115.85
22,110.435,69.4613,492.784,3576.61
22,-12.2706,18.4534,490.995,127.537
22,100.619,49.5571,490.944,2799.36
22,105.527,60.9599,492.523,1170.77
22,105.527,69.4613,492.491,124.575
22,98.1647,53.8078,491.172,160.836
22,100.619,52.4586,491.21,1281.39
22,112.889,56.7093,492.575,460.473
22,105.527,58.0584,492.51,2142.58
22,103.073,56.7093,491.848,969.655
22,103.073,53.8078,491.848,2042.67
22,107.981,53.8078,492.277,2387.12
22,107.981,56.7093,492.541,3075.24
22,110.435,52.4586,492.038,566.193
22,105.527,52.4586,491.862,2842.64
22,112.889,53.8078,492.258,246.405
22,100.619,41.0558,489.744,249.549
22,93.2565,48.208,490.192,268.638
22,105.527,49.5571,489.366,1489.76
22,110.435,49.5571,490.22,116.895
22,95.7106,49.5571,490.149,535.068
22,98.1647,39.7067,490.322,600.897
22,98.1647,48.208,490.626,1955.57
22,103.073,45.3065,487.993,1088.33
22,78.5318,48.208,488.517,100.213
22,98.1647,45.3065,487.889,2698.13
22,80.9859,49.5571,488.142,96.9005
22,100.619,43.9573,487.9,1661.13
22,142.339,48.3434,488.377,43.7164
22,76.0776,49.5571,488.162,113.97
22,93.2565,45.3065,487.326,1451.29
22,103.073,48.208,488.444,2656.02
22,107.981,48.208,488.77,252.05
22,90.8024,32.5545,486.349,152.694
22,90.8023,41.0558,486.546,2374.82
22,90.8024,35.456,486.705,648.038
22,85.8941,41.0558,486.092,1315.69
22,88.3482,45.3065,487.152,222.547
22,85.8941,43.9573,487.104,156.619
22,88.3482,39.7067,486.46,1959.08
22,95.7106,43.9573,487.259,2388.43
22,90.8023,43.9573,486.542,1097.98
22,88.3482,36.8052,485.994,1670.15
22,93.2565,36.8052,485.881,550.048
22,31.9035,15.5519,487.241,79.5786
22,93.2565,39.7067,486.581,1882.43
22,34.3577,11.3012,485.62,66.1702
22,46.6282,15.5519,487.007,113.749
22,105.527,43.9573,486.821,130.659
22,85.8941,35.456,485.535,1549.15
22,44.1741,14.2027,486.725,109.316
22,85.8941,32.5545,485.745,397.665
22,76.0776,35.456,483.986,1613.39
22,83.44,31.2053,484.509,371.908
22,73.6235,36.8052,483.704,962.846
22,76.0776,32.5545,484.251,1716.24
22,78.5318,36.8052,484.351,1834.26
22,78.5318,31.2053,483.98,707.068
22,26.9953,24.0532,485.395,87.9246
22,80.9859,32.5545,484.599,1009.58
22,80.9859,35.456,484.841,2194.53
22,78.5318,39.7067,484.188,259.992
22,76.0776,41.0558,485.268,75.4633
22,83.44,36.8052,485.066,2381.59
22,80.9859,41.0558,484.748,376.54
22,83.44,39.7067,484.951,1195.9
22,73.6235,28.3038,481.835,152.195
22,71.1694,35.456,483.342,1280.91
22,73.6235,31.2053,483.528,1328.83
22,61.3529,26.9547,483.411,117.614
22,63.8071,28.3038,482.039,276.571
22,66.2612,26.9547,482.715,132.993
22,63.8071,31.2053,482.19,1638.72
22,66.2612,32.5545,482.142,1614.81
22,44.1741,28.3038,483.583,96.6847
22,68.7153,31.2053,482.413,1168.64
22,68.7153,28.3038,483.105,236.236
22,66.2612,35.456,482.822,1250.38
22,68.7153,36.8052,482.772,538.428
22,71.1694,32.5545,483.029,2010.22
22,71.1694,26.9547,483.206,76.4234
22,73.6235,39.7067,483.131,104.719
22,130.068,43.9573,482.06,73.0909
22,83.44,53.8078,482.535,76.1193
22,63.8071,36.8052,481.731,533.702
22,51.5365,32.5545,480.259,1289.48
22,125.16,43.9573,481.559,78.2996
22,53.9906,31.2053,480.629,1050.32
22,49.0824,28.3038,480.082,99.106
22,53.9906,28.3038,480.603,152.885
22,56.4447,32.5545,480.52,1729.4
22,58.8988,31.2053,481.413,1404.1
22,61.3529,35.456,481.76,1067.65
22,58.8988,36.8052,481.417,651.719
22,58.8988,39.7067,481.104,74.9937
22,53.9906,39.7067,480.967,108.991
22,56.4447,35.456,480.515,1294.79
22,58.8988,28.3038,481.517,296.882
22,61.3529,32.5545,481.507,2219.81
22,39.2659,36.8052,478.687,1426.52
22,36.8118,32.5545,478.4,103.731
22,39.2659,39.7067,478.816,1278.57
22,36.8118,35.456,478.251,716.346
22,44.1741,36.8052,479.802,1298.48
22,39.2659,31.2053,479.768,116.583
22,41.72,35.456,479.294,1090.75
22,41.72,41.0558,479.05,397.327
22,36.8118,43.9573,478.594,258.725
22,34.3577,36.8052,478.19,807.905
22,53.9906,36.8052,479.958,606.443
22,51.5365,35.456,479.815,1205.98
22,49.0824,36.8052,479.356,1167.35
22,46.6282,35.456,479.06,1417.28
22,49.0824,31.2053,479.708,724.685
22,46.6282,32.5545,479.206,866.313
22,44.1741,39.7067,478.236,519.469
22,44.1741,31.2053,478.204,260.86
22,46.6282,41.0558,478.194,100.292
22,41.72,32.5545,478.472,297.617
22,49.0824,39.7067,479.469,99.168
22,36.8118,41.0558,478.071,824.003
22,34.3577,45.3065,477.383,239.902
22,31.9035,35.456,478.008,129.604
22,34.3577,39.7067,477.977,1311.14
22,29.4494,39.7067,477.414,758.731
22,31.9035,43.9573,477.202,853.979
22,29.4494,36.8052,477.225,134.38
22,31.9035,41.0558,477.322,1346.32
22,26.9953,41.0558,476.783,699.598
22,29.4494,45.3065,476.6,825.119
22,24.5412,39.7067,476.418,154.885
22,17.1788,49.5571,474.957,660.164
22,24.5412,53.8078,474.557,91.1278
22,26.9953,49.5571,475.141,238.31
22,24.5412,48.208,475.319,968.689
22,22.0871,49.5571,475.18,1174.75
22,29.4494,48.208,476.087,203.643
22,26.9953,43.9573,476.257,1373.97
22,24.5412,45.3065,475.562,1239.09
22,22.0871,41.0558,475.962,88.5608
22,22.0871,43.9573,475.605,531.015
22,14.7247,48.208,475.206,173.705
22,17.1788,43.9573,474.828,82.9574
22,19.633,48.208,475.004,1093.17
22,19.633,45.3065,475.442,384.887
22,17.1788,58.0584,473.692,524.884
22,17.1788,60.9599,473.662,147.92
22,19.633,56.7093,474.147,229.259
22,19.633,53.8078,474.158,693.363
22,12.2706,52.4586,473.466,514.712
22,12.2706,58.0584,473.058,1399.14
22,22.0871,52.4586,473.617,329.331
22,17.1788,52.4586,474.221,1162.45
22,14.7247,53.8078,473.583,1176.64
22,14.7247,56.7093,473.286,1504.24
22,9.81649,53.8078,473.279,356.602
22,9.81649,56.7093,472.786,746.057
22,12.2706,49.5571,473.629,147.022
22,7.36237,60.9599,472.093,892.964
22,-4.90824,79.3117,471.036,184.667
22,-2.45413,77.9626,471.196,809.391
22,9.81649,65.2106,471.49,1077.57
22,9.81649,62.3091,472.1,1631.19
22,-7.36236,86.4639,471.305,89.2921
22,12.2706,60.9599,472.55,1127.1
22,12.2706,66.5598,471.958,252.824
22,7.36237,58.0584,472.558,338.015
22,-2.45413,75.0611,471.489,229.556
22,7.36234,66.5598,470.988,1513.61
22,14.7247,62.3091,472.516,207.979
22,2.45411,60.9599,472.36,69.8632
22,-9.53674e-06,70.8104,471.766,548.051
22,2.4541,66.5598,471.065,506.643
22,4.90822,65.2106,470.965,986.37
22,-1.14441e-05,65.2106,471.894,129.035
22,4.90822,62.3091,471.421,588.256
22,-2.45413,66.5598,469.178,107.311
22,-2.45412,86.4639,469.816,1216.45
22,-2.45413,69.4613,470.161,88.7582
22,-4.90825,53.8078,470.072,63.5599
22,-2.45413,83.5624,469.837,1387.52
22,-4.90824,82.2132,470.207,338.461
22,-9.53674e-06,79.3117,470.353,1666.74
22,2.45411,75.0611,469.307,1498.52
22,7.36234,77.9626,470.725,62.6248
22,4.90822,73.7119,469.586,831.312
22,7.36234,75.0611,469.825,217.265
22,9.81646,70.8104,470.368,208.434
22,-9.53674e-06,73.7119,469.441,875.661
22,4.90822,70.8104,470.402,1538.45
22,2.45411,69.4613,470.225,977.804
22,7.36234,69.4613,470.504,1167.02
22,12.2706,69.4613,470.552,76.3372
22,-4.90824,96.3143,467.353,1433.4
22,-250.32,2.86764,468.273,1578.81
22,-7.36236,94.9652,467.48,478.133
22,-2.45413,92.0637,468.609,1540.48
22,-4.90824,90.7145,467.864,904.308
22,-7.36236,92.0637,468.674,360.259
22,-7.62939e-06,87.813,468.833,1173.33
22,-4.90824,87.813,469.053,648.276
22,-7.36236,52.4586,467.354,88.3041
22,-7.36236,100.565,467.368,659.504
22,-9.81647,90.7145,468.857,86.5606
22,-2.45412,94.9652,467.804,1626.2
22,2.45411,83.5624,467.588,740.171
22,2.45411,86.4639,467.444,401.586
22,4.90822,82.2132,467.69,237.253
22,2.45411,77.9626,468.817,1506.03
22,4.90822,79.3117,469.068,377.68
22,-5.72205e-06,96.3143,467.236,661.867
22,-9.81647,104.816,466.543,84.578
22,-9.81647,107.717,466.27,135.229
22,-4.90824,104.816,465.501,1418.5
22,-7.36236,103.467,466.003,660.473
22,-5.72205e-06,104.816,466.672,474.201
22,-2.45412,103.467,466.208,1702.34
22,-9.81647,99.2159,466.684,200.156
22,-4.90824,99.2159,466.545,1613.9
22,-7.62939e-06,90.7145,466.719,971.008
22,-2.45412,100.565,466.776,1572.55
22,2.45411,94.9652,467.223,111.858
22,-5.72205e-06,99.2159,465.882,501.229
22,2.45411,92.0637,467.161,181.392
22,-9.81647,96.3143,466.412,74.8378
22,-4.90824,116.218,464.13,1029.08
22,-2.45412,109.066,465.185,1171.63
22,-7.36235,111.968,464.701,448.393
22,-3.8147e-06,113.317,464.443,556.027
22,-2.45412,111.968,464.908,1348.96
22,-4.90824,107.717,465.144,1367.38
22,-7.36236,109.066,465.189,480.378
22,-7.36236,117.568,464.656,167.519
22,-4.90824,113.317,464.472,1111.92
22,-5.72205e-06,107.717,464.098,442.936
22,4.90823,116.218,463.349,72.8706
22,-2.45412,128.97,461.944,944.943
22,-2.45412,120.469,462.905,1212.81
22,-2.45412,117.568,463.38,1441.23
22,2.45411,100.565,463.283,117.753
22,4.90823,121.818,463.403,69.6441
22,2.45411,109.066,463.005,81.9059
22,-3.8147e-06,116.218,461.943,687.921
22,2.45411,111.968,463.195,131.053
22,-4.90824,124.72,462.449,272.462
22,-1.90735e-06,121.818,463.203,1007.52
22,-2.45412,126.069,461.536,1087.54
22,-2.45412,134.57,460.904,343.427
22,-4.90823,133.221,460.948,105.643
22,-1.90735e-06,124.72,460.985,1254.77
22,-7.36235,120.469,461.582,136.59
22,-4.90824,121.818,461.431,625.863
22,-4.90823,130.32,461.802,189.423
22,4.90823,130.32,460.083,512.519
22,0,130.32,461.369,1293.56
22,2.45411,117.568,460.977,304.436
22,2.45411,120.469,461.051,338.945
22,7.36235,134.57,458.661,329.525
22,0,133.221,458.844,981.76
22,4.90823,133.221,458.601,716.557
22,2.45412,134.57,458.969,1376.4
22,2.45412,126.069,459.55,602.689
22,2.45412,128.97,459.862,904.412
22,7.36235,128.97,459.723,76.1775
22,1.90735e-06,141.858,459.425,185.983
22,17.1788,134.57,456.542,90.896
22,9.81647,158.861,457.539,59.287
22,14.7247,155.891,456.706,840.527
22,26.9953,120.469,457.506,85.498
22,14.7247,150.359,457.281,562.193
22,9.81647,147.39,456.405,773.291
22,19.6329,130.32,456.699,84.1935
22,4.90824,138.889,457.671,906.103
22,9.81647,141.858,457.302,420.039
22,3.8147e-06,147.39,457.64,59.4347
22,29.4494,158.861,454.904,86.1615
22,4.90824,150.359,456.01,174.429
22,24.5412,104.816,456.268,90.3081
22,19.6329,158.861,455.653,743.939
22,24.5412,107.717,455.915,107.794
22,19.6329,164.393,455.331,493.322
22,24.5412,155.891,455.905,115.306
22,34.3576,167.362,452.854,456.314
22,29.4494,164.393,453.83,483.017
22,24.5412,172.894,453.242,96.3225
22,24.5412,167.362,453.961,632.516
22,34.3577,99.2159,451.452,82.5153
22,34.3576,172.894,452.046,785.302
22,39.2659,175.863,451.24,781.198
22,26.9953,77.9626,451.026,85.496
22,29.4494,175.863,452.196,101.542
22,44.1741,172.894,450.97,430.041
22,39.2659,181.395,450.492,95.1473
22,44.1741,184.364,450.073,69.3866
22,49.0823,181.395,447.703,519.221
22,49.0823,175.863,448.261,475.056
22,58.8988,181.395,445.793,788.379
22,58.8988,175.863,446.405,103.792
22,53.9906,184.364,446.652,440.445
22,41.72,111.968,445.783,85.2773
22,68.7153,181.395,444.314,606.607
22,63.807,184.364,445.09,808.193
22,63.8071,189.897,444.227,101.827
22,73.6235,189.897,443.133,151.169
22,73.6236,184.364,443.138,769.659
22,78.5318,181.395,442.142,447.728
22,78.5318,192.866,442.498,52.1257
22,83.44,184.364,441.617,735.663
22,88.3483,181.395,440.298,514.342
22,83.44,189.897,441.438,178.676
22,98.1647,181.395,438.716,676.842
22,103.073,189.897,438.552,45.8983
22,93.2565,189.897,439.914,91.3616
22,103.073,184.364,438.251,636.412
22,93.2565,184.364,439.797,741.581
22,107.981,181.395,437.425,712.14
22,112.889,184.364,436.761,261.404
22,122.706,184.364,436.798,50.6226
22,107.981,175.863,437.148,278.551
22,117.798,181.395,436.122,322.31
22,117.798,175.863,435.493,644.084
22,112.889,172.894,435.394,76.1468
22,127.614,175.863,433.556,597.182
22,122.706,167.362,432.785,68.3119
22,122.706,172.894,434.254,707.706
22,127.614,164.393,432.222,97.9409
22,132.522,167.362,431.652,549.373
22,132.522,172.894,432.017,490.597
22,137.431,164.393,430.685,640.561
22,137.431,158.861,429.904,127.557
22,142.339,167.362,430.432,304.041
22,137.431,175.863,430.734,48.5448
22,147.247,164.393,429.502,159.61
22,147.247,158.861,428.974,672.586
22,157.064,141.858,427.288,383.17
22,147.247,147.39,428.817,46.8978
22,152.155,150.359,428.547,536.112
22,142.339,155.891,428.983,281.678
22,152.155,155.891,427.996,473.592
22,161.972,150.359,428.115,70.2932
22,157.064,147.39,426.377,668.312
22,166.88,141.858,426.156,100.135
22,161.972,138.889,426.746,577.86
22,166.88,130.387,424.485,586.696
22,161.972,133.357,425.169,408.751
22,171.788,133.357,424.023,86.8438
22,176.696,113.385,421.859,273.999
22,166.88,124.855,421.897,503.533
22,176.696,107.853,420.486,366.165
22,166.88,107.853,420.184,54.4213
22,181.605,104.883,420.356,56.1235
22,171.788,104.883,420.502,378.565
22,166.88,113.385,420.035,92.4328
22,171.788,116.354,420.315,587.882
22,171.788,121.886,421.383,482.576
22,176.696,96.3821,419.045,425.983
22,181.605,99.3513,418.231,100.064
22,171.788,99.3513,419.304,327.159
22,181.605,87.8808,417.123,123.614
22,176.697,90.85,417.711,488.757
22,171.788,87.8808,417.275,244.18
22,181.605,82.3487,416.307,61.3872
22,171.788,82.3487,415.415,250.396
22,176.697,73.8474,414.757,396.312
22,176.697,79.3795,415.98,397.397
22,171.788,65.3461,413.362,517.685
22,166.88,62.3768,412.997,165.035
22,171.788,70.8781,413.983,378.042
22,161.972,53.8755,411.694,68.9962
22,171.788,53.8755,411.703,462.434
22,166.88,56.8448,411.749,323.704
22,176.697,56.8448,411.783,95.4678
22,176.697,62.3768,412.558,200.381
22,166.88,45.3742,409.284,413.078
22,161.972,48.3434,409.354,131.89
22,171.788,48.3434,410.176,154.092
22,166.88,39.8421,408.3,247.419
22,161.972,36.8729,407.332,414.722
22,157.064,28.3716,405.785,432.515
22,161.972,31.3408,406.156,278.264
22,157.064,39.8421,406.985,116.208
22,147.247,22.8395,405.607,353.751
22,142.339,19.8025,403.79,102.729
22,152.155,19.8703,403.825,424.997
22,147.247,28.3716,403.999,52.1626
22,147.247,11.3012,403.933,177.648
22,142.339,14.2027,404.175,543.473
22,147.247,14.2027,404.63,575.712
22,144.793,15.5519,404.143,705.509
22,152.155,14.3382,404.978,112.525
22,139.885,18.4534,404.775,90.8903
22,157.064,22.8395,404.779,218.917
22,152.155,31.3408,405.249,145.954
22,144.793,18.4534,404.375,485.341
22,144.793,9.95207,403.445,185.452
22,139.885,15.5519,403.43,180.517
22,142.339,11.3012,403.235,623.707
22,139.885,7.05056,402.775,421.743
22,137.431,2.7999,401.958,246.241
22,142.339,5.70141,402.984,110.255
22,137.431,14.2027,402.557,142.503
22,134.976,9.95207,402.203,379.648
22,139.885,9.95207,402.931,529.08
22,144.793,7.05056,403.006,125.941
22,137.431,11.3012,402.671,336.833
22,132.522,2.7999,401.169,429.886
22,134.976,7.05056,401.669,694.39
22,127.614,5.70141,400.39,254.317
22,134.976,1.45075,401.48,304.225
22,130.068,7.05056,400.963,332.831
22,125.16,-7.05056,400.5,119.088
22,127.614,2.7999,400.526,652.521
22,125.16,1.45075,400.169,548.999
22,137.431,5.70141,400.262,534.628
22,132.522,5.70141,401.062,786.771
22,115.344,-9.95207,398.726,232.422
22,122.706,-2.7999,399.613,655.297
22,125.16,-1.45075,399.57,774.822
22,127.614,-2.7999,399.506,346.728
22,120.252,-1.45075,398.745,634.703
22,120.252,-7.05056,398.347,383.384
22,130.068,-1.45075,399.396,351.243
22,120.252,1.45075,398.956,124.796
22,117.798,-5.70141,398.194,844.342
22,115.344,-7.05056,398.325,681.879
22,122.706,2.7999,399.68,175.222
22,117.798,-2.7999,398.498,701.981
22,130.068,1.45075,399.579,667.607
22,122.706,-5.70141,398.88,365.502
22,107.981,-11.3012,396.562,580.683
22,112.889,-11.3012,397.664,150.05
22,117.798,-11.3012,397.985,101.904
22,110.435,-9.95207,397.366,585.995
22,112.889,-14.2027,396.614,100.301
22,112.889,-5.70141,397.549,480.754
22,110.435,-7.05056,397.168,602.347
22,112.889,-2.7999,394.791,261.95
22,100.619,-9.95207,395.851,621.762
22,95.7106,-9.95207,394.734,394.04
22,103.073,-14.2027,395.573,401.844
22,115.344,-1.45075,396.358,261.889
22,105.527,-15.5519,395.8,90.6986
22,98.1647,-11.3012,395.383,699.49
22,93.2565,-14.2027,394.609,639.284
22,100.619,-7.05056,396.201,130.162
22,93.2565,-11.3012,394.688,417.088
22,100.619,-15.5519,394.914,283.125
22,107.981,-14.2027,396.127,96.8674
22,98.1647,-14.2027,394.845,556.226
22,95.7106,-15.5519,394.644,440.741
22,105.527,-7.05056,396.201,385.969
22,105.527,-9.95207,396.14,652.422
22,103.073,-11.3012,395.481,516.979
22,107.981,-5.70141,396.262,351.335
22,90.8024,-15.5519,393.955,565.926
22,88.3483,-14.2027,392.789,670.794
22,88.3483,-11.3012,393.399,313.515
22,90.8024,-9.95207,393.961,205.191
22,90.8024,-18.4534,394.154,199.601
22,85.8941,-9.95207,392.796,84.8045
22,83.44,-11.3012,392.585,173.315
22,78.5318,-19.8025,391.887,248.73
22,85.8941,-15.5519,392.614,475.069
22,83.44,-14.2027,392.003,575.928
22,78.5318,-11.3012,392.182,146.25
22,80.9859,-15.5519,392.15,575.714
22,73.6235,-19.8025,391.341,228.947
22,78.5318,-14.2027,391.417,667.553
22,76.0776,-15.5519,391.389,576.363
22,80.9859,-18.4534,391.487,361.773
22,73.6235,-14.2027,390.954,592.236
22,83.44,-19.8025,391.97,157.008
22,88.3483,-19.8025,392.471,91.4206
22,85.8941,-18.4534,392.712,425.905
22,68.7153,-11.3012,389.541,94.3104
22,63.8071,-14.2027,389.537,602.73
22,76.0776,-18.4534,390.875,395.021
22,68.7153,-19.8025,389.258,234.62
22,71.1694,-18.4534,390.518,399.459
22,68.7153,-14.2027,390.022,418.605
22,66.2612,-15.5519,390.107,693.867
22,61.3529,-15.5519,389.093,608.17
22,63.8071,-19.8025,389.149,250.518
22,73.6235,-11.3012,390.359,131.478
22,71.1694,-15.5519,390.683,732.437
22,61.3529,-18.4534,388.505,302.782
22,58.8988,-14.2027,387.973,534.126
22,56.4447,-9.95207,387.921,101.023
22,56.4447,-15.5519,388.007,650.202
22,58.8988,-11.3012,388.807,153.671
22,66.2612,-18.4534,388.913,385.262
22,63.8071,-11.3012,388.614,81.7061
22,53.9906,-14.2027,386.511,481.52
22,51.5365,-15.5519,386.906,505.502
22,58.8988,-19.8025,385.71,135.225
22,56.4447,-18.4534,386.277,354.506
22,53.9906,-19.8025,385.921,149.661
22,49.0824,-11.3012,386.569,303.506
22,53.9906,-11.3012,386.637,169.37
22,51.5365,-9.95207,386.214,95.3261
22,49.0824,-14.2027,386.377,442.038
22,46.6282,-9.95207,385.837,126.044
22,51.5365,-18.4534,384.704,284.174
22,46.6282,-15.5519,384.191,352.992
22,44.1741,-19.8025,383.818,106.955
22,41.72,-9.95207,382.466,177.808
22,44.1741,-11.3012,382.594,277.925
22,41.72,-15.5519,383.358,204.595
22,39.2659,-14.2027,382.563,342.486
22,44.1741,-14.2027,383.467,424.666
22,39.2659,-11.3012,381.851,354.905
22,36.8118,-15.5519,381.648,229.093
22,29.4494,-11.3012,380.734,287.987
22,36.8118,-9.95207,381.176,258.905
22,34.3577,-11.3012,381.311,336.197
22,29.4494,-5.70141,380.389,134.124
22,31.9035,-7.05056,381.171,172.872
22,31.9035,-9.95207,381.522,277.528
22,26.9953,-9.95207,380.2,425.032
22,34.3577,-14.2027,381.419,149.697
22,29.4494,-14.2027,381.231,94.5511
22,24.5412,-2.7999,379.104,151.662
22,22.0871,-9.95207,379.334,220.11
22,26.9953,-7.05056,379.346,414.701
22,24.5412,-5.70141,378.831,357.574
22,24.5412,-11.3012,379.945,228.409
22,22.0871,-7.05056,378.016,242.059
22,39.2659,96.3143,163.672,77.7507
24,93.2565,56.7093,977.554,1804.89
24,93.2565,62.3091,977.582,4319.84
24,122.706,65.3461,968.002,94.3034
24,88.3482,56.7093,968.539,546.66
24,115.344,60.9599,968.68,2640.49
24,161.972,82.3487,968.61,166.766
24,112.889,62.3091,969.004,3132.87
24,166.88,90.85,967.615,81.2477
24,120.252,52.4586,967.182,95.9674
24,95.7106,60.9599,965.263,4335.35
24,110.435,60.9599,963.731,180.651
24,90.8023,60.9599,958.562,1055.27
24,117.798,62.3091,957.34,896.778
24,95.7106,58.0584,956.435,4263.83
24,90.8023,58.0584,954.715,1212.17
24,152.155,70.8781,949.733,115.655
24,176.696,113.385,949.3,173.228
24,100.619,60.9599,943.288,200.844
24,152.155,53.8755,942.769,131.844
24,127.614,62.3768,942.656,647.402
24,103.073,62.3091,943.349,261.677
24,105.527,60.9599,942.758,405.66
24,98.1647,53.8078,942.942,2589.43
24,157.064,56.8448,941.394,206.536
24,152.155,65.3461,941.6,82.6361
24,93.2565,53.8078,937.352,4244.15
24,107.981,62.3091,927.953,197.451
24,98.1647,56.7093,925.822,407.885
24,120.252,60.9599,925.636,2312.05
24,132.522,65.3461,925.698,524.258
24,117.798,73.8474,925.346,81.1056
24,95.7106,52.4586,924.836,4275.86
24,103.073,65.2106,925.249,556.177
24,100.619,41.0558,925.233,137.867
24,90.8024,52.4586,915.806,2520.66
24,142.339,70.8781,913.802,98.1857
24,105.527,66.5598,914.25,125.854
24,95.7106,49.5571,912.751,4256.65
24,93.2565,48.208,911.409,4177.09
24,90.8024,49.5571,908.452,3223.74
24,112.889,65.2106,905.584,74.98
24,100.619,52.4586,904.349,386.957
24,88.3482,65.2106,904.637,66.8573
24,98.1647,48.208,902.773,185
24,105.527,58.0584,902.575,135.294
24,107.981,56.7093,900.498,48.7177
24,103.073,53.8078,898.519,150.937
24,103.073,56.7093,898.648,261.011
24,137.431,62.3768,898.173,76.844
24,100.619,58.0584,897.561,1442.57
24,107.981,65.2106,897.374,414.392
24,83.44,65.2106,897.031,742.767
24,93.2565,45.3065,891.696,4435.33
24,88.3482,48.208,887.229,105.712
24,83.44,48.208,882.293,128.056
24,90.8023,43.9573,881.502,4464.88
24,78.5318,53.8078,880.245,405.064
24,76.0776,52.4586,880.946,97.8876
24,95.7106,43.9573,881.303,3767.84
24,103.073,48.208,879.838,2188.82
24,142.339,53.8755,879.8,370.458
24,73.6235,53.8078,879.547,277.967
24,76.0776,49.5571,877.882,279.964
24,98.1647,45.3065,877.871,137.514
24,142.339,48.3434,877.429,95.9381
24,88.3482,45.3065,872.921,235.46
24,130.068,43.9573,870.974,562.309
24,83.44,53.8078,870.931,1110.55
24,90.8023,41.0558,872.257,3233.25
24,78.5318,56.7093,871.088,123.678
24,41.72,26.9547,870.234,115.578
24,83.44,45.3065,870.597,105.885
24,127.614,56.8448,870.884,280.883
24,51.5365,35.456,870.672,671.279
24,49.0824,36.8052,870.592,549.789
24,93.2565,39.7067,866.837,2878.67
24,93.2565,36.8052,854.909,3030.46
24,80.9859,18.4534,855.78,62.0307
24,58.8988,22.704,852.765,586.285
24,46.6282,15.5519,852.665,2554.81
24,93.2565,31.2053,851.854,745.234
24,95.7106,32.5545,851.773,832.404
24,98.1647,31.2053,851.758,473.509
24,80.9859,15.5519,852.474,183.588
24,95.7106,41.0558,851.982,1462.81
24,98.1647,36.8052,852.01,173.249
24,49.0824,22.704,849.767,689.117
24,78.5318,14.2027,850.901,828.737
24,31.9035,15.5519,850.436,2130.19
24,90.8024,35.456,850.214,2912.53
24,88.3482,39.7067,850.211,3839.75
24,76.0776,15.5519,845.977,202.947
24,88.3482,36.8052,846.313,3881.59
24,41.72,24.0532,833.171,1188.76
24,44.1741,14.2027,832.53,1361.44
24,90.8024,32.5545,830.335,2938.24
24,88.3483,31.2053,826.6,2364.02
24,85.8941,35.456,820.897,1163.42
24,44.1741,22.704,818.43,1565.15
24,85.8941,32.5545,814.71,3133.78
24,46.6282,24.0532,815.996,1582.97
24,88.3483,28.3038,807.72,3325.42
24,34.3577,19.8025,806.042,2298.9
24,85.8941,41.0558,806.763,1028.6
24,31.9035,18.4534,806.825,2277.23
24,93.2565,28.3038,806.489,145.973
24,41.72,15.5519,805.143,773.159
24,36.8118,18.4534,805.153,453.111
24,39.2659,14.2027,802.899,189.85
24,83.44,31.2053,795.37,874.414
24,85.8941,26.9547,795.699,3933.78
24,88.3483,14.2027,794.109,606.753
24,44.1741,-11.3012,794.02,317.796
24,90.8024,15.5519,794.509,178.632
24,46.6282,9.95207,794.09,1303.75
24,44.1741,-5.70141,793.842,711.224
24,90.8024,18.4534,793.954,690.981
24,44.1741,5.70141,793.867,389.856
24,90.8024,24.0532,793.593,1636.85
24,90.8024,26.9547,792.523,1332.58
24,85.8941,24.0532,785.849,3233.79
24,83.44,28.3038,784.986,2866.28
24,34.3577,11.3012,779.221,323.011
24,83.44,39.7067,779.518,213.779
24,39.2659,19.8025,779.844,1773.79
24,80.9859,41.0558,779.415,821.147
24,83.44,36.8052,779.508,915.15
24,41.72,18.4534,779.69,1881.21
24,44.1741,19.8025,776.792,108.76
24,83.44,22.704,777.166,1888.98
24,83.44,19.8025,771.065,2137.47
24,88.3483,22.704,771.865,1997.07
24,44.1741,-2.7999,771.145,870.252
24,36.8118,1.45075,770.678,1914.94
24,80.9859,26.9547,769.287,705.941
24,39.2659,2.7999,770.687,1894.72
24,41.72,-9.95207,770.338,865.725
24,39.2659,-11.3012,769.686,262.844
24,88.3483,19.8025,764.859,663.649
24,34.3577,2.7999,765.217,267.291
24,80.9859,24.0532,763.382,2563.66
24,36.8118,-1.45075,758.337,521.266
24,85.8941,18.4534,759.269,2606.15
24,39.2659,-2.7999,758.291,1141.93
24,44.1741,2.7999,758.09,843.111
24,31.9035,7.05056,754.812,2523.07
24,85.8941,15.5519,751.483,886.316
24,80.9859,18.4534,750.508,3027.55
24,41.72,-1.45075,746.671,724.277
24,41.72,-7.05056,745.957,329.119
24,44.1741,11.3012,746.003,1489.84
24,78.5318,19.8025,740.966,2948.06
24,80.9859,15.5519,736.404,2881.05
24,78.5318,22.704,733.557,1893.44
24,39.2659,-5.70141,731.592,839.192
24,78.5318,14.2027,729.59,1920.26
24,83.44,14.2027,726.295,1307.58
24,49.0824,5.70141,725.49,1100.01
24,41.72,7.05056,725.214,309.039
24,34.3577,5.70141,724.293,748.926
24,76.0776,15.5519,723.497,2994.31
24,31.9035,1.45075,721.858,552.971
24,36.8118,-7.05056,722.411,1063.19
24,76.0776,18.4534,720.396,1941
24,83.44,11.3012,714.84,125.385
24,78.5318,11.3012,711.248,2960.2
24,39.2659,5.70141,710.699,399.064
24,34.3577,-5.70141,708.599,1331.91
24,46.6282,7.05056,705.792,2098.75
24,76.0776,24.0532,706.74,649.966
24,80.9859,9.95207,705.37,312.539
24,36.8118,7.05056,705.262,638.505
24,51.5365,1.45075,702.679,361.178
24,73.6235,14.2027,699.316,3046.13
24,76.0776,9.95207,695.904,4006.74
24,73.6235,11.3012,694.187,3788.53
24,22.0871,1.45075,683.696,327.661
24,17.1788,-1.45075,681.929,750.283
24,73.6235,19.8025,681.82,486.371
24,-265.045,39.8421,681.964,57.7186
24,9.81648,-2.7999,681.675,146.013
24,12.2706,-1.45075,680.966,107.322
24,14.7247,-2.7999,681.518,754.631
24,19.6329,-2.7999,678.747,1135.64
24,71.1694,18.4534,679.574,861.482
24,24.5412,2.7999,679.244,1040.55
24,71.1694,9.95207,679.148,3841.55
24,-260.136,36.8729,677.681,58.73
24,29.4494,5.70141,677.156,194.283
24,76.0776,7.05056,676.633,2524.88
24,125.16,32.5545,675.081,91.511
24,71.1694,7.05056,673.662,3734.48
24,-255.228,39.8421,672.605,128.567
24,73.6235,5.70141,669.039,3139.05
24,22.0871,-1.45075,666.273,262.241
24,71.1694,15.5519,665.548,117.844
24,26.9953,1.45075,664.028,680.89
24,29.4494,2.7999,664.206,668.23
24,58.8988,-5.70141,664.232,60.3065
24,-250.32,36.8729,665.413,76.2907
24,68.7153,11.3012,662.589,1140.71
24,26.9953,7.05056,662.177,129.66
24,68.7153,19.8025,663.448,402.772
24,68.7153,5.70141,661.788,2666.71
24,120.252,26.9547,658.498,130.675
24,120.252,24.0532,658.21,111.636
24,112.889,22.704,656.595,713.633
24,117.798,36.8052,657.8,245.639
24,93.2565,14.2027,656.996,261.48
24,112.889,31.2053,656.535,1175.53
24,112.889,28.3038,656.656,768.24
24,110.435,26.9547,656.592,1007.63
24,100.619,15.5519,655.539,130.551
24,80.9859,7.05056,656.028,325.218
24,-245.412,39.8421,656.145,118.429
24,110.435,24.0532,655.494,102.056
24,73.6235,2.7999,653.68,584.609
24,66.2612,9.95207,652.149,595.266
24,68.7153,2.7999,648.246,2636.81
24,66.2612,7.05056,649.085,2735.72
24,-235.595,45.3742,643.754,104.192
24,44.1741,-11.3012,644.417,86.232
24,76.0776,1.45075,644.304,112.443
24,71.1694,1.45075,643.061,1029.76
24,115.344,18.4534,642.916,784.679
24,137.431,39.8421,643.023,223.672
24,112.889,14.2027,642.912,590.661
24,-235.595,39.8421,642.226,51.3357
24,112.889,11.3012,642.703,465.762
24,49.0824,2.7999,643.206,1335.53
24,85.8941,9.95207,641.496,121.514
24,66.2612,1.45075,636.424,2614.32
24,-230.687,48.3434,635.362,50.4119
24,127.614,39.7067,634.881,481.069
24,130.068,26.9547,634.973,288.006
24,127.614,36.8052,634.807,507.153
24,127.614,31.2053,635.143,256.878
24,95.7106,15.5519,634.756,90.0719
24,31.9035,-7.05056,635.782,303.99
24,63.8071,14.2027,635.375,109.971
24,63.8071,11.3012,635.787,288.052
24,125.16,24.0532,634.135,78.3095
24,130.068,32.5545,634.352,110.291
24,90.8024,7.05056,633.795,171.317
24,63.8071,5.70141,632.404,2149.33
24,63.8071,2.7999,631.746,2631.9
24,68.7153,-2.7999,630.81,111.173
24,-225.779,45.3742,626.696,155.058
24,31.9035,-1.45075,620.206,167.852
24,122.706,14.2027,620.175,215.848
24,61.3529,9.95207,619.246,191.309
24,125.16,15.5519,619.463,121.014
24,107.981,19.8025,619.641,641.397
24,122.706,19.8025,618.922,343.449
24,61.3529,1.45075,617.418,2861.98
24,120.252,15.5519,616.868,564.666
24,142.339,36.8729,615.186,290.491
24,90.8024,9.95207,612.761,141.774
24,61.3529,7.05056,614.159,304.205
24,29.4494,-5.70141,614.447,55.0458
24,66.2612,-1.45075,613.613,1790.05
24,-215.962,45.3742,611.19,98.0714
24,120.252,18.4534,608.795,905.065
24,58.8988,5.70141,607.925,308.747
24,83.44,11.3012,607.465,190.39
24,61.3529,-1.45075,605.827,3239.2
24,58.8988,2.7999,602.729,2546
24,117.798,14.2027,602.28,898.918
24,63.8071,-2.7999,601.04,1888.16
24,-211.054,48.3434,599.8,158.249
24,80.9859,9.95207,597.24,68.5161
24,-206.146,45.3742,595.439,401.596
24,115.344,9.95207,596.345,509.98
24,58.8988,-2.7999,593.543,3015.9
24,68.7153,-5.70141,591.266,574.395
24,130.068,-32.5545,590.884,627.614
24,56.4447,1.45075,589.231,1993.92
24,66.2612,-7.05056,589.529,126.172
24,63.8071,-5.70141,589.316,177.44
24,117.798,19.8025,589.802,180.38
24,-201.238,48.3434,589.732,124.51
24,56.4447,-1.45075,587.799,3227.94
24,127.614,-39.7067,589.067,152.778
24,-196.329,45.3742,576.979,98.9039
24,61.3529,-7.05056,576.095,639.852
24,125.16,-32.5545,574.052,164.768
24,127.614,-28.3038,573.622,101.426
24,53.9906,2.7999,572.944,544.377
24,-191.421,48.3434,571.226,134.625
24,53.9906,-2.7999,572.656,2653.63
24,122.706,-36.8052,569.575,211.919
24,80.9859,-24.0532,569.306,163.124
24,58.8988,-5.70141,569.947,2212.43
24,88.3483,-14.2027,569.463,92.1248
24,125.16,-26.9547,567.684,689.027
24,83.44,-22.704,567.424,97.1787
24,-186.513,45.3742,562.531,208.06
24,53.9906,-5.70141,561.987,2841.13
24,71.1694,-9.95207,561.161,126.905
24,56.4447,-7.05056,560.681,1643.14
24,51.5365,1.45075,559.527,379.375
24,73.6235,-11.3012,559.062,136.256
24,51.5365,-1.45075,556.101,2817.19
24,122.706,-31.2053,554.53,247.453
24,-181.605,48.3434,552.337,143.444
24,117.798,-22.704,549.642,339.941
24,76.0776,-15.5519,550.835,87.5878
24,117.798,-28.3038,550.2,279.168
24,-176.696,45.3742,548.397,81.9944
24,63.8071,-11.3012,547.377,108.695
24,51.5365,-7.05056,547.231,2696.38
24,49.0824,-5.70141,541.272,3515.04
24,122.706,-28.3038,539.877,288.308
24,49.0824,-2.7999,538.974,2852
24,53.9906,-11.3012,538.406,148.571
24,-171.788,48.3434,537.162,89.1762
24,115.344,-24.0532,533.656,228.637
24,115.344,-26.9547,533.87,264.387
24,51.5365,-9.95207,531.034,937.615
24,-166.88,45.3742,530.116,65.4989
24,73.6235,-14.2027,527.437,96.9139
24,46.6282,-7.05056,528.333,3674.05
24,120.252,-26.9547,526.273,186.635
24,107.981,-31.2053,525.219,460.514
24,110.435,-24.0532,524.557,151.471
24,107.981,-28.3038,523.996,379.226
24,49.0824,-11.3012,524.475,648.39
24,66.2612,-15.5519,523.661,98.6208
24,46.6282,-1.45075,524.549,1048.88
24,-161.972,48.3434,521.421,70.8933
24,63.8071,-14.2027,518.914,141.752
24,44.1741,-5.70141,516.881,3122.5
24,46.6282,-9.95207,515.163,2577.94
24,61.3529,-15.5519,515.815,123.702
24,-157.064,45.3742,513.242,114.601
24,105.527,-32.5545,511.835,398.898
24,56.4447,-9.95207,510.129,342.072
24,107.981,-22.704,509.547,228.354
24,71.1694,-15.5519,509.628,108.473
24,90.8024,-18.4534,508.746,112.992
24,44.1741,-2.7999,508.347,1543.43
24,-152.155,48.3434,505.818,81.9444
24,41.72,-7.05056,505.83,2652.59
24,98.1647,-28.3038,504.646,136.362
24,90.8024,15.5519,501.091,387.018
24,44.1741,5.70141,501.369,257.17
24,90.8024,18.4534,501.478,397.525
24,44.1741,-11.3012,498.486,1814.8
24,46.6282,9.95207,498.794,180.189
24,41.72,-9.95207,499.739,2605.23
24,-147.247,45.3742,497.628,89.1559
24,44.1741,-14.2027,494.528,146.093
24,90.8024,24.0532,491.504,197.006
24,39.2659,-5.70141,489.791,2836.25
24,41.72,-1.45075,489.969,755.395
24,85.8941,15.5519,488.692,71.3087
24,-142.339,48.3434,487.766,72.3613
24,44.1741,11.3012,487.469,192.183
24,88.3483,19.8025,485.507,346.221
24,83.44,14.2027,485.52,705.953
24,39.2659,-2.7999,485.106,469.015
24,-137.431,45.3742,482.621,145.9
24,39.2659,-11.3012,483.059,2656.99
24,39.2659,2.7999,483.161,112.424
24,36.8118,-7.05056,481.72,2382.85
24,36.8118,-9.95207,478.585,3087.02
24,49.0824,5.70141,475.507,300.538
24,88.3483,22.704,474.528,92.119
24,36.8118,1.45075,472.694,79.7768
24,-130.068,41.0558,471.978,93.7032
24,88.3483,14.2027,470.048,215.305
24,39.2659,-14.2027,470.45,528.989
24,-130.068,43.9573,468.087,138.782
24,31.9035,1.45075,468.089,75.3452
24,36.8118,-1.45075,468.056,210.091
24,34.3577,2.7999,468.047,64.5178
24,85.8941,18.4534,465.955,136.98
24,-127.614,39.7067,466.825,83.1517
24,34.3577,-5.70141,464.971,1373.28
24,44.1741,2.7999,463.984,370.745
24,78.5318,22.704,464.828,61.7427
24,41.72,7.05056,462.605,125.681
24,34.3577,5.70141,463.298,137.969
24,-125.16,43.9573,460.379,123.355
24,-125.16,41.0558,460.414,107.143
24,34.3577,-11.3012,460.314,2586.79
24,90.8024,26.9547,458.59,159.853
24,34.3577,-2.7999,458.051,183.537
24,-120.252,43.9573,457.239,84.4167
24,-120.252,41.0558,453.953,116.836
24,93.2565,19.8025,452.913,547.491
24,31.9035,-7.05056,445.457,2705.14
24,41.72,1.45075,447.033,131.456
24,31.9035,-9.95207,447.12,3167.45
24,46.6282,1.45075,444.308,293.661
24,34.3577,-14.2027,445.187,864.629
24,-112.889,39.7067,441.997,122.138
24,-115.344,41.0558,442.553,183.847
24,-110.435,41.0558,437.394,154.645
24,31.9035,-15.5519,437.55,551.597
24,66.2612,9.95207,435.302,195.08
24,29.4494,-11.3012,434.045,3290.72
24,56.4447,-24.0532,433.076,219.931
24,-107.981,36.8052,434.545,106.246
24,39.2659,-19.8025,432.176,145.036
24,-105.527,41.0558,429.181,214.748
24,29.4494,-5.70141,428.972,1478.06
24,-107.981,39.7067,428.771,127.651
24,-105.527,35.456,428.166,143.017
24,127.614,-48.208,427.534,122.848
24,-103.073,39.7067,426.293,255.598
24,130.068,-43.9573,424.648,551.751
24,-103.073,36.8052,424.935,157.538
24,-100.619,41.0558,422.314,101.862
24,26.9953,-9.95207,423.399,3338.88
24,125.16,-52.4586,422.977,131.643
24,-98.1647,39.7067,423.159,96.7441
24,19.6329,-5.70141,420.204,316.554
24,29.4494,-14.2027,421.435,1114.37
24,-100.619,35.456,421.07,141.162
24,26.9953,-7.05056,419.792,2439.89
24,-98.1647,36.8052,417.319,172.379
24,-90.8024,41.0558,416.145,125.307
24,-93.2565,39.7067,413.415,111.117
24,-93.2565,36.8052,414.165,478.872
24,-95.7106,35.456,413.987,361.251
24,26.9953,-15.5519,413.701,609.138
24,-95.7106,32.5545,412.21,122.957
24,24.5412,-11.3012,411.427,2802.56
24,36.8118,-15.5519,406.497,490.282
24,58.8988,5.70141,405.74,117.443
24,-90.8024,35.456,406.876,541.593
24,-90.8024,32.5545,405.286,402.429
24,-88.3483,36.8052,404.503,725.439
24,-93.2565,31.2053,403.603,139.34
24,-85.8941,32.5545,403,633.538
24,-83.44,36.8052,403.44,167.118
24,-85.8941,35.456,403.369,444.578
24,-88.3483,39.7067,401.787,120.236
24,-88.3482,31.2053,401.457,389.326
24,24.5412,-5.70141,399.793,970.332
24,-83.44,31.2053,398.421,122.257
24,46.6282,-24.0532,399.973,204.711
24,51.5365,-26.9547,396.97,178.258
24,24.5412,-14.2027,397.096,1705.35
24,22.0871,-9.95207,395.764,2990.59
24,142.339,-48.3434,395.558,98.2004
24,56.4447,-26.9547,394.986,98.7562
24,22.0871,-15.5519,389.698,744.308
24,22.0871,-7.05056,389.645,1484.59
24,-80.9859,32.5545,386.273,90.7083
24,-78.5318,31.2053,384.56,146.383
24,44.1741,-31.2053,380.026,204.365
24,39.2659,-28.3038,379.756,132.277
24,166.88,-56.8448,379.488,90.4616
24,19.6329,-11.3012,379.499,2549.43
24,-76.0777,32.5545,379.88,118.187
24,19.6329,-14.2027,376.781,1982.83
24,-73.6235,31.2053,377.715,230.584
24,-73.6235,28.3038,377.147,191.51
24,41.72,-32.5545,377.525,163.937
24,-71.1694,32.5545,376.128,63.2248
24,-71.1694,26.9547,372.898,101.008
24,17.1788,-9.95207,372.004,132.827
24,-68.7153,31.2053,370.291,99.8209
24,-68.7153,28.3038,367.82,205.326
24,17.1788,-15.5519,363.482,373.392
24,-63.8071,28.3038,358.239,126.802
24,-66.2612,26.9547,359.599,111.908
24,-66.2612,24.0532,359.33,97.4807
24,17.1788,-18.4534,358.482,95.1865
24,-61.353,26.9547,356.112,103.065
24,-58.8988,22.704,350.234,138.452
24,-61.353,24.0532,349.171,123.074
24,-56.4447,24.0532,343.604,160.041
24,-49.0824,22.704,332.959,118.902
24,-29.4494,11.3012,331.975,229.159
24,-26.9953,7.05056,331.82,141.425
24,-29.4494,5.70141,332.693,83.3194
24,-24.5412,11.3012,331.348,204.95
24,-49.0824,19.8025,331.902,147.05
24,206.146,-62.3768,330.64,80.3103
24,-31.9035,9.95207,330.128,125.75
24,-29.4494,14.2027,329.171,87.1917
24,-46.6282,18.4534,329.914,125.829
24,-26.9953,9.95207,328.463,387.872
24,-44.1741,22.704,325.665,114.783
24,-24.5412,5.70141,327.171,128.58
24,-41.72,18.4534,320.814,96.9937
24,-41.72,15.5519,318.334,122.266
24,-22.0871,9.95207,319.695,187.392
24,-22.0871,7.05056,317.247,213.644
24,-39.2659,14.2027,315.074,96.6748
24,-34.3577,14.2027,307.75,121.295
24,-36.8118,15.5519,307.438,91.0985
24,-19.6329,11.3012,283.38,94.4793
