pad,event,tb,adc
7494,0,0,-78.05
7494,0,1,0.950012
7494,0,2,2.95001
7494,0,3,3.95001
7494,0,4,5.95001
7494,0,5,5.95001
7494,0,6,4.95001
7494,0,7,9.95001
7494,0,8,5.95001
7494,0,9,6.95001
7494,0,10,7.95001
7494,0,11,6.95001
7494,0,12,3.95001
7494,0,13,2.95001
7494,0,14,-2.04999
7494,0,15,-0.0499878
7494,0,16,0.950012
7494,0,17,2.95001
7494,0,18,2.95001
7494,0,19,3.95001
7494,0,20,4.95001
7494,0,21,4.95001
7494,0,22,4.95001
7494,0,23,0.950012
7494,0,24,5.95001
7494,0,25,8.95001
7494,0,26,13.95
7494,0,27,11.95
7494,0,28,13.95
7494,0,29,13.95
7494,0,30,10.95
7494,0,31,8.95001
7494,0,32,6.95001
7494,0,33,6.95001
7494,0,34,6.95001
7494,0,35,5.95001
7494,0,36,6.95001
7494,0,37,7.95001
7494,0,38,5.95001
7494,0,39,3.95001
7494,0,40,3.95001
7494,0,41,5.95001
7494,0,42,5.95001
7494,0,43,4.95001
7494,0,44,-1.04999
7494,0,45,-0.0499878
7494,0,46,-4.04999
7494,0,47,-3.04999
7494,0,48,-2.04999
7494,0,49,0.950012
7494,0,50,0.950012
7494,0,51,4.95001
7494,0,52,-0.0499878
7494,0,53,-1.04999
7494,0,54,-3.04999
7494,0,55,-3.04999
7494,0,56,2.95001
7494,0,57,-1.04999
7494,0,58,-0.0499878
7494,0,59,-0.0499878
7494,0,60,3.95001
7494,0,61,3.95001
7494,0,62,4.95001
7494,0,63,5.95001
7494,0,64,2.95001
7494,0,65,-1.04999
7494,0,66,-3.04999
7494,0,67,-2.04999
7494,0,68,2.95001
7494,0,69,-1.04999
7494,0,70,1.95001
7494,0,71,0.950012
7494,0,72,2.95001
7494,0,73,4.95001
7494,0,74,3.95001
7494,0,75,5.95001
7494,0,76,5.95001
7494,0,77,4.95001
7494,0,78,3.95001
7494,0,79,2.95001
7494,0,80,3.95001
7494,0,81,1.95001
7494,0,82,3.95001
7494,0,83,1.95001
7494,0,84,-2.04999
7494,0,85,-3.04999
7494,0,86,1.95001
7494,0,87,-0.0499878
7494,0,88,-2.04999
7494,0,89,-1.04999
7494,0,90,-5.04999
7494,0,91,0.950012
7494,0,92,-3.04999
7494,0,93,-2.04999
7494,0,94,-0.0499878
7494,0,95,5.95001
7494,0,96,8.95001
7494,0,97,4.95001
7494,0,98,5.95001
7494,0,99,4.95001
7494,0,100,8.95001
7494,0,101,-0.0499878
7494,0,102,0.950012
7494,0,103,-2.04999
7494,0,104,-0.0499878
7494,0,105,-2.04999
7494,0,106,-4.04999
7494,0,107,-2.04999
7494,0,108,-3.04999
7494,0,109,-5.04999
7494,0,110,-4.04999
7494,0,111,-3.04999
7494,0,112,2.95001
7494,0,113,-0.0499878
7494,0,114,3.95001
7494,0,115,5.95001
7494,0,116,5.95001
7494,0,117,3.95001
7494,0,118,5.95001
7494,0,119,2.95001
7494,0,120,0.950012
7494,0,121,1.95001
7494,0,122,-0.0499878
7494,0,123,0.950012
7494,0,124,3.95001
7494,0,125,6.95001
7494,0,126,-2.04999
7494,0,127,0.950012
7494,0,128,2.95001
7494,0,129,-2.04999
7494,0,130,-1.04999
7494,0,131,-4.04999
7494,0,132,-3.04999
7494,0,133,-2.04999
7494,0,134,0.950012
7494,0,135,0.950012
7494,0,136,1.95001
7494,0,137,-0.0499878
7494,0,138,1.95001
7494,0,139,4.95001
7494,0,140,2.95001
7494,0,141,0.950012
7494,0,142,2.95001
7494,0,143,0.950012
7494,0,144,4.95001
7494,0,145,-0.0499878
7494,0,146,0.950012
7494,0,147,-0.0499878
7494,0,148,-0.0499878
7494,0,149,-1.04999
7494,0,150,-2.04999
7494,0,151,1.95001
7494,0,152,4.95001
7494,0,153,1.95001
7494,0,154,0.950012
7494,0,155,-0.0499878
7494,0,156,-3.04999
7494,0,157,-0.0499878
7494,0,158,-2.04999
7494,0,159,-2.04999
7494,0,160,0.950012
7494,0,161,-5.04999
7494,0,162,-3.04999
7494,0,163,-0.0499878
7494,0,164,2.95001
7494,0,165,0.950012
7494,0,166,6.95001
7494,0,167,7.95001
7494,0,168,8.95001
7494,0,169,3.95001
7494,0,170,6.95001
7494,0,171,5.95001
7494,0,172,3.95001
7494,0,173,2.95001
7494,0,174,1.95001
7494,0,175,-1.04999
7494,0,176,0.950012
7494,0,177,5.95001
7494,0,178,2.95001
7494,0,179,2.95001
7494,0,180,4.95001
7494,0,181,3.95001
7494,0,182,0.950012
7494,0,183,3.95001
7494,0,184,0.950012
7494,0,185,0.950012
7494,0,186,2.95001
7494,0,187,3.95001
7494,0,188,0.950012
7494,0,189,4.95001
7494,0,190,9.95001
7494,0,191,1.95001
7494,0,192,1.95001
7494,0,193,1.95001
7494,0,194,1.95001
7494,0,195,2.95001
7494,0,196,2.95001
7494,0,197,0.950012
7494,0,198,1.95001
7494,0,199,10.95
7494,0,200,11.95
7494,0,201,11.95
7494,0,202,8.95001
7494,0,203,6.95001
7494,0,204,9.95001
7494,0,205,14.95
7494,0,206,13.95
7494,0,207,12.95
7494,0,208,7.95001
7494,0,209,2.95001
7494,0,210,1.95001
7494,0,211,-0.0499878
7494,0,212,3.95001
7494,0,213,1.95001
7494,0,214,1.95001
7494,0,215,1.95001
7494,0,216,1.95001
7494,0,217,4.95001
7494,0,218,6.95001
7494,0,219,2.95001
7494,0,220,0.950012
7494,0,221,-0.0499878
7494,0,222,-4.04999
7494,0,223,-2.04999
7494,0,224,-0.0499878
7494,0,225,6.95001
7494,0,226,3.95001
7494,0,227,0.950012
7494,0,228,1.95001
7494,0,229,5.95001
7494,0,230,8.95001
7494,0,231,9.95001
7494,0,232,5.95001
7494,0,233,1.95001
7494,0,234,1.95001
7494,0,235,0.950012
7494,0,236,-1.04999
7494,0,237,-2.04999
7494,0,238,3.95001
7494,0,239,5.95001
7494,0,240,6.95001
7494,0,241,5.95001
7494,0,242,2.95001
7494,0,243,4.95001
7494,0,244,3.95001
7494,0,245,-2.04999
7494,0,246,1.95001
7494,0,247,-2.04999
7494,0,248,-0.0499878
7494,0,249,-4.04999
7494,0,250,-5.04999
7494,0,251,-1.04999
7494,0,252,0.950012
7494,0,253,-4.04999
7494,0,254,2.95001
7494,0,255,3.95001
7494,0,256,4.95001
7494,0,257,9.95001
7494,0,258,5.95001
7494,0,259,8.95001
7494,0,260,5.95001
7494,0,261,-1.04999
7494,0,262,-2.04999
7494,0,263,-5.04999
7494,0,264,-2.04999
7494,0,265,-2.04999
7494,0,266,1.95001
7494,0,267,4.95001
7494,0,268,8.95001
7494,0,269,5.95001
7494,0,270,8.95001
7494,0,271,6.95001
7494,0,272,6.95001
7494,0,273,6.95001
7494,0,274,10.95
7494,0,275,8.95001
7494,0,276,8.95001
7494,0,277,6.95001
7494,0,278,4.95001
7494,0,279,2.95001
7494,0,280,1.95001
7494,0,281,1.95001
7494,0,282,5.95001
7494,0,283,9.95001
7494,0,284,10.95
7494,0,285,7.95001
7494,0,286,7.95001
7494,0,287,10.95
7494,0,288,12.95
7494,0,289,8.95001
7494,0,290,4.95001
7494,0,291,1.95001
7494,0,292,3.95001
7494,0,293,6.95001
7494,0,294,10.95
7494,0,295,6.95001
7494,0,296,8.95001
7494,0,297,5.95001
7494,0,298,7.95001
7494,0,299,2.95001
7494,0,300,3.95001
7494,0,301,6.95001
7494,0,302,7.95001
7494,0,303,6.95001
7494,0,304,7.95001
7494,0,305,6.95001
7494,0,306,7.95001
7494,0,307,7.95001
7494,0,308,6.95001
7494,0,309,3.95001
7494,0,310,0.950012
7494,0,311,0.950012
7494,0,312,-0.0499878
7494,0,313,0.950012
7494,0,314,5.95001
7494,0,315,8.95001
7494,0,316,10.95
7494,0,317,9.95001
7494,0,318,7.95001
7494,0,319,8.95001
7494,0,320,4.95001
7494,0,321,3.95001
7494,0,322,6.95001
7494,0,323,6.95001
7494,0,324,9.95001
7494,0,325,10.95
7494,0,326,3.95001
7494,0,327,6.95001
7494,0,328,11.95
7494,0,329,13.95
7494,0,330,11.95
7494,0,331,8.95001
7494,0,332,5.95001
7494,0,333,6.95001
7494,0,334,5.95001
7494,0,335,2.95001
7494,0,336,3.95001
7494,0,337,6.95001
7494,0,338,11.95
7494,0,339,14.95
7494,0,340,10.95
7494,0,341,8.95001
7494,0,342,7.95001
7494,0,343,5.95001
7494,0,344,4.95001
7494,0,345,6.95001
7494,0,346,9.95001
7494,0,347,8.95001
7494,0,348,5.95001
7494,0,349,3.95001
7494,0,350,0.950012
7494,0,351,0.950012
7494,0,352,6.95001
7494,0,353,10.95
7494,0,354,15.95
7494,0,355,17.95
7494,0,356,24.95
7494,0,357,19.95
7494,0,358,17.95
7494,0,359,21.95
7494,0,360,18.95
7494,0,361,19.95
7494,0,362,18.95
7494,0,363,17.95
7494,0,364,16.95
7494,0,365,10.95
7494,0,366,17.95
7494,0,367,16.95
7494,0,368,14.95
7494,0,369,14.95
7494,0,370,12.95
7494,0,371,10.95
7494,0,372,14.95
7494,0,373,7.95001
7494,0,374,9.95001
7494,0,375,10.95
7494,0,376,7.95001
7494,0,377,8.95001
7494,0,378,10.95
7494,0,379,8.95001
7494,0,380,9.95001
7494,0,381,13.95
7494,0,382,9.95001
7494,0,383,10.95
7494,0,384,14.95
7494,0,385,12.95
7494,0,386,10.95
7494,0,387,15.95
7494,0,388,19.95
7494,0,389,20.95
7494,0,390,17.95
7494,0,391,19.95
7494,0,392,15.95
7494,0,393,16.95
7494,0,394,10.95
7494,0,395,13.95
7494,0,396,13.95
7494,0,397,14.95
7494,0,398,18.95
7494,0,399,11.95
7494,0,400,16.95
7494,0,401,18.95
7494,0,402,20.95
7494,0,403,17.95
7494,0,404,16.95
7494,0,405,18.95
7494,0,406,15.95
7494,0,407,14.95
7494,0,408,13.95
7494,0,409,14.95
7494,0,410,12.95
7494,0,411,15.95
7494,0,412,15.95
7494,0,413,17.95
7494,0,414,21.95
7494,0,415,19.95
7494,0,416,19.95
7494,0,417,17.95
7494,0,418,19.95
7494,0,419,19.95
7494,0,420,22.95
7494,0,421,20.95
7494,0,422,19.95
7494,0,423,19.95
7494,0,424,20.95
7494,0,425,17.95
7494,0,426,17.95
7494,0,427,18.95
7494,0,428,24.95
7494,0,429,16.95
7494,0,430,22.95
7494,0,431,16.95
7494,0,432,19.95
7494,0,433,20.95
7494,0,434,22.95
7494,0,435,23.95
7494,0,436,20.95
7494,0,437,24.95
7494,0,438,26.95
7494,0,439,29.95
7494,0,440,29.95
7494,0,441,27.95
7494,0,442,27.95
7494,0,443,23.95
7494,0,444,23.95
7494,0,445,19.95
7494,0,446,17.95
7494,0,447,20.95
7494,0,448,20.95
7494,0,449,19.95
7494,0,450,21.95
7494,0,451,19.95
7494,0,452,18.95
7494,0,453,25.95
7494,0,454,24.95
7494,0,455,27.95
7494,0,456,25.95
7494,0,457,29.95
7494,0,458,30.95
7494,0,459,28.95
7494,0,460,26.95
7494,0,461,26.95
7494,0,462,28.95
7494,0,463,30.95
7494,0,464,31.95
7494,0,465,25.95
7494,0,466,25.95
7494,0,467,29.95
7494,0,468,29.95
7494,0,469,26.95
7494,0,470,21.95
7494,0,471,22.95
7494,0,472,22.95
7494,0,473,23.95
7494,0,474,24.95
7494,0,475,24.95
7494,0,476,27.95
7494,0,477,27.95
7494,0,478,21.95
7494,0,479,24.95
7494,0,480,26.95
7494,0,481,23.95
7494,0,482,20.95
7494,0,483,21.95
7494,0,484,25.95
7494,0,485,24.95
7494,0,486,26.95
7494,0,487,28.95
7494,0,488,29.95
7494,0,489,26.95
7494,0,490,25.95
7494,0,491,26.95
7494,0,492,21.95
7494,0,493,19.95
7494,0,494,20.95
7494,0,495,21.95
7494,0,496,24.95
7494,0,497,22.95
7494,0,498,23.95
7494,0,499,19.95
7494,0,500,19.95
7494,0,501,17.95
7494,0,502,16.95
7494,0,503,20.95
7494,0,504,24.95
7494,0,505,25.95
7494,0,506,28.95
7494,0,507,27.95
7494,0,508,30.95
7494,0,509,29.95
7494,0,510,23.95
7494,0,511,25.95
7970,0,0,-75.3
7970,0,1,0.700012
7970,0,2,-1.29999
7970,0,3,0.700012
7970,0,4,4.70001
7970,0,5,7.70001
7970,0,6,8.70001
7970,0,7,9.70001
7970,0,8,9.70001
7970,0,9,7.70001
7970,0,10,6.70001
7970,0,11,3.70001
7970,0,12,0.700012
7970,0,13,6.70001
7970,0,14,4.70001
7970,0,15,1.70001
7970,0,16,1.70001
7970,0,17,-1.29999
7970,0,18,-1.29999
7970,0,19,3.70001
7970,0,20,7.70001
7970,0,21,5.70001
7970,0,22,5.70001
7970,0,23,4.70001
7970,0,24,6.70001
7970,0,25,4.70001
7970,0,26,3.70001
7970,0,27,3.70001
7970,0,28,1.70001
7970,0,29,0.700012
7970,0,30,6.70001
7970,0,31,5.70001
7970,0,32,4.70001
7970,0,33,3.70001
7970,0,34,2.70001
7970,0,35,3.70001
7970,0,36,10.7
7970,0,37,5.70001
7970,0,38,5.70001
7970,0,39,0.700012
7970,0,40,1.70001
7970,0,41,6.70001
7970,0,42,7.70001
7970,0,43,5.70001
7970,0,44,4.70001
7970,0,45,5.70001
7970,0,46,-0.299988
7970,0,47,2.70001
7970,0,48,4.70001
7970,0,49,4.70001
7970,0,50,8.70001
7970,0,51,8.70001
7970,0,52,8.70001
7970,0,53,5.70001
7970,0,54,5.70001
7970,0,55,5.70001
7970,0,56,7.70001
7970,0,57,3.70001
7970,0,58,5.70001
7970,0,59,6.70001
7970,0,60,7.70001
7970,0,61,4.70001
7970,0,62,-0.299988
7970,0,63,1.70001
7970,0,64,1.70001
7970,0,65,0.700012
7970,0,66,3.70001
7970,0,67,6.70001
7970,0,68,8.70001
7970,0,69,10.7
7970,0,70,10.7
7970,0,71,9.70001
7970,0,72,7.70001
7970,0,73,9.70001
7970,0,74,6.70001
7970,0,75,13.7
7970,0,76,11.7
7970,0,77,10.7
7970,0,78,6.70001
7970,0,79,6.70001
7970,0,80,8.70001
7970,0,81,8.70001
7970,0,82,9.70001
7970,0,83,9.70001
7970,0,84,9.70001
7970,0,85,5.70001
7970,0,86,2.70001
7970,0,87,1.70001
7970,0,88,1.70001
7970,0,89,6.70001
7970,0,90,5.70001
7970,0,91,4.70001
7970,0,92,6.70001
7970,0,93,5.70001
7970,0,94,6.70001
7970,0,95,7.70001
7970,0,96,2.70001
7970,0,97,2.70001
7970,0,98,1.70001
7970,0,99,-1.29999
7970,0,100,2.70001
7970,0,101,8.70001
7970,0,102,8.70001
7970,0,103,11.7
7970,0,104,9.70001
7970,0,105,7.70001
7970,0,106,12.7
7970,0,107,7.70001
7970,0,108,7.70001
7970,0,109,5.70001
7970,0,110,6.70001
7970,0,111,7.70001
7970,0,112,7.70001
7970,0,113,4.70001
7970,0,114,4.70001
7970,0,115,2.70001
7970,0,116,4.70001
7970,0,117,5.70001
7970,0,118,2.70001
7970,0,119,7.70001
7970,0,120,4.70001
7970,0,121,8.70001
7970,0,122,8.70001
7970,0,123,8.70001
7970,0,124,9.70001
7970,0,125,12.7
7970,0,126,13.7
7970,0,127,12.7
7970,0,128,14.7
7970,0,129,10.7
7970,0,130,6.70001
7970,0,131,4.70001
7970,0,132,4.70001
7970,0,133,10.7
7970,0,134,10.7
7970,0,135,12.7
7970,0,136,15.7
7970,0,137,13.7
7970,0,138,17.7
7970,0,139,12.7
7970,0,140,14.7
7970,0,141,8.70001
7970,0,142,8.70001
7970,0,143,7.70001
7970,0,144,5.70001
7970,0,145,5.70001
7970,0,146,4.70001
7970,0,147,11.7
7970,0,148,13.7
7970,0,149,12.7
7970,0,150,12.7
7970,0,151,8.70001
7970,0,152,8.70001
7970,0,153,8.70001
7970,0,154,4.70001
7970,0,155,7.70001
7970,0,156,8.70001
7970,0,157,11.7
7970,0,158,11.7
7970,0,159,7.70001
7970,0,160,7.70001
7970,0,161,6.70001
7970,0,162,9.70001
7970,0,163,10.7
7970,0,164,9.70001
7970,0,165,9.70001
7970,0,166,10.7
7970,0,167,15.7
7970,0,168,15.7
7970,0,169,15.7
7970,0,170,16.7
7970,0,171,8.70001
7970,0,172,11.7
7970,0,173,2.70001
7970,0,174,7.70001
7970,0,175,10.7
7970,0,176,14.7
7970,0,177,11.7
7970,0,178,11.7
7970,0,179,16.7
7970,0,180,13.7
7970,0,181,14.7
7970,0,182,11.7
7970,0,183,10.7
7970,0,184,7.70001
7970,0,185,7.70001
7970,0,186,12.7
7970,0,187,13.7
7970,0,188,12.7
7970,0,189,15.7
7970,0,190,16.7
7970,0,191,11.7
7970,0,192,13.7
7970,0,193,6.70001
7970,0,194,5.70001
7970,0,195,11.7
7970,0,196,14.7
7970,0,197,18.7
7970,0,198,25.7
7970,0,199,26.7
7970,0,200,23.7
7970,0,201,21.7
7970,0,202,17.7
7970,0,203,18.7
7970,0,204,14.7
7970,0,205,10.7
7970,0,206,16.7
7970,0,207,13.7
7970,0,208,17.7
7970,0,209,15.7
7970,0,210,16.7
7970,0,211,18.7
7970,0,212,18.7
7970,0,213,17.7
7970,0,214,14.7
7970,0,215,14.7
7970,0,216,11.7
7970,0,217,12.7
7970,0,218,15.7
7970,0,219,19.7
7970,0,220,21.7
7970,0,221,23.7
7970,0,222,19.7
7970,0,223,19.7
7970,0,224,23.7
7970,0,225,25.7
7970,0,226,25.7
7970,0,227,25.7
7970,0,228,24.7
7970,0,229,21.7
7970,0,230,24.7
7970,0,231,25.7
7970,0,232,29.7
7970,0,233,22.7
7970,0,234,23.7
7970,0,235,23.7
7970,0,236,19.7
7970,0,237,21.7
7970,0,238,20.7
7970,0,239,22.7
7970,0,240,25.7
7970,0,241,20.7
7970,0,242,20.7
7970,0,243,21.7
7970,0,244,23.7
7970,0,245,23.7
7970,0,246,19.7
7970,0,247,24.7
7970,0,248,20.7
7970,0,249,19.7
7970,0,250,22.7
7970,0,251,24.7
7970,0,252,22.7
7970,0,253,16.7
7970,0,254,18.7
7970,0,255,18.7
7970,0,256,21.7
7970,0,257,19.7
7970,0,258,23.7
7970,0,259,27.7
7970,0,260,27.7
7970,0,261,28.7
7970,0,262,25.7
7970,0,263,24.7
7970,0,264,24.7
7970,0,265,21.7
7970,0,266,20.7
7970,0,267,16.7
7970,0,268,19.7
7970,0,269,18.7
7970,0,270,16.7
7970,0,271,24.7
7970,0,272,23.7
7970,0,273,26.7
7970,0,274,27.7
7970,0,275,26.7
7970,0,276,23.7
7970,0,277,24.7
7970,0,278,27.7
7970,0,279,30.7
7970,0,280,32.7
7970,0,281,30.7
7970,0,282,27.7
7970,0,283,28.7
7970,0,284,27.7
7970,0,285,25.7
7970,0,286,23.7
7970,0,287,26.7
7970,0,288,25.7
7970,0,289,26.7
7970,0,290,27.7
7970,0,291,28.7
7970,0,292,32.7
7970,0,293,32.7
7970,0,294,28.7
7970,0,295,27.7
7970,0,296,30.7
7970,0,297,27.7
7970,0,298,27.7
7970,0,299,23.7
7970,0,300,25.7
7970,0,301,25.7
7970,0,302,28.7
7970,0,303,29.7
7970,0,304,26.7
7970,0,305,25.7
7970,0,306,27.7
7970,0,307,27.7
7970,0,308,28.7
7970,0,309,33.7
7970,0,310,28.7
7970,0,311,27.7
7970,0,312,23.7
7970,0,313,24.7
7970,0,314,22.7
7970,0,315,24.7
7970,0,316,22.7
7970,0,317,22.7
7970,0,318,23.7
7970,0,319,26.7
7970,0,320,23.7
7970,0,321,22.7
7970,0,322,24.7
7970,0,323,23.7
7970,0,324,23.7
7970,0,325,30.7
7970,0,326,30.7
7970,0,327,27.7
7970,0,328,21.7
7970,0,329,20.7
7970,0,330,19.7
7970,0,331,19.7
7970,0,332,22.7
7970,0,333,24.7
7970,0,334,25.7
7970,0,335,27.7
7970,0,336,32.7
7970,0,337,28.7
7970,0,338,29.7
7970,0,339,27.7
7970,0,340,26.7
7970,0,341,25.7
7970,0,342,25.7
7970,0,343,19.7
7970,0,344,19.7
7970,0,345,17.7
7970,0,346,23.7
7970,0,347,23.7
7970,0,348,25.7
7970,0,349,22.7
7970,0,350,21.7
7970,0,351,21.7
7970,0,352,19.7
7970,0,353,22.7
7970,0,354,24.7
7970,0,355,23.7
7970,0,356,27.7
7970,0,357,29.7
7970,0,358,28.7
7970,0,359,21.7
7970,0,360,22.7
7970,0,361,19.7
7970,0,362,24.7
7970,0,363,25.7
7970,0,364,20.7
7970,0,365,22.7
7970,0,366,19.7
7970,0,367,21.7
7970,0,368,18.7
7970,0,369,18.7
7970,0,370,17.7
7970,0,371,21.7
7970,0,372,18.7
7970,0,373,19.7
7970,0,374,19.7
7970,0,375,19.7
7970,0,376,23.7
7970,0,377,22.7
7970,0,378,20.7
7970,0,379,21.7
7970,0,380,22.7
7970,0,381,23.7
7970,0,382,21.7
7970,0,383,19.7
7970,0,384,17.7
7970,0,385,17.7
7970,0,386,16.7
7970,0,387,16.7
7970,0,388,16.7
7970,0,389,18.7
7970,0,390,22.7
7970,0,391,18.7
7970,0,392,21.7
7970,0,393,18.7
7970,0,394,16.7
7970,0,395,18.7
7970,0,396,21.7
7970,0,397,13.7
7970,0,398,13.7
7970,0,399,15.7
7970,0,400,18.7
7970,0,401,14.7
7970,0,402,11.7
7970,0,403,12.7
7970,0,404,15.7
7970,0,405,11.7
7970,0,406,16.7
7970,0,407,16.7
7970,0,408,16.7
7970,0,409,18.7
7970,0,410,18.7
7970,0,411,17.7
7970,0,412,17.7
7970,0,413,20.7
7970,0,414,19.7
7970,0,415,17.7
7970,0,416,16.7
7970,0,417,19.7
7970,0,418,17.7
7970,0,419,17.7
7970,0,420,20.7
7970,0,421,21.7
7970,0,422,21.7
7970,0,423,17.7
7970,0,424,16.7
7970,0,425,18.7
7970,0,426,19.7
7970,0,427,18.7
7970,0,428,13.7
7970,0,429,14.7
7970,0,430,11.7
7970,0,431,17.7
7970,0,432,19.7
7970,0,433,16.7
7970,0,434,13.7
7970,0,435,16.7
7970,0,436,14.7
7970,0,437,13.7
7970,0,438,7.70001
7970,0,439,10.7
7970,0,440,14.7
7970,0,441,16.7
7970,0,442,19.7
7970,0,443,15.7
7970,0,444,18.7
7970,0,445,18.7
7970,0,446,19.7
7970,0,447,16.7
7970,0,448,24.7
7970,0,449,18.7
7970,0,450,19.7
7970,0,451,11.7
7970,0,452,14.7
7970,0,453,17.7
7970,0,454,15.7
7970,0,455,17.7
7970,0,456,17.7
7970,0,457,14.7
7970,0,458,13.7
7970,0,459,12.7
7970,0,460,12.7
7970,0,461,14.7
7970,0,462,13.7
7970,0,463,14.7
7970,0,464,15.7
7970,0,465,13.7
7970,0,466,14.7
7970,0,467,16.7
7970,0,468,18.7
7970,0,469,18.7
7970,0,470,20.7
7970,0,471,19.7
7970,0,472,22.7
7970,0,473,17.7
7970,0,474,21.7
7970,0,475,18.7
7970,0,476,15.7
7970,0,477,19.7
7970,0,478,14.7
7970,0,479,14.7
7970,0,480,16.7
7970,0,481,14.7
7970,0,482,13.7
7970,0,483,22.7
7970,0,484,19.7
7970,0,485,18.7
7970,0,486,18.7
7970,0,487,16.7
7970,0,488,19.7
7970,0,489,19.7
7970,0,490,20.7
7970,0,491,18.7
7970,0,492,18.7
7970,0,493,16.7
7970,0,494,18.7
7970,0,495,15.7
7970,0,496,17.7
7970,0,497,20.7
7970,0,498,19.7
7970,0,499,14.7
7970,0,500,13.7
7970,0,501,10.7
7970,0,502,8.70001
7970,0,503,11.7
7970,0,504,14.7
7970,0,505,20.7
7970,0,506,15.7
7970,0,507,14.7
7970,0,508,18.7
7970,0,509,24.7
7970,0,510,27.7
7970,0,511,24.7
5837,0,0,-73.65
5837,0,1,2.35001
5837,0,2,3.35001
5837,0,3,-0.649994
5837,0,4,1.35001
5837,0,5,0.350006
5837,0,6,-0.649994
5837,0,7,4.35001
5837,0,8,3.35001
5837,0,9,3.35001
5837,0,10,-0.649994
5837,0,11,2.35001
5837,0,12,5.35001
5837,0,13,7.35001
5837,0,14,7.35001
5837,0,15,5.35001
5837,0,16,8.35001
5837,0,17,9.35001
5837,0,18,7.35001
5837,0,19,4.35001
5837,0,20,7.35001
5837,0,21,6.35001
5837,0,22,6.35001
5837,0,23,7.35001
5837,0,24,10.35
5837,0,25,11.35
5837,0,26,5.35001
5837,0,27,5.35001
5837,0,28,8.35001
5837,0,29,8.35001
5837,0,30,9.35001
5837,0,31,13.35
5837,0,32,13.35
5837,0,33,11.35
5837,0,34,8.35001
5837,0,35,10.35
5837,0,36,10.35
5837,0,37,8.35001
5837,0,38,8.35001
5837,0,39,10.35
5837,0,40,10.35
5837,0,41,8.35001
5837,0,42,8.35001
5837,0,43,10.35
5837,0,44,9.35001
5837,0,45,13.35
5837,0,46,10.35
5837,0,47,11.35
5837,0,48,12.35
5837,0,49,11.35
5837,0,50,9.35001
5837,0,51,11.35
5837,0,52,13.35
5837,0,53,11.35
5837,0,54,14.35
5837,0,55,13.35
5837,0,56,14.35
5837,0,57,13.35
5837,0,58,10.35
5837,0,59,11.35
5837,0,60,13.35
5837,0,61,14.35
5837,0,62,12.35
5837,0,63,15.35
5837,0,64,13.35
5837,0,65,12.35
5837,0,66,8.35001
5837,0,67,9.35001
5837,0,68,6.35001
5837,0,69,12.35
5837,0,70,14.35
5837,0,71,14.35
5837,0,72,13.35
5837,0,73,13.35
5837,0,74,13.35
5837,0,75,12.35
5837,0,76,14.35
5837,0,77,9.35001
5837,0,78,13.35
5837,0,79,12.35
5837,0,80,16.35
5837,0,81,16.35
5837,0,82,16.35
5837,0,83,14.35
5837,0,84,15.35
5837,0,85,11.35
5837,0,86,16.35
5837,0,87,14.35
5837,0,88,15.35
5837,0,89,11.35
5837,0,90,15.35
5837,0,91,18.35
5837,0,92,20.35
5837,0,93,21.35
5837,0,94,24.35
5837,0,95,25.35
5837,0,96,19.35
5837,0,97,20.35
5837,0,98,18.35
5837,0,99,17.35
5837,0,100,18.35
5837,0,101,13.35
5837,0,102,11.35
5837,0,103,14.35
5837,0,104,15.35
5837,0,105,17.35
5837,0,106,19.35
5837,0,107,13.35
5837,0,108,19.35
5837,0,109,18.35
5837,0,110,16.35
5837,0,111,15.35
5837,0,112,21.35
5837,0,113,21.35
5837,0,114,19.35
5837,0,115,21.35
5837,0,116,21.35
5837,0,117,23.35
5837,0,118,26.35
5837,0,119,22.35
5837,0,120,23.35
5837,0,121,18.35
5837,0,122,20.35
5837,0,123,20.35
5837,0,124,20.35
5837,0,125,21.35
5837,0,126,25.35
5837,0,127,23.35
5837,0,128,20.35
5837,0,129,20.35
5837,0,130,21.35
5837,0,131,20.35
5837,0,132,16.35
5837,0,133,14.35
5837,0,134,11.35
5837,0,135,14.35
5837,0,136,15.35
5837,0,137,16.35
5837,0,138,24.35
5837,0,139,30.35
5837,0,140,34.35
5837,0,141,30.35
5837,0,142,26.35
5837,0,143,24.35
5837,0,144,18.35
5837,0,145,17.35
5837,0,146,19.35
5837,0,147,22.35
5837,0,148,24.35
5837,0,149,21.35
5837,0,150,24.35
5837,0,151,26.35
5837,0,152,23.35
5837,0,153,24.35
5837,0,154,19.35
5837,0,155,18.35
5837,0,156,19.35
5837,0,157,19.35
5837,0,158,18.35
5837,0,159,18.35
5837,0,160,17.35
5837,0,161,19.35
5837,0,162,16.35
5837,0,163,13.35
5837,0,164,17.35
5837,0,165,19.35
5837,0,166,20.35
5837,0,167,17.35
5837,0,168,17.35
5837,0,169,21.35
5837,0,170,19.35
5837,0,171,17.35
5837,0,172,19.35
5837,0,173,16.35
5837,0,174,21.35
5837,0,175,18.35
5837,0,176,15.35
5837,0,177,14.35
5837,0,178,11.35
5837,0,179,11.35
5837,0,180,15.35
5837,0,181,8.35001
5837,0,182,9.35001
5837,0,183,12.35
5837,0,184,13.35
5837,0,185,15.35
5837,0,186,16.35
5837,0,187,19.35
5837,0,188,20.35
5837,0,189,18.35
5837,0,190,15.35
5837,0,191,14.35
5837,0,192,18.35
5837,0,193,16.35
5837,0,194,17.35
5837,0,195,15.35
5837,0,196,14.35
5837,0,197,9.35001
5837,0,198,7.35001
5837,0,199,2.35001
5837,0,200,2.35001
5837,0,201,8.35001
5837,0,202,12.35
5837,0,203,12.35
5837,0,204,14.35
5837,0,205,17.35
5837,0,206,9.35001
5837,0,207,12.35
5837,0,208,10.35
5837,0,209,12.35
5837,0,210,11.35
5837,0,211,8.35001
5837,0,212,9.35001
5837,0,213,10.35
5837,0,214,12.35
5837,0,215,12.35
5837,0,216,13.35
5837,0,217,14.35
5837,0,218,16.35
5837,0,219,17.35
5837,0,220,16.35
5837,0,221,13.35
5837,0,222,9.35001
5837,0,223,12.35
5837,0,224,14.35
5837,0,225,12.35
5837,0,226,11.35
5837,0,227,7.35001
5837,0,228,6.35001
5837,0,229,7.35001
5837,0,230,8.35001
5837,0,231,9.35001
5837,0,232,11.35
5837,0,233,9.35001
5837,0,234,8.35001
5837,0,235,11.35
5837,0,236,10.35
5837,0,237,17.35
5837,0,238,19.35
5837,0,239,19.35
5837,0,240,16.35
5837,0,241,18.35
5837,0,242,16.35
5837,0,243,11.35
5837,0,244,12.35
5837,0,245,5.35001
5837,0,246,7.35001
5837,0,247,10.35
5837,0,248,10.35
5837,0,249,9.35001
5837,0,250,12.35
5837,0,251,11.35
5837,0,252,12.35
5837,0,253,14.35
5837,0,254,16.35
5837,0,255,13.35
5837,0,256,13.35
5837,0,257,11.35
5837,0,258,7.35001
5837,0,259,6.35001
5837,0,260,10.35
5837,0,261,12.35
5837,0,262,10.35
5837,0,263,12.35
5837,0,264,6.35001
5837,0,265,4.35001
5837,0,266,6.35001
5837,0,267,7.35001
5837,0,268,6.35001
5837,0,269,9.35001
5837,0,270,6.35001
5837,0,271,7.35001
5837,0,272,9.35001
5837,0,273,7.35001
5837,0,274,10.35
5837,0,275,11.35
5837,0,276,9.35001
5837,0,277,14.35
5837,0,278,16.35
5837,0,279,10.35
5837,0,280,11.35
5837,0,281,12.35
5837,0,282,9.35001
5837,0,283,12.35
5837,0,284,12.35
5837,0,285,6.35001
5837,0,286,9.35001
5837,0,287,4.35001
5837,0,288,7.35001
5837,0,289,7.35001
5837,0,290,9.35001
5837,0,291,11.35
5837,0,292,15.35
5837,0,293,18.35
5837,0,294,18.35
5837,0,295,17.35
5837,0,296,18.35
5837,0,297,12.35
5837,0,298,17.35
5837,0,299,13.35
5837,0,300,14.35
5837,0,301,11.35
5837,0,302,13.35
5837,0,303,14.35
5837,0,304,13.35
5837,0,305,11.35
5837,0,306,11.35
5837,0,307,7.35001
5837,0,308,2.35001
5837,0,309,2.35001
5837,0,310,-1.64999
5837,0,311,1.35001
5837,0,312,6.35001
5837,0,313,6.35001
5837,0,314,9.35001
5837,0,315,6.35001
5837,0,316,11.35
5837,0,317,7.35001
5837,0,318,9.35001
5837,0,319,9.35001
5837,0,320,6.35001
5837,0,321,5.35001
5837,0,322,7.35001
5837,0,323,10.35
5837,0,324,10.35
5837,0,325,10.35
5837,0,326,11.35
5837,0,327,10.35
5837,0,328,11.35
5837,0,329,8.35001
5837,0,330,9.35001
5837,0,331,8.35001
5837,0,332,14.35
5837,0,333,7.35001
5837,0,334,9.35001
5837,0,335,8.35001
5837,0,336,10.35
5837,0,337,14.35
5837,0,338,13.35
5837,0,339,14.35
5837,0,340,9.35001
5837,0,341,11.35
5837,0,342,7.35001
5837,0,343,5.35001
5837,0,344,9.35001
5837,0,345,9.35001
5837,0,346,8.35001
5837,0,347,11.35
5837,0,348,12.35
5837,0,349,10.35
5837,0,350,10.35
5837,0,351,9.35001
5837,0,352,14.35
5837,0,353,5.35001
5837,0,354,6.35001
5837,0,355,2.35001
5837,0,356,7.35001
5837,0,357,7.35001
5837,0,358,12.35
5837,0,359,16.35
5837,0,360,16.35
5837,0,361,17.35
5837,0,362,15.35
5837,0,363,11.35
5837,0,364,11.35
5837,0,365,8.35001
5837,0,366,11.35
5837,0,367,12.35
5837,0,368,15.35
5837,0,369,15.35
5837,0,370,10.35
5837,0,371,11.35
5837,0,372,9.35001
5837,0,373,16.35
5837,0,374,14.35
5837,0,375,18.35
5837,0,376,19.35
5837,0,377,14.35
5837,0,378,14.35
5837,0,379,19.35
5837,0,380,15.35
5837,0,381,7.35001
5837,0,382,6.35001
5837,0,383,9.35001
5837,0,384,9.35001
5837,0,385,8.35001
5837,0,386,16.35
5837,0,387,13.35
5837,0,388,7.35001
5837,0,389,9.35001
5837,0,390,9.35001
5837,0,391,6.35001
5837,0,392,12.35
5837,0,393,15.35
5837,0,394,13.35
5837,0,395,13.35
5837,0,396,17.35
5837,0,397,17.35
5837,0,398,12.35
5837,0,399,15.35
5837,0,400,16.35
5837,0,401,8.35001
5837,0,402,14.35
5837,0,403,13.35
5837,0,404,14.35
5837,0,405,14.35
5837,0,406,12.35
5837,0,407,9.35001
5837,0,408,9.35001
5837,0,409,12.35
5837,0,410,16.35
5837,0,411,8.35001
5837,0,412,11.35
5837,0,413,11.35
5837,0,414,12.35
5837,0,415,15.35
5837,0,416,10.35
5837,0,417,17.35
5837,0,418,13.35
5837,0,419,16.35
5837,0,420,11.35
5837,0,421,14.35
5837,0,422,9.35001
5837,0,423,12.35
5837,0,424,13.35
5837,0,425,14.35
5837,0,426,10.35
5837,0,427,8.35001
5837,0,428,11.35
5837,0,429,13.35
5837,0,430,12.35
5837,0,431,11.35
5837,0,432,10.35
5837,0,433,11.35
5837,0,434,12.35
5837,0,435,13.35
5837,0,436,16.35
5837,0,437,14.35
5837,0,438,8.35001
5837,0,439,11.35
5837,0,440,9.35001
5837,0,441,13.35
5837,0,442,20.35
5837,0,443,16.35
5837,0,444,14.35
5837,0,445,13.35
5837,0,446,17.35
5837,0,447,19.35
5837,0,448,19.35
5837,0,449,15.35
5837,0,450,16.35
5837,0,451,10.35
5837,0,452,3.35001
5837,0,453,6.35001
5837,0,454,9.35001
5837,0,455,8.35001
5837,0,456,17.35
5837,0,457,22.35
5837,0,458,23.35
5837,0,459,18.35
5837,0,460,17.35
5837,0,461,18.35
5837,0,462,16.35
5837,0,463,12.35
5837,0,464,18.35
5837,0,465,17.35
5837,0,466,16.35
5837,0,467,18.35
5837,0,468,18.35
5837,0,469,17.35
5837,0,470,19.35
5837,0,471,14.35
5837,0,472,15.35
5837,0,473,13.35
5837,0,474,18.35
5837,0,475,19.35
5837,0,476,17.35
5837,0,477,13.35
5837,0,478,10.35
5837,0,479,8.35001
5837,0,480,11.35
5837,0,481,11.35
5837,0,482,10.35
5837,0,483,13.35
5837,0,484,15.35
5837,0,485,15.35
5837,0,486,17.35
5837,0,487,17.35
5837,0,488,20.35
5837,0,489,17.35
5837,0,490,16.35
5837,0,491,13.35
5837,0,492,12.35
5837,0,493,18.35
5837,0,494,18.35
5837,0,495,15.35
5837,0,496,13.35
5837,0,497,16.35
5837,0,498,12.35
5837,0,499,13.35
5837,0,500,9.35001
5837,0,501,14.35
5837,0,502,18.35
5837,0,503,19.35
5837,0,504,17.35
5837,0,505,19.35
5837,0,506,19.35
5837,0,507,16.35
5837,0,508,19.35
5837,0,509,16.35
5837,0,510,16.35
5837,0,511,24.35
2908,0,0,-70.2
2908,0,1,-1.20001
2908,0,2,-0.200012
2908,0,3,1.79999
2908,0,4,2.79999
2908,0,5,1.79999
2908,0,6,2.79999
2908,0,7,3.79999
2908,0,8,3.79999
2908,0,9,7.79999
2908,0,10,11.8
2908,0,11,8.79999
2908,0,12,7.79999
2908,0,13,4.79999
2908,0,14,2.79999
2908,0,15,1.79999
2908,0,16,-0.200012
2908,0,17,2.79999
2908,0,18,3.79999
2908,0,19,2.79999
2908,0,20,5.79999
2908,0,21,6.79999
2908,0,22,1.79999
2908,0,23,1.79999
2908,0,24,6.79999
2908,0,25,6.79999
2908,0,26,6.79999
2908,0,27,5.79999
2908,0,28,6.79999
2908,0,29,1.79999
2908,0,30,4.79999
2908,0,31,2.79999
2908,0,32,1.79999
2908,0,33,2.79999
2908,0,34,3.79999
2908,0,35,6.79999
2908,0,36,5.79999
2908,0,37,8.79999
2908,0,38,3.79999
2908,0,39,6.79999
2908,0,40,4.79999
2908,0,41,2.79999
2908,0,42,2.79999
2908,0,43,8.79999
2908,0,44,4.79999
2908,0,45,1.79999
2908,0,46,3.79999
2908,0,47,3.79999
2908,0,48,6.79999
2908,0,49,2.79999
2908,0,50,7.79999
2908,0,51,4.79999
2908,0,52,-0.200012
2908,0,53,3.79999
2908,0,54,5.79999
2908,0,55,4.79999
2908,0,56,5.79999
2908,0,57,1.79999
2908,0,58,-3.20001
2908,0,59,1.79999
2908,0,60,1.79999
2908,0,61,4.79999
2908,0,62,6.79999
2908,0,63,8.79999
2908,0,64,9.79999
2908,0,65,8.79999
2908,0,66,3.79999
2908,0,67,1.79999
2908,0,68,7.79999
2908,0,69,5.79999
2908,0,70,2.79999
2908,0,71,4.79999
2908,0,72,2.79999
2908,0,73,8.79999
2908,0,74,8.79999
2908,0,75,5.79999
2908,0,76,4.79999
2908,0,77,5.79999
2908,0,78,2.79999
2908,0,79,-1.20001
2908,0,80,0.799988
2908,0,81,-0.200012
2908,0,82,2.79999
2908,0,83,6.79999
2908,0,84,4.79999
2908,0,85,2.79999
2908,0,86,6.79999
2908,0,87,6.79999
2908,0,88,5.79999
2908,0,89,3.79999
2908,0,90,4.79999
2908,0,91,3.79999
2908,0,92,2.79999
2908,0,93,8.79999
2908,0,94,7.79999
2908,0,95,6.79999
2908,0,96,8.79999
2908,0,97,9.79999
2908,0,98,8.79999
2908,0,99,8.79999
2908,0,100,8.79999
2908,0,101,9.79999
2908,0,102,9.79999
2908,0,103,4.79999
2908,0,104,5.79999
2908,0,105,5.79999
2908,0,106,7.79999
2908,0,107,5.79999
2908,0,108,5.79999
2908,0,109,4.79999
2908,0,110,4.79999
2908,0,111,5.79999
2908,0,112,2.79999
2908,0,113,5.79999
2908,0,114,5.79999
2908,0,115,1.79999
2908,0,116,3.79999
2908,0,117,0.799988
2908,0,118,7.79999
2908,0,119,6.79999
2908,0,120,6.79999
2908,0,121,7.79999
2908,0,122,5.79999
2908,0,123,3.79999
2908,0,124,3.79999
2908,0,125,6.79999
2908,0,126,6.79999
2908,0,127,5.79999
2908,0,128,6.79999
2908,0,129,8.79999
2908,0,130,5.79999
2908,0,131,6.79999
2908,0,132,8.79999
2908,0,133,6.79999
2908,0,134,2.79999
2908,0,135,1.79999
2908,0,136,2.79999
2908,0,137,0.799988
2908,0,138,5.79999
2908,0,139,5.79999
2908,0,140,11.8
2908,0,141,10.8
2908,0,142,8.79999
2908,0,143,15.8
2908,0,144,13.8
2908,0,145,15.8
2908,0,146,17.8
2908,0,147,15.8
2908,0,148,13.8
2908,0,149,14.8
2908,0,150,14.8
2908,0,151,14.8
2908,0,152,13.8
2908,0,153,6.79999
2908,0,154,5.79999
2908,0,155,5.79999
2908,0,156,3.79999
2908,0,157,5.79999
2908,0,158,6.79999
2908,0,159,8.79999
2908,0,160,7.79999
2908,0,161,12.8
2908,0,162,7.79999
2908,0,163,2.79999
2908,0,164,7.79999
2908,0,165,4.79999
2908,0,166,5.79999
2908,0,167,2.79999
2908,0,168,-0.200012
2908,0,169,6.79999
2908,0,170,6.79999
2908,0,171,7.79999
2908,0,172,8.79999
2908,0,173,7.79999
2908,0,174,11.8
2908,0,175,7.79999
2908,0,176,6.79999
2908,0,177,8.79999
2908,0,178,6.79999
2908,0,179,12.8
2908,0,180,11.8
2908,0,181,13.8
2908,0,182,9.79999
2908,0,183,9.79999
2908,0,184,6.79999
2908,0,185,11.8
2908,0,186,9.79999
2908,0,187,9.79999
2908,0,188,6.79999
2908,0,189,4.79999
2908,0,190,4.79999
2908,0,191,6.79999
2908,0,192,6.79999
2908,0,193,8.79999
2908,0,194,8.79999
2908,0,195,14.8
2908,0,196,14.8
2908,0,197,14.8
2908,0,198,11.8
2908,0,199,10.8
2908,0,200,13.8
2908,0,201,13.8
2908,0,202,12.8
2908,0,203,10.8
2908,0,204,11.8
2908,0,205,11.8
2908,0,206,10.8
2908,0,207,11.8
2908,0,208,12.8
2908,0,209,15.8
2908,0,210,10.8
2908,0,211,10.8
2908,0,212,14.8
2908,0,213,12.8
2908,0,214,16.8
2908,0,215,14.8
2908,0,216,15.8
2908,0,217,14.8
2908,0,218,11.8
2908,0,219,13.8
2908,0,220,12.8
2908,0,221,13.8
2908,0,222,12.8
2908,0,223,16.8
2908,0,224,18.8
2908,0,225,18.8
2908,0,226,17.8
2908,0,227,11.8
2908,0,228,10.8
2908,0,229,13.8
2908,0,230,14.8
2908,0,231,14.8
2908,0,232,13.8
2908,0,233,11.8
2908,0,234,13.8
2908,0,235,15.8
2908,0,236,17.8
2908,0,237,20.8
2908,0,238,22.8
2908,0,239,17.8
2908,0,240,20.8
2908,0,241,15.8
2908,0,242,16.8
2908,0,243,19.8
2908,0,244,19.8
2908,0,245,16.8
2908,0,246,17.8
2908,0,247,16.8
2908,0,248,19.8
2908,0,249,16.8
2908,0,250,18.8
2908,0,251,20.8
2908,0,252,18.8
2908,0,253,17.8
2908,0,254,20.8
2908,0,255,22.8
2908,0,256,20.8
2908,0,257,21.8
2908,0,258,20.8
2908,0,259,23.8
2908,0,260,21.8
2908,0,261,18.8
2908,0,262,16.8
2908,0,263,13.8
2908,0,264,15.8
2908,0,265,15.8
2908,0,266,19.8
2908,0,267,20.8
2908,0,268,25.8
2908,0,269,28.8
2908,0,270,26.8
2908,0,271,21.8
2908,0,272,26.8
2908,0,273,20.8
2908,0,274,24.8
2908,0,275,19.8
2908,0,276,24.8
2908,0,277,20.8
2908,0,278,17.8
2908,0,279,15.8
2908,0,280,20.8
2908,0,281,23.8
2908,0,282,27.8
2908,0,283,25.8
2908,0,284,22.8
2908,0,285,27.8
2908,0,286,28.8
2908,0,287,27.8
2908,0,288,26.8
2908,0,289,25.8
2908,0,290,22.8
2908,0,291,21.8
2908,0,292,20.8
2908,0,293,22.8
2908,0,294,25.8
2908,0,295,32.8
2908,0,296,27.8
2908,0,297,27.8
2908,0,298,25.8
2908,0,299,24.8
2908,0,300,21.8
2908,0,301,17.8
2908,0,302,15.8
2908,0,303,18.8
2908,0,304,18.8
2908,0,305,23.8
2908,0,306,26.8
2908,0,307,32.8
2908,0,308,32.8
2908,0,309,37.8
2908,0,310,35.8
2908,0,311,34.8
2908,0,312,35.8
2908,0,313,31.8
2908,0,314,32.8
2908,0,315,33.8
2908,0,316,34.8
2908,0,317,35.8
2908,0,318,38.8
2908,0,319,33.8
2908,0,320,32.8
2908,0,321,33.8
2908,0,322,28.8
2908,0,323,28.8
2908,0,324,23.8
2908,0,325,22.8
2908,0,326,22.8
2908,0,327,19.8
2908,0,328,21.8
2908,0,329,23.8
2908,0,330,21.8
2908,0,331,23.8
2908,0,332,21.8
2908,0,333,21.8
2908,0,334,24.8
2908,0,335,23.8
2908,0,336,22.8
2908,0,337,22.8
2908,0,338,29.8
2908,0,339,27.8
2908,0,340,29.8
2908,0,341,28.8
2908,0,342,28.8
2908,0,343,29.8
2908,0,344,24.8
2908,0,345,23.8
2908,0,346,20.8
2908,0,347,20.8
2908,0,348,15.8
2908,0,349,16.8
2908,0,350,14.8
2908,0,351,21.8
2908,0,352,22.8
2908,0,353,22.8
2908,0,354,23.8
2908,0,355,21.8
2908,0,356,20.8
2908,0,357,24.8
2908,0,358,24.8
2908,0,359,22.8
2908,0,360,25.8
2908,0,361,19.8
2908,0,362,18.8
2908,0,363,19.8
2908,0,364,19.8
2908,0,365,20.8
2908,0,366,23.8
2908,0,367,22.8
2908,0,368,23.8
2908,0,369,25.8
2908,0,370,25.8
2908,0,371,23.8
2908,0,372,21.8
2908,0,373,20.8
2908,0,374,18.8
2908,0,375,16.8
2908,0,376,15.8
2908,0,377,16.8
2908,0,378,17.8
2908,0,379,21.8
2908,0,380,19.8
2908,0,381,18.8
2908,0,382,21.8
2908,0,383,21.8
2908,0,384,21.8
2908,0,385,20.8
2908,0,386,20.8
2908,0,387,15.8
2908,0,388,19.8
2908,0,389,21.8
2908,0,390,21.8
2908,0,391,22.8
2908,0,392,20.8
2908,0,393,18.8
2908,0,394,22.8
2908,0,395,19.8
2908,0,396,24.8
2908,0,397,21.8
2908,0,398,17.8
2908,0,399,18.8
2908,0,400,17.8
2908,0,401,17.8
2908,0,402,20.8
2908,0,403,21.8
2908,0,404,17.8
2908,0,405,19.8
2908,0,406,21.8
2908,0,407,21.8
2908,0,408,18.8
2908,0,409,17.8
2908,0,410,19.8
2908,0,411,17.8
2908,0,412,14.8
2908,0,413,15.8
2908,0,414,20.8
2908,0,415,16.8
2908,0,416,16.8
2908,0,417,17.8
2908,0,418,19.8
2908,0,419,20.8
2908,0,420,15.8
2908,0,421,20.8
2908,0,422,20.8
2908,0,423,22.8
2908,0,424,18.8
2908,0,425,15.8
2908,0,426,16.8
2908,0,427,16.8
2908,0,428,16.8
2908,0,429,18.8
2908,0,430,16.8
2908,0,431,15.8
2908,0,432,17.8
2908,0,433,16.8
2908,0,434,14.8
2908,0,435,22.8
2908,0,436,13.8
2908,0,437,20.8
2908,0,438,21.8
2908,0,439,19.8
2908,0,440,17.8
2908,0,441,17.8
2908,0,442,15.8
2908,0,443,15.8
2908,0,444,11.8
2908,0,445,5.79999
2908,0,446,12.8
2908,0,447,14.8
2908,0,448,16.8
2908,0,449,19.8
2908,0,450,22.8
2908,0,451,21.8
2908,0,452,18.8
2908,0,453,15.8
2908,0,454,15.8
2908,0,455,11.8
2908,0,456,13.8
2908,0,457,14.8
2908,0,458,17.8
2908,0,459,12.8
2908,0,460,12.8
2908,0,461,15.8
2908,0,462,14.8
2908,0,463,13.8
2908,0,464,16.8
2908,0,465,23.8
2908,0,466,19.8
2908,0,467,16.8
2908,0,468,12.8
2908,0,469,9.79999
2908,0,470,8.79999
2908,0,471,4.79999
2908,0,472,10.8
2908,0,473,12.8
2908,0,474,20.8
2908,0,475,23.8
2908,0,476,24.8
2908,0,477,24.8
2908,0,478,23.8
2908,0,479,25.8
2908,0,480,22.8
2908,0,481,22.8
2908,0,482,25.8
2908,0,483,15.8
2908,0,484,19.8
2908,0,485,16.8
2908,0,486,16.8
2908,0,487,13.8
2908,0,488,14.8
2908,0,489,14.8
2908,0,490,12.8
2908,0,491,13.8
2908,0,492,14.8
2908,0,493,8.79999
2908,0,494,12.8
2908,0,495,11.8
2908,0,496,10.8
2908,0,497,16.8
2908,0,498,14.8
2908,0,499,16.8
2908,0,500,14.8
2908,0,501,16.8
2908,0,502,16.8
2908,0,503,17.8
2908,0,504,15.8
2908,0,505,17.8
2908,0,506,17.8
2908,0,507,15.8
2908,0,508,14.8
2908,0,509,21.8
2908,0,510,24.8
2908,0,511,22.8
566,0,0,-64.3
566,0,1,-0.299988
566,0,2,-0.299988
566,0,3,-1.29999
566,0,4,-0.299988
566,0,5,2.70001
566,0,6,5.70001
566,0,7,5.70001
566,0,8,7.70001
566,0,9,7.70001
566,0,10,5.70001
566,0,11,7.70001
566,0,12,7.70001
566,0,13,6.70001
566,0,14,2.70001
566,0,15,-1.29999
566,0,16,2.70001
566,0,17,-2.29999
566,0,18,1.70001
566,0,19,5.70001
566,0,20,6.70001
566,0,21,7.70001
566,0,22,4.70001
566,0,23,3.70001
566,0,24,0.700012
566,0,25,3.70001
566,0,26,0.700012
566,0,27,5.70001
566,0,28,5.70001
566,0,29,6.70001
566,0,30,5.70001
566,0,31,4.70001
566,0,32,-0.299988
566,0,33,-0.299988
566,0,34,2.70001
566,0,35,5.70001
566,0,36,0.700012
566,0,37,-1.29999
566,0,38,3.70001
566,0,39,4.70001
566,0,40,7.70001
566,0,41,6.70001
566,0,42,4.70001
566,0,43,6.70001
566,0,44,1.70001
566,0,45,3.70001
566,0,46,2.70001
566,0,47,-0.299988
566,0,48,-5.29999
566,0,49,-4.29999
566,0,50,-2.29999
566,0,51,1.70001
566,0,52,5.70001
566,0,53,0.700012
566,0,54,4.70001
566,0,55,-1.29999
566,0,56,2.70001
566,0,57,4.70001
566,0,58,4.70001
566,0,59,4.70001
566,0,60,3.70001
566,0,61,-0.299988
566,0,62,0.700012
566,0,63,5.70001
566,0,64,1.70001
566,0,65,0.700012
566,0,66,4.70001
566,0,67,6.70001
566,0,68,8.70001
566,0,69,4.70001
566,0,70,2.70001
566,0,71,0.700012
566,0,72,2.70001
566,0,73,6.70001
566,0,74,3.70001
566,0,75,0.700012
566,0,76,1.70001
566,0,77,0.700012
566,0,78,1.70001
566,0,79,0.700012
566,0,80,4.70001
566,0,81,-0.299988
566,0,82,-0.299988
566,0,83,3.70001
566,0,84,6.70001
566,0,85,4.70001
566,0,86,6.70001
566,0,87,3.70001
566,0,88,2.70001
566,0,89,-1.29999
566,0,90,-0.299988
566,0,91,3.70001
566,0,92,3.70001
566,0,93,8.70001
566,0,94,12.7
566,0,95,14.7
566,0,96,11.7
566,0,97,11.7
566,0,98,11.7
566,0,99,8.70001
566,0,100,9.70001
566,0,101,14.7
566,0,102,12.7
566,0,103,10.7
566,0,104,10.7
566,0,105,11.7
566,0,106,8.70001
566,0,107,4.70001
566,0,108,4.70001
566,0,109,0.700012
566,0,110,-0.299988
566,0,111,-0.299988
566,0,112,1.70001
566,0,113,0.700012
566,0,114,3.70001
566,0,115,1.70001
566,0,116,1.70001
566,0,117,3.70001
566,0,118,4.70001
566,0,119,2.70001
566,0,120,2.70001
566,0,121,6.70001
566,0,122,5.70001
566,0,123,3.70001
566,0,124,-3.29999
566,0,125,-1.29999
566,0,126,-0.299988
566,0,127,-0.299988
566,0,128,0.700012
566,0,129,0.700012
566,0,130,4.70001
566,0,131,2.70001
566,0,132,2.70001
566,0,133,6.70001
566,0,134,4.70001
566,0,135,4.70001
566,0,136,3.70001
566,0,137,4.70001
566,0,138,3.70001
566,0,139,8.70001
566,0,140,6.70001
566,0,141,6.70001
566,0,142,5.70001
566,0,143,5.70001
566,0,144,4.70001
566,0,145,1.70001
566,0,146,5.70001
566,0,147,4.70001
566,0,148,13.7
566,0,149,12.7
566,0,150,10.7
566,0,151,9.70001
566,0,152,5.70001
566,0,153,3.70001
566,0,154,5.70001
566,0,155,8.70001
566,0,156,7.70001
566,0,157,9.70001
566,0,158,8.70001
566,0,159,12.7
566,0,160,15.7
566,0,161,10.7
566,0,162,7.70001
566,0,163,7.70001
566,0,164,4.70001
566,0,165,4.70001
566,0,166,9.70001
566,0,167,10.7
566,0,168,6.70001
566,0,169,7.70001
566,0,170,10.7
566,0,171,8.70001
566,0,172,13.7
566,0,173,11.7
566,0,174,12.7
566,0,175,11.7
566,0,176,12.7
566,0,177,12.7
566,0,178,10.7
566,0,179,9.70001
566,0,180,6.70001
566,0,181,8.70001
566,0,182,7.70001
566,0,183,12.7
566,0,184,15.7
566,0,185,14.7
566,0,186,9.70001
566,0,187,8.70001
566,0,188,5.70001
566,0,189,9.70001
566,0,190,13.7
566,0,191,12.7
566,0,192,15.7
566,0,193,15.7
566,0,194,16.7
566,0,195,15.7
566,0,196,15.7
566,0,197,15.7
566,0,198,18.7
566,0,199,20.7
566,0,200,22.7
566,0,201,22.7
566,0,202,24.7
566,0,203,20.7
566,0,204,24.7
566,0,205,18.7
566,0,206,16.7
566,0,207,14.7
566,0,208,7.70001
566,0,209,3.70001
566,0,210,5.70001
566,0,211,9.70001
566,0,212,12.7
566,0,213,12.7
566,0,214,12.7
566,0,215,13.7
566,0,216,12.7
566,0,217,16.7
566,0,218,12.7
566,0,219,9.70001
566,0,220,6.70001
566,0,221,6.70001
566,0,222,10.7
566,0,223,15.7
566,0,224,14.7
566,0,225,13.7
566,0,226,16.7
566,0,227,14.7
566,0,228,15.7
566,0,229,16.7
566,0,230,16.7
566,0,231,14.7
566,0,232,16.7
566,0,233,18.7
566,0,234,18.7
566,0,235,21.7
566,0,236,20.7
566,0,237,17.7
566,0,238,19.7
566,0,239,15.7
566,0,240,19.7
566,0,241,19.7
566,0,242,18.7
566,0,243,20.7
566,0,244,19.7
566,0,245,16.7
566,0,246,13.7
566,0,247,15.7
566,0,248,17.7
566,0,249,20.7
566,0,250,17.7
566,0,251,15.7
566,0,252,11.7
566,0,253,19.7
566,0,254,22.7
566,0,255,19.7
566,0,256,19.7
566,0,257,22.7
566,0,258,23.7
566,0,259,23.7
566,0,260,19.7
566,0,261,17.7
566,0,262,26.7
566,0,263,21.7
566,0,264,18.7
566,0,265,20.7
566,0,266,18.7
566,0,267,20.7
566,0,268,17.7
566,0,269,18.7
566,0,270,17.7
566,0,271,16.7
566,0,272,20.7
566,0,273,22.7
566,0,274,28.7
566,0,275,21.7
566,0,276,21.7
566,0,277,20.7
566,0,278,22.7
566,0,279,21.7
566,0,280,21.7
566,0,281,19.7
566,0,282,24.7
566,0,283,24.7
566,0,284,23.7
566,0,285,19.7
566,0,286,16.7
566,0,287,20.7
566,0,288,29.7
566,0,289,26.7
566,0,290,24.7
566,0,291,22.7
566,0,292,19.7
566,0,293,20.7
566,0,294,20.7
566,0,295,21.7
566,0,296,22.7
566,0,297,23.7
566,0,298,16.7
566,0,299,16.7
566,0,300,19.7
566,0,301,22.7
566,0,302,17.7
566,0,303,20.7
566,0,304,24.7
566,0,305,27.7
566,0,306,24.7
566,0,307,23.7
566,0,308,23.7
566,0,309,17.7
566,0,310,15.7
566,0,311,19.7
566,0,312,21.7
566,0,313,20.7
566,0,314,13.7
566,0,315,16.7
566,0,316,19.7
566,0,317,20.7
566,0,318,20.7
566,0,319,21.7
566,0,320,23.7
566,0,321,20.7
566,0,322,17.7
566,0,323,16.7
566,0,324,16.7
566,0,325,16.7
566,0,326,19.7
566,0,327,16.7
566,0,328,16.7
566,0,329,14.7
566,0,330,17.7
566,0,331,21.7
566,0,332,21.7
566,0,333,16.7
566,0,334,21.7
566,0,335,20.7
566,0,336,20.7
566,0,337,22.7
566,0,338,17.7
566,0,339,16.7
566,0,340,19.7
566,0,341,15.7
566,0,342,14.7
566,0,343,20.7
566,0,344,16.7
566,0,345,15.7
566,0,346,10.7
566,0,347,14.7
566,0,348,15.7
566,0,349,18.7
566,0,350,21.7
566,0,351,19.7
566,0,352,18.7
566,0,353,17.7
566,0,354,20.7
566,0,355,18.7
566,0,356,18.7
566,0,357,11.7
566,0,358,11.7
566,0,359,14.7
566,0,360,20.7
566,0,361,17.7
566,0,362,14.7
566,0,363,15.7
566,0,364,14.7
566,0,365,13.7
566,0,366,10.7
566,0,367,15.7
566,0,368,15.7
566,0,369,21.7
566,0,370,18.7
566,0,371,17.7
566,0,372,18.7
566,0,373,17.7
566,0,374,8.70001
566,0,375,6.70001
566,0,376,9.70001
566,0,377,13.7
566,0,378,14.7
566,0,379,15.7
566,0,380,15.7
566,0,381,14.7
566,0,382,14.7
566,0,383,18.7
566,0,384,20.7
566,0,385,19.7
566,0,386,17.7
566,0,387,16.7
566,0,388,15.7
566,0,389,16.7
566,0,390,14.7
566,0,391,14.7
566,0,392,11.7
566,0,393,9.70001
566,0,394,11.7
566,0,395,13.7
566,0,396,16.7
566,0,397,16.7
566,0,398,13.7
566,0,399,13.7
566,0,400,10.7
566,0,401,7.70001
566,0,402,11.7
566,0,403,12.7
566,0,404,12.7
566,0,405,14.7
566,0,406,14.7
566,0,407,15.7
566,0,408,17.7
566,0,409,16.7
566,0,410,17.7
566,0,411,17.7
566,0,412,20.7
566,0,413,18.7
566,0,414,23.7
566,0,415,22.7
566,0,416,19.7
566,0,417,14.7
566,0,418,8.70001
566,0,419,8.70001
566,0,420,9.70001
566,0,421,14.7
566,0,422,12.7
566,0,423,15.7
566,0,424,18.7
566,0,425,20.7
566,0,426,15.7
566,0,427,15.7
566,0,428,16.7
566,0,429,14.7
566,0,430,16.7
566,0,431,13.7
566,0,432,15.7
566,0,433,16.7
566,0,434,11.7
566,0,435,8.70001
566,0,436,11.7
566,0,437,10.7
566,0,438,11.7
566,0,439,16.7
566,0,440,18.7
566,0,441,20.7
566,0,442,22.7
566,0,443,24.7
566,0,444,22.7
566,0,445,14.7
566,0,446,13.7
566,0,447,14.7
566,0,448,18.7
566,0,449,16.7
566,0,450,15.7
566,0,451,19.7
566,0,452,14.7
566,0,453,8.70001
566,0,454,10.7
566,0,455,10.7
566,0,456,11.7
566,0,457,10.7
566,0,458,14.7
566,0,459,14.7
566,0,460,15.7
566,0,461,18.7
566,0,462,18.7
566,0,463,13.7
566,0,464,15.7
566,0,465,8.70001
566,0,466,11.7
566,0,467,10.7
566,0,468,14.7
566,0,469,15.7
566,0,470,12.7
566,0,471,12.7
566,0,472,16.7
566,0,473,16.7
566,0,474,14.7
566,0,475,12.7
566,0,476,13.7
566,0,477,12.7
566,0,478,6.70001
566,0,479,17.7
566,0,480,20.7
566,0,481,18.7
566,0,482,15.7
566,0,483,15.7
566,0,484,16.7
566,0,485,17.7
566,0,486,16.7
566,0,487,15.7
566,0,488,18.7
566,0,489,14.7
566,0,490,15.7
566,0,491,16.7
566,0,492,15.7
566,0,493,16.7
566,0,494,19.7
566,0,495,19.7
566,0,496,16.7
566,0,497,14.7
566,0,498,16.7
566,0,499,17.7
566,0,500,13.7
566,0,501,12.7
566,0,502,12.7
566,0,503,12.7
566,0,504,16.7
566,0,505,16.7
566,0,506,22.7
566,0,507,30.7
566,0,508,31.7
566,0,509,30.7
566,0,510,21.7
566,0,511,25.7
7777,0,0,-66.45
7777,0,1,1.54999
7777,0,2,3.54999
7777,0,3,1.54999
7777,0,4,0.549988
7777,0,5,5.54999
7777,0,6,8.54999
7777,0,7,7.54999
7777,0,8,3.54999
7777,0,9,5.54999
7777,0,10,3.54999
7777,0,11,5.54999
7777,0,12,6.54999
7777,0,13,-3.45001
7777,0,14,3.54999
7777,0,15,0.549988
7777,0,16,3.54999
7777,0,17,5.54999
7777,0,18,4.54999
7777,0,19,-1.45001
7777,0,20,-7.45001
7777,0,21,-6.45001
7777,0,22,-0.450012
7777,0,23,0.549988
7777,0,24,-0.450012
7777,0,25,-0.450012
7777,0,26,-1.45001
7777,0,27,-3.45001
7777,0,28,-5.45001
7777,0,29,-4.45001
7777,0,30,-3.45001
7777,0,31,-3.45001
7777,0,32,0.549988
7777,0,33,-4.45001
7777,0,34,-0.450012
7777,0,35,3.54999
7777,0,36,3.54999
7777,0,37,-3.45001
7777,0,38,-2.45001
7777,0,39,-3.45001
7777,0,40,1.54999
7777,0,41,6.54999
7777,0,42,11.55
7777,0,43,10.55
7777,0,44,8.54999
7777,0,45,6.54999
7777,0,46,3.54999
7777,0,47,0.549988
7777,0,48,-0.450012
7777,0,49,-4.45001
7777,0,50,-2.45001
7777,0,51,-2.45001
7777,0,52,-4.45001
7777,0,53,-2.45001
7777,0,54,-2.45001
7777,0,55,0.549988
7777,0,56,1.54999
7777,0,57,5.54999
7777,0,58,7.54999
7777,0,59,9.54999
7777,0,60,6.54999
7777,0,61,1.54999
7777,0,62,3.54999
7777,0,63,-1.45001
7777,0,64,4.54999
7777,0,65,0.549988
7777,0,66,3.54999
7777,0,67,6.54999
7777,0,68,3.54999
7777,0,69,2.54999
7777,0,70,3.54999
7777,0,71,-1.45001
7777,0,72,-3.45001
7777,0,73,-4.45001
7777,0,74,-0.450012
7777,0,75,0.549988
7777,0,76,2.54999
7777,0,77,3.54999
7777,0,78,0.549988
7777,0,79,0.549988
7777,0,80,-0.450012
7777,0,81,-2.45001
7777,0,82,-0.450012
7777,0,83,-0.450012
7777,0,84,1.54999
7777,0,85,-2.45001
7777,0,86,-0.450012
7777,0,87,2.54999
7777,0,88,6.54999
7777,0,89,4.54999
7777,0,90,1.54999
7777,0,91,2.54999
7777,0,92,9.54999
7777,0,93,4.54999
7777,0,94,1.54999
7777,0,95,2.54999
7777,0,96,2.54999
7777,0,97,3.54999
7777,0,98,5.54999
7777,0,99,4.54999
7777,0,100,5.54999
7777,0,101,2.54999
7777,0,102,1.54999
7777,0,103,1.54999
7777,0,104,3.54999
7777,0,105,1.54999
7777,0,106,-0.450012
7777,0,107,0.549988
7777,0,108,6.54999
7777,0,109,4.54999
7777,0,110,7.54999
7777,0,111,4.54999
7777,0,112,-0.450012
7777,0,113,5.54999
7777,0,114,4.54999
7777,0,115,3.54999
7777,0,116,-0.450012
7777,0,117,4.54999
7777,0,118,4.54999
7777,0,119,2.54999
7777,0,120,-3.45001
7777,0,121,-0.450012
7777,0,122,1.54999
7777,0,123,3.54999
7777,0,124,4.54999
7777,0,125,4.54999
7777,0,126,4.54999
7777,0,127,5.54999
7777,0,128,5.54999
7777,0,129,5.54999
7777,0,130,5.54999
7777,0,131,-0.450012
7777,0,132,1.54999
7777,0,133,2.54999
7777,0,134,4.54999
7777,0,135,3.54999
7777,0,136,8.54999
7777,0,137,5.54999
7777,0,138,9.54999
7777,0,139,7.54999
7777,0,140,6.54999
7777,0,141,6.54999
7777,0,142,7.54999
7777,0,143,11.55
7777,0,144,7.54999
7777,0,145,9.54999
7777,0,146,6.54999
7777,0,147,3.54999
7777,0,148,2.54999
7777,0,149,3.54999
7777,0,150,8.54999
7777,0,151,5.54999
7777,0,152,8.54999
7777,0,153,5.54999
7777,0,154,4.54999
7777,0,155,9.54999
7777,0,156,8.54999
7777,0,157,12.55
7777,0,158,10.55
7777,0,159,5.54999
7777,0,160,10.55
7777,0,161,9.54999
7777,0,162,11.55
7777,0,163,11.55
7777,0,164,7.54999
7777,0,165,6.54999
7777,0,166,8.54999
7777,0,167,8.54999
7777,0,168,6.54999
7777,0,169,5.54999
7777,0,170,8.54999
7777,0,171,7.54999
7777,0,172,12.55
7777,0,173,14.55
7777,0,174,16.55
7777,0,175,16.55
7777,0,176,14.55
7777,0,177,16.55
7777,0,178,14.55
7777,0,179,17.55
7777,0,180,15.55
7777,0,181,17.55
7777,0,182,17.55
7777,0,183,21.55
7777,0,184,15.55
7777,0,185,13.55
7777,0,186,6.54999
7777,0,187,4.54999
7777,0,188,8.54999
7777,0,189,10.55
7777,0,190,14.55
7777,0,191,14.55
7777,0,192,13.55
7777,0,193,13.55
7777,0,194,14.55
7777,0,195,14.55
7777,0,196,15.55
7777,0,197,17.55
7777,0,198,14.55
7777,0,199,10.55
7777,0,200,7.54999
7777,0,201,10.55
7777,0,202,14.55
7777,0,203,10.55
7777,0,204,15.55
7777,0,205,7.54999
7777,0,206,8.54999
7777,0,207,3.54999
7777,0,208,7.54999
7777,0,209,7.54999
7777,0,210,14.55
7777,0,211,15.55
7777,0,212,20.55
7777,0,213,15.55
7777,0,214,11.55
7777,0,215,13.55
7777,0,216,17.55
7777,0,217,15.55
7777,0,218,13.55
7777,0,219,13.55
7777,0,220,15.55
7777,0,221,16.55
7777,0,222,17.55
7777,0,223,17.55
7777,0,224,13.55
7777,0,225,15.55
7777,0,226,19.55
7777,0,227,17.55
7777,0,228,19.55
7777,0,229,19.55
7777,0,230,26.55
7777,0,231,27.55
7777,0,232,25.55
7777,0,233,26.55
7777,0,234,19.55
7777,0,235,18.55
7777,0,236,21.55
7777,0,237,18.55
7777,0,238,19.55
7777,0,239,18.55
7777,0,240,17.55
7777,0,241,17.55
7777,0,242,19.55
7777,0,243,20.55
7777,0,244,18.55
7777,0,245,16.55
7777,0,246,17.55
7777,0,247,17.55
7777,0,248,20.55
7777,0,249,21.55
7777,0,250,21.55
7777,0,251,26.55
7777,0,252,28.55
7777,0,253,26.55
7777,0,254,33.55
7777,0,255,29.55
7777,0,256,22.55
7777,0,257,31.55
7777,0,258,29.55
7777,0,259,29.55
7777,0,260,31.55
7777,0,261,25.55
7777,0,262,25.55
7777,0,263,25.55
7777,0,264,27.55
7777,0,265,26.55
7777,0,266,23.55
7777,0,267,18.55
7777,0,268,23.55
7777,0,269,23.55
7777,0,270,28.55
7777,0,271,25.55
7777,0,272,27.55
7777,0,273,26.55
7777,0,274,28.55
7777,0,275,23.55
7777,0,276,27.55
7777,0,277,25.55
7777,0,278,23.55
7777,0,279,26.55
7777,0,280,20.55
7777,0,281,23.55
7777,0,282,22.55
7777,0,283,26.55
7777,0,284,29.55
7777,0,285,26.55
7777,0,286,25.55
7777,0,287,25.55
7777,0,288,26.55
7777,0,289,26.55
7777,0,290,20.55
7777,0,291,19.55
7777,0,292,20.55
7777,0,293,20.55
7777,0,294,22.55
7777,0,295,20.55
7777,0,296,25.55
7777,0,297,27.55
7777,0,298,23.55
7777,0,299,25.55
7777,0,300,25.55
7777,0,301,27.55
7777,0,302,28.55
7777,0,303,27.55
7777,0,304,28.55
7777,0,305,28.55
7777,0,306,24.55
7777,0,307,20.55
7777,0,308,21.55
7777,0,309,21.55
7777,0,310,21.55
7777,0,311,24.55
7777,0,312,25.55
7777,0,313,18.55
7777,0,314,15.55
7777,0,315,18.55
7777,0,316,18.55
7777,0,317,17.55
7777,0,318,23.55
7777,0,319,22.55
7777,0,320,25.55
7777,0,321,19.55
7777,0,322,19.55
7777,0,323,21.55
7777,0,324,21.55
7777,0,325,21.55
7777,0,326,20.55
7777,0,327,17.55
7777,0,328,19.55
7777,0,329,17.55
7777,0,330,18.55
7777,0,331,16.55
7777,0,332,16.55
7777,0,333,19.55
7777,0,334,22.55
7777,0,335,24.55
7777,0,336,29.55
7777,0,337,27.55
7777,0,338,25.55
7777,0,339,23.55
7777,0,340,17.55
7777,0,341,14.55
7777,0,342,13.55
7777,0,343,13.55
7777,0,344,12.55
7777,0,345,14.55
7777,0,346,12.55
7777,0,347,12.55
7777,0,348,12.55
7777,0,349,17.55
7777,0,350,14.55
7777,0,351,14.55
7777,0,352,15.55
7777,0,353,10.55
7777,0,354,11.55
7777,0,355,12.55
7777,0,356,18.55
7777,0,357,25.55
7777,0,358,28.55
7777,0,359,20.55
7777,0,360,20.55
7777,0,361,22.55
7777,0,362,22.55
7777,0,363,22.55
7777,0,364,16.55
7777,0,365,15.55
7777,0,366,12.55
7777,0,367,14.55
7777,0,368,18.55
7777,0,369,21.55
7777,0,370,21.55
7777,0,371,18.55
7777,0,372,20.55
7777,0,373,16.55
7777,0,374,15.55
7777,0,375,17.55
7777,0,376,20.55
7777,0,377,15.55
7777,0,378,13.55
7777,0,379,15.55
7777,0,380,13.55
7777,0,381,14.55
7777,0,382,11.55
7777,0,383,12.55
7777,0,384,13.55
7777,0,385,14.55
7777,0,386,10.55
7777,0,387,5.54999
7777,0,388,9.54999
7777,0,389,8.54999
7777,0,390,11.55
7777,0,391,15.55
7777,0,392,19.55
7777,0,393,16.55
7777,0,394,17.55
7777,0,395,16.55
7777,0,396,19.55
7777,0,397,13.55
7777,0,398,10.55
7777,0,399,12.55
7777,0,400,13.55
7777,0,401,10.55
7777,0,402,11.55
7777,0,403,13.55
7777,0,404,15.55
7777,0,405,14.55
7777,0,406,17.55
7777,0,407,15.55
7777,0,408,13.55
7777,0,409,15.55
7777,0,410,14.55
7777,0,411,10.55
7777,0,412,13.55
7777,0,413,12.55
7777,0,414,16.55
7777,0,415,18.55
7777,0,416,13.55
7777,0,417,12.55
7777,0,418,15.55
7777,0,419,12.55
7777,0,420,14.55
7777,0,421,14.55
7777,0,422,11.55
7777,0,423,14.55
7777,0,424,12.55
7777,0,425,15.55
7777,0,426,14.55
7777,0,427,15.55
7777,0,428,10.55
7777,0,429,8.54999
7777,0,430,5.54999
7777,0,431,7.54999
7777,0,432,15.55
7777,0,433,19.55
7777,0,434,17.55
7777,0,435,18.55
7777,0,436,13.55
7777,0,437,18.55
7777,0,438,17.55
7777,0,439,17.55
7777,0,440,17.55
7777,0,441,12.55
7777,0,442,16.55
7777,0,443,11.55
7777,0,444,8.54999
7777,0,445,11.55
7777,0,446,8.54999
7777,0,447,10.55
7777,0,448,8.54999
7777,0,449,10.55
7777,0,450,9.54999
7777,0,451,14.55
7777,0,452,19.55
7777,0,453,18.55
7777,0,454,18.55
7777,0,455,17.55
7777,0,456,15.55
7777,0,457,15.55
7777,0,458,10.55
7777,0,459,9.54999
7777,0,460,7.54999
7777,0,461,13.55
7777,0,462,13.55
7777,0,463,16.55
7777,0,464,18.55
7777,0,465,14.55
7777,0,466,14.55
7777,0,467,16.55
7777,0,468,10.55
7777,0,469,7.54999
7777,0,470,10.55
7777,0,471,10.55
7777,0,472,15.55
7777,0,473,18.55
7777,0,474,21.55
7777,0,475,14.55
7777,0,476,10.55
7777,0,477,9.54999
7777,0,478,8.54999
7777,0,479,11.55
7777,0,480,9.54999
7777,0,481,10.55
7777,0,482,11.55
7777,0,483,12.55
7777,0,484,16.55
7777,0,485,17.55
7777,0,486,17.55
7777,0,487,17.55
7777,0,488,14.55
7777,0,489,12.55
7777,0,490,6.54999
7777,0,491,8.54999
7777,0,492,10.55
7777,0,493,11.55
7777,0,494,11.55
7777,0,495,14.55
7777,0,496,16.55
7777,0,497,17.55
7777,0,498,17.55
7777,0,499,18.55
7777,0,500,19.55
7777,0,501,17.55
7777,0,502,18.55
7777,0,503,15.55
7777,0,504,12.55
7777,0,505,13.55
7777,0,506,15.55
7777,0,507,22.55
7777,0,508,19.55
7777,0,509,20.55
7777,0,510,18.55
7777,0,511,23.55
7494,1,0,-72.9
7494,1,1,-2.89999
7494,1,2,-1.89999
7494,1,3,-0.899994
7494,1,4,3.10001
7494,1,5,0.100006
7494,1,6,2.10001
7494,1,7,3.10001
7494,1,8,6.10001
7494,1,9,3.10001
7494,1,10,6.10001
7494,1,11,3.10001
7494,1,12,3.10001
7494,1,13,4.10001
7494,1,14,9.10001
7494,1,15,4.10001
7494,1,16,7.10001
7494,1,17,8.10001
7494,1,18,10.1
7494,1,19,6.10001
7494,1,20,3.10001
7494,1,21,0.100006
7494,1,22,1.10001
7494,1,23,2.10001
7494,1,24,1.10001
7494,1,25,-2.89999
7494,1,26,-0.899994
7494,1,27,-2.89999
7494,1,28,1.10001
7494,1,29,-1.89999
7494,1,30,4.10001
7494,1,31,7.10001
7494,1,32,4.10001
7494,1,33,3.10001
7494,1,34,7.10001
7494,1,35,4.10001
7494,1,36,8.10001
7494,1,37,7.10001
7494,1,38,7.10001
7494,1,39,7.10001
7494,1,40,6.10001
7494,1,41,3.10001
7494,1,42,5.10001
7494,1,43,3.10001
7494,1,44,3.10001
7494,1,45,6.10001
7494,1,46,3.10001
7494,1,47,2.10001
7494,1,48,4.10001
7494,1,49,4.10001
7494,1,50,1.10001
7494,1,51,3.10001
7494,1,52,2.10001
7494,1,53,3.10001
7494,1,54,0.100006
7494,1,55,4.10001
7494,1,56,4.10001
7494,1,57,4.10001
7494,1,58,9.10001
7494,1,59,9.10001
7494,1,60,8.10001
7494,1,61,8.10001
7494,1,62,7.10001
7494,1,63,8.10001
7494,1,64,10.1
7494,1,65,5.10001
7494,1,66,6.10001
7494,1,67,9.10001
7494,1,68,11.1
7494,1,69,7.10001
7494,1,70,7.10001
7494,1,71,6.10001
7494,1,72,4.10001
7494,1,73,7.10001
7494,1,74,7.10001
7494,1,75,6.10001
7494,1,76,3.10001
7494,1,77,6.10001
7494,1,78,2.10001
7494,1,79,-2.89999
7494,1,80,-5.89999
7494,1,81,-1.89999
7494,1,82,3.10001
7494,1,83,8.10001
7494,1,84,10.1
7494,1,85,13.1
7494,1,86,14.1
7494,1,87,16.1
7494,1,88,14.1
7494,1,89,16.1
7494,1,90,11.1
7494,1,91,10.1
7494,1,92,6.10001
7494,1,93,6.10001
7494,1,94,11.1
7494,1,95,9.10001
7494,1,96,7.10001
7494,1,97,6.10001
7494,1,98,4.10001
7494,1,99,1.10001
7494,1,100,3.10001
7494,1,101,7.10001
7494,1,102,6.10001
7494,1,103,5.10001
7494,1,104,7.10001
7494,1,105,5.10001
7494,1,106,6.10001
7494,1,107,1.10001
7494,1,108,5.10001
7494,1,109,6.10001
7494,1,110,4.10001
7494,1,111,3.10001
7494,1,112,4.10001
7494,1,113,5.10001
7494,1,114,-0.899994
7494,1,115,4.10001
7494,1,116,4.10001
7494,1,117,3.10001
7494,1,118,0.100006
7494,1,119,6.10001
7494,1,120,3.10001
7494,1,121,2.10001
7494,1,122,5.10001
7494,1,123,5.10001
7494,1,124,8.10001
7494,1,125,4.10001
7494,1,126,6.10001
7494,1,127,7.10001
7494,1,128,8.10001
7494,1,129,7.10001
7494,1,130,4.10001
7494,1,131,5.10001
7494,1,132,2.10001
7494,1,133,5.10001
7494,1,134,7.10001
7494,1,135,3.10001
7494,1,136,6.10001
7494,1,137,9.10001
7494,1,138,8.10001
7494,1,139,7.10001
7494,1,140,2.10001
7494,1,141,7.10001
7494,1,142,6.10001
7494,1,143,6.10001
7494,1,144,5.10001
7494,1,145,10.1
7494,1,146,4.10001
7494,1,147,8.10001
7494,1,148,7.10001
7494,1,149,9.10001
7494,1,150,11.1
7494,1,151,7.10001
7494,1,152,9.10001
7494,1,153,11.1
7494,1,154,9.10001
7494,1,155,7.10001
7494,1,156,8.10001
7494,1,157,7.10001
7494,1,158,11.1
7494,1,159,4.10001
7494,1,160,7.10001
7494,1,161,5.10001
7494,1,162,5.10001
7494,1,163,2.10001
7494,1,164,5.10001
7494,1,165,5.10001
7494,1,166,7.10001
7494,1,167,13.1
7494,1,168,14.1
7494,1,169,13.1
7494,1,170,9.10001
7494,1,171,10.1
7494,1,172,10.1
7494,1,173,7.10001
7494,1,174,12.1
7494,1,175,10.1
7494,1,176,10.1
7494,1,177,7.10001
7494,1,178,7.10001
7494,1,179,7.10001
7494,1,180,4.10001
7494,1,181,1.10001
7494,1,182,7.10001
7494,1,183,10.1
7494,1,184,9.10001
7494,1,185,9.10001
7494,1,186,9.10001
7494,1,187,4.10001
7494,1,188,4.10001
7494,1,189,8.10001
7494,1,190,7.10001
7494,1,191,10.1
7494,1,192,11.1
7494,1,193,9.10001
7494,1,194,12.1
7494,1,195,11.1
7494,1,196,8.10001
7494,1,197,8.10001
7494,1,198,9.10001
7494,1,199,2.10001
7494,1,200,6.10001
7494,1,201,7.10001
7494,1,202,5.10001
7494,1,203,11.1
7494,1,204,8.10001
7494,1,205,5.10001
7494,1,206,9.10001
7494,1,207,11.1
7494,1,208,12.1
7494,1,209,15.1
7494,1,210,14.1
7494,1,211,8.10001
7494,1,212,11.1
7494,1,213,10.1
7494,1,214,10.1
7494,1,215,6.10001
7494,1,216,8.10001
7494,1,217,9.10001
7494,1,218,12.1
7494,1,219,10.1
7494,1,220,9.10001
7494,1,221,9.10001
7494,1,222,9.10001
7494,1,223,13.1
7494,1,224,12.1
7494,1,225,13.1
7494,1,226,15.1
7494,1,227,13.1
7494,1,228,12.1
7494,1,229,14.1
7494,1,230,15.1
7494,1,231,13.1
7494,1,232,15.1
7494,1,233,15.1
7494,1,234,13.1
7494,1,235,4.10001
7494,1,236,9.10001
7494,1,237,10.1
7494,1,238,9.10001
7494,1,239,14.1
7494,1,240,16.1
7494,1,241,15.1
7494,1,242,15.1
7494,1,243,21.1
7494,1,244,24.1
7494,1,245,26.1
7494,1,246,19.1
7494,1,247,21.1
7494,1,248,16.1
7494,1,249,16.1
7494,1,250,17.1
7494,1,251,18.1
7494,1,252,16.1
7494,1,253,16.1
7494,1,254,13.1
7494,1,255,14.1
7494,1,256,13.1
7494,1,257,14.1
7494,1,258,17.1
7494,1,259,13.1
7494,1,260,12.1
7494,1,261,13.1
7494,1,262,16.1
7494,1,263,16.1
7494,1,264,16.1
7494,1,265,18.1
7494,1,266,17.1
7494,1,267,15.1
7494,1,268,16.1
7494,1,269,15.1
7494,1,270,15.1
7494,1,271,15.1
7494,1,272,14.1
7494,1,273,18.1
7494,1,274,16.1
7494,1,275,20.1
7494,1,276,19.1
7494,1,277,18.1
7494,1,278,16.1
7494,1,279,15.1
7494,1,280,16.1
7494,1,281,15.1
7494,1,282,15.1
7494,1,283,14.1
7494,1,284,12.1
7494,1,285,15.1
7494,1,286,17.1
7494,1,287,21.1
7494,1,288,27.1
7494,1,289,26.1
7494,1,290,26.1
7494,1,291,21.1
7494,1,292,21.1
7494,1,293,19.1
7494,1,294,24.1
7494,1,295,18.1
7494,1,296,18.1
7494,1,297,19.1
7494,1,298,17.1
7494,1,299,22.1
7494,1,300,22.1
7494,1,301,24.1
7494,1,302,26.1
7494,1,303,22.1
7494,1,304,26.1
7494,1,305,21.1
7494,1,306,19.1
7494,1,307,23.1
7494,1,308,23.1
7494,1,309,25.1
7494,1,310,21.1
7494,1,311,23.1
7494,1,312,26.1
7494,1,313,23.1
7494,1,314,19.1
7494,1,315,16.1
7494,1,316,18.1
7494,1,317,22.1
7494,1,318,21.1
7494,1,319,30.1
7494,1,320,29.1
7494,1,321,26.1
7494,1,322,27.1
7494,1,323,28.1
7494,1,324,29.1
7494,1,325,24.1
7494,1,326,24.1
7494,1,327,24.1
7494,1,328,29.1
7494,1,329,30.1
7494,1,330,31.1
7494,1,331,29.1
7494,1,332,31.1
7494,1,333,30.1
7494,1,334,31.1
7494,1,335,27.1
7494,1,336,25.1
7494,1,337,25.1
7494,1,338,29.1
7494,1,339,25.1
7494,1,340,29.1
7494,1,341,28.1
7494,1,342,30.1
7494,1,343,31.1
7494,1,344,30.1
7494,1,345,26.1
7494,1,346,28.1
7494,1,347,25.1
7494,1,348,33.1
7494,1,349,29.1
7494,1,350,33.1
7494,1,351,32.1
7494,1,352,28.1
7494,1,353,30.1
7494,1,354,28.1
7494,1,355,28.1
7494,1,356,31.1
7494,1,357,29.1
7494,1,358,28.1
7494,1,359,30.1
7494,1,360,28.1
7494,1,361,24.1
7494,1,362,22.1
7494,1,363,27.1
7494,1,364,27.1
7494,1,365,27.1
7494,1,366,27.1
7494,1,367,24.1
7494,1,368,29.1
7494,1,369,28.1
7494,1,370,22.1
7494,1,371,25.1
7494,1,372,22.1
7494,1,373,26.1
7494,1,374,29.1
7494,1,375,28.1
7494,1,376,26.1
7494,1,377,28.1
7494,1,378,19.1
7494,1,379,19.1
7494,1,380,21.1
7494,1,381,18.1
7494,1,382,19.1
7494,1,383,17.1
7494,1,384,22.1
7494,1,385,25.1
7494,1,386,30.1
7494,1,387,25.1
7494,1,388,24.1
7494,1,389,25.1
7494,1,390,24.1
7494,1,391,26.1
7494,1,392,25.1
7494,1,393,25.1
7494,1,394,22.1
7494,1,395,23.1
7494,1,396,31.1
7494,1,397,28.1
7494,1,398,28.1
7494,1,399,23.1
7494,1,400,27.1
7494,1,401,27.1
7494,1,402,25.1
7494,1,403,24.1
7494,1,404,25.1
7494,1,405,23.1
7494,1,406,30.1
7494,1,407,24.1
7494,1,408,23.1
7494,1,409,22.1
7494,1,410,21.1
7494,1,411,20.1
7494,1,412,18.1
7494,1,413,18.1
7494,1,414,18.1
7494,1,415,20.1
7494,1,416,21.1
7494,1,417,18.1
7494,1,418,20.1
7494,1,419,19.1
7494,1,420,20.1
7494,1,421,19.1
7494,1,422,19.1
7494,1,423,18.1
7494,1,424,21.1
7494,1,425,23.1
7494,1,426,20.1
7494,1,427,17.1
7494,1,428,12.1
7494,1,429,17.1
7494,1,430,12.1
7494,1,431,13.1
7494,1,432,18.1
7494,1,433,19.1
7494,1,434,16.1
7494,1,435,17.1
7494,1,436,18.1
7494,1,437,17.1
7494,1,438,19.1
7494,1,439,18.1
7494,1,440,14.1
7494,1,441,23.1
7494,1,442,19.1
7494,1,443,20.1
7494,1,444,19.1
7494,1,445,15.1
7494,1,446,20.1
7494,1,447,19.1
7494,1,448,21.1
7494,1,449,21.1
7494,1,450,22.1
7494,1,451,21.1
7494,1,452,20.1
7494,1,453,19.1
7494,1,454,17.1
7494,1,455,17.1
7494,1,456,16.1
7494,1,457,15.1
7494,1,458,11.1
7494,1,459,13.1
7494,1,460,14.1
7494,1,461,15.1
7494,1,462,13.1
7494,1,463,19.1
7494,1,464,20.1
7494,1,465,18.1
7494,1,466,14.1
7494,1,467,15.1
7494,1,468,12.1
7494,1,469,12.1
7494,1,470,12.1
7494,1,471,18.1
7494,1,472,20.1
7494,1,473,19.1
7494,1,474,17.1
7494,1,475,15.1
7494,1,476,17.1
7494,1,477,20.1
7494,1,478,18.1
7494,1,479,14.1
7494,1,480,18.1
7494,1,481,14.1
7494,1,482,15.1
7494,1,483,13.1
7494,1,484,17.1
7494,1,485,17.1
7494,1,486,22.1
7494,1,487,22.1
7494,1,488,21.1
7494,1,489,20.1
7494,1,490,18.1
7494,1,491,17.1
7494,1,492,14.1
7494,1,493,18.1
7494,1,494,15.1
7494,1,495,16.1
7494,1,496,19.1
7494,1,497,18.1
7494,1,498,17.1
7494,1,499,21.1
7494,1,500,18.1
7494,1,501,16.1
7494,1,502,15.1
7494,1,503,12.1
7494,1,504,16.1
7494,1,505,20.1
7494,1,506,17.1
7494,1,507,17.1
7494,1,508,24.1
7494,1,509,22.1
7494,1,510,18.1
7494,1,511,22.1
7970,1,0,-71.45
7970,1,1,5.54999
7970,1,2,7.54999
7970,1,3,7.54999
7970,1,4,5.54999
7970,1,5,9.54999
7970,1,6,5.54999
7970,1,7,3.54999
7970,1,8,3.54999
7970,1,9,4.54999
7970,1,10,2.54999
7970,1,11,4.54999
7970,1,12,3.54999
7970,1,13,3.54999
7970,1,14,3.54999
7970,1,15,-1.45001
7970,1,16,1.54999
7970,1,17,-2.45001
7970,1,18,1.54999
7970,1,19,1.54999
7970,1,20,1.54999
7970,1,21,4.54999
7970,1,22,0.549988
7970,1,23,8.54999
7970,1,24,5.54999
7970,1,25,6.54999
7970,1,26,0.549988
7970,1,27,6.54999
7970,1,28,6.54999
7970,1,29,4.54999
7970,1,30,2.54999
7970,1,31,5.54999
7970,1,32,7.54999
7970,1,33,4.54999
7970,1,34,1.54999
7970,1,35,3.54999
7970,1,36,7.54999
7970,1,37,2.54999
7970,1,38,-1.45001
7970,1,39,-4.45001
7970,1,40,-0.450012
7970,1,41,5.54999
7970,1,42,4.54999
7970,1,43,3.54999
7970,1,44,3.54999
7970,1,45,-0.450012
7970,1,46,-1.45001
7970,1,47,0.549988
7970,1,48,-2.45001
7970,1,49,3.54999
7970,1,50,4.54999
7970,1,51,7.54999
7970,1,52,4.54999
7970,1,53,11.55
7970,1,54,8.54999
7970,1,55,11.55
7970,1,56,13.55
7970,1,57,10.55
7970,1,58,9.54999
7970,1,59,5.54999
7970,1,60,8.54999
7970,1,61,5.54999
7970,1,62,2.54999
7970,1,63,6.54999
7970,1,64,2.54999
7970,1,65,2.54999
7970,1,66,5.54999
7970,1,67,2.54999
7970,1,68,6.54999
7970,1,69,9.54999
7970,1,70,5.54999
7970,1,71,4.54999
7970,1,72,4.54999
7970,1,73,4.54999
7970,1,74,-1.45001
7970,1,75,0.549988
7970,1,76,0.549988
7970,1,77,-0.450012
7970,1,78,-3.45001
7970,1,79,-1.45001
7970,1,80,0.549988
7970,1,81,1.54999
7970,1,82,3.54999
7970,1,83,1.54999
7970,1,84,5.54999
7970,1,85,4.54999
7970,1,86,2.54999
7970,1,87,-1.45001
7970,1,88,2.54999
7970,1,89,-0.450012
7970,1,90,-0.450012
7970,1,91,2.54999
7970,1,92,-1.45001
7970,1,93,-0.450012
7970,1,94,0.549988
7970,1,95,-1.45001
7970,1,96,-1.45001
7970,1,97,-1.45001
7970,1,98,-4.45001
7970,1,99,0.549988
7970,1,100,2.54999
7970,1,101,-0.450012
7970,1,102,2.54999
7970,1,103,6.54999
7970,1,104,7.54999
7970,1,105,6.54999
7970,1,106,7.54999
7970,1,107,2.54999
7970,1,108,4.54999
7970,1,109,9.54999
7970,1,110,8.54999
7970,1,111,7.54999
7970,1,112,6.54999
7970,1,113,1.54999
7970,1,114,2.54999
7970,1,115,1.54999
7970,1,116,1.54999
7970,1,117,6.54999
7970,1,118,5.54999
7970,1,119,2.54999
7970,1,120,6.54999
7970,1,121,3.54999
7970,1,122,8.54999
7970,1,123,3.54999
7970,1,124,3.54999
7970,1,125,3.54999
7970,1,126,1.54999
7970,1,127,0.549988
7970,1,128,-1.45001
7970,1,129,6.54999
7970,1,130,2.54999
7970,1,131,5.54999
7970,1,132,2.54999
7970,1,133,3.54999
7970,1,134,2.54999
7970,1,135,3.54999
7970,1,136,0.549988
7970,1,137,4.54999
7970,1,138,3.54999
7970,1,139,0.549988
7970,1,140,1.54999
7970,1,141,-0.450012
7970,1,142,1.54999
7970,1,143,8.54999
7970,1,144,1.54999
7970,1,145,4.54999
7970,1,146,2.54999
7970,1,147,6.54999
7970,1,148,8.54999
7970,1,149,6.54999
7970,1,150,7.54999
7970,1,151,3.54999
7970,1,152,1.54999
7970,1,153,5.54999
7970,1,154,7.54999
7970,1,155,11.55
7970,1,156,3.54999
7970,1,157,5.54999
7970,1,158,3.54999
7970,1,159,5.54999
7970,1,160,6.54999
7970,1,161,8.54999
7970,1,162,12.55
7970,1,163,9.54999
7970,1,164,9.54999
7970,1,165,9.54999
7970,1,166,6.54999
7970,1,167,9.54999
7970,1,168,6.54999
7970,1,169,6.54999
7970,1,170,7.54999
7970,1,171,5.54999
7970,1,172,0.549988
7970,1,173,2.54999
7970,1,174,3.54999
7970,1,175,4.54999
7970,1,176,6.54999
7970,1,177,7.54999
7970,1,178,4.54999
7970,1,179,-2.45001
7970,1,180,-3.45001
7970,1,181,1.54999
7970,1,182,3.54999
7970,1,183,11.55
7970,1,184,12.55
7970,1,185,12.55
7970,1,186,7.54999
7970,1,187,5.54999
7970,1,188,0.549988
7970,1,189,5.54999
7970,1,190,8.54999
7970,1,191,8.54999
7970,1,192,11.55
7970,1,193,12.55
7970,1,194,10.55
7970,1,195,10.55
7970,1,196,11.55
7970,1,197,6.54999
7970,1,198,9.54999
7970,1,199,5.54999
7970,1,200,6.54999
7970,1,201,0.549988
7970,1,202,3.54999
7970,1,203,7.54999
7970,1,204,8.54999
7970,1,205,9.54999
7970,1,206,11.55
7970,1,207,12.55
7970,1,208,10.55
7970,1,209,9.54999
7970,1,210,8.54999
7970,1,211,4.54999
7970,1,212,5.54999
7970,1,213,6.54999
7970,1,214,5.54999
7970,1,215,7.54999
7970,1,216,9.54999
7970,1,217,9.54999
7970,1,218,6.54999
7970,1,219,5.54999
7970,1,220,9.54999
7970,1,221,9.54999
7970,1,222,7.54999
7970,1,223,8.54999
7970,1,224,10.55
7970,1,225,9.54999
7970,1,226,7.54999
7970,1,227,7.54999
7970,1,228,8.54999
7970,1,229,11.55
7970,1,230,13.55
7970,1,231,18.55
7970,1,232,15.55
7970,1,233,12.55
7970,1,234,13.55
7970,1,235,19.55
7970,1,236,19.55
7970,1,237,20.55
7970,1,238,17.55
7970,1,239,21.55
7970,1,240,17.55
7970,1,241,12.55
7970,1,242,11.55
7970,1,243,11.55
7970,1,244,9.54999
7970,1,245,11.55
7970,1,246,9.54999
7970,1,247,8.54999
7970,1,248,8.54999
7970,1,249,11.55
7970,1,250,13.55
7970,1,251,14.55
7970,1,252,9.54999
7970,1,253,12.55
7970,1,254,11.55
7970,1,255,12.55
7970,1,256,15.55
7970,1,257,12.55
7970,1,258,11.55
7970,1,259,12.55
7970,1,260,11.55
7970,1,261,11.55
7970,1,262,10.55
7970,1,263,10.55
7970,1,264,9.54999
7970,1,265,8.54999
7970,1,266,5.54999
7970,1,267,7.54999
7970,1,268,12.55
7970,1,269,12.55
7970,1,270,12.55
7970,1,271,11.55
7970,1,272,14.55
7970,1,273,15.55
7970,1,274,13.55
7970,1,275,10.55
7970,1,276,10.55
7970,1,277,12.55
7970,1,278,11.55
7970,1,279,9.54999
7970,1,280,7.54999
7970,1,281,9.54999
7970,1,282,14.55
7970,1,283,13.55
7970,1,284,15.55
7970,1,285,14.55
7970,1,286,16.55
7970,1,287,17.55
7970,1,288,16.55
7970,1,289,17.55
7970,1,290,12.55
7970,1,291,13.55
7970,1,292,12.55
7970,1,293,11.55
7970,1,294,13.55
7970,1,295,12.55
7970,1,296,18.55
7970,1,297,16.55
7970,1,298,18.55
7970,1,299,16.55
7970,1,300,20.55
7970,1,301,20.55
7970,1,302,15.55
7970,1,303,14.55
7970,1,304,13.55
7970,1,305,12.55
7970,1,306,9.54999
7970,1,307,13.55
7970,1,308,18.55
7970,1,309,20.55
7970,1,310,17.55
7970,1,311,22.55
7970,1,312,23.55
7970,1,313,21.55
7970,1,314,20.55
7970,1,315,21.55
7970,1,316,24.55
7970,1,317,21.55
7970,1,318,17.55
7970,1,319,16.55
7970,1,320,13.55
7970,1,321,15.55
7970,1,322,15.55
7970,1,323,18.55
7970,1,324,19.55
7970,1,325,19.55
7970,1,326,20.55
7970,1,327,23.55
7970,1,328,24.55
7970,1,329,20.55
7970,1,330,20.55
7970,1,331,23.55
7970,1,332,23.55
7970,1,333,21.55
7970,1,334,20.55
7970,1,335,24.55
7970,1,336,22.55
7970,1,337,22.55
7970,1,338,24.55
7970,1,339,20.55
7970,1,340,24.55
7970,1,341,24.55
7970,1,342,23.55
7970,1,343,25.55
7970,1,344,26.55
7970,1,345,28.55
7970,1,346,27.55
7970,1,347,29.55
7970,1,348,30.55
7970,1,349,32.55
7970,1,350,31.55
7970,1,351,29.55
7970,1,352,25.55
7970,1,353,28.55
7970,1,354,24.55
7970,1,355,23.55
7970,1,356,24.55
7970,1,357,26.55
7970,1,358,23.55
7970,1,359,22.55
7970,1,360,24.55
7970,1,361,22.55
7970,1,362,25.55
7970,1,363,26.55
7970,1,364,24.55
7970,1,365,24.55
7970,1,366,23.55
7970,1,367,21.55
7970,1,368,19.55
7970,1,369,26.55
7970,1,370,24.55
7970,1,371,28.55
7970,1,372,25.55
7970,1,373,23.55
7970,1,374,21.55
7970,1,375,19.55
7970,1,376,25.55
7970,1,377,23.55
7970,1,378,28.55
7970,1,379,31.55
7970,1,380,29.55
7970,1,381,31.55
7970,1,382,31.55
7970,1,383,30.55
7970,1,384,25.55
7970,1,385,29.55
7970,1,386,23.55
7970,1,387,25.55
7970,1,388,24.55
7970,1,389,23.55
7970,1,390,24.55
7970,1,391,26.55
7970,1,392,21.55
7970,1,393,25.55
7970,1,394,23.55
7970,1,395,22.55
7970,1,396,20.55
7970,1,397,22.55
7970,1,398,23.55
7970,1,399,24.55
7970,1,400,24.55
7970,1,401,29.55
7970,1,402,33.55
7970,1,403,27.55
7970,1,404,24.55
7970,1,405,24.55
7970,1,406,22.55
7970,1,407,26.55
7970,1,408,31.55
7970,1,409,29.55
7970,1,410,25.55
7970,1,411,20.55
7970,1,412,16.55
7970,1,413,18.55
7970,1,414,17.55
7970,1,415,20.55
7970,1,416,22.55
7970,1,417,23.55
7970,1,418,24.55
7970,1,419,23.55
7970,1,420,20.55
7970,1,421,23.55
7970,1,422,23.55
7970,1,423,22.55
7970,1,424,19.55
7970,1,425,23.55
7970,1,426,20.55
7970,1,427,21.55
7970,1,428,22.55
7970,1,429,24.55
7970,1,430,22.55
7970,1,431,20.55
7970,1,432,22.55
7970,1,433,19.55
7970,1,434,21.55
7970,1,435,18.55
7970,1,436,21.55
7970,1,437,22.55
7970,1,438,21.55
7970,1,439,20.55
7970,1,440,17.55
7970,1,441,20.55
7970,1,442,21.55
7970,1,443,23.55
7970,1,444,22.55
7970,1,445,22.55
7970,1,446,22.55
7970,1,447,21.55
7970,1,448,21.55
7970,1,449,20.55
7970,1,450,16.55
7970,1,451,11.55
7970,1,452,14.55
7970,1,453,14.55
7970,1,454,15.55
7970,1,455,15.55
7970,1,456,19.55
7970,1,457,18.55
7970,1,458,21.55
7970,1,459,24.55
7970,1,460,23.55
7970,1,461,24.55
7970,1,462,26.55
7970,1,463,25.55
7970,1,464,23.55
7970,1,465,19.55
7970,1,466,18.55
7970,1,467,11.55
7970,1,468,13.55
7970,1,469,18.55
7970,1,470,19.55
7970,1,471,24.55
7970,1,472,21.55
7970,1,473,21.55
7970,1,474,22.55
7970,1,475,24.55
7970,1,476,24.55
7970,1,477,23.55
7970,1,478,23.55
7970,1,479,18.55
7970,1,480,16.55
7970,1,481,18.55
7970,1,482,12.55
7970,1,483,17.55
7970,1,484,16.55
7970,1,485,16.55
7970,1,486,17.55
7970,1,487,19.55
7970,1,488,20.55
7970,1,489,17.55
7970,1,490,15.55
7970,1,491,15.55
7970,1,492,13.55
7970,1,493,13.55
7970,1,494,12.55
7970,1,495,18.55
7970,1,496,14.55
7970,1,497,17.55
7970,1,498,22.55
7970,1,499,21.55
7970,1,500,18.55
7970,1,501,22.55
7970,1,502,20.55
7970,1,503,14.55
7970,1,504,17.55
7970,1,505,16.55
7970,1,506,19.55
7970,1,507,19.55
7970,1,508,21.55
7970,1,509,25.55
7970,1,510,18.55
7970,1,511,26.55
5837,1,0,-66.9
5837,1,1,5.10001
5837,1,2,12.1
5837,1,3,12.1
5837,1,4,9.10001
5837,1,5,4.10001
5837,1,6,-0.899994
5837,1,7,0.100006
5837,1,8,1.10001
5837,1,9,-4.89999
5837,1,10,2.10001
5837,1,11,0.100006
5837,1,12,2.10001
5837,1,13,7.10001
5837,1,14,6.10001
5837,1,15,3.10001
5837,1,16,3.10001
5837,1,17,2.10001
5837,1,18,0.100006
5837,1,19,3.10001
5837,1,20,1.10001
5837,1,21,4.10001
5837,1,22,5.10001
5837,1,23,5.10001
5837,1,24,6.10001
5837,1,25,10.1
5837,1,26,9.10001
5837,1,27,12.1
5837,1,28,8.10001
5837,1,29,3.10001
5837,1,30,5.10001
5837,1,31,7.10001
5837,1,32,9.10001
5837,1,33,7.10001
5837,1,34,8.10001
5837,1,35,7.10001
5837,1,36,6.10001
5837,1,37,5.10001
5837,1,38,0.100006
5837,1,39,5.10001
5837,1,40,8.10001
5837,1,41,8.10001
5837,1,42,11.1
5837,1,43,8.10001
5837,1,44,8.10001
5837,1,45,10.1
5837,1,46,12.1
5837,1,47,10.1
5837,1,48,7.10001
5837,1,49,9.10001
5837,1,50,11.1
5837,1,51,9.10001
5837,1,52,9.10001
5837,1,53,14.1
5837,1,54,11.1
5837,1,55,5.10001
5837,1,56,3.10001
5837,1,57,1.10001
5837,1,58,4.10001
5837,1,59,7.10001
5837,1,60,9.10001
5837,1,61,7.10001
5837,1,62,3.10001
5837,1,63,5.10001
5837,1,64,6.10001
5837,1,65,1.10001
5837,1,66,0.100006
5837,1,67,1.10001
5837,1,68,-0.899994
5837,1,69,2.10001
5837,1,70,3.10001
5837,1,71,5.10001
5837,1,72,7.10001
5837,1,73,10.1
5837,1,74,9.10001
5837,1,75,16.1
5837,1,76,12.1
5837,1,77,21.1
5837,1,78,16.1
5837,1,79,14.1
5837,1,80,9.10001
5837,1,81,9.10001
5837,1,82,8.10001
5837,1,83,6.10001
5837,1,84,4.10001
5837,1,85,6.10001
5837,1,86,9.10001
5837,1,87,6.10001
5837,1,88,5.10001
5837,1,89,8.10001
5837,1,90,7.10001
5837,1,91,13.1
5837,1,92,8.10001
5837,1,93,10.1
5837,1,94,6.10001
5837,1,95,7.10001
5837,1,96,7.10001
5837,1,97,4.10001
5837,1,98,0.100006
5837,1,99,-1.89999
5837,1,100,-4.89999
5837,1,101,-0.899994
5837,1,102,2.10001
5837,1,103,4.10001
5837,1,104,2.10001
5837,1,105,4.10001
5837,1,106,6.10001
5837,1,107,10.1
5837,1,108,7.10001
5837,1,109,6.10001
5837,1,110,5.10001
5837,1,111,5.10001
5837,1,112,5.10001
5837,1,113,1.10001
5837,1,114,0.100006
5837,1,115,4.10001
5837,1,116,7.10001
5837,1,117,12.1
5837,1,118,16.1
5837,1,119,10.1
5837,1,120,9.10001
5837,1,121,5.10001
5837,1,122,1.10001
5837,1,123,-2.89999
5837,1,124,0.100006
5837,1,125,3.10001
5837,1,126,1.10001
5837,1,127,0.100006
5837,1,128,5.10001
5837,1,129,5.10001
5837,1,130,9.10001
5837,1,131,13.1
5837,1,132,10.1
5837,1,133,4.10001
5837,1,134,4.10001
5837,1,135,13.1
5837,1,136,9.10001
5837,1,137,4.10001
5837,1,138,4.10001
5837,1,139,6.10001
5837,1,140,5.10001
5837,1,141,1.10001
5837,1,142,4.10001
5837,1,143,2.10001
5837,1,144,3.10001
5837,1,145,7.10001
5837,1,146,9.10001
5837,1,147,17.1
5837,1,148,17.1
5837,1,149,14.1
5837,1,150,6.10001
5837,1,151,5.10001
5837,1,152,2.10001
5837,1,153,1.10001
5837,1,154,4.10001
5837,1,155,7.10001
5837,1,156,8.10001
5837,1,157,6.10001
5837,1,158,11.1
5837,1,159,13.1
5837,1,160,11.1
5837,1,161,13.1
5837,1,162,11.1
5837,1,163,11.1
5837,1,164,7.10001
5837,1,165,7.10001
5837,1,166,15.1
5837,1,167,18.1
5837,1,168,20.1
5837,1,169,17.1
5837,1,170,22.1
5837,1,171,15.1
5837,1,172,12.1
5837,1,173,7.10001
5837,1,174,10.1
5837,1,175,12.1
5837,1,176,11.1
5837,1,177,12.1
5837,1,178,10.1
5837,1,179,15.1
5837,1,180,9.10001
5837,1,181,6.10001
5837,1,182,9.10001
5837,1,183,13.1
5837,1,184,10.1
5837,1,185,12.1
5837,1,186,13.1
5837,1,187,5.10001
5837,1,188,7.10001
5837,1,189,8.10001
5837,1,190,8.10001
5837,1,191,10.1
5837,1,192,10.1
5837,1,193,12.1
5837,1,194,10.1
5837,1,195,10.1
5837,1,196,3.10001
5837,1,197,7.10001
5837,1,198,12.1
5837,1,199,11.1
5837,1,200,11.1
5837,1,201,9.10001
5837,1,202,11.1
5837,1,203,10.1
5837,1,204,8.10001
5837,1,205,11.1
5837,1,206,7.10001
5837,1,207,8.10001
5837,1,208,7.10001
5837,1,209,13.1
5837,1,210,12.1
5837,1,211,12.1
5837,1,212,14.1
5837,1,213,10.1
5837,1,214,6.10001
5837,1,215,8.10001
5837,1,216,10.1
5837,1,217,9.10001
5837,1,218,10.1
5837,1,219,13.1
5837,1,220,15.1
5837,1,221,13.1
5837,1,222,13.1
5837,1,223,12.1
5837,1,224,15.1
5837,1,225,11.1
5837,1,226,12.1
5837,1,227,11.1
5837,1,228,14.1
5837,1,229,12.1
5837,1,230,11.1
5837,1,231,15.1
5837,1,232,14.1
5837,1,233,12.1
5837,1,234,12.1
5837,1,235,10.1
5837,1,236,10.1
5837,1,237,8.10001
5837,1,238,11.1
5837,1,239,9.10001
5837,1,240,16.1
5837,1,241,17.1
5837,1,242,21.1
5837,1,243,22.1
5837,1,244,21.1
5837,1,245,25.1
5837,1,246,20.1
5837,1,247,21.1
5837,1,248,24.1
5837,1,249,22.1
5837,1,250,15.1
5837,1,251,18.1
5837,1,252,15.1
5837,1,253,19.1
5837,1,254,16.1
5837,1,255,17.1
5837,1,256,18.1
5837,1,257,21.1
5837,1,258,19.1
5837,1,259,19.1
5837,1,260,17.1
5837,1,261,13.1
5837,1,262,10.1
5837,1,263,11.1
5837,1,264,13.1
5837,1,265,16.1
5837,1,266,16.1
5837,1,267,19.1
5837,1,268,18.1
5837,1,269,16.1
5837,1,270,14.1
5837,1,271,22.1
5837,1,272,24.1
5837,1,273,21.1
5837,1,274,20.1
5837,1,275,16.1
5837,1,276,18.1
5837,1,277,21.1
5837,1,278,17.1
5837,1,279,21.1
5837,1,280,18.1
5837,1,281,20.1
5837,1,282,20.1
5837,1,283,20.1
5837,1,284,20.1
5837,1,285,23.1
5837,1,286,25.1
5837,1,287,24.1
5837,1,288,19.1
5837,1,289,16.1
5837,1,290,22.1
5837,1,291,20.1
5837,1,292,22.1
5837,1,293,23.1
5837,1,294,19.1
5837,1,295,20.1
5837,1,296,20.1
5837,1,297,22.1
5837,1,298,25.1
5837,1,299,24.1
5837,1,300,26.1
5837,1,301,26.1
5837,1,302,28.1
5837,1,303,30.1
5837,1,304,28.1
5837,1,305,26.1
5837,1,306,27.1
5837,1,307,22.1
5837,1,308,29.1
5837,1,309,22.1
5837,1,310,24.1
5837,1,311,21.1
5837,1,312,25.1
5837,1,313,20.1
5837,1,314,26.1
5837,1,315,28.1
5837,1,316,26.1
5837,1,317,29.1
5837,1,318,34.1
5837,1,319,35.1
5837,1,320,31.1
5837,1,321,27.1
5837,1,322,27.1
5837,1,323,27.1
5837,1,324,30.1
5837,1,325,23.1
5837,1,326,27.1
5837,1,327,28.1
5837,1,328,29.1
5837,1,329,32.1
5837,1,330,33.1
5837,1,331,34.1
5837,1,332,31.1
5837,1,333,28.1
5837,1,334,26.1
5837,1,335,27.1
5837,1,336,27.1
5837,1,337,33.1
5837,1,338,36.1
5837,1,339,39.1
5837,1,340,39.1
5837,1,341,34.1
5837,1,342,33.1
5837,1,343,34.1
5837,1,344,33.1
5837,1,345,30.1
5837,1,346,28.1
5837,1,347,29.1
5837,1,348,29.1
5837,1,349,31.1
5837,1,350,34.1
5837,1,351,31.1
5837,1,352,35.1
5837,1,353,35.1
5837,1,354,30.1
5837,1,355,26.1
5837,1,356,25.1
5837,1,357,20.1
5837,1,358,21.1
5837,1,359,28.1
5837,1,360,29.1
5837,1,361,30.1
5837,1,362,32.1
5837,1,363,32.1
5837,1,364,29.1
5837,1,365,32.1
5837,1,366,27.1
5837,1,367,27.1
5837,1,368,30.1
5837,1,369,26.1
5837,1,370,27.1
5837,1,371,28.1
5837,1,372,26.1
5837,1,373,27.1
5837,1,374,25.1
5837,1,375,27.1
5837,1,376,29.1
5837,1,377,26.1
5837,1,378,18.1
5837,1,379,25.1
5837,1,380,27.1
5837,1,381,25.1
5837,1,382,24.1
5837,1,383,24.1
5837,1,384,26.1
5837,1,385,26.1
5837,1,386,24.1
5837,1,387,25.1
5837,1,388,21.1
5837,1,389,23.1
5837,1,390,24.1
5837,1,391,29.1
5837,1,392,29.1
5837,1,393,30.1
5837,1,394,33.1
5837,1,395,36.1
5837,1,396,36.1
5837,1,397,32.1
5837,1,398,35.1
5837,1,399,34.1
5837,1,400,33.1
5837,1,401,24.1
5837,1,402,22.1
5837,1,403,24.1
5837,1,404,21.1
5837,1,405,26.1
5837,1,406,22.1
5837,1,407,25.1
5837,1,408,26.1
5837,1,409,23.1
5837,1,410,20.1
5837,1,411,21.1
5837,1,412,21.1
5837,1,413,18.1
5837,1,414,17.1
5837,1,415,17.1
5837,1,416,22.1
5837,1,417,21.1
5837,1,418,24.1
5837,1,419,22.1
5837,1,420,28.1
5837,1,421,23.1
5837,1,422,21.1
5837,1,423,19.1
5837,1,424,14.1
5837,1,425,16.1
5837,1,426,21.1
5837,1,427,24.1
5837,1,428,25.1
5837,1,429,25.1
5837,1,430,30.1
5837,1,431,24.1
5837,1,432,25.1
5837,1,433,22.1
5837,1,434,23.1
5837,1,435,19.1
5837,1,436,17.1
5837,1,437,16.1
5837,1,438,18.1
5837,1,439,18.1
5837,1,440,16.1
5837,1,441,26.1
5837,1,442,19.1
5837,1,443,23.1
5837,1,444,16.1
5837,1,445,13.1
5837,1,446,14.1
5837,1,447,18.1
5837,1,448,22.1
5837,1,449,31.1
5837,1,450,27.1
5837,1,451,23.1
5837,1,452,23.1
5837,1,453,22.1
5837,1,454,20.1
5837,1,455,18.1
5837,1,456,21.1
5837,1,457,16.1
5837,1,458,18.1
5837,1,459,15.1
5837,1,460,17.1
5837,1,461,20.1
5837,1,462,23.1
5837,1,463,23.1
5837,1,464,25.1
5837,1,465,21.1
5837,1,466,21.1
5837,1,467,19.1
5837,1,468,16.1
5837,1,469,15.1
5837,1,470,18.1
5837,1,471,21.1
5837,1,472,21.1
5837,1,473,22.1
5837,1,474,25.1
5837,1,475,21.1
5837,1,476,21.1
5837,1,477,17.1
5837,1,478,19.1
5837,1,479,18.1
5837,1,480,21.1
5837,1,481,17.1
5837,1,482,19.1
5837,1,483,21.1
5837,1,484,19.1
5837,1,485,18.1
5837,1,486,16.1
5837,1,487,17.1
5837,1,488,18.1
5837,1,489,19.1
5837,1,490,17.1
5837,1,491,18.1
5837,1,492,14.1
5837,1,493,17.1
5837,1,494,20.1
5837,1,495,20.1
5837,1,496,22.1
5837,1,497,19.1
5837,1,498,19.1
5837,1,499,18.1
5837,1,500,17.1
5837,1,501,19.1
5837,1,502,23.1
5837,1,503,21.1
5837,1,504,20.1
5837,1,505,17.1
5837,1,506,19.1
5837,1,507,14.1
5837,1,508,21.1
5837,1,509,19.1
5837,1,510,18.1
5837,1,511,24.1
2908,1,0,-73.1
2908,1,1,2.89999
2908,1,2,0.899994
2908,1,3,4.89999
2908,1,4,2.89999
2908,1,5,4.89999
2908,1,6,6.89999
2908,1,7,7.89999
2908,1,8,5.89999
2908,1,9,7.89999
2908,1,10,2.89999
2908,1,11,7.89999
2908,1,12,5.89999
2908,1,13,0.899994
2908,1,14,3.89999
2908,1,15,1.89999
2908,1,16,2.89999
2908,1,17,0.899994
2908,1,18,2.89999
2908,1,19,-2.10001
2908,1,20,-1.10001
2908,1,21,2.89999
2908,1,22,4.89999
2908,1,23,6.89999
2908,1,24,3.89999
2908,1,25,4.89999
2908,1,26,6.89999
2908,1,27,4.89999
2908,1,28,6.89999
2908,1,29,9.89999
2908,1,30,10.9
2908,1,31,9.89999
2908,1,32,11.9
2908,1,33,7.89999
2908,1,34,6.89999
2908,1,35,4.89999
2908,1,36,6.89999
2908,1,37,8.89999
2908,1,38,4.89999
2908,1,39,6.89999
2908,1,40,3.89999
2908,1,41,4.89999
2908,1,42,4.89999
2908,1,43,-3.10001
2908,1,44,-1.10001
2908,1,45,1.89999
2908,1,46,1.89999
2908,1,47,1.89999
2908,1,48,2.89999
2908,1,49,7.89999
2908,1,50,4.89999
2908,1,51,6.89999
2908,1,52,0.899994
2908,1,53,3.89999
2908,1,54,3.89999
2908,1,55,4.89999
2908,1,56,2.89999
2908,1,57,8.89999
2908,1,58,8.89999
2908,1,59,7.89999
2908,1,60,1.89999
2908,1,61,6.89999
2908,1,62,7.89999
2908,1,63,4.89999
2908,1,64,1.89999
2908,1,65,-3.10001
2908,1,66,-0.100006
2908,1,67,3.89999
2908,1,68,4.89999
2908,1,69,5.89999
2908,1,70,6.89999
2908,1,71,6.89999
2908,1,72,4.89999
2908,1,73,6.89999
2908,1,74,7.89999
2908,1,75,11.9
2908,1,76,6.89999
2908,1,77,7.89999
2908,1,78,8.89999
2908,1,79,5.89999
2908,1,80,5.89999
2908,1,81,10.9
2908,1,82,9.89999
2908,1,83,8.89999
2908,1,84,6.89999
2908,1,85,8.89999
2908,1,86,5.89999
2908,1,87,5.89999
2908,1,88,8.89999
2908,1,89,5.89999
2908,1,90,4.89999
2908,1,91,4.89999
2908,1,92,2.89999
2908,1,93,7.89999
2908,1,94,6.89999
2908,1,95,6.89999
2908,1,96,2.89999
2908,1,97,4.89999
2908,1,98,2.89999
2908,1,99,5.89999
2908,1,100,2.89999
2908,1,101,4.89999
2908,1,102,2.89999
2908,1,103,4.89999
2908,1,104,5.89999
2908,1,105,5.89999
2908,1,106,2.89999
2908,1,107,3.89999
2908,1,108,4.89999
2908,1,109,5.89999
2908,1,110,4.89999
2908,1,111,1.89999
2908,1,112,7.89999
2908,1,113,5.89999
2908,1,114,5.89999
2908,1,115,4.89999
2908,1,116,2.89999
2908,1,117,5.89999
2908,1,118,9.89999
2908,1,119,3.89999
2908,1,120,6.89999
2908,1,121,5.89999
2908,1,122,4.89999
2908,1,123,3.89999
2908,1,124,6.89999
2908,1,125,5.89999
2908,1,126,10.9
2908,1,127,9.89999
2908,1,128,4.89999
2908,1,129,1.89999
2908,1,130,8.89999
2908,1,131,8.89999
2908,1,132,11.9
2908,1,133,5.89999
2908,1,134,8.89999
2908,1,135,11.9
2908,1,136,10.9
2908,1,137,13.9
2908,1,138,7.89999
2908,1,139,7.89999
2908,1,140,7.89999
2908,1,141,3.89999
2908,1,142,5.89999
2908,1,143,5.89999
2908,1,144,7.89999
2908,1,145,3.89999
2908,1,146,2.89999
2908,1,147,2.89999
2908,1,148,5.89999
2908,1,149,5.89999
2908,1,150,6.89999
2908,1,151,8.89999
2908,1,152,10.9
2908,1,153,9.89999
2908,1,154,2.89999
2908,1,155,1.89999
2908,1,156,2.89999
2908,1,157,2.89999
2908,1,158,2.89999
2908,1,159,6.89999
2908,1,160,5.89999
2908,1,161,9.89999
2908,1,162,9.89999
2908,1,163,11.9
2908,1,164,10.9
2908,1,165,12.9
2908,1,166,11.9
2908,1,167,9.89999
2908,1,168,4.89999
2908,1,169,3.89999
2908,1,170,6.89999
2908,1,171,9.89999
2908,1,172,6.89999
2908,1,173,7.89999
2908,1,174,7.89999
2908,1,175,5.89999
2908,1,176,8.89999
2908,1,177,13.9
2908,1,178,11.9
2908,1,179,12.9
2908,1,180,6.89999
2908,1,181,4.89999
2908,1,182,4.89999
2908,1,183,11.9
2908,1,184,14.9
2908,1,185,12.9
2908,1,186,14.9
2908,1,187,6.89999
2908,1,188,7.89999
2908,1,189,11.9
2908,1,190,8.89999
2908,1,191,6.89999
2908,1,192,10.9
2908,1,193,6.89999
2908,1,194,10.9
2908,1,195,12.9
2908,1,196,10.9
2908,1,197,10.9
2908,1,198,6.89999
2908,1,199,6.89999
2908,1,200,1.89999
2908,1,201,7.89999
2908,1,202,11.9
2908,1,203,10.9
2908,1,204,9.89999
2908,1,205,9.89999
2908,1,206,6.89999
2908,1,207,10.9
2908,1,208,13.9
2908,1,209,14.9
2908,1,210,12.9
2908,1,211,15.9
2908,1,212,9.89999
2908,1,213,6.89999
2908,1,214,7.89999
2908,1,215,6.89999
2908,1,216,10.9
2908,1,217,8.89999
2908,1,218,9.89999
2908,1,219,6.89999
2908,1,220,4.89999
2908,1,221,10.9
2908,1,222,10.9
2908,1,223,7.89999
2908,1,224,9.89999
2908,1,225,7.89999
2908,1,226,13.9
2908,1,227,12.9
2908,1,228,16.9
2908,1,229,11.9
2908,1,230,11.9
2908,1,231,8.89999
2908,1,232,4.89999
2908,1,233,0.899994
2908,1,234,0.899994
2908,1,235,3.89999
2908,1,236,8.89999
2908,1,237,13.9
2908,1,238,12.9
2908,1,239,11.9
2908,1,240,14.9
2908,1,241,14.9
2908,1,242,14.9
2908,1,243,18.9
2908,1,244,18.9
2908,1,245,21.9
2908,1,246,21.9
2908,1,247,15.9
2908,1,248,12.9
2908,1,249,10.9
2908,1,250,9.89999
2908,1,251,8.89999
2908,1,252,10.9
2908,1,253,14.9
2908,1,254,12.9
2908,1,255,9.89999
2908,1,256,11.9
2908,1,257,11.9
2908,1,258,9.89999
2908,1,259,8.89999
2908,1,260,9.89999
2908,1,261,11.9
2908,1,262,11.9
2908,1,263,12.9
2908,1,264,15.9
2908,1,265,16.9
2908,1,266,14.9
2908,1,267,13.9
2908,1,268,11.9
2908,1,269,12.9
2908,1,270,10.9
2908,1,271,13.9
2908,1,272,10.9
2908,1,273,9.89999
2908,1,274,13.9
2908,1,275,12.9
2908,1,276,13.9
2908,1,277,14.9
2908,1,278,11.9
2908,1,279,13.9
2908,1,280,10.9
2908,1,281,9.89999
2908,1,282,11.9
2908,1,283,15.9
2908,1,284,9.89999
2908,1,285,17.9
2908,1,286,17.9
2908,1,287,18.9
2908,1,288,22.9
2908,1,289,18.9
2908,1,290,12.9
2908,1,291,9.89999
2908,1,292,11.9
2908,1,293,12.9
2908,1,294,9.89999
2908,1,295,11.9
2908,1,296,13.9
2908,1,297,16.9
2908,1,298,18.9
2908,1,299,22.9
2908,1,300,19.9
2908,1,301,19.9
2908,1,302,19.9
2908,1,303,19.9
2908,1,304,24.9
2908,1,305,21.9
2908,1,306,19.9
2908,1,307,16.9
2908,1,308,15.9
2908,1,309,13.9
2908,1,310,17.9
2908,1,311,15.9
2908,1,312,16.9
2908,1,313,20.9
2908,1,314,20.9
2908,1,315,22.9
2908,1,316,21.9
2908,1,317,16.9
2908,1,318,20.9
2908,1,319,20.9
2908,1,320,18.9
2908,1,321,20.9
2908,1,322,20.9
2908,1,323,18.9
2908,1,324,14.9
2908,1,325,16.9
2908,1,326,16.9
2908,1,327,20.9
2908,1,328,19.9
2908,1,329,17.9
2908,1,330,18.9
2908,1,331,21.9
2908,1,332,18.9
2908,1,333,17.9
2908,1,334,22.9
2908,1,335,21.9
2908,1,336,22.9
2908,1,337,25.9
2908,1,338,23.9
2908,1,339,24.9
2908,1,340,20.9
2908,1,341,23.9
2908,1,342,24.9
2908,1,343,22.9
2908,1,344,25.9
2908,1,345,27.9
2908,1,346,24.9
2908,1,347,23.9
2908,1,348,24.9
2908,1,349,22.9
2908,1,350,20.9
2908,1,351,20.9
2908,1,352,22.9
2908,1,353,24.9
2908,1,354,25.9
2908,1,355,22.9
2908,1,356,21.9
2908,1,357,22.9
2908,1,358,23.9
2908,1,359,23.9
2908,1,360,25.9
2908,1,361,24.9
2908,1,362,31.9
2908,1,363,31.9
2908,1,364,30.9
2908,1,365,28.9
2908,1,366,27.9
2908,1,367,30.9
2908,1,368,25.9
2908,1,369,30.9
2908,1,370,29.9
2908,1,371,26.9
2908,1,372,26.9
2908,1,373,25.9
2908,1,374,24.9
2908,1,375,31.9
2908,1,376,31.9
2908,1,377,33.9
2908,1,378,30.9
2908,1,379,33.9
2908,1,380,26.9
2908,1,381,26.9
2908,1,382,25.9
2908,1,383,31.9
2908,1,384,31.9
2908,1,385,28.9
2908,1,386,34.9
2908,1,387,35.9
2908,1,388,30.9
2908,1,389,25.9
2908,1,390,22.9
2908,1,391,28.9
2908,1,392,27.9
2908,1,393,32.9
2908,1,394,34.9
2908,1,395,31.9
2908,1,396,28.9
2908,1,397,28.9
2908,1,398,32.9
2908,1,399,25.9
2908,1,400,26.9
2908,1,401,20.9
2908,1,402,23.9
2908,1,403,23.9
2908,1,404,28.9
2908,1,405,29.9
2908,1,406,33.9
2908,1,407,40.9
2908,1,408,36.9
2908,1,409,39.9
2908,1,410,40.9
2908,1,411,35.9
2908,1,412,34.9
2908,1,413,35.9
2908,1,414,29.9
2908,1,415,32.9
2908,1,416,27.9
2908,1,417,28.9
2908,1,418,33.9
2908,1,419,29.9
2908,1,420,28.9
2908,1,421,27.9
2908,1,422,26.9
2908,1,423,23.9
2908,1,424,24.9
2908,1,425,22.9
2908,1,426,21.9
2908,1,427,23.9
2908,1,428,27.9
2908,1,429,31.9
2908,1,430,30.9
2908,1,431,30.9
2908,1,432,24.9
2908,1,433,22.9
2908,1,434,22.9
2908,1,435,16.9
2908,1,436,19.9
2908,1,437,23.9
2908,1,438,23.9
2908,1,439,28.9
2908,1,440,31.9
2908,1,441,34.9
2908,1,442,31.9
2908,1,443,31.9
2908,1,444,25.9
2908,1,445,24.9
2908,1,446,19.9
2908,1,447,18.9
2908,1,448,17.9
2908,1,449,24.9
2908,1,450,27.9
2908,1,451,25.9
2908,1,452,28.9
2908,1,453,30.9
2908,1,454,30.9
2908,1,455,29.9
2908,1,456,23.9
2908,1,457,23.9
2908,1,458,24.9
2908,1,459,27.9
2908,1,460,19.9
2908,1,461,20.9
2908,1,462,19.9
2908,1,463,20.9
2908,1,464,20.9
2908,1,465,18.9
2908,1,466,21.9
2908,1,467,25.9
2908,1,468,25.9
2908,1,469,23.9
2908,1,470,21.9
2908,1,471,25.9
2908,1,472,23.9
2908,1,473,17.9
2908,1,474,18.9
2908,1,475,18.9
2908,1,476,16.9
2908,1,477,17.9
2908,1,478,19.9
2908,1,479,21.9
2908,1,480,25.9
2908,1,481,21.9
2908,1,482,21.9
2908,1,483,16.9
2908,1,484,18.9
2908,1,485,19.9
2908,1,486,18.9
2908,1,487,20.9
2908,1,488,22.9
2908,1,489,24.9
2908,1,490,23.9
2908,1,491,23.9
2908,1,492,20.9
2908,1,493,27.9
2908,1,494,25.9
2908,1,495,24.9
2908,1,496,26.9
2908,1,497,26.9
2908,1,498,20.9
2908,1,499,21.9
2908,1,500,18.9
2908,1,501,19.9
2908,1,502,17.9
2908,1,503,23.9
2908,1,504,23.9
2908,1,505,23.9
2908,1,506,21.9
2908,1,507,22.9
2908,1,508,20.9
2908,1,509,27.9
2908,1,510,24.9
2908,1,511,27.9
566,1,0,-71.05
566,1,1,-0.0499878
566,1,2,3.95001
566,1,3,5.95001
566,1,4,4.95001
566,1,5,3.95001
566,1,6,-2.04999
566,1,7,-0.0499878
566,1,8,5.95001
566,1,9,5.95001
566,1,10,6.95001
566,1,11,2.95001
566,1,12,-0.0499878
566,1,13,1.95001
566,1,14,0.950012
566,1,15,4.95001
566,1,16,6.95001
566,1,17,7.95001
566,1,18,7.95001
566,1,19,1.95001
566,1,20,7.95001
566,1,21,5.95001
566,1,22,10.95
566,1,23,8.95001
566,1,24,1.95001
566,1,25,1.95001
566,1,26,1.95001
566,1,27,2.95001
566,1,28,0.950012
566,1,29,6.95001
566,1,30,5.95001
566,1,31,3.95001
566,1,32,5.95001
566,1,33,3.95001
566,1,34,7.95001
566,1,35,-0.0499878
566,1,36,2.95001
566,1,37,-0.0499878
566,1,38,-3.04999
566,1,39,-3.04999
566,1,40,-0.0499878
566,1,41,0.950012
566,1,42,1.95001
566,1,43,1.95001
566,1,44,6.95001
566,1,45,4.95001
566,1,46,7.95001
566,1,47,6.95001
566,1,48,7.95001
566,1,49,7.95001
566,1,50,10.95
566,1,51,11.95
566,1,52,17.95
566,1,53,15.95
566,1,54,8.95001
566,1,55,7.95001
566,1,56,6.95001
566,1,57,6.95001
566,1,58,7.95001
566,1,59,8.95001
566,1,60,7.95001
566,1,61,6.95001
566,1,62,4.95001
566,1,63,2.95001
566,1,64,3.95001
566,1,65,7.95001
566,1,66,10.95
566,1,67,8.95001
566,1,68,8.95001
566,1,69,2.95001
566,1,70,-2.04999
566,1,71,-1.04999
566,1,72,-4.04999
566,1,73,-2.04999
566,1,74,4.95001
566,1,75,5.95001
566,1,76,6.95001
566,1,77,6.95001
566,1,78,7.95001
566,1,79,0.950012
566,1,80,4.95001
566,1,81,4.95001
566,1,82,5.95001
566,1,83,7.95001
566,1,84,5.95001
566,1,85,7.95001
566,1,86,3.95001
566,1,87,5.95001
566,1,88,8.95001
566,1,89,5.95001
566,1,90,4.95001
566,1,91,1.95001
566,1,92,2.95001
566,1,93,5.95001
566,1,94,4.95001
566,1,95,3.95001
566,1,96,9.95001
566,1,97,7.95001
566,1,98,9.95001
566,1,99,10.95
566,1,100,11.95
566,1,101,7.95001
566,1,102,6.95001
566,1,103,3.95001
566,1,104,8.95001
566,1,105,7.95001
566,1,106,5.95001
566,1,107,6.95001
566,1,108,8.95001
566,1,109,5.95001
566,1,110,7.95001
566,1,111,6.95001
566,1,112,7.95001
566,1,113,6.95001
566,1,114,7.95001
566,1,115,7.95001
566,1,116,7.95001
566,1,117,9.95001
566,1,118,9.95001
566,1,119,7.95001
566,1,120,6.95001
566,1,121,6.95001
566,1,122,4.95001
566,1,123,8.95001
566,1,124,9.95001
566,1,125,7.95001
566,1,126,5.95001
566,1,127,2.95001
566,1,128,3.95001
566,1,129,1.95001
566,1,130,2.95001
566,1,131,0.950012
566,1,132,3.95001
566,1,133,1.95001
566,1,134,-1.04999
566,1,135,8.95001
566,1,136,7.95001
566,1,137,8.95001
566,1,138,9.95001
566,1,139,8.95001
566,1,140,9.95001
566,1,141,8.95001
566,1,142,4.95001
566,1,143,4.95001
566,1,144,8.95001
566,1,145,5.95001
566,1,146,4.95001
566,1,147,1.95001
566,1,148,0.950012
566,1,149,2.95001
566,1,150,7.95001
566,1,151,10.95
566,1,152,11.95
566,1,153,9.95001
566,1,154,14.95
566,1,155,13.95
566,1,156,11.95
566,1,157,11.95
566,1,158,8.95001
566,1,159,5.95001
566,1,160,5.95001
566,1,161,5.95001
566,1,162,4.95001
566,1,163,5.95001
566,1,164,9.95001
566,1,165,11.95
566,1,166,7.95001
566,1,167,2.95001
566,1,168,4.95001
566,1,169,4.95001
566,1,170,1.95001
566,1,171,3.95001
566,1,172,2.95001
566,1,173,6.95001
566,1,174,5.95001
566,1,175,12.95
566,1,176,14.95
566,1,177,9.95001
566,1,178,17.95
566,1,179,11.95
566,1,180,10.95
566,1,181,10.95
566,1,182,5.95001
566,1,183,6.95001
566,1,184,3.95001
566,1,185,7.95001
566,1,186,7.95001
566,1,187,2.95001
566,1,188,5.95001
566,1,189,4.95001
566,1,190,6.95001
566,1,191,3.95001
566,1,192,10.95
566,1,193,9.95001
566,1,194,10.95
566,1,195,10.95
566,1,196,10.95
566,1,197,12.95
566,1,198,10.95
566,1,199,10.95
566,1,200,7.95001
566,1,201,5.95001
566,1,202,6.95001
566,1,203,9.95001
566,1,204,9.95001
566,1,205,12.95
566,1,206,12.95
566,1,207,8.95001
566,1,208,7.95001
566,1,209,11.95
566,1,210,7.95001
566,1,211,6.95001
566,1,212,8.95001
566,1,213,9.95001
566,1,214,9.95001
566,1,215,13.95
566,1,216,10.95
566,1,217,11.95
566,1,218,12.95
566,1,219,10.95
566,1,220,10.95
566,1,221,8.95001
566,1,222,12.95
566,1,223,9.95001
566,1,224,10.95
566,1,225,11.95
566,1,226,8.95001
566,1,227,9.95001
566,1,228,9.95001
566,1,229,9.95001
566,1,230,5.95001
566,1,231,4.95001
566,1,232,7.95001
566,1,233,10.95
566,1,234,9.95001
566,1,235,11.95
566,1,236,11.95
566,1,237,15.95
566,1,238,15.95
566,1,239,14.95
566,1,240,15.95
566,1,241,16.95
566,1,242,13.95
566,1,243,15.95
566,1,244,13.95
566,1,245,11.95
566,1,246,15.95
566,1,247,20.95
566,1,248,17.95
566,1,249,14.95
566,1,250,8.95001
566,1,251,14.95
566,1,252,12.95
566,1,253,8.95001
566,1,254,11.95
566,1,255,10.95
566,1,256,8.95001
566,1,257,10.95
566,1,258,11.95
566,1,259,17.95
566,1,260,17.95
566,1,261,18.95
566,1,262,15.95
566,1,263,16.95
566,1,264,18.95
566,1,265,19.95
566,1,266,12.95
566,1,267,10.95
566,1,268,12.95
566,1,269,10.95
566,1,270,12.95
566,1,271,10.95
566,1,272,15.95
566,1,273,17.95
566,1,274,13.95
566,1,275,14.95
566,1,276,17.95
566,1,277,13.95
566,1,278,11.95
566,1,279,13.95
566,1,280,15.95
566,1,281,16.95
566,1,282,20.95
566,1,283,21.95
566,1,284,21.95
566,1,285,22.95
566,1,286,23.95
566,1,287,23.95
566,1,288,23.95
566,1,289,19.95
566,1,290,20.95
566,1,291,18.95
566,1,292,20.95
566,1,293,19.95
566,1,294,18.95
566,1,295,19.95
566,1,296,16.95
566,1,297,13.95
566,1,298,13.95
566,1,299,11.95
566,1,300,16.95
566,1,301,15.95
566,1,302,15.95
566,1,303,18.95
566,1,304,23.95
566,1,305,21.95
566,1,306,22.95
566,1,307,24.95
566,1,308,26.95
566,1,309,21.95
566,1,310,17.95
566,1,311,19.95
566,1,312,19.95
566,1,313,21.95
566,1,314,19.95
566,1,315,18.95
566,1,316,16.95
566,1,317,15.95
566,1,318,20.95
566,1,319,19.95
566,1,320,17.95
566,1,321,20.95
566,1,322,17.95
566,1,323,18.95
566,1,324,17.95
566,1,325,24.95
566,1,326,25.95
566,1,327,28.95
566,1,328,27.95
566,1,329,26.95
566,1,330,21.95
566,1,331,20.95
566,1,332,18.95
566,1,333,17.95
566,1,334,18.95
566,1,335,18.95
566,1,336,20.95
566,1,337,27.95
566,1,338,27.95
566,1,339,27.95
566,1,340,24.95
566,1,341,20.95
566,1,342,21.95
566,1,343,19.95
566,1,344,21.95
566,1,345,22.95
566,1,346,20.95
566,1,347,23.95
566,1,348,25.95
566,1,349,29.95
566,1,350,28.95
566,1,351,27.95
566,1,352,26.95
566,1,353,28.95
566,1,354,30.95
566,1,355,28.95
566,1,356,28.95
566,1,357,27.95
566,1,358,26.95
566,1,359,30.95
566,1,360,29.95
566,1,361,28.95
566,1,362,27.95
566,1,363,26.95
566,1,364,24.95
566,1,365,26.95
566,1,366,23.95
566,1,367,23.95
566,1,368,20.95
566,1,369,18.95
566,1,370,21.95
566,1,371,21.95
566,1,372,24.95
566,1,373,25.95
566,1,374,23.95
566,1,375,25.95
566,1,376,24.95
566,1,377,29.95
566,1,378,28.95
566,1,379,30.95
566,1,380,29.95
566,1,381,28.95
566,1,382,25.95
566,1,383,25.95
566,1,384,25.95
566,1,385,26.95
566,1,386,27.95
566,1,387,26.95
566,1,388,25.95
566,1,389,28.95
566,1,390,25.95
566,1,391,27.95
566,1,392,30.95
566,1,393,29.95
566,1,394,25.95
566,1,395,20.95
566,1,396,20.95
566,1,397,22.95
566,1,398,18.95
566,1,399,14.95
566,1,400,20.95
566,1,401,21.95
566,1,402,23.95
566,1,403,21.95
566,1,404,25.95
566,1,405,27.95
566,1,406,21.95
566,1,407,19.95
566,1,408,18.95
566,1,409,20.95
566,1,410,23.95
566,1,411,23.95
566,1,412,22.95
566,1,413,24.95
566,1,414,19.95
566,1,415,18.95
566,1,416,14.95
566,1,417,13.95
566,1,418,17.95
566,1,419,17.95
566,1,420,23.95
566,1,421,21.95
566,1,422,20.95
566,1,423,18.95
566,1,424,18.95
566,1,425,18.95
566,1,426,19.95
566,1,427,19.95
566,1,428,24.95
566,1,429,22.95
566,1,430,20.95
566,1,431,18.95
566,1,432,15.95
566,1,433,18.95
566,1,434,21.95
566,1,435,23.95
566,1,436,23.95
566,1,437,25.95
566,1,438,20.95
566,1,439,20.95
566,1,440,15.95
566,1,441,13.95
566,1,442,14.95
566,1,443,17.95
566,1,444,21.95
566,1,445,21.95
566,1,446,18.95
566,1,447,17.95
566,1,448,16.95
566,1,449,16.95
566,1,450,17.95
566,1,451,15.95
566,1,452,13.95
566,1,453,13.95
566,1,454,17.95
566,1,455,14.95
566,1,456,19.95
566,1,457,20.95
566,1,458,16.95
566,1,459,23.95
566,1,460,19.95
566,1,461,17.95
566,1,462,18.95
566,1,463,15.95
566,1,464,18.95
566,1,465,20.95
566,1,466,17.95
566,1,467,17.95
566,1,468,15.95
566,1,469,21.95
566,1,470,17.95
566,1,471,18.95
566,1,472,21.95
566,1,473,21.95
566,1,474,20.95
566,1,475,18.95
566,1,476,16.95
566,1,477,13.95
566,1,478,14.95
566,1,479,17.95
566,1,480,17.95
566,1,481,17.95
566,1,482,18.95
566,1,483,18.95
566,1,484,15.95
566,1,485,15.95
566,1,486,12.95
566,1,487,16.95
566,1,488,16.95
566,1,489,13.95
566,1,490,12.95
566,1,491,12.95
566,1,492,19.95
566,1,493,22.95
566,1,494,21.95
566,1,495,19.95
566,1,496,18.95
566,1,497,16.95
566,1,498,23.95
566,1,499,19.95
566,1,500,19.95
566,1,501,19.95
566,1,502,20.95
566,1,503,14.95
566,1,504,17.95
566,1,505,18.95
566,1,506,19.95
566,1,507,16.95
566,1,508,19.95
566,1,509,22.95
566,1,510,21.95
566,1,511,22.95
7777,1,0,-65.9
7777,1,1,3.10001
7777,1,2,2.10001
7777,1,3,1.10001
7777,1,4,3.10001
7777,1,5,4.10001
7777,1,6,3.10001
7777,1,7,0.100006
7777,1,8,0.100006
7777,1,9,1.10001
7777,1,10,0.100006
7777,1,11,1.10001
7777,1,12,3.10001
7777,1,13,5.10001
7777,1,14,1.10001
7777,1,15,9.10001
7777,1,16,5.10001
7777,1,17,12.1
7777,1,18,5.10001
7777,1,19,6.10001
7777,1,20,9.10001
7777,1,21,3.10001
7777,1,22,6.10001
7777,1,23,-0.899994
7777,1,24,4.10001
7777,1,25,2.10001
7777,1,26,4.10001
7777,1,27,1.10001
7777,1,28,3.10001
7777,1,29,-1.89999
7777,1,30,-4.89999
7777,1,31,0.100006
7777,1,32,5.10001
7777,1,33,5.10001
7777,1,34,9.10001
7777,1,35,10.1
7777,1,36,7.10001
7777,1,37,10.1
7777,1,38,13.1
7777,1,39,11.1
7777,1,40,11.1
7777,1,41,6.10001
7777,1,42,7.10001
7777,1,43,5.10001
7777,1,44,8.10001
7777,1,45,6.10001
7777,1,46,2.10001
7777,1,47,5.10001
7777,1,48,6.10001
7777,1,49,7.10001
7777,1,50,2.10001
7777,1,51,2.10001
7777,1,52,3.10001
7777,1,53,3.10001
7777,1,54,1.10001
7777,1,55,1.10001
7777,1,56,4.10001
7777,1,57,7.10001
7777,1,58,8.10001
7777,1,59,9.10001
7777,1,60,12.1
7777,1,61,5.10001
7777,1,62,11.1
7777,1,63,16.1
7777,1,64,12.1
7777,1,65,12.1
7777,1,66,9.10001
7777,1,67,11.1
7777,1,68,16.1
7777,1,69,17.1
7777,1,70,13.1
7777,1,71,13.1
7777,1,72,13.1
7777,1,73,8.10001
7777,1,74,5.10001
7777,1,75,3.10001
7777,1,76,3.10001
7777,1,77,10.1
7777,1,78,8.10001
7777,1,79,4.10001
7777,1,80,6.10001
7777,1,81,3.10001
7777,1,82,6.10001
7777,1,83,0.100006
7777,1,84,5.10001
7777,1,85,5.10001
7777,1,86,1.10001
7777,1,87,3.10001
7777,1,88,3.10001
7777,1,89,3.10001
7777,1,90,9.10001
7777,1,91,6.10001
7777,1,92,12.1
7777,1,93,6.10001
7777,1,94,12.1
7777,1,95,12.1
7777,1,96,11.1
7777,1,97,10.1
7777,1,98,8.10001
7777,1,99,9.10001
7777,1,100,7.10001
7777,1,101,5.10001
7777,1,102,4.10001
7777,1,103,6.10001
7777,1,104,9.10001
7777,1,105,8.10001
7777,1,106,3.10001
7777,1,107,5.10001
7777,1,108,6.10001
7777,1,109,5.10001
7777,1,110,8.10001
7777,1,111,11.1
7777,1,112,10.1
7777,1,113,8.10001
7777,1,114,9.10001
7777,1,115,7.10001
7777,1,116,2.10001
7777,1,117,3.10001
7777,1,118,8.10001
7777,1,119,9.10001
7777,1,120,10.1
7777,1,121,8.10001
7777,1,122,7.10001
7777,1,123,8.10001
7777,1,124,11.1
7777,1,125,9.10001
7777,1,126,2.10001
7777,1,127,3.10001
7777,1,128,1.10001
7777,1,129,6.10001
7777,1,130,9.10001
7777,1,131,8.10001
7777,1,132,10.1
7777,1,133,9.10001
7777,1,134,8.10001
7777,1,135,9.10001
7777,1,136,8.10001
7777,1,137,5.10001
7777,1,138,4.10001
7777,1,139,3.10001
7777,1,140,2.10001
7777,1,141,5.10001
7777,1,142,4.10001
7777,1,143,5.10001
7777,1,144,7.10001
7777,1,145,11.1
7777,1,146,11.1
7777,1,147,11.1
7777,1,148,7.10001
7777,1,149,13.1
7777,1,150,17.1
7777,1,151,12.1
7777,1,152,12.1
7777,1,153,6.10001
7777,1,154,6.10001
7777,1,155,2.10001
7777,1,156,7.10001
7777,1,157,4.10001
7777,1,158,10.1
7777,1,159,12.1
7777,1,160,11.1
7777,1,161,9.10001
7777,1,162,11.1
7777,1,163,11.1
7777,1,164,9.10001
7777,1,165,8.10001
7777,1,166,9.10001
7777,1,167,5.10001
7777,1,168,7.10001
7777,1,169,8.10001
7777,1,170,8.10001
7777,1,171,11.1
7777,1,172,13.1
7777,1,173,11.1
7777,1,174,8.10001
7777,1,175,7.10001
7777,1,176,11.1
7777,1,177,9.10001
7777,1,178,8.10001
7777,1,179,16.1
7777,1,180,15.1
7777,1,181,16.1
7777,1,182,14.1
7777,1,183,11.1
7777,1,184,10.1
7777,1,185,10.1
7777,1,186,12.1
7777,1,187,12.1
7777,1,188,11.1
7777,1,189,7.10001
7777,1,190,5.10001
7777,1,191,8.10001
7777,1,192,5.10001
7777,1,193,5.10001
7777,1,194,6.10001
7777,1,195,10.1
7777,1,196,10.1
7777,1,197,14.1
7777,1,198,14.1
7777,1,199,9.10001
7777,1,200,10.1
7777,1,201,7.10001
7777,1,202,8.10001
7777,1,203,10.1
7777,1,204,10.1
7777,1,205,15.1
7777,1,206,11.1
7777,1,207,10.1
7777,1,208,14.1
7777,1,209,17.1
7777,1,210,16.1
7777,1,211,15.1
7777,1,212,13.1
7777,1,213,10.1
7777,1,214,11.1
7777,1,215,14.1
7777,1,216,11.1
7777,1,217,13.1
7777,1,218,17.1
7777,1,219,14.1
7777,1,220,12.1
7777,1,221,13.1
7777,1,222,14.1
7777,1,223,12.1
7777,1,224,6.10001
7777,1,225,9.10001
7777,1,226,12.1
7777,1,227,17.1
7777,1,228,15.1
7777,1,229,16.1
7777,1,230,17.1
7777,1,231,18.1
7777,1,232,12.1
7777,1,233,11.1
7777,1,234,14.1
7777,1,235,17.1
7777,1,236,15.1
7777,1,237,16.1
7777,1,238,10.1
7777,1,239,12.1
7777,1,240,15.1
7777,1,241,12.1
7777,1,242,10.1
7777,1,243,11.1
7777,1,244,12.1
7777,1,245,18.1
7777,1,246,20.1
7777,1,247,21.1
7777,1,248,21.1
7777,1,249,15.1
7777,1,250,17.1
7777,1,251,21.1
7777,1,252,17.1
7777,1,253,16.1
7777,1,254,20.1
7777,1,255,21.1
7777,1,256,21.1
7777,1,257,19.1
7777,1,258,20.1
7777,1,259,15.1
7777,1,260,18.1
7777,1,261,23.1
7777,1,262,20.1
7777,1,263,19.1
7777,1,264,14.1
7777,1,265,15.1
7777,1,266,17.1
7777,1,267,16.1
7777,1,268,17.1
7777,1,269,18.1
7777,1,270,20.1
7777,1,271,23.1
7777,1,272,20.1
7777,1,273,19.1
7777,1,274,18.1
7777,1,275,18.1
7777,1,276,19.1
7777,1,277,21.1
7777,1,278,20.1
7777,1,279,20.1
7777,1,280,17.1
7777,1,281,19.1
7777,1,282,17.1
7777,1,283,21.1
7777,1,284,18.1
7777,1,285,14.1
7777,1,286,15.1
7777,1,287,15.1
7777,1,288,16.1
7777,1,289,19.1
7777,1,290,21.1
7777,1,291,22.1
7777,1,292,18.1
7777,1,293,20.1
7777,1,294,18.1
7777,1,295,17.1
7777,1,296,14.1
7777,1,297,19.1
7777,1,298,16.1
7777,1,299,18.1
7777,1,300,16.1
7777,1,301,22.1
7777,1,302,23.1
7777,1,303,25.1
7777,1,304,21.1
7777,1,305,22.1
7777,1,306,22.1
7777,1,307,26.1
7777,1,308,25.1
7777,1,309,26.1
7777,1,310,30.1
7777,1,311,27.1
7777,1,312,27.1
7777,1,313,25.1
7777,1,314,25.1
7777,1,315,25.1
7777,1,316,27.1
7777,1,317,30.1
7777,1,318,30.1
7777,1,319,28.1
7777,1,320,29.1
7777,1,321,30.1
7777,1,322,31.1
7777,1,323,33.1
7777,1,324,29.1
7777,1,325,30.1
7777,1,326,31.1
7777,1,327,29.1
7777,1,328,29.1
7777,1,329,25.1
7777,1,330,22.1
7777,1,331,24.1
7777,1,332,24.1
7777,1,333,29.1
7777,1,334,29.1
7777,1,335,31.1
7777,1,336,27.1
7777,1,337,27.1
7777,1,338,28.1
7777,1,339,34.1
7777,1,340,30.1
7777,1,341,29.1
7777,1,342,28.1
7777,1,343,29.1
7777,1,344,28.1
7777,1,345,26.1
7777,1,346,29.1
7777,1,347,26.1
7777,1,348,26.1
7777,1,349,25.1
7777,1,350,26.1
7777,1,351,27.1
7777,1,352,28.1
7777,1,353,25.1
7777,1,354,31.1
7777,1,355,34.1
7777,1,356,34.1
7777,1,357,37.1
7777,1,358,38.1
7777,1,359,40.1
7777,1,360,36.1
7777,1,361,36.1
7777,1,362,31.1
7777,1,363,30.1
7777,1,364,28.1
7777,1,365,29.1
7777,1,366,27.1
7777,1,367,30.1
7777,1,368,30.1
7777,1,369,37.1
7777,1,370,33.1
7777,1,371,35.1
7777,1,372,36.1
7777,1,373,37.1
7777,1,374,31.1
7777,1,375,33.1
7777,1,376,31.1
7777,1,377,29.1
7777,1,378,34.1
7777,1,379,29.1
7777,1,380,32.1
7777,1,381,32.1
7777,1,382,34.1
7777,1,383,30.1
7777,1,384,29.1
7777,1,385,27.1
7777,1,386,24.1
7777,1,387,29.1
7777,1,388,29.1
7777,1,389,30.1
7777,1,390,29.1
7777,1,391,27.1
7777,1,392,33.1
7777,1,393,31.1
7777,1,394,28.1
7777,1,395,32.1
7777,1,396,30.1
7777,1,397,34.1
7777,1,398,30.1
7777,1,399,28.1
7777,1,400,29.1
7777,1,401,25.1
7777,1,402,25.1
7777,1,403,27.1
7777,1,404,27.1
7777,1,405,28.1
7777,1,406,27.1
7777,1,407,30.1
7777,1,408,30.1
7777,1,409,36.1
7777,1,410,32.1
7777,1,411,31.1
7777,1,412,28.1
7777,1,413,25.1
7777,1,414,29.1
7777,1,415,24.1
7777,1,416,20.1
7777,1,417,20.1
7777,1,418,20.1
7777,1,419,19.1
7777,1,420,24.1
7777,1,421,29.1
7777,1,422,28.1
7777,1,423,27.1
7777,1,424,31.1
7777,1,425,32.1
7777,1,426,31.1
7777,1,427,27.1
7777,1,428,25.1
7777,1,429,27.1
7777,1,430,22.1
7777,1,431,32.1
7777,1,432,31.1
7777,1,433,33.1
7777,1,434,34.1
7777,1,435,32.1
7777,1,436,31.1
7777,1,437,31.1
7777,1,438,28.1
7777,1,439,29.1
7777,1,440,25.1
7777,1,441,27.1
7777,1,442,24.1
7777,1,443,23.1
7777,1,444,26.1
7777,1,445,26.1
7777,1,446,23.1
7777,1,447,24.1
7777,1,448,27.1
7777,1,449,26.1
7777,1,450,25.1
7777,1,451,19.1
7777,1,452,21.1
7777,1,453,24.1
7777,1,454,24.1
7777,1,455,21.1
7777,1,456,21.1
7777,1,457,19.1
7777,1,458,15.1
7777,1,459,19.1
7777,1,460,23.1
7777,1,461,24.1
7777,1,462,24.1
7777,1,463,22.1
7777,1,464,21.1
7777,1,465,17.1
7777,1,466,14.1
7777,1,467,20.1
7777,1,468,21.1
7777,1,469,24.1
7777,1,470,23.1
7777,1,471,27.1
7777,1,472,23.1
7777,1,473,24.1
7777,1,474,19.1
7777,1,475,17.1
7777,1,476,16.1
7777,1,477,17.1
7777,1,478,18.1
7777,1,479,15.1
7777,1,480,21.1
7777,1,481,21.1
7777,1,482,20.1
7777,1,483,20.1
7777,1,484,24.1
7777,1,485,18.1
7777,1,486,22.1
7777,1,487,22.1
7777,1,488,17.1
7777,1,489,24.1
7777,1,490,22.1
7777,1,491,21.1
7777,1,492,23.1
7777,1,493,20.1
7777,1,494,21.1
7777,1,495,18.1
7777,1,496,18.1
7777,1,497,14.1
7777,1,498,13.1
7777,1,499,16.1
7777,1,500,15.1
7777,1,501,17.1
7777,1,502,21.1
7777,1,503,21.1
7777,1,504,23.1
7777,1,505,20.1
7777,1,506,21.1
7777,1,507,20.1
7777,1,508,24.1
7777,1,509,29.1
7777,1,510,23.1
7777,1,511,28.1
7494,2,0,-71.1
7494,2,1,2.89999
7494,2,2,5.89999
7494,2,3,6.89999
7494,2,4,7.89999
7494,2,5,4.89999
7494,2,6,-1.10001
7494,2,7,-2.10001
7494,2,8,-0.100006
7494,2,9,3.89999
7494,2,10,2.89999
7494,2,11,4.89999
7494,2,12,3.89999
7494,2,13,1.89999
7494,2,14,1.89999
7494,2,15,5.89999
7494,2,16,5.89999
7494,2,17,7.89999
7494,2,18,3.89999
7494,2,19,2.89999
7494,2,20,4.89999
7494,2,21,0.899994
7494,2,22,2.89999
7494,2,23,7.89999
7494,2,24,7.89999
7494,2,25,6.89999
7494,2,26,9.89999
7494,2,27,5.89999
7494,2,28,-0.100006
7494,2,29,2.89999
7494,2,30,0.899994
7494,2,31,0.899994
7494,2,32,9.89999
7494,2,33,7.89999
7494,2,34,10.9
7494,2,35,9.89999
7494,2,36,11.9
7494,2,37,10.9
7494,2,38,12.9
7494,2,39,14.9
7494,2,40,16.9
7494,2,41,20.9
7494,2,42,18.9
7494,2,43,16.9
7494,2,44,14.9
7494,2,45,11.9
7494,2,46,13.9
7494,2,47,14.9
7494,2,48,11.9
7494,2,49,8.89999
7494,2,50,9.89999
7494,2,51,13.9
7494,2,52,7.89999
7494,2,53,5.89999
7494,2,54,4.89999
7494,2,55,4.89999
7494,2,56,3.89999
7494,2,57,5.89999
7494,2,58,5.89999
7494,2,59,7.89999
7494,2,60,8.89999
7494,2,61,14.9
7494,2,62,9.89999
7494,2,63,8.89999
7494,2,64,6.89999
7494,2,65,3.89999
7494,2,66,-0.100006
7494,2,67,6.89999
7494,2,68,9.89999
7494,2,69,11.9
7494,2,70,13.9
7494,2,71,15.9
7494,2,72,16.9
7494,2,73,18.9
7494,2,74,15.9
7494,2,75,13.9
7494,2,76,13.9
7494,2,77,13.9
7494,2,78,4.89999
7494,2,79,10.9
7494,2,80,11.9
7494,2,81,6.89999
7494,2,82,12.9
7494,2,83,11.9
7494,2,84,12.9
7494,2,85,13.9
7494,2,86,14.9
7494,2,87,15.9
7494,2,88,14.9
7494,2,89,10.9
7494,2,90,13.9
7494,2,91,14.9
7494,2,92,14.9
7494,2,93,16.9
7494,2,94,17.9
7494,2,95,20.9
7494,2,96,20.9
7494,2,97,22.9
7494,2,98,21.9
7494,2,99,17.9
7494,2,100,17.9
7494,2,101,16.9
7494,2,102,14.9
7494,2,103,19.9
7494,2,104,16.9
7494,2,105,13.9
7494,2,106,12.9
7494,2,107,11.9
7494,2,108,10.9
7494,2,109,8.89999
7494,2,110,4.89999
7494,2,111,10.9
7494,2,112,14.9
7494,2,113,21.9
7494,2,114,20.9
7494,2,115,20.9
7494,2,116,18.9
7494,2,117,15.9
7494,2,118,17.9
7494,2,119,15.9
7494,2,120,16.9
7494,2,121,20.9
7494,2,122,16.9
7494,2,123,19.9
7494,2,124,20.9
7494,2,125,16.9
7494,2,126,18.9
7494,2,127,17.9
7494,2,128,19.9
7494,2,129,19.9
7494,2,130,21.9
7494,2,131,22.9
7494,2,132,29.9
7494,2,133,22.9
7494,2,134,25.9
7494,2,135,24.9
7494,2,136,23.9
7494,2,137,20.9
7494,2,138,17.9
7494,2,139,19.9
7494,2,140,20.9
7494,2,141,19.9
7494,2,142,21.9
7494,2,143,20.9
7494,2,144,21.9
7494,2,145,22.9
7494,2,146,21.9
7494,2,147,19.9
7494,2,148,19.9
7494,2,149,19.9
7494,2,150,19.9
7494,2,151,19.9
7494,2,152,24.9
7494,2,153,25.9
7494,2,154,24.9
7494,2,155,22.9
7494,2,156,17.9
7494,2,157,13.9
7494,2,158,15.9
7494,2,159,19.9
7494,2,160,20.9
7494,2,161,20.9
7494,2,162,18.9
7494,2,163,15.9
7494,2,164,15.9
7494,2,165,15.9
7494,2,166,14.9
7494,2,167,16.9
7494,2,168,19.9
7494,2,169,21.9
7494,2,170,18.9
7494,2,171,19.9
7494,2,172,22.9
7494,2,173,18.9
7494,2,174,16.9
7494,2,175,21.9
7494,2,176,16.9
7494,2,177,14.9
7494,2,178,14.9
7494,2,179,15.9
7494,2,180,18.9
7494,2,181,15.9
7494,2,182,16.9
7494,2,183,14.9
7494,2,184,17.9
7494,2,185,21.9
7494,2,186,20.9
7494,2,187,23.9
7494,2,188,26.9
7494,2,189,27.9
7494,2,190,25.9
7494,2,191,22.9
7494,2,192,22.9
7494,2,193,21.9
7494,2,194,20.9
7494,2,195,20.9
7494,2,196,18.9
7494,2,197,15.9
7494,2,198,19.9
7494,2,199,17.9
7494,2,200,18.9
7494,2,201,17.9
7494,2,202,13.9
7494,2,203,15.9
7494,2,204,13.9
7494,2,205,15.9
7494,2,206,11.9
7494,2,207,9.89999
7494,2,208,11.9
7494,2,209,14.9
7494,2,210,11.9
7494,2,211,10.9
7494,2,212,12.9
7494,2,213,15.9
7494,2,214,10.9
7494,2,215,8.89999
7494,2,216,13.9
7494,2,217,17.9
7494,2,218,16.9
7494,2,219,14.9
7494,2,220,14.9
7494,2,221,14.9
7494,2,222,10.9
7494,2,223,11.9
7494,2,224,7.89999
7494,2,225,8.89999
7494,2,226,10.9
7494,2,227,9.89999
7494,2,228,13.9
7494,2,229,14.9
7494,2,230,11.9
7494,2,231,9.89999
7494,2,232,9.89999
7494,2,233,8.89999
7494,2,234,9.89999
7494,2,235,12.9
7494,2,236,12.9
7494,2,237,13.9
7494,2,238,11.9
7494,2,239,6.89999
7494,2,240,16.9
7494,2,241,14.9
7494,2,242,17.9
7494,2,243,17.9
7494,2,244,15.9
7494,2,245,14.9
7494,2,246,16.9
7494,2,247,11.9
7494,2,248,10.9
7494,2,249,10.9
7494,2,250,10.9
7494,2,251,10.9
7494,2,252,11.9
7494,2,253,12.9
7494,2,254,15.9
7494,2,255,13.9
7494,2,256,11.9
7494,2,257,16.9
7494,2,258,12.9
7494,2,259,15.9
7494,2,260,12.9
7494,2,261,16.9
7494,2,262,14.9
7494,2,263,12.9
7494,2,264,9.89999
7494,2,265,4.89999
7494,2,266,6.89999
7494,2,267,10.9
7494,2,268,9.89999
7494,2,269,9.89999
7494,2,270,8.89999
7494,2,271,5.89999
7494,2,272,9.89999
7494,2,273,8.89999
7494,2,274,8.89999
7494,2,275,6.89999
7494,2,276,6.89999
7494,2,277,7.89999
7494,2,278,15.9
7494,2,279,13.9
7494,2,280,15.9
7494,2,281,7.89999
7494,2,282,8.89999
7494,2,283,6.89999
7494,2,284,6.89999
7494,2,285,6.89999
7494,2,286,7.89999
7494,2,287,8.89999
7494,2,288,11.9
7494,2,289,11.9
7494,2,290,11.9
7494,2,291,8.89999
7494,2,292,8.89999
7494,2,293,2.89999
7494,2,294,10.9
7494,2,295,6.89999
7494,2,296,9.89999
7494,2,297,10.9
7494,2,298,7.89999
7494,2,299,12.9
7494,2,300,12.9
7494,2,301,9.89999
7494,2,302,10.9
7494,2,303,9.89999
7494,2,304,12.9
7494,2,305,8.89999
7494,2,306,6.89999
7494,2,307,8.89999
7494,2,308,8.89999
7494,2,309,9.89999
7494,2,310,14.9
7494,2,311,15.9
7494,2,312,13.9
7494,2,313,9.89999
7494,2,314,12.9
7494,2,315,9.89999
7494,2,316,10.9
7494,2,317,11.9
7494,2,318,7.89999
7494,2,319,5.89999
7494,2,320,8.89999
7494,2,321,7.89999
7494,2,322,6.89999
7494,2,323,7.89999
7494,2,324,6.89999
7494,2,325,6.89999
7494,2,326,9.89999
7494,2,327,13.9
7494,2,328,15.9
7494,2,329,19.9
7494,2,330,15.9
7494,2,331,17.9
7494,2,332,13.9
7494,2,333,13.9
7494,2,334,7.89999
7494,2,335,7.89999
7494,2,336,13.9
7494,2,337,11.9
7494,2,338,9.89999
7494,2,339,13.9
7494,2,340,12.9
7494,2,341,13.9
7494,2,342,8.89999
7494,2,343,10.9
7494,2,344,9.89999
7494,2,345,10.9
7494,2,346,13.9
7494,2,347,13.9
7494,2,348,10.9
7494,2,349,10.9
7494,2,350,14.9
7494,2,351,18.9
7494,2,352,15.9
7494,2,353,15.9
7494,2,354,16.9
7494,2,355,19.9
7494,2,356,18.9
7494,2,357,19.9
7494,2,358,16.9
7494,2,359,13.9
7494,2,360,12.9
7494,2,361,11.9
7494,2,362,10.9
7494,2,363,11.9
7494,2,364,12.9
7494,2,365,6.89999
7494,2,366,2.89999
7494,2,367,3.89999
7494,2,368,3.89999
7494,2,369,3.89999
7494,2,370,8.89999
7494,2,371,12.9
7494,2,372,10.9
7494,2,373,7.89999
7494,2,374,12.9
7494,2,375,11.9
7494,2,376,9.89999
7494,2,377,11.9
7494,2,378,7.89999
7494,2,379,7.89999
7494,2,380,1.89999
7494,2,381,8.89999
7494,2,382,7.89999
7494,2,383,7.89999
7494,2,384,11.9
7494,2,385,14.9
7494,2,386,13.9
7494,2,387,14.9
7494,2,388,17.9
7494,2,389,12.9
7494,2,390,13.9
7494,2,391,16.9
7494,2,392,15.9
7494,2,393,13.9
7494,2,394,11.9
7494,2,395,10.9
7494,2,396,8.89999
7494,2,397,9.89999
7494,2,398,7.89999
7494,2,399,7.89999
7494,2,400,10.9
7494,2,401,7.89999
7494,2,402,8.89999
7494,2,403,8.89999
7494,2,404,8.89999
7494,2,405,9.89999
7494,2,406,13.9
7494,2,407,15.9
7494,2,408,15.9
7494,2,409,17.9
7494,2,410,15.9
7494,2,411,9.89999
7494,2,412,13.9
7494,2,413,11.9
7494,2,414,13.9
7494,2,415,17.9
7494,2,416,11.9
7494,2,417,12.9
7494,2,418,8.89999
7494,2,419,8.89999
7494,2,420,12.9
7494,2,421,11.9
7494,2,422,17.9
7494,2,423,13.9
7494,2,424,20.9
7494,2,425,10.9
7494,2,426,7.89999
7494,2,427,8.89999
7494,2,428,10.9
7494,2,429,11.9
7494,2,430,7.89999
7494,2,431,10.9
7494,2,432,12.9
7494,2,433,9.89999
7494,2,434,14.9
7494,2,435,14.9
7494,2,436,11.9
7494,2,437,12.9
7494,2,438,12.9
7494,2,439,12.9
7494,2,440,12.9
7494,2,441,14.9
7494,2,442,9.89999
7494,2,443,11.9
7494,2,444,17.9
7494,2,445,17.9
7494,2,446,15.9
7494,2,447,15.9
7494,2,448,13.9
7494,2,449,16.9
7494,2,450,9.89999
7494,2,451,8.89999
7494,2,452,10.9
7494,2,453,9.89999
7494,2,454,9.89999
7494,2,455,12.9
7494,2,456,12.9
7494,2,457,15.9
7494,2,458,9.89999
7494,2,459,13.9
7494,2,460,15.9
7494,2,461,12.9
7494,2,462,15.9
7494,2,463,11.9
7494,2,464,14.9
7494,2,465,19.9
7494,2,466,19.9
7494,2,467,18.9
7494,2,468,9.89999
7494,2,469,10.9
7494,2,470,12.9
7494,2,471,14.9
7494,2,472,10.9
7494,2,473,11.9
7494,2,474,12.9
7494,2,475,17.9
7494,2,476,16.9
7494,2,477,13.9
7494,2,478,13.9
7494,2,479,12.9
7494,2,480,14.9
7494,2,481,13.9
7494,2,482,9.89999
7494,2,483,11.9
7494,2,484,9.89999
7494,2,485,8.89999
7494,2,486,6.89999
7494,2,487,12.9
7494,2,488,16.9
7494,2,489,15.9
7494,2,490,19.9
7494,2,491,22.9
7494,2,492,23.9
7494,2,493,24.9
7494,2,494,22.9
7494,2,495,17.9
7494,2,496,19.9
7494,2,497,21.9
7494,2,498,19.9
7494,2,499,15.9
7494,2,500,11.9
7494,2,501,12.9
7494,2,502,16.9
7494,2,503,17.9
7494,2,504,19.9
7494,2,505,21.9
7494,2,506,19.9
7494,2,507,17.9
7494,2,508,23.9
7494,2,509,21.9
7494,2,510,18.9
7494,2,511,26.9
7970,2,0,-68.65
7970,2,1,0.350006
7970,2,2,-0.649994
7970,2,3,-0.649994
7970,2,4,4.35001
7970,2,5,1.35001
7970,2,6,1.35001
7970,2,7,3.35001
7970,2,8,3.35001
7970,2,9,4.35001
7970,2,10,3.35001
7970,2,11,0.350006
7970,2,12,4.35001
7970,2,13,0.350006
7970,2,14,1.35001
7970,2,15,6.35001
7970,2,16,11.35
7970,2,17,7.35001
7970,2,18,10.35
7970,2,19,6.35001
7970,2,20,6.35001
7970,2,21,5.35001
7970,2,22,-2.64999
7970,2,23,-1.64999
7970,2,24,2.35001
7970,2,25,2.35001
7970,2,26,6.35001
7970,2,27,6.35001
7970,2,28,8.35001
7970,2,29,11.35
7970,2,30,10.35
7970,2,31,12.35
7970,2,32,10.35
7970,2,33,6.35001
7970,2,34,7.35001
7970,2,35,1.35001
7970,2,36,2.35001
7970,2,37,0.350006
7970,2,38,3.35001
7970,2,39,2.35001
7970,2,40,7.35001
7970,2,41,8.35001
7970,2,42,7.35001
7970,2,43,13.35
7970,2,44,9.35001
7970,2,45,9.35001
7970,2,46,2.35001
7970,2,47,-2.64999
7970,2,48,0.350006
7970,2,49,-0.649994
7970,2,50,1.35001
7970,2,51,0.350006
7970,2,52,3.35001
7970,2,53,7.35001
7970,2,54,4.35001
7970,2,55,0.350006
7970,2,56,5.35001
7970,2,57,7.35001
7970,2,58,8.35001
7970,2,59,4.35001
7970,2,60,8.35001
7970,2,61,13.35
7970,2,62,14.35
7970,2,63,11.35
7970,2,64,11.35
7970,2,65,9.35001
7970,2,66,14.35
7970,2,67,18.35
7970,2,68,8.35001
7970,2,69,6.35001
7970,2,70,6.35001
7970,2,71,9.35001
7970,2,72,12.35
7970,2,73,12.35
7970,2,74,8.35001
7970,2,75,7.35001
7970,2,76,5.35001
7970,2,77,4.35001
7970,2,78,4.35001
7970,2,79,6.35001
7970,2,80,8.35001
7970,2,81,7.35001
7970,2,82,5.35001
7970,2,83,3.35001
7970,2,84,1.35001
7970,2,85,2.35001
7970,2,86,4.35001
7970,2,87,3.35001
7970,2,88,7.35001
7970,2,89,8.35001
7970,2,90,10.35
7970,2,91,10.35
7970,2,92,11.35
7970,2,93,8.35001
7970,2,94,8.35001
7970,2,95,6.35001
7970,2,96,7.35001
7970,2,97,3.35001
7970,2,98,10.35
7970,2,99,9.35001
7970,2,100,10.35
7970,2,101,8.35001
7970,2,102,7.35001
7970,2,103,9.35001
7970,2,104,7.35001
7970,2,105,7.35001
7970,2,106,8.35001
7970,2,107,10.35
7970,2,108,6.35001
7970,2,109,6.35001
7970,2,110,5.35001
7970,2,111,11.35
7970,2,112,8.35001
7970,2,113,3.35001
7970,2,114,8.35001
7970,2,115,9.35001
7970,2,116,11.35
7970,2,117,11.35
7970,2,118,15.35
7970,2,119,13.35
7970,2,120,8.35001
7970,2,121,11.35
7970,2,122,11.35
7970,2,123,8.35001
7970,2,124,9.35001
7970,2,125,9.35001
7970,2,126,11.35
7970,2,127,6.35001
7970,2,128,5.35001
7970,2,129,4.35001
7970,2,130,10.35
7970,2,131,9.35001
7970,2,132,14.35
7970,2,133,9.35001
7970,2,134,7.35001
7970,2,135,8.35001
7970,2,136,9.35001
7970,2,137,11.35
7970,2,138,12.35
7970,2,139,16.35
7970,2,140,12.35
7970,2,141,16.35
7970,2,142,16.35
7970,2,143,13.35
7970,2,144,11.35
7970,2,145,9.35001
7970,2,146,10.35
7970,2,147,9.35001
7970,2,148,11.35
7970,2,149,10.35
7970,2,150,17.35
7970,2,151,13.35
7970,2,152,14.35
7970,2,153,13.35
7970,2,154,14.35
7970,2,155,12.35
7970,2,156,15.35
7970,2,157,14.35
7970,2,158,12.35
7970,2,159,13.35
7970,2,160,15.35
7970,2,161,15.35
7970,2,162,13.35
7970,2,163,15.35
7970,2,164,14.35
7970,2,165,10.35
7970,2,166,11.35
7970,2,167,7.35001
7970,2,168,11.35
7970,2,169,15.35
7970,2,170,14.35
7970,2,171,20.35
7970,2,172,22.35
7970,2,173,18.35
7970,2,174,18.35
7970,2,175,14.35
7970,2,176,19.35
7970,2,177,17.35
7970,2,178,15.35
7970,2,179,18.35
7970,2,180,22.35
7970,2,181,24.35
7970,2,182,18.35
7970,2,183,17.35
7970,2,184,19.35
7970,2,185,12.35
7970,2,186,16.35
7970,2,187,19.35
7970,2,188,19.35
7970,2,189,16.35
7970,2,190,15.35
7970,2,191,16.35
7970,2,192,18.35
7970,2,193,18.35
7970,2,194,22.35
7970,2,195,17.35
7970,2,196,21.35
7970,2,197,19.35
7970,2,198,21.35
7970,2,199,23.35
7970,2,200,16.35
7970,2,201,17.35
7970,2,202,20.35
7970,2,203,18.35
7970,2,204,19.35
7970,2,205,22.35
7970,2,206,20.35
7970,2,207,21.35
7970,2,208,21.35
7970,2,209,20.35
7970,2,210,25.35
7970,2,211,25.35
7970,2,212,26.35
7970,2,213,20.35
7970,2,214,24.35
7970,2,215,22.35
7970,2,216,29.35
7970,2,217,24.35
7970,2,218,25.35
7970,2,219,29.35
7970,2,220,29.35
7970,2,221,32.35
7970,2,222,30.35
7970,2,223,30.35
7970,2,224,29.35
7970,2,225,23.35
7970,2,226,27.35
7970,2,227,25.35
7970,2,228,26.35
7970,2,229,24.35
7970,2,230,22.35
7970,2,231,25.35
7970,2,232,27.35
7970,2,233,24.35
7970,2,234,26.35
7970,2,235,30.35
7970,2,236,27.35
7970,2,237,25.35
7970,2,238,24.35
7970,2,239,24.35
7970,2,240,25.35
7970,2,241,21.35
7970,2,242,22.35
7970,2,243,21.35
7970,2,244,21.35
7970,2,245,21.35
7970,2,246,23.35
7970,2,247,23.35
7970,2,248,25.35
7970,2,249,25.35
7970,2,250,24.35
7970,2,251,27.35
7970,2,252,28.35
7970,2,253,29.35
7970,2,254,31.35
7970,2,255,36.35
7970,2,256,32.35
7970,2,257,24.35
7970,2,258,26.35
7970,2,259,26.35
7970,2,260,28.35
7970,2,261,26.35
7970,2,262,27.35
7970,2,263,28.35
7970,2,264,27.35
7970,2,265,25.35
7970,2,266,24.35
7970,2,267,28.35
7970,2,268,30.35
7970,2,269,27.35
7970,2,270,28.35
7970,2,271,27.35
7970,2,272,24.35
7970,2,273,22.35
7970,2,274,21.35
7970,2,275,21.35
7970,2,276,23.35
7970,2,277,23.35
7970,2,278,24.35
7970,2,279,24.35
7970,2,280,29.35
7970,2,281,27.35
7970,2,282,26.35
7970,2,283,27.35
7970,2,284,26.35
7970,2,285,25.35
7970,2,286,27.35
7970,2,287,25.35
7970,2,288,22.35
7970,2,289,24.35
7970,2,290,22.35
7970,2,291,20.35
7970,2,292,25.35
7970,2,293,23.35
7970,2,294,24.35
7970,2,295,20.35
7970,2,296,25.35
7970,2,297,20.35
7970,2,298,16.35
7970,2,299,17.35
7970,2,300,22.35
7970,2,301,19.35
7970,2,302,26.35
7970,2,303,27.35
7970,2,304,23.35
7970,2,305,22.35
7970,2,306,21.35
7970,2,307,21.35
7970,2,308,24.35
7970,2,309,21.35
7970,2,310,22.35
7970,2,311,24.35
7970,2,312,24.35
7970,2,313,21.35
7970,2,314,18.35
7970,2,315,17.35
7970,2,316,12.35
7970,2,317,15.35
7970,2,318,23.35
7970,2,319,20.35
7970,2,320,23.35
7970,2,321,17.35
7970,2,322,22.35
7970,2,323,21.35
7970,2,324,22.35
7970,2,325,24.35
7970,2,326,17.35
7970,2,327,20.35
7970,2,328,26.35
7970,2,329,24.35
7970,2,330,22.35
7970,2,331,19.35
7970,2,332,22.35
7970,2,333,20.35
7970,2,334,20.35
7970,2,335,17.35
7970,2,336,17.35
7970,2,337,13.35
7970,2,338,17.35
7970,2,339,17.35
7970,2,340,17.35
7970,2,341,23.35
7970,2,342,26.35
7970,2,343,29.35
7970,2,344,29.35
7970,2,345,32.35
7970,2,346,25.35
7970,2,347,23.35
7970,2,348,18.35
7970,2,349,22.35
7970,2,350,18.35
7970,2,351,16.35
7970,2,352,22.35
7970,2,353,21.35
7970,2,354,19.35
7970,2,355,17.35
7970,2,356,18.35
7970,2,357,14.35
7970,2,358,14.35
7970,2,359,19.35
7970,2,360,23.35
7970,2,361,19.35
7970,2,362,12.35
7970,2,363,12.35
7970,2,364,18.35
7970,2,365,15.35
7970,2,366,12.35
7970,2,367,12.35
7970,2,368,13.35
7970,2,369,11.35
7970,2,370,14.35
7970,2,371,12.35
7970,2,372,10.35
7970,2,373,7.35001
7970,2,374,9.35001
7970,2,375,8.35001
7970,2,376,10.35
7970,2,377,12.35
7970,2,378,17.35
7970,2,379,14.35
7970,2,380,15.35
7970,2,381,16.35
7970,2,382,14.35
7970,2,383,11.35
7970,2,384,8.35001
7970,2,385,8.35001
7970,2,386,8.35001
7970,2,387,11.35
7970,2,388,13.35
7970,2,389,7.35001
7970,2,390,14.35
7970,2,391,16.35
7970,2,392,16.35
7970,2,393,17.35
7970,2,394,19.35
7970,2,395,20.35
7970,2,396,20.35
7970,2,397,16.35
7970,2,398,15.35
7970,2,399,13.35
7970,2,400,16.35
7970,2,401,11.35
7970,2,402,9.35001
7970,2,403,15.35
7970,2,404,12.35
7970,2,405,13.35
7970,2,406,14.35
7970,2,407,13.35
7970,2,408,16.35
7970,2,409,11.35
7970,2,410,10.35
7970,2,411,11.35
7970,2,412,14.35
7970,2,413,9.35001
7970,2,414,11.35
7970,2,415,12.35
7970,2,416,14.35
7970,2,417,12.35
7970,2,418,14.35
7970,2,419,11.35
7970,2,420,12.35
7970,2,421,12.35
7970,2,422,18.35
7970,2,423,15.35
7970,2,424,14.35
7970,2,425,14.35
7970,2,426,11.35
7970,2,427,14.35
7970,2,428,13.35
7970,2,429,9.35001
7970,2,430,12.35
7970,2,431,8.35001
7970,2,432,10.35
7970,2,433,7.35001
7970,2,434,4.35001
7970,2,435,11.35
7970,2,436,14.35
7970,2,437,18.35
7970,2,438,12.35
7970,2,439,15.35
7970,2,440,14.35
7970,2,441,16.35
7970,2,442,11.35
7970,2,443,11.35
7970,2,444,11.35
7970,2,445,10.35
7970,2,446,10.35
7970,2,447,10.35
7970,2,448,8.35001
7970,2,449,13.35
7970,2,450,14.35
7970,2,451,21.35
7970,2,452,18.35
7970,2,453,20.35
7970,2,454,17.35
7970,2,455,16.35
7970,2,456,16.35
7970,2,457,14.35
7970,2,458,13.35
7970,2,459,14.35
7970,2,460,15.35
7970,2,461,12.35
7970,2,462,7.35001
7970,2,463,8.35001
7970,2,464,10.35
7970,2,465,11.35
7970,2,466,9.35001
7970,2,467,15.35
7970,2,468,21.35
7970,2,469,18.35
7970,2,470,18.35
7970,2,471,19.35
7970,2,472,20.35
7970,2,473,19.35
7970,2,474,15.35
7970,2,475,14.35
7970,2,476,15.35
7970,2,477,11.35
7970,2,478,8.35001
7970,2,479,11.35
7970,2,480,9.35001
7970,2,481,10.35
7970,2,482,11.35
7970,2,483,14.35
7970,2,484,16.35
7970,2,485,13.35
7970,2,486,14.35
7970,2,487,12.35
7970,2,488,16.35
7970,2,489,15.35
7970,2,490,13.35
7970,2,491,10.35
7970,2,492,12.35
7970,2,493,12.35
7970,2,494,8.35001
7970,2,495,8.35001
7970,2,496,15.35
7970,2,497,14.35
7970,2,498,16.35
7970,2,499,17.35
7970,2,500,15.35
7970,2,501,17.35
7970,2,502,13.35
7970,2,503,12.35
7970,2,504,13.35
7970,2,505,16.35
7970,2,506,15.35
7970,2,507,10.35
7970,2,508,11.35
7970,2,509,10.35
7970,2,510,13.35
7970,2,511,19.35
5837,2,0,-75.2
5837,2,1,3.79999
5837,2,2,2.79999
5837,2,3,0.799988
5837,2,4,1.79999
5837,2,5,3.79999
5837,2,6,-0.200012
5837,2,7,3.79999
5837,2,8,1.79999
5837,2,9,-2.20001
5837,2,10,-1.20001
5837,2,11,-0.200012
5837,2,12,-1.20001
5837,2,13,3.79999
5837,2,14,7.79999
5837,2,15,9.79999
5837,2,16,8.79999
5837,2,17,10.8
5837,2,18,12.8
5837,2,19,7.79999
5837,2,20,5.79999
5837,2,21,1.79999
5837,2,22,4.79999
5837,2,23,3.79999
5837,2,24,3.79999
5837,2,25,6.79999
5837,2,26,7.79999
5837,2,27,2.79999
5837,2,28,3.79999
5837,2,29,1.79999
5837,2,30,1.79999
5837,2,31,-0.200012
5837,2,32,7.79999
5837,2,33,5.79999
5837,2,34,7.79999
5837,2,35,10.8
5837,2,36,16.8
5837,2,37,12.8
5837,2,38,15.8
5837,2,39,11.8
5837,2,40,13.8
5837,2,41,8.79999
5837,2,42,5.79999
5837,2,43,11.8
5837,2,44,9.79999
5837,2,45,9.79999
5837,2,46,15.8
5837,2,47,20.8
5837,2,48,18.8
5837,2,49,13.8
5837,2,50,13.8
5837,2,51,13.8
5837,2,52,12.8
5837,2,53,12.8
5837,2,54,11.8
5837,2,55,5.79999
5837,2,56,1.79999
5837,2,57,1.79999
5837,2,58,6.79999
5837,2,59,6.79999
5837,2,60,10.8
5837,2,61,4.79999
5837,2,62,3.79999
5837,2,63,2.79999
5837,2,64,2.79999
5837,2,65,3.79999
5837,2,66,6.79999
5837,2,67,9.79999
5837,2,68,12.8
5837,2,69,13.8
5837,2,70,16.8
5837,2,71,16.8
5837,2,72,12.8
5837,2,73,7.79999
5837,2,74,9.79999
5837,2,75,9.79999
5837,2,76,12.8
5837,2,77,15.8
5837,2,78,16.8
5837,2,79,13.8
5837,2,80,10.8
5837,2,81,9.79999
5837,2,82,11.8
5837,2,83,17.8
5837,2,84,18.8
5837,2,85,16.8
5837,2,86,10.8
5837,2,87,9.79999
5837,2,88,13.8
5837,2,89,14.8
5837,2,90,15.8
5837,2,91,16.8
5837,2,92,16.8
5837,2,93,16.8
5837,2,94,15.8
5837,2,95,18.8
5837,2,96,20.8
5837,2,97,20.8
5837,2,98,24.8
5837,2,99,20.8
5837,2,100,19.8
5837,2,101,19.8
5837,2,102,16.8
5837,2,103,14.8
5837,2,104,10.8
5837,2,105,10.8
5837,2,106,11.8
5837,2,107,13.8
5837,2,108,16.8
5837,2,109,15.8
5837,2,110,14.8
5837,2,111,17.8
5837,2,112,17.8
5837,2,113,17.8
5837,2,114,20.8
5837,2,115,21.8
5837,2,116,23.8
5837,2,117,21.8
5837,2,118,22.8
5837,2,119,23.8
5837,2,120,19.8
5837,2,121,19.8
5837,2,122,20.8
5837,2,123,17.8
5837,2,124,20.8
5837,2,125,17.8
5837,2,126,19.8
5837,2,127,19.8
5837,2,128,19.8
5837,2,129,20.8
5837,2,130,20.8
5837,2,131,23.8
5837,2,132,21.8
5837,2,133,22.8
5837,2,134,16.8
5837,2,135,18.8
5837,2,136,19.8
5837,2,137,19.8
5837,2,138,14.8
5837,2,139,21.8
5837,2,140,25.8
5837,2,141,25.8
5837,2,142,25.8
5837,2,143,29.8
5837,2,144,25.8
5837,2,145,24.8
5837,2,146,27.8
5837,2,147,24.8
5837,2,148,22.8
5837,2,149,20.8
5837,2,150,23.8
5837,2,151,24.8
5837,2,152,27.8
5837,2,153,24.8
5837,2,154,24.8
5837,2,155,16.8
5837,2,156,17.8
5837,2,157,19.8
5837,2,158,13.8
5837,2,159,13.8
5837,2,160,17.8
5837,2,161,16.8
5837,2,162,13.8
5837,2,163,14.8
5837,2,164,16.8
5837,2,165,16.8
5837,2,166,14.8
5837,2,167,14.8
5837,2,168,17.8
5837,2,169,17.8
5837,2,170,15.8
5837,2,171,15.8
5837,2,172,14.8
5837,2,173,13.8
5837,2,174,13.8
5837,2,175,15.8
5837,2,176,18.8
5837,2,177,21.8
5837,2,178,24.8
5837,2,179,24.8
5837,2,180,24.8
5837,2,181,21.8
5837,2,182,19.8
5837,2,183,21.8
5837,2,184,12.8
5837,2,185,15.8
5837,2,186,11.8
5837,2,187,15.8
5837,2,188,17.8
5837,2,189,21.8
5837,2,190,23.8
5837,2,191,24.8
5837,2,192,21.8
5837,2,193,23.8
5837,2,194,24.8
5837,2,195,19.8
5837,2,196,16.8
5837,2,197,18.8
5837,2,198,14.8
5837,2,199,15.8
5837,2,200,17.8
5837,2,201,17.8
5837,2,202,17.8
5837,2,203,15.8
5837,2,204,13.8
5837,2,205,10.8
5837,2,206,10.8
5837,2,207,8.79999
5837,2,208,11.8
5837,2,209,9.79999
5837,2,210,10.8
5837,2,211,14.8
5837,2,212,16.8
5837,2,213,13.8
5837,2,214,18.8
5837,2,215,16.8
5837,2,216,16.8
5837,2,217,15.8
5837,2,218,13.8
5837,2,219,8.79999
5837,2,220,6.79999
5837,2,221,10.8
5837,2,222,8.79999
5837,2,223,6.79999
5837,2,224,8.79999
5837,2,225,9.79999
5837,2,226,14.8
5837,2,227,14.8
5837,2,228,14.8
5837,2,229,14.8
5837,2,230,12.8
5837,2,231,12.8
5837,2,232,13.8
5837,2,233,15.8
5837,2,234,15.8
5837,2,235,10.8
5837,2,236,6.79999
5837,2,237,2.79999
5837,2,238,4.79999
5837,2,239,0.799988
5837,2,240,4.79999
5837,2,241,6.79999
5837,2,242,12.8
5837,2,243,8.79999
5837,2,244,9.79999
5837,2,245,11.8
5837,2,246,14.8
5837,2,247,15.8
5837,2,248,15.8
5837,2,249,14.8
5837,2,250,17.8
5837,2,251,15.8
5837,2,252,11.8
5837,2,253,10.8
5837,2,254,14.8
5837,2,255,8.79999
5837,2,256,9.79999
5837,2,257,8.79999
5837,2,258,6.79999
5837,2,259,7.79999
5837,2,260,7.79999
5837,2,261,7.79999
5837,2,262,8.79999
5837,2,263,12.8
5837,2,264,14.8
5837,2,265,16.8
5837,2,266,16.8
5837,2,267,14.8
5837,2,268,11.8
5837,2,269,18.8
5837,2,270,16.8
5837,2,271,12.8
5837,2,272,11.8
5837,2,273,11.8
5837,2,274,16.8
5837,2,275,11.8
5837,2,276,9.79999
5837,2,277,4.79999
5837,2,278,3.79999
5837,2,279,5.79999
5837,2,280,4.79999
5837,2,281,4.79999
5837,2,282,10.8
5837,2,283,12.8
5837,2,284,12.8
5837,2,285,13.8
5837,2,286,8.79999
5837,2,287,8.79999
5837,2,288,4.79999
5837,2,289,-0.200012
5837,2,290,7.79999
5837,2,291,5.79999
5837,2,292,5.79999
5837,2,293,10.8
5837,2,294,15.8
5837,2,295,16.8
5837,2,296,12.8
5837,2,297,11.8
5837,2,298,11.8
5837,2,299,10.8
5837,2,300,9.79999
5837,2,301,11.8
5837,2,302,13.8
5837,2,303,14.8
5837,2,304,9.79999
5837,2,305,7.79999
5837,2,306,4.79999
5837,2,307,7.79999
5837,2,308,8.79999
5837,2,309,7.79999
5837,2,310,10.8
5837,2,311,6.79999
5837,2,312,7.79999
5837,2,313,8.79999
5837,2,314,9.79999
5837,2,315,6.79999
5837,2,316,8.79999
5837,2,317,4.79999
5837,2,318,4.79999
5837,2,319,7.79999
5837,2,320,8.79999
5837,2,321,3.79999
5837,2,322,13.8
5837,2,323,12.8
5837,2,324,10.8
5837,2,325,13.8
5837,2,326,13.8
5837,2,327,10.8
5837,2,328,9.79999
5837,2,329,14.8
5837,2,330,13.8
5837,2,331,10.8
5837,2,332,8.79999
5837,2,333,10.8
5837,2,334,9.79999
5837,2,335,11.8
5837,2,336,9.79999
5837,2,337,4.79999
5837,2,338,5.79999
5837,2,339,6.79999
5837,2,340,5.79999
5837,2,341,9.79999
5837,2,342,13.8
5837,2,343,12.8
5837,2,344,17.8
5837,2,345,18.8
5837,2,346,12.8
5837,2,347,13.8
5837,2,348,15.8
5837,2,349,14.8
5837,2,350,7.79999
5837,2,351,14.8
5837,2,352,10.8
5837,2,353,13.8
5837,2,354,16.8
5837,2,355,16.8
5837,2,356,11.8
5837,2,357,10.8
5837,2,358,9.79999
5837,2,359,9.79999
5837,2,360,8.79999
5837,2,361,10.8
5837,2,362,10.8
5837,2,363,10.8
5837,2,364,14.8
5837,2,365,9.79999
5837,2,366,10.8
5837,2,367,6.79999
5837,2,368,6.79999
5837,2,369,6.79999
5837,2,370,8.79999
5837,2,371,6.79999
5837,2,372,8.79999
5837,2,373,1.79999
5837,2,374,1.79999
5837,2,375,3.79999
5837,2,376,6.79999
5837,2,377,9.79999
5837,2,378,12.8
5837,2,379,10.8
5837,2,380,8.79999
5837,2,381,11.8
5837,2,382,13.8
5837,2,383,8.79999
5837,2,384,7.79999
5837,2,385,5.79999
5837,2,386,2.79999
5837,2,387,4.79999
5837,2,388,10.8
5837,2,389,12.8
5837,2,390,10.8
5837,2,391,4.79999
5837,2,392,5.79999
5837,2,393,3.79999
5837,2,394,10.8
5837,2,395,14.8
5837,2,396,14.8
5837,2,397,15.8
5837,2,398,14.8
5837,2,399,13.8
5837,2,400,12.8
5837,2,401,9.79999
5837,2,402,8.79999
5837,2,403,6.79999
5837,2,404,12.8
5837,2,405,10.8
5837,2,406,10.8
5837,2,407,8.79999
5837,2,408,10.8
5837,2,409,10.8
5837,2,410,14.8
5837,2,411,15.8
5837,2,412,9.79999
5837,2,413,7.79999
5837,2,414,6.79999
5837,2,415,10.8
5837,2,416,9.79999
5837,2,417,13.8
5837,2,418,18.8
5837,2,419,13.8
5837,2,420,8.79999
5837,2,421,4.79999
5837,2,422,2.79999
5837,2,423,4.79999
5837,2,424,6.79999
5837,2,425,7.79999
5837,2,426,6.79999
5837,2,427,6.79999
5837,2,428,7.79999
5837,2,429,6.79999
5837,2,430,9.79999
5837,2,431,5.79999
5837,2,432,9.79999
5837,2,433,11.8
5837,2,434,11.8
5837,2,435,10.8
5837,2,436,6.79999
5837,2,437,1.79999
5837,2,438,4.79999
5837,2,439,6.79999
5837,2,440,5.79999
5837,2,441,5.79999
5837,2,442,7.79999
5837,2,443,14.8
5837,2,444,12.8
5837,2,445,17.8
5837,2,446,14.8
5837,2,447,13.8
5837,2,448,12.8
5837,2,449,12.8
5837,2,450,11.8
5837,2,451,9.79999
5837,2,452,12.8
5837,2,453,9.79999
5837,2,454,7.79999
5837,2,455,5.79999
5837,2,456,7.79999
5837,2,457,9.79999
5837,2,458,12.8
5837,2,459,9.79999
5837,2,460,8.79999
5837,2,461,8.79999
5837,2,462,7.79999
5837,2,463,9.79999
5837,2,464,10.8
5837,2,465,11.8
5837,2,466,11.8
5837,2,467,11.8
5837,2,468,7.79999
5837,2,469,6.79999
5837,2,470,9.79999
5837,2,471,11.8
5837,2,472,12.8
5837,2,473,13.8
5837,2,474,15.8
5837,2,475,18.8
5837,2,476,18.8
5837,2,477,17.8
5837,2,478,18.8
5837,2,479,13.8
5837,2,480,14.8
5837,2,481,11.8
5837,2,482,11.8
5837,2,483,5.79999
5837,2,484,4.79999
5837,2,485,5.79999
5837,2,486,12.8
5837,2,487,16.8
5837,2,488,17.8
5837,2,489,9.79999
5837,2,490,11.8
5837,2,491,7.79999
5837,2,492,7.79999
5837,2,493,11.8
5837,2,494,3.79999
5837,2,495,9.79999
5837,2,496,8.79999
5837,2,497,9.79999
5837,2,498,10.8
5837,2,499,12.8
5837,2,500,11.8
5837,2,501,12.8
5837,2,502,14.8
5837,2,503,15.8
5837,2,504,18.8
5837,2,505,18.8
5837,2,506,18.8
5837,2,507,15.8
5837,2,508,20.8
5837,2,509,24.8
5837,2,510,24.8
5837,2,511,29.8
2908,2,0,-54.65
2908,2,1,1.35001
2908,2,2,0.350006
2908,2,3,-3.64999
2908,2,4,-6.64999
2908,2,5,-2.64999
2908,2,6,0.350006
2908,2,7,3.35001
2908,2,8,1.35001
2908,2,9,3.35001
2908,2,10,3.35001
2908,2,11,5.35001
2908,2,12,5.35001
2908,2,13,6.35001
2908,2,14,6.35001
2908,2,15,10.35
2908,2,16,8.35001
2908,2,17,9.35001
2908,2,18,3.35001
2908,2,19,-0.649994
2908,2,20,1.35001
2908,2,21,-0.649994
2908,2,22,-1.64999
2908,2,23,-0.649994
2908,2,24,0.350006
2908,2,25,0.350006
2908,2,26,0.350006
2908,2,27,3.35001
2908,2,28,1.35001
2908,2,29,3.35001
2908,2,30,5.35001
2908,2,31,8.35001
2908,2,32,3.35001
2908,2,33,7.35001
2908,2,34,7.35001
2908,2,35,5.35001
2908,2,36,3.35001
2908,2,37,2.35001
2908,2,38,1.35001
2908,2,39,-3.64999
2908,2,40,-6.64999
2908,2,41,-3.64999
2908,2,42,-1.64999
2908,2,43,-5.64999
2908,2,44,-3.64999
2908,2,45,-0.649994
2908,2,46,0.350006
2908,2,47,-2.64999
2908,2,48,-3.64999
2908,2,49,2.35001
2908,2,50,-2.64999
2908,2,51,1.35001
2908,2,52,1.35001
2908,2,53,1.35001
2908,2,54,1.35001
2908,2,55,6.35001
2908,2,56,4.35001
2908,2,57,3.35001
2908,2,58,1.35001
2908,2,59,4.35001
2908,2,60,4.35001
2908,2,61,4.35001
2908,2,62,0.350006
2908,2,63,0.350006
2908,2,64,-2.64999
2908,2,65,-3.64999
2908,2,66,1.35001
2908,2,67,-3.64999
2908,2,68,0.350006
2908,2,69,2.35001
2908,2,70,4.35001
2908,2,71,2.35001
2908,2,72,3.35001
2908,2,73,3.35001
2908,2,74,1.35001
2908,2,75,-0.649994
2908,2,76,3.35001
2908,2,77,-0.649994
2908,2,78,-0.649994
2908,2,79,0.350006
2908,2,80,-1.64999
2908,2,81,3.35001
2908,2,82,1.35001
2908,2,83,6.35001
2908,2,84,3.35001
2908,2,85,3.35001
2908,2,86,0.350006
2908,2,87,-3.64999
2908,2,88,3.35001
2908,2,89,2.35001
2908,2,90,2.35001
2908,2,91,10.35
2908,2,92,7.35001
2908,2,93,8.35001
2908,2,94,2.35001
2908,2,95,-1.64999
2908,2,96,-0.649994
2908,2,97,1.35001
2908,2,98,-3.64999
2908,2,99,-3.64999
2908,2,100,1.35001
2908,2,101,5.35001
2908,2,102,1.35001
2908,2,103,1.35001
2908,2,104,-0.649994
2908,2,105,-2.64999
2908,2,106,-4.64999
2908,2,107,-5.64999
2908,2,108,-6.64999
2908,2,109,-3.64999
2908,2,110,6.35001
2908,2,111,6.35001
2908,2,112,10.35
2908,2,113,12.35
2908,2,114,10.35
2908,2,115,13.35
2908,2,116,10.35
2908,2,117,9.35001
2908,2,118,11.35
2908,2,119,7.35001
2908,2,120,4.35001
2908,2,121,7.35001
2908,2,122,4.35001
2908,2,123,4.35001
2908,2,124,4.35001
2908,2,125,2.35001
2908,2,126,2.35001
2908,2,127,-1.64999
2908,2,128,-2.64999
2908,2,129,1.35001
2908,2,130,1.35001
2908,2,131,0.350006
2908,2,132,1.35001
2908,2,133,4.35001
2908,2,134,5.35001
2908,2,135,6.35001
2908,2,136,4.35001
2908,2,137,5.35001
2908,2,138,4.35001
2908,2,139,7.35001
2908,2,140,4.35001
2908,2,141,1.35001
2908,2,142,4.35001
2908,2,143,0.350006
2908,2,144,-1.64999
2908,2,145,1.35001
2908,2,146,-0.649994
2908,2,147,1.35001
2908,2,148,2.35001
2908,2,149,7.35001
2908,2,150,8.35001
2908,2,151,9.35001
2908,2,152,9.35001
2908,2,153,5.35001
2908,2,154,6.35001
2908,2,155,7.35001
2908,2,156,1.35001
2908,2,157,-0.649994
2908,2,158,-1.64999
2908,2,159,1.35001
2908,2,160,6.35001
2908,2,161,7.35001
2908,2,162,10.35
2908,2,163,8.35001
2908,2,164,9.35001
2908,2,165,9.35001
2908,2,166,7.35001
2908,2,167,5.35001
2908,2,168,5.35001
2908,2,169,11.35
2908,2,170,9.35001
2908,2,171,9.35001
2908,2,172,8.35001
2908,2,173,10.35
2908,2,174,7.35001
2908,2,175,7.35001
2908,2,176,7.35001
2908,2,177,8.35001
2908,2,178,4.35001
2908,2,179,8.35001
2908,2,180,7.35001
2908,2,181,9.35001
2908,2,182,8.35001
2908,2,183,9.35001
2908,2,184,7.35001
2908,2,185,6.35001
2908,2,186,12.35
2908,2,187,7.35001
2908,2,188,4.35001
2908,2,189,8.35001
2908,2,190,9.35001
2908,2,191,8.35001
2908,2,192,8.35001
2908,2,193,9.35001
2908,2,194,11.35
2908,2,195,9.35001
2908,2,196,10.35
2908,2,197,9.35001
2908,2,198,12.35
2908,2,199,12.35
2908,2,200,12.35
2908,2,201,10.35
2908,2,202,10.35
2908,2,203,9.35001
2908,2,204,12.35
2908,2,205,7.35001
2908,2,206,15.35
2908,2,207,15.35
2908,2,208,16.35
2908,2,209,12.35
2908,2,210,10.35
2908,2,211,9.35001
2908,2,212,13.35
2908,2,213,12.35
2908,2,214,11.35
2908,2,215,16.35
2908,2,216,15.35
2908,2,217,16.35
2908,2,218,8.35001
2908,2,219,11.35
2908,2,220,11.35
2908,2,221,8.35001
2908,2,222,6.35001
2908,2,223,9.35001
2908,2,224,10.35
2908,2,225,12.35
2908,2,226,18.35
2908,2,227,20.35
2908,2,228,18.35
2908,2,229,15.35
2908,2,230,11.35
2908,2,231,13.35
2908,2,232,12.35
2908,2,233,11.35
2908,2,234,7.35001
2908,2,235,10.35
2908,2,236,13.35
2908,2,237,12.35
2908,2,238,16.35
2908,2,239,20.35
2908,2,240,17.35
2908,2,241,20.35
2908,2,242,17.35
2908,2,243,18.35
2908,2,244,17.35
2908,2,245,18.35
2908,2,246,14.35
2908,2,247,17.35
2908,2,248,10.35
2908,2,249,17.35
2908,2,250,16.35
2908,2,251,18.35
2908,2,252,19.35
2908,2,253,20.35
2908,2,254,20.35
2908,2,255,18.35
2908,2,256,18.35
2908,2,257,16.35
2908,2,258,16.35
2908,2,259,12.35
2908,2,260,14.35
2908,2,261,16.35
2908,2,262,16.35
2908,2,263,19.35
2908,2,264,19.35
2908,2,265,17.35
2908,2,266,21.35
2908,2,267,21.35
2908,2,268,23.35
2908,2,269,19.35
2908,2,270,19.35
2908,2,271,16.35
2908,2,272,17.35
2908,2,273,17.35
2908,2,274,12.35
2908,2,275,15.35
2908,2,276,12.35
2908,2,277,13.35
2908,2,278,12.35
2908,2,279,17.35
2908,2,280,15.35
2908,2,281,16.35
2908,2,282,20.35
2908,2,283,13.35
2908,2,284,15.35
2908,2,285,17.35
2908,2,286,20.35
2908,2,287,21.35
2908,2,288,23.35
2908,2,289,21.35
2908,2,290,27.35
2908,2,291,24.35
2908,2,292,24.35
2908,2,293,21.35
2908,2,294,21.35
2908,2,295,22.35
2908,2,296,28.35
2908,2,297,27.35
2908,2,298,26.35
2908,2,299,19.35
2908,2,300,19.35
2908,2,301,18.35
2908,2,302,20.35
2908,2,303,18.35
2908,2,304,16.35
2908,2,305,14.35
2908,2,306,13.35
2908,2,307,16.35
2908,2,308,14.35
2908,2,309,14.35
2908,2,310,13.35
2908,2,311,16.35
2908,2,312,11.35
2908,2,313,13.35
2908,2,314,15.35
2908,2,315,18.35
2908,2,316,15.35
2908,2,317,18.35
2908,2,318,16.35
2908,2,319,19.35
2908,2,320,21.35
2908,2,321,23.35
2908,2,322,18.35
2908,2,323,18.35
2908,2,324,15.35
2908,2,325,13.35
2908,2,326,12.35
2908,2,327,12.35
2908,2,328,11.35
2908,2,329,12.35
2908,2,330,13.35
2908,2,331,11.35
2908,2,332,10.35
2908,2,333,9.35001
2908,2,334,9.35001
2908,2,335,11.35
2908,2,336,11.35
2908,2,337,10.35
2908,2,338,13.35
2908,2,339,17.35
2908,2,340,17.35
2908,2,341,13.35
2908,2,342,10.35
2908,2,343,9.35001
2908,2,344,11.35
2908,2,345,11.35
2908,2,346,14.35
2908,2,347,15.35
2908,2,348,9.35001
2908,2,349,6.35001
2908,2,350,8.35001
2908,2,351,10.35
2908,2,352,10.35
2908,2,353,9.35001
2908,2,354,12.35
2908,2,355,10.35
2908,2,356,10.35
2908,2,357,11.35
2908,2,358,11.35
2908,2,359,12.35
2908,2,360,4.35001
2908,2,361,8.35001
2908,2,362,9.35001
2908,2,363,8.35001
2908,2,364,6.35001
2908,2,365,9.35001
2908,2,366,10.35
2908,2,367,8.35001
2908,2,368,8.35001
2908,2,369,9.35001
2908,2,370,12.35
2908,2,371,6.35001
2908,2,372,5.35001
2908,2,373,4.35001
2908,2,374,5.35001
2908,2,375,7.35001
2908,2,376,8.35001
2908,2,377,5.35001
2908,2,378,10.35
2908,2,379,14.35
2908,2,380,11.35
2908,2,381,14.35
2908,2,382,15.35
2908,2,383,14.35
2908,2,384,8.35001
2908,2,385,8.35001
2908,2,386,8.35001
2908,2,387,10.35
2908,2,388,7.35001
2908,2,389,12.35
2908,2,390,14.35
2908,2,391,11.35
2908,2,392,13.35
2908,2,393,9.35001
2908,2,394,8.35001
2908,2,395,9.35001
2908,2,396,9.35001
2908,2,397,3.35001
2908,2,398,4.35001
2908,2,399,3.35001
2908,2,400,5.35001
2908,2,401,13.35
2908,2,402,7.35001
2908,2,403,4.35001
2908,2,404,9.35001
2908,2,405,8.35001
2908,2,406,9.35001
2908,2,407,10.35
2908,2,408,11.35
2908,2,409,8.35001
2908,2,410,10.35
2908,2,411,20.35
2908,2,412,40.35
2908,2,413,66.35
2908,2,414,74.35
2908,2,415,79.35
2908,2,416,103.35
2908,2,417,138.35
2908,2,418,173.35
2908,2,419,191.35
2908,2,420,203.35
2908,2,421,229.35
2908,2,422,247.35
2908,2,423,260.35
2908,2,424,280.35
2908,2,425,306.35
2908,2,426,309.35
2908,2,427,312.35
2908,2,428,310.35
2908,2,429,301.35
2908,2,430,269.35
2908,2,431,222.35
2908,2,432,172.35
2908,2,433,130.35
2908,2,434,89.35
2908,2,435,60.35
2908,2,436,40.35
2908,2,437,25.35
2908,2,438,18.35
2908,2,439,13.35
2908,2,440,8.35001
2908,2,441,7.35001
2908,2,442,1.35001
2908,2,443,-1.64999
2908,2,444,-1.64999
2908,2,445,1.35001
2908,2,446,5.35001
2908,2,447,7.35001
2908,2,448,13.35
2908,2,449,16.35
2908,2,450,14.35
2908,2,451,20.35
2908,2,452,20.35
2908,2,453,17.35
2908,2,454,15.35
2908,2,455,13.35
2908,2,456,7.35001
2908,2,457,9.35001
2908,2,458,7.35001
2908,2,459,6.35001
2908,2,460,7.35001
2908,2,461,10.35
2908,2,462,4.35001
2908,2,463,2.35001
2908,2,464,1.35001
2908,2,465,2.35001
2908,2,466,4.35001
2908,2,467,7.35001
2908,2,468,8.35001
2908,2,469,5.35001
2908,2,470,6.35001
2908,2,471,8.35001
2908,2,472,11.35
2908,2,473,13.35
2908,2,474,13.35
2908,2,475,10.35
2908,2,476,7.35001
2908,2,477,2.35001
2908,2,478,1.35001
2908,2,479,-5.64999
2908,2,480,-0.649994
2908,2,481,1.35001
2908,2,482,8.35001
2908,2,483,3.35001
2908,2,484,8.35001
2908,2,485,9.35001
2908,2,486,8.35001
2908,2,487,9.35001
2908,2,488,11.35
2908,2,489,10.35
2908,2,490,10.35
2908,2,491,14.35
2908,2,492,7.35001
2908,2,493,6.35001
2908,2,494,8.35001
2908,2,495,7.35001
2908,2,496,3.35001
2908,2,497,6.35001
2908,2,498,8.35001
2908,2,499,6.35001
2908,2,500,6.35001
2908,2,501,8.35001
2908,2,502,5.35001
2908,2,503,5.35001
2908,2,504,3.35001
2908,2,505,5.35001
2908,2,506,5.35001
2908,2,507,6.35001
2908,2,508,8.35001
2908,2,509,13.35
2908,2,510,13.35
2908,2,511,15.35
566,2,0,-67.45
566,2,1,5.54999
566,2,2,5.54999
566,2,3,5.54999
566,2,4,1.54999
566,2,5,3.54999
566,2,6,4.54999
566,2,7,4.54999
566,2,8,6.54999
566,2,9,2.54999
566,2,10,3.54999
566,2,11,2.54999
566,2,12,-0.450012
566,2,13,1.54999
566,2,14,2.54999
566,2,15,-2.45001
566,2,16,2.54999
566,2,17,3.54999
566,2,18,7.54999
566,2,19,6.54999
566,2,20,6.54999
566,2,21,8.54999
566,2,22,6.54999
566,2,23,5.54999
566,2,24,4.54999
566,2,25,4.54999
566,2,26,10.55
566,2,27,8.54999
566,2,28,7.54999
566,2,29,11.55
566,2,30,9.54999
566,2,31,12.55
566,2,32,6.54999
566,2,33,5.54999
566,2,34,4.54999
566,2,35,2.54999
566,2,36,-0.450012
566,2,37,1.54999
566,2,38,-0.450012
566,2,39,1.54999
566,2,40,-1.45001
566,2,41,3.54999
566,2,42,3.54999
566,2,43,0.549988
566,2,44,6.54999
566,2,45,4.54999
566,2,46,3.54999
566,2,47,1.54999
566,2,48,5.54999
566,2,49,6.54999
566,2,50,4.54999
566,2,51,9.54999
566,2,52,9.54999
566,2,53,13.55
566,2,54,16.55
566,2,55,8.54999
566,2,56,5.54999
566,2,57,6.54999
566,2,58,1.54999
566,2,59,-0.450012
566,2,60,-1.45001
566,2,61,2.54999
566,2,62,5.54999
566,2,63,8.54999
566,2,64,4.54999
566,2,65,3.54999
566,2,66,6.54999
566,2,67,7.54999
566,2,68,4.54999
566,2,69,4.54999
566,2,70,4.54999
566,2,71,4.54999
566,2,72,4.54999
566,2,73,2.54999
566,2,74,3.54999
566,2,75,8.54999
566,2,76,7.54999
566,2,77,6.54999
566,2,78,9.54999
566,2,79,5.54999
566,2,80,5.54999
566,2,81,6.54999
566,2,82,8.54999
566,2,83,10.55
566,2,84,9.54999
566,2,85,11.55
566,2,86,10.55
566,2,87,9.54999
566,2,88,6.54999
566,2,89,0.549988
566,2,90,2.54999
566,2,91,0.549988
566,2,92,3.54999
566,2,93,9.54999
566,2,94,8.54999
566,2,95,8.54999
566,2,96,6.54999
566,2,97,4.54999
566,2,98,7.54999
566,2,99,8.54999
566,2,100,8.54999
566,2,101,7.54999
566,2,102,10.55
566,2,103,7.54999
566,2,104,14.55
566,2,105,14.55
566,2,106,15.55
566,2,107,14.55
566,2,108,10.55
566,2,109,11.55
566,2,110,6.54999
566,2,111,4.54999
566,2,112,8.54999
566,2,113,10.55
566,2,114,9.54999
566,2,115,10.55
566,2,116,8.54999
566,2,117,11.55
566,2,118,7.54999
566,2,119,8.54999
566,2,120,6.54999
566,2,121,9.54999
566,2,122,7.54999
566,2,123,7.54999
566,2,124,6.54999
566,2,125,10.55
566,2,126,14.55
566,2,127,11.55
566,2,128,9.54999
566,2,129,12.55
566,2,130,10.55
566,2,131,10.55
566,2,132,8.54999
566,2,133,10.55
566,2,134,6.54999
566,2,135,7.54999
566,2,136,8.54999
566,2,137,9.54999
566,2,138,9.54999
566,2,139,7.54999
566,2,140,10.55
566,2,141,9.54999
566,2,142,7.54999
566,2,143,9.54999
566,2,144,15.55
566,2,145,15.55
566,2,146,13.55
566,2,147,12.55
566,2,148,15.55
566,2,149,13.55
566,2,150,16.55
566,2,151,16.55
566,2,152,14.55
566,2,153,14.55
566,2,154,11.55
566,2,155,9.54999
566,2,156,12.55
566,2,157,12.55
566,2,158,12.55
566,2,159,10.55
566,2,160,14.55
566,2,161,15.55
566,2,162,14.55
566,2,163,12.55
566,2,164,13.55
566,2,165,13.55
566,2,166,13.55
566,2,167,11.55
566,2,168,7.54999
566,2,169,9.54999
566,2,170,10.55
566,2,171,10.55
566,2,172,15.55
566,2,173,16.55
566,2,174,17.55
566,2,175,16.55
566,2,176,17.55
566,2,177,16.55
566,2,178,13.55
566,2,179,15.55
566,2,180,13.55
566,2,181,11.55
566,2,182,15.55
566,2,183,12.55
566,2,184,12.55
566,2,185,16.55
566,2,186,14.55
566,2,187,16.55
566,2,188,16.55
566,2,189,11.55
566,2,190,14.55
566,2,191,16.55
566,2,192,17.55
566,2,193,19.55
566,2,194,21.55
566,2,195,19.55
566,2,196,23.55
566,2,197,24.55
566,2,198,25.55
566,2,199,26.55
566,2,200,28.55
566,2,201,29.55
566,2,202,23.55
566,2,203,20.55
566,2,204,19.55
566,2,205,20.55
566,2,206,24.55
566,2,207,27.55
566,2,208,25.55
566,2,209,24.55
566,2,210,22.55
566,2,211,20.55
566,2,212,21.55
566,2,213,17.55
566,2,214,18.55
566,2,215,22.55
566,2,216,20.55
566,2,217,24.55
566,2,218,23.55
566,2,219,21.55
566,2,220,21.55
566,2,221,21.55
566,2,222,19.55
566,2,223,16.55
566,2,224,20.55
566,2,225,15.55
566,2,226,15.55
566,2,227,15.55
566,2,228,17.55
566,2,229,22.55
566,2,230,25.55
566,2,231,31.55
566,2,232,25.55
566,2,233,20.55
566,2,234,18.55
566,2,235,21.55
566,2,236,19.55
566,2,237,17.55
566,2,238,17.55
566,2,239,20.55
566,2,240,21.55
566,2,241,16.55
566,2,242,26.55
566,2,243,30.55
566,2,244,22.55
566,2,245,21.55
566,2,246,20.55
566,2,247,18.55
566,2,248,22.55
566,2,249,21.55
566,2,250,20.55
566,2,251,21.55
566,2,252,18.55
566,2,253,12.55
566,2,254,9.54999
566,2,255,16.55
566,2,256,19.55
566,2,257,19.55
566,2,258,27.55
566,2,259,27.55
566,2,260,28.55
566,2,261,26.55
566,2,262,25.55
566,2,263,26.55
566,2,264,24.55
566,2,265,21.55
566,2,266,21.55
566,2,267,20.55
566,2,268,21.55
566,2,269,20.55
566,2,270,19.55
566,2,271,22.55
566,2,272,23.55
566,2,273,25.55
566,2,274,21.55
566,2,275,18.55
566,2,276,21.55
566,2,277,21.55
566,2,278,22.55
566,2,279,21.55
566,2,280,19.55
566,2,281,20.55
566,2,282,20.55
566,2,283,22.55
566,2,284,19.55
566,2,285,19.55
566,2,286,20.55
566,2,287,15.55
566,2,288,23.55
566,2,289,21.55
566,2,290,21.55
566,2,291,23.55
566,2,292,22.55
566,2,293,18.55
566,2,294,13.55
566,2,295,10.55
566,2,296,10.55
566,2,297,12.55
566,2,298,19.55
566,2,299,21.55
566,2,300,26.55
566,2,301,26.55
566,2,302,30.55
566,2,303,30.55
566,2,304,31.55
566,2,305,25.55
566,2,306,23.55
566,2,307,19.55
566,2,308,20.55
566,2,309,20.55
566,2,310,16.55
566,2,311,20.55
566,2,312,21.55
566,2,313,14.55
566,2,314,7.54999
566,2,315,12.55
566,2,316,15.55
566,2,317,16.55
566,2,318,13.55
566,2,319,14.55
566,2,320,16.55
566,2,321,12.55
566,2,322,15.55
566,2,323,18.55
566,2,324,16.55
566,2,325,14.55
566,2,326,21.55
566,2,327,15.55
566,2,328,16.55
566,2,329,10.55
566,2,330,13.55
566,2,331,16.55
566,2,332,18.55
566,2,333,19.55
566,2,334,16.55
566,2,335,16.55
566,2,336,13.55
566,2,337,14.55
566,2,338,12.55
566,2,339,12.55
566,2,340,11.55
566,2,341,9.54999
566,2,342,11.55
566,2,343,14.55
566,2,344,17.55
566,2,345,13.55
566,2,346,15.55
566,2,347,16.55
566,2,348,17.55
566,2,349,10.55
566,2,350,14.55
566,2,351,7.54999
566,2,352,4.54999
566,2,353,11.55
566,2,354,12.55
566,2,355,15.55
566,2,356,15.55
566,2,357,19.55
566,2,358,17.55
566,2,359,19.55
566,2,360,17.55
566,2,361,18.55
566,2,362,19.55
566,2,363,20.55
566,2,364,16.55
566,2,365,14.55
566,2,366,16.55
566,2,367,17.55
566,2,368,15.55
566,2,369,12.55
566,2,370,7.54999
566,2,371,7.54999
566,2,372,13.55
566,2,373,8.54999
566,2,374,8.54999
566,2,375,10.55
566,2,376,6.54999
566,2,377,5.54999
566,2,378,11.55
566,2,379,11.55
566,2,380,12.55
566,2,381,11.55
566,2,382,13.55
566,2,383,19.55
566,2,384,15.55
566,2,385,9.54999
566,2,386,6.54999
566,2,387,9.54999
566,2,388,11.55
566,2,389,15.55
566,2,390,14.55
566,2,391,16.55
566,2,392,13.55
566,2,393,15.55
566,2,394,11.55
566,2,395,11.55
566,2,396,7.54999
566,2,397,8.54999
566,2,398,11.55
566,2,399,13.55
566,2,400,11.55
566,2,401,11.55
566,2,402,7.54999
566,2,403,12.55
566,2,404,13.55
566,2,405,17.55
566,2,406,15.55
566,2,407,17.55
566,2,408,16.55
566,2,409,13.55
566,2,410,10.55
566,2,411,14.55
566,2,412,7.54999
566,2,413,10.55
566,2,414,10.55
566,2,415,12.55
566,2,416,12.55
566,2,417,16.55
566,2,418,9.54999
566,2,419,9.54999
566,2,420,12.55
566,2,421,9.54999
566,2,422,14.55
566,2,423,14.55
566,2,424,16.55
566,2,425,15.55
566,2,426,16.55
566,2,427,13.55
566,2,428,9.54999
566,2,429,7.54999
566,2,430,8.54999
566,2,431,9.54999
566,2,432,14.55
566,2,433,16.55
566,2,434,14.55
566,2,435,15.55
566,2,436,13.55
566,2,437,12.55
566,2,438,16.55
566,2,439,13.55
566,2,440,14.55
566,2,441,16.55
566,2,442,12.55
566,2,443,14.55
566,2,444,19.55
566,2,445,15.55
566,2,446,13.55
566,2,447,15.55
566,2,448,12.55
566,2,449,7.54999
566,2,450,11.55
566,2,451,10.55
566,2,452,16.55
566,2,453,14.55
566,2,454,13.55
566,2,455,16.55
566,2,456,15.55
566,2,457,13.55
566,2,458,13.55
566,2,459,9.54999
566,2,460,10.55
566,2,461,10.55
566,2,462,12.55
566,2,463,13.55
566,2,464,13.55
566,2,465,14.55
566,2,466,11.55
566,2,467,15.55
566,2,468,17.55
566,2,469,14.55
566,2,470,16.55
566,2,471,14.55
566,2,472,19.55
566,2,473,19.55
566,2,474,14.55
566,2,475,11.55
566,2,476,14.55
566,2,477,14.55
566,2,478,12.55
566,2,479,14.55
566,2,480,12.55
566,2,481,13.55
566,2,482,12.55
566,2,483,16.55
566,2,484,19.55
566,2,485,17.55
566,2,486,17.55
566,2,487,18.55
566,2,488,18.55
566,2,489,17.55
566,2,490,15.55
566,2,491,17.55
566,2,492,14.55
566,2,493,10.55
566,2,494,15.55
566,2,495,19.55
566,2,496,21.55
566,2,497,22.55
566,2,498,26.55
566,2,499,23.55
566,2,500,26.55
566,2,501,25.55
566,2,502,22.55
566,2,503,18.55
566,2,504,19.55
566,2,505,16.55
566,2,506,15.55
566,2,507,17.55
566,2,508,19.55
566,2,509,16.55
566,2,510,14.55
566,2,511,22.55
7777,2,0,-69.3
7777,2,1,-0.299988
7777,2,2,-1.29999
7777,2,3,0.700012
7777,2,4,3.70001
7777,2,5,2.70001
7777,2,6,2.70001
7777,2,7,3.70001
7777,2,8,2.70001
7777,2,9,8.70001
7777,2,10,6.70001
7777,2,11,3.70001
7777,2,12,6.70001
7777,2,13,4.70001
7777,2,14,8.70001
7777,2,15,4.70001
7777,2,16,3.70001
7777,2,17,1.70001
7777,2,18,3.70001
7777,2,19,1.70001
7777,2,20,-1.29999
7777,2,21,5.70001
7777,2,22,2.70001
7777,2,23,4.70001
7777,2,24,7.70001
7777,2,25,6.70001
7777,2,26,5.70001
7777,2,27,2.70001
7777,2,28,2.70001
7777,2,29,6.70001
7777,2,30,5.70001
7777,2,31,3.70001
7777,2,32,-1.29999
7777,2,33,-1.29999
7777,2,34,0.700012
7777,2,35,3.70001
7777,2,36,6.70001
7777,2,37,1.70001
7777,2,38,2.70001
7777,2,39,6.70001
7777,2,40,3.70001
7777,2,41,6.70001
7777,2,42,5.70001
7777,2,43,2.70001
7777,2,44,6.70001
7777,2,45,3.70001
7777,2,46,1.70001
7777,2,47,-0.299988
7777,2,48,-0.299988
7777,2,49,4.70001
7777,2,50,9.70001
7777,2,51,7.70001
7777,2,52,11.7
7777,2,53,4.70001
7777,2,54,10.7
7777,2,55,4.70001
7777,2,56,3.70001
7777,2,57,5.70001
7777,2,58,2.70001
7777,2,59,4.70001
7777,2,60,1.70001
7777,2,61,2.70001
7777,2,62,5.70001
7777,2,63,3.70001
7777,2,64,2.70001
7777,2,65,3.70001
7777,2,66,4.70001
7777,2,67,6.70001
7777,2,68,7.70001
7777,2,69,8.70001
7777,2,70,7.70001
7777,2,71,9.70001
7777,2,72,9.70001
7777,2,73,7.70001
7777,2,74,9.70001
7777,2,75,9.70001
7777,2,76,7.70001
7777,2,77,5.70001
7777,2,78,4.70001
7777,2,79,7.70001
7777,2,80,8.70001
7777,2,81,10.7
7777,2,82,6.70001
7777,2,83,3.70001
7777,2,84,5.70001
7777,2,85,8.70001
7777,2,86,12.7
7777,2,87,11.7
7777,2,88,13.7
7777,2,89,8.70001
7777,2,90,6.70001
7777,2,91,3.70001
7777,2,92,4.70001
7777,2,93,-3.29999
7777,2,94,1.70001
7777,2,95,5.70001
7777,2,96,7.70001
7777,2,97,12.7
7777,2,98,11.7
7777,2,99,14.7
7777,2,100,12.7
7777,2,101,15.7
7777,2,102,10.7
7777,2,103,10.7
7777,2,104,12.7
7777,2,105,15.7
7777,2,106,14.7
7777,2,107,11.7
7777,2,108,12.7
7777,2,109,13.7
7777,2,110,9.70001
7777,2,111,10.7
7777,2,112,11.7
7777,2,113,5.70001
7777,2,114,3.70001
7777,2,115,7.70001
7777,2,116,3.70001
7777,2,117,6.70001
7777,2,118,8.70001
7777,2,119,11.7
7777,2,120,13.7
7777,2,121,9.70001
7777,2,122,6.70001
7777,2,123,11.7
7777,2,124,10.7
7777,2,125,10.7
7777,2,126,4.70001
7777,2,127,10.7
7777,2,128,13.7
7777,2,129,10.7
7777,2,130,7.70001
7777,2,131,9.70001
7777,2,132,14.7
7777,2,133,8.70001
7777,2,134,15.7
7777,2,135,11.7
7777,2,136,10.7
7777,2,137,5.70001
7777,2,138,7.70001
7777,2,139,2.70001
7777,2,140,10.7
7777,2,141,10.7
7777,2,142,10.7
7777,2,143,11.7
7777,2,144,7.70001
7777,2,145,12.7
7777,2,146,10.7
7777,2,147,12.7
7777,2,148,13.7
7777,2,149,10.7
7777,2,150,11.7
7777,2,151,13.7
7777,2,152,17.7
7777,2,153,11.7
7777,2,154,11.7
7777,2,155,11.7
7777,2,156,18.7
7777,2,157,13.7
7777,2,158,15.7
7777,2,159,15.7
7777,2,160,18.7
7777,2,161,15.7
7777,2,162,16.7
7777,2,163,13.7
7777,2,164,10.7
7777,2,165,13.7
7777,2,166,12.7
7777,2,167,13.7
7777,2,168,15.7
7777,2,169,21.7
7777,2,170,23.7
7777,2,171,20.7
7777,2,172,15.7
7777,2,173,17.7
7777,2,174,17.7
7777,2,175,19.7
7777,2,176,17.7
7777,2,177,15.7
7777,2,178,11.7
7777,2,179,11.7
7777,2,180,14.7
7777,2,181,17.7
7777,2,182,18.7
7777,2,183,20.7
7777,2,184,18.7
7777,2,185,18.7
7777,2,186,12.7
7777,2,187,16.7
7777,2,188,21.7
7777,2,189,19.7
7777,2,190,21.7
7777,2,191,23.7
7777,2,192,20.7
7777,2,193,22.7
7777,2,194,23.7
7777,2,195,24.7
7777,2,196,21.7
7777,2,197,24.7
7777,2,198,21.7
7777,2,199,21.7
7777,2,200,29.7
7777,2,201,26.7
7777,2,202,29.7
7777,2,203,27.7
7777,2,204,29.7
7777,2,205,23.7
7777,2,206,27.7
7777,2,207,23.7
7777,2,208,22.7
7777,2,209,21.7
7777,2,210,23.7
7777,2,211,18.7
7777,2,212,19.7
7777,2,213,24.7
7777,2,214,25.7
7777,2,215,26.7
7777,2,216,23.7
7777,2,217,22.7
7777,2,218,23.7
7777,2,219,20.7
7777,2,220,19.7
7777,2,221,21.7
7777,2,222,23.7
7777,2,223,26.7
7777,2,224,26.7
7777,2,225,28.7
7777,2,226,22.7
7777,2,227,26.7
7777,2,228,24.7
7777,2,229,27.7
7777,2,230,28.7
7777,2,231,27.7
7777,2,232,29.7
7777,2,233,31.7
7777,2,234,26.7
7777,2,235,25.7
7777,2,236,24.7
7777,2,237,25.7
7777,2,238,29.7
7777,2,239,32.7
7777,2,240,31.7
7777,2,241,30.7
7777,2,242,29.7
7777,2,243,30.7
7777,2,244,30.7
7777,2,245,35.7
7777,2,246,31.7
7777,2,247,31.7
7777,2,248,32.7
7777,2,249,32.7
7777,2,250,27.7
7777,2,251,27.7
7777,2,252,22.7
7777,2,253,20.7
7777,2,254,16.7
7777,2,255,20.7
7777,2,256,25.7
7777,2,257,23.7
7777,2,258,21.7
7777,2,259,26.7
7777,2,260,27.7
7777,2,261,28.7
7777,2,262,28.7
7777,2,263,28.7
7777,2,264,25.7
7777,2,265,25.7
7777,2,266,22.7
7777,2,267,22.7
7777,2,268,27.7
7777,2,269,24.7
7777,2,270,25.7
7777,2,271,22.7
7777,2,272,24.7
7777,2,273,21.7
7777,2,274,21.7
7777,2,275,22.7
7777,2,276,22.7
7777,2,277,22.7
7777,2,278,22.7
7777,2,279,24.7
7777,2,280,26.7
7777,2,281,28.7
7777,2,282,27.7
7777,2,283,32.7
7777,2,284,31.7
7777,2,285,36.7
7777,2,286,32.7
7777,2,287,32.7
7777,2,288,29.7
7777,2,289,28.7
7777,2,290,28.7
7777,2,291,21.7
7777,2,292,24.7
7777,2,293,24.7
7777,2,294,23.7
7777,2,295,21.7
7777,2,296,15.7
7777,2,297,17.7
7777,2,298,18.7
7777,2,299,17.7
7777,2,300,18.7
7777,2,301,22.7
7777,2,302,25.7
7777,2,303,23.7
7777,2,304,21.7
7777,2,305,23.7
7777,2,306,20.7
7777,2,307,18.7
7777,2,308,19.7
7777,2,309,21.7
7777,2,310,15.7
7777,2,311,15.7
7777,2,312,16.7
7777,2,313,16.7
7777,2,314,17.7
7777,2,315,21.7
7777,2,316,22.7
7777,2,317,22.7
7777,2,318,15.7
7777,2,319,14.7
7777,2,320,12.7
7777,2,321,13.7
7777,2,322,12.7
7777,2,323,15.7
7777,2,324,11.7
7777,2,325,18.7
7777,2,326,23.7
7777,2,327,22.7
7777,2,328,19.7
7777,2,329,19.7
7777,2,330,14.7
7777,2,331,19.7
7777,2,332,23.7
7777,2,333,21.7
7777,2,334,17.7
7777,2,335,16.7
7777,2,336,15.7
7777,2,337,19.7
7777,2,338,19.7
7777,2,339,17.7
7777,2,340,23.7
7777,2,341,21.7
7777,2,342,20.7
7777,2,343,20.7
7777,2,344,16.7
7777,2,345,19.7
7777,2,346,15.7
7777,2,347,16.7
7777,2,348,15.7
7777,2,349,16.7
7777,2,350,15.7
7777,2,351,12.7
7777,2,352,17.7
7777,2,353,18.7
7777,2,354,14.7
7777,2,355,13.7
7777,2,356,10.7
7777,2,357,6.70001
7777,2,358,10.7
7777,2,359,16.7
7777,2,360,15.7
7777,2,361,17.7
7777,2,362,12.7
7777,2,363,8.70001
7777,2,364,10.7
7777,2,365,11.7
7777,2,366,12.7
7777,2,367,17.7
7777,2,368,13.7
7777,2,369,16.7
7777,2,370,16.7
7777,2,371,14.7
7777,2,372,20.7
7777,2,373,20.7
7777,2,374,20.7
7777,2,375,20.7
7777,2,376,17.7
7777,2,377,16.7
7777,2,378,13.7
7777,2,379,15.7
7777,2,380,18.7
7777,2,381,18.7
7777,2,382,16.7
7777,2,383,16.7
7777,2,384,11.7
7777,2,385,13.7
7777,2,386,11.7
7777,2,387,15.7
7777,2,388,16.7
7777,2,389,13.7
7777,2,390,15.7
7777,2,391,18.7
7777,2,392,19.7
7777,2,393,16.7
7777,2,394,19.7
7777,2,395,16.7
7777,2,396,16.7
7777,2,397,17.7
7777,2,398,11.7
7777,2,399,15.7
7777,2,400,9.70001
7777,2,401,8.70001
7777,2,402,11.7
7777,2,403,9.70001
7777,2,404,9.70001
7777,2,405,8.70001
7777,2,406,14.7
7777,2,407,17.7
7777,2,408,12.7
7777,2,409,10.7
7777,2,410,10.7
7777,2,411,10.7
7777,2,412,12.7
7777,2,413,14.7
7777,2,414,18.7
7777,2,415,20.7
7777,2,416,22.7
7777,2,417,18.7
7777,2,418,19.7
7777,2,419,16.7
7777,2,420,14.7
7777,2,421,13.7
7777,2,422,12.7
7777,2,423,14.7
7777,2,424,16.7
7777,2,425,19.7
7777,2,426,16.7
7777,2,427,17.7
7777,2,428,10.7
7777,2,429,9.70001
7777,2,430,10.7
7777,2,431,9.70001
7777,2,432,8.70001
7777,2,433,17.7
7777,2,434,15.7
7777,2,435,17.7
7777,2,436,16.7
7777,2,437,19.7
7777,2,438,19.7
7777,2,439,18.7
7777,2,440,12.7
7777,2,441,9.70001
7777,2,442,11.7
7777,2,443,10.7
7777,2,444,11.7
7777,2,445,16.7
7777,2,446,15.7
7777,2,447,15.7
7777,2,448,17.7
7777,2,449,13.7
7777,2,450,13.7
7777,2,451,11.7
7777,2,452,12.7
7777,2,453,10.7
7777,2,454,10.7
7777,2,455,10.7
7777,2,456,12.7
7777,2,457,14.7
7777,2,458,13.7
7777,2,459,15.7
7777,2,460,12.7
7777,2,461,13.7
7777,2,462,15.7
7777,2,463,16.7
7777,2,464,19.7
7777,2,465,13.7
7777,2,466,12.7
7777,2,467,11.7
7777,2,468,15.7
7777,2,469,18.7
7777,2,470,17.7
7777,2,471,22.7
7777,2,472,23.7
7777,2,473,19.7
7777,2,474,17.7
7777,2,475,12.7
7777,2,476,15.7
7777,2,477,19.7
7777,2,478,16.7
7777,2,479,20.7
7777,2,480,19.7
7777,2,481,22.7
7777,2,482,18.7
7777,2,483,17.7
7777,2,484,18.7
7777,2,485,16.7
7777,2,486,18.7
7777,2,487,23.7
7777,2,488,25.7
7777,2,489,21.7
7777,2,490,16.7
7777,2,491,20.7
7777,2,492,21.7
7777,2,493,16.7
7777,2,494,14.7
7777,2,495,19.7
7777,2,496,11.7
7777,2,497,9.70001
7777,2,498,7.70001
7777,2,499,12.7
7777,2,500,12.7
7777,2,501,13.7
7777,2,502,16.7
7777,2,503,16.7
7777,2,504,16.7
7777,2,505,21.7
7777,2,506,21.7
7777,2,507,19.7
7777,2,508,14.7
7777,2,509,18.7
7777,2,510,16.7
7777,2,511,22.7
7494,3,0,-77.35
7494,3,1,-1.35001
7494,3,2,-0.350006
7494,3,3,4.64999
7494,3,4,4.64999
7494,3,5,3.64999
7494,3,6,5.64999
7494,3,7,4.64999
7494,3,8,5.64999
7494,3,9,7.64999
7494,3,10,10.65
7494,3,11,9.64999
7494,3,12,2.64999
7494,3,13,1.64999
7494,3,14,3.64999
7494,3,15,4.64999
7494,3,16,2.64999
7494,3,17,2.64999
7494,3,18,-1.35001
7494,3,19,5.64999
7494,3,20,1.64999
7494,3,21,0.649994
7494,3,22,0.649994
7494,3,23,-0.350006
7494,3,24,-3.35001
7494,3,25,-6.35001
7494,3,26,1.64999
7494,3,27,0.649994
7494,3,28,4.64999
7494,3,29,1.64999
7494,3,30,0.649994
7494,3,31,0.649994
7494,3,32,-0.350006
7494,3,33,1.64999
7494,3,34,4.64999
7494,3,35,3.64999
7494,3,36,-1.35001
7494,3,37,3.64999
7494,3,38,6.64999
7494,3,39,2.64999
7494,3,40,7.64999
7494,3,41,5.64999
7494,3,42,3.64999
7494,3,43,0.649994
7494,3,44,0.649994
7494,3,45,-0.350006
7494,3,46,1.64999
7494,3,47,0.649994
7494,3,48,-0.350006
7494,3,49,-2.35001
7494,3,50,2.64999
7494,3,51,1.64999
7494,3,52,2.64999
7494,3,53,7.64999
7494,3,54,1.64999
7494,3,55,3.64999
7494,3,56,2.64999
7494,3,57,2.64999
7494,3,58,0.649994
7494,3,59,3.64999
7494,3,60,-1.35001
7494,3,61,-0.350006
7494,3,62,-1.35001
7494,3,63,0.649994
7494,3,64,4.64999
7494,3,65,3.64999
7494,3,66,3.64999
7494,3,67,0.649994
7494,3,68,-1.35001
7494,3,69,3.64999
7494,3,70,-1.35001
7494,3,71,-0.350006
7494,3,72,4.64999
7494,3,73,-1.35001
7494,3,74,-2.35001
7494,3,75,-2.35001
7494,3,76,-1.35001
7494,3,77,-0.350006
7494,3,78,4.64999
7494,3,79,5.64999
7494,3,80,4.64999
7494,3,81,2.64999
7494,3,82,3.64999
7494,3,83,-1.35001
7494,3,84,-0.350006
7494,3,85,1.64999
7494,3,86,-4.35001
7494,3,87,-3.35001
7494,3,88,-4.35001
7494,3,89,-3.35001
7494,3,90,1.64999
7494,3,91,0.649994
7494,3,92,0.649994
7494,3,93,4.64999
7494,3,94,2.64999
7494,3,95,3.64999
7494,3,96,3.64999
7494,3,97,-3.35001
7494,3,98,-3.35001
7494,3,99,-3.35001
7494,3,100,-4.35001
7494,3,101,-5.35001
7494,3,102,-5.35001
7494,3,103,-0.350006
7494,3,104,-1.35001
7494,3,105,1.64999
7494,3,106,-0.350006
7494,3,107,-0.350006
7494,3,108,2.64999
7494,3,109,5.64999
7494,3,110,7.64999
7494,3,111,7.64999
7494,3,112,2.64999
7494,3,113,1.64999
7494,3,114,3.64999
7494,3,115,7.64999
7494,3,116,-0.350006
7494,3,117,1.64999
7494,3,118,1.64999
7494,3,119,-0.350006
7494,3,120,2.64999
7494,3,121,-2.35001
7494,3,122,-2.35001
7494,3,123,-4.35001
7494,3,124,-0.350006
7494,3,125,-4.35001
7494,3,126,-5.35001
7494,3,127,-2.35001
7494,3,128,-3.35001
7494,3,129,-1.35001
7494,3,130,-3.35001
7494,3,131,-3.35001
7494,3,132,0.649994
7494,3,133,5.64999
7494,3,134,6.64999
7494,3,135,5.64999
7494,3,136,4.64999
7494,3,137,1.64999
7494,3,138,-5.35001
7494,3,139,-5.35001
7494,3,140,-3.35001
7494,3,141,-0.350006
7494,3,142,0.649994
7494,3,143,3.64999
7494,3,144,5.64999
7494,3,145,3.64999
7494,3,146,2.64999
7494,3,147,2.64999
7494,3,148,0.649994
7494,3,149,6.64999
7494,3,150,4.64999
7494,3,151,8.64999
7494,3,152,2.64999
7494,3,153,1.64999
7494,3,154,2.64999
7494,3,155,-2.35001
7494,3,156,-1.35001
7494,3,157,4.64999
7494,3,158,2.64999
7494,3,159,3.64999
7494,3,160,2.64999
7494,3,161,2.64999
7494,3,162,3.64999
7494,3,163,6.64999
7494,3,164,8.64999
7494,3,165,9.64999
7494,3,166,9.64999
7494,3,167,7.64999
7494,3,168,3.64999
7494,3,169,-0.350006
7494,3,170,-4.35001
7494,3,171,-5.35001
7494,3,172,-3.35001
7494,3,173,1.64999
7494,3,174,4.64999
7494,3,175,7.64999
7494,3,176,8.64999
7494,3,177,5.64999
7494,3,178,5.64999
7494,3,179,0.649994
7494,3,180,-1.35001
7494,3,181,0.649994
7494,3,182,-1.35001
7494,3,183,-0.350006
7494,3,184,0.649994
7494,3,185,-0.350006
7494,3,186,-1.35001
7494,3,187,-0.350006
7494,3,188,-2.35001
7494,3,189,-1.35001
7494,3,190,3.64999
7494,3,191,4.64999
7494,3,192,2.64999
7494,3,193,4.64999
7494,3,194,2.64999
7494,3,195,0.649994
7494,3,196,3.64999
7494,3,197,-0.350006
7494,3,198,1.64999
7494,3,199,-2.35001
7494,3,200,1.64999
7494,3,201,-2.35001
7494,3,202,-1.35001
7494,3,203,-2.35001
7494,3,204,0.649994
7494,3,205,-0.350006
7494,3,206,4.64999
7494,3,207,5.64999
7494,3,208,5.64999
7494,3,209,4.64999
7494,3,210,5.64999
7494,3,211,1.64999
7494,3,212,-2.35001
7494,3,213,-1.35001
7494,3,214,0.649994
7494,3,215,3.64999
7494,3,216,3.64999
7494,3,217,4.64999
7494,3,218,5.64999
7494,3,219,4.64999
7494,3,220,0.649994
7494,3,221,-0.350006
7494,3,222,-0.350006
7494,3,223,2.64999
7494,3,224,-0.350006
7494,3,225,0.649994
7494,3,226,-2.35001
7494,3,227,1.64999
7494,3,228,1.64999
7494,3,229,-0.350006
7494,3,230,-2.35001
7494,3,231,-2.35001
7494,3,232,-0.350006
7494,3,233,-1.35001
7494,3,234,3.64999
7494,3,235,-1.35001
7494,3,236,1.64999
7494,3,237,2.64999
7494,3,238,4.64999
7494,3,239,2.64999
7494,3,240,1.64999
7494,3,241,4.64999
7494,3,242,-3.35001
7494,3,243,-1.35001
7494,3,244,-1.35001
7494,3,245,4.64999
7494,3,246,3.64999
7494,3,247,4.64999
7494,3,248,3.64999
7494,3,249,1.64999
7494,3,250,2.64999
7494,3,251,1.64999
7494,3,252,-0.350006
7494,3,253,1.64999
7494,3,254,2.64999
7494,3,255,6.64999
7494,3,256,3.64999
7494,3,257,3.64999
7494,3,258,3.64999
7494,3,259,6.64999
7494,3,260,8.64999
7494,3,261,4.64999
7494,3,262,1.64999
7494,3,263,-1.35001
7494,3,264,-0.350006
7494,3,265,-1.35001
7494,3,266,-0.350006
7494,3,267,-3.35001
7494,3,268,4.64999
7494,3,269,4.64999
7494,3,270,10.65
7494,3,271,14.65
7494,3,272,11.65
7494,3,273,11.65
7494,3,274,6.64999
7494,3,275,2.64999
7494,3,276,2.64999
7494,3,277,4.64999
7494,3,278,6.64999
7494,3,279,5.64999
7494,3,280,3.64999
7494,3,281,5.64999
7494,3,282,4.64999
7494,3,283,8.64999
7494,3,284,6.64999
7494,3,285,3.64999
7494,3,286,0.649994
7494,3,287,2.64999
7494,3,288,0.649994
7494,3,289,2.64999
7494,3,290,10.65
7494,3,291,11.65
7494,3,292,9.64999
7494,3,293,10.65
7494,3,294,10.65
7494,3,295,9.64999
7494,3,296,8.64999
7494,3,297,5.64999
7494,3,298,3.64999
7494,3,299,1.64999
7494,3,300,-2.35001
7494,3,301,-2.35001
7494,3,302,3.64999
7494,3,303,1.64999
7494,3,304,3.64999
7494,3,305,6.64999
7494,3,306,11.65
7494,3,307,11.65
7494,3,308,15.65
7494,3,309,13.65
7494,3,310,12.65
7494,3,311,14.65
7494,3,312,19.65
7494,3,313,16.65
7494,3,314,14.65
7494,3,315,8.64999
7494,3,316,7.64999
7494,3,317,10.65
7494,3,318,6.64999
7494,3,319,7.64999
7494,3,320,7.64999
7494,3,321,5.64999
7494,3,322,4.64999
7494,3,323,7.64999
7494,3,324,6.64999
7494,3,325,1.64999
7494,3,326,6.64999
7494,3,327,13.65
7494,3,328,9.64999
7494,3,329,2.64999
7494,3,330,3.64999
7494,3,331,4.64999
7494,3,332,4.64999
7494,3,333,5.64999
7494,3,334,4.64999
7494,3,335,12.65
7494,3,336,18.65
7494,3,337,18.65
7494,3,338,15.65
7494,3,339,16.65
7494,3,340,11.65
7494,3,341,11.65
7494,3,342,9.64999
7494,3,343,4.64999
7494,3,344,4.64999
7494,3,345,0.649994
7494,3,346,-0.350006
7494,3,347,6.64999
7494,3,348,7.64999
7494,3,349,6.64999
7494,3,350,12.65
7494,3,351,9.64999
7494,3,352,12.65
7494,3,353,10.65
7494,3,354,10.65
7494,3,355,13.65
7494,3,356,14.65
7494,3,357,11.65
7494,3,358,10.65
7494,3,359,11.65
7494,3,360,14.65
7494,3,361,13.65
7494,3,362,10.65
7494,3,363,5.64999
7494,3,364,7.64999
7494,3,365,13.65
7494,3,366,16.65
7494,3,367,14.65
7494,3,368,10.65
7494,3,369,15.65
7494,3,370,10.65
7494,3,371,11.65
7494,3,372,15.65
7494,3,373,18.65
7494,3,374,13.65
7494,3,375,13.65
7494,3,376,13.65
7494,3,377,13.65
7494,3,378,17.65
7494,3,379,16.65
7494,3,380,13.65
7494,3,381,9.64999
7494,3,382,2.64999
7494,3,383,6.64999
7494,3,384,6.64999
7494,3,385,10.65
7494,3,386,12.65
7494,3,387,9.64999
7494,3,388,13.65
7494,3,389,11.65
7494,3,390,15.65
7494,3,391,11.65
7494,3,392,18.65
7494,3,393,17.65
7494,3,394,17.65
7494,3,395,15.65
7494,3,396,16.65
7494,3,397,14.65
7494,3,398,14.65
7494,3,399,14.65
7494,3,400,8.64999
7494,3,401,13.65
7494,3,402,17.65
7494,3,403,20.65
7494,3,404,19.65
7494,3,405,19.65
7494,3,406,19.65
7494,3,407,21.65
7494,3,408,14.65
7494,3,409,13.65
7494,3,410,15.65
7494,3,411,15.65
7494,3,412,12.65
7494,3,413,14.65
7494,3,414,15.65
7494,3,415,17.65
7494,3,416,17.65
7494,3,417,21.65
7494,3,418,24.65
7494,3,419,22.65
7494,3,420,25.65
7494,3,421,23.65
7494,3,422,21.65
7494,3,423,12.65
7494,3,424,13.65
7494,3,425,11.65
7494,3,426,13.65
7494,3,427,18.65
7494,3,428,17.65
7494,3,429,17.65
7494,3,430,18.65
7494,3,431,20.65
7494,3,432,21.65
7494,3,433,20.65
7494,3,434,22.65
7494,3,435,23.65
7494,3,436,19.65
7494,3,437,21.65
7494,3,438,25.65
7494,3,439,25.65
7494,3,440,25.65
7494,3,441,27.65
7494,3,442,25.65
7494,3,443,24.65
7494,3,444,22.65
7494,3,445,19.65
7494,3,446,16.65
7494,3,447,16.65
7494,3,448,17.65
7494,3,449,23.65
7494,3,450,23.65
7494,3,451,28.65
7494,3,452,31.65
7494,3,453,27.65
7494,3,454,22.65
7494,3,455,22.65
7494,3,456,15.65
7494,3,457,14.65
7494,3,458,18.65
7494,3,459,17.65
7494,3,460,20.65
7494,3,461,26.65
7494,3,462,30.65
7494,3,463,33.65
7494,3,464,33.65
7494,3,465,38.65
7494,3,466,37.65
7494,3,467,34.65
7494,3,468,33.65
7494,3,469,30.65
7494,3,470,28.65
7494,3,471,25.65
7494,3,472,22.65
7494,3,473,18.65
7494,3,474,19.65
7494,3,475,25.65
7494,3,476,25.65
7494,3,477,23.65
7494,3,478,27.65
7494,3,479,25.65
7494,3,480,25.65
7494,3,481,24.65
7494,3,482,24.65
7494,3,483,22.65
7494,3,484,19.65
7494,3,485,16.65
7494,3,486,14.65
7494,3,487,22.65
7494,3,488,23.65
7494,3,489,24.65
7494,3,490,23.65
7494,3,491,24.65
7494,3,492,24.65
7494,3,493,23.65
7494,3,494,30.65
7494,3,495,26.65
7494,3,496,25.65
7494,3,497,21.65
7494,3,498,21.65
7494,3,499,18.65
7494,3,500,22.65
7494,3,501,22.65
7494,3,502,21.65
7494,3,503,24.65
7494,3,504,22.65
7494,3,505,25.65
7494,3,506,20.65
7494,3,507,19.65
7494,3,508,20.65
7494,3,509,19.65
7494,3,510,14.65
7494,3,511,22.65
7970,3,0,-84.05
7970,3,1,3.95001
7970,3,2,1.95001
7970,3,3,5.95001
7970,3,4,2.95001
7970,3,5,-1.04999
7970,3,6,1.95001
7970,3,7,0.950012
7970,3,8,7.95001
7970,3,9,7.95001
7970,3,10,6.95001
7970,3,11,10.95
7970,3,12,5.95001
7970,3,13,6.95001
7970,3,14,5.95001
7970,3,15,4.95001
7970,3,16,7.95001
7970,3,17,3.95001
7970,3,18,-2.04999
7970,3,19,-0.0499878
7970,3,20,0.950012
7970,3,21,2.95001
7970,3,22,3.95001
7970,3,23,1.95001
7970,3,24,2.95001
7970,3,25,-1.04999
7970,3,26,0.950012
7970,3,27,0.950012
7970,3,28,-2.04999
7970,3,29,-0.0499878
7970,3,30,-0.0499878
7970,3,31,4.95001
7970,3,32,3.95001
7970,3,33,7.95001
7970,3,34,4.95001
7970,3,35,1.95001
7970,3,36,3.95001
7970,3,37,-0.0499878
7970,3,38,5.95001
7970,3,39,-2.04999
7970,3,40,-4.04999
7970,3,41,1.95001
7970,3,42,-0.0499878
7970,3,43,2.95001
7970,3,44,5.95001
7970,3,45,-2.04999
7970,3,46,1.95001
7970,3,47,2.95001
7970,3,48,0.950012
7970,3,49,3.95001
7970,3,50,3.95001
7970,3,51,3.95001
7970,3,52,6.95001
7970,3,53,0.950012
7970,3,54,7.95001
7970,3,55,5.95001
7970,3,56,4.95001
7970,3,57,8.95001
7970,3,58,5.95001
7970,3,59,4.95001
7970,3,60,3.95001
7970,3,61,4.95001
7970,3,62,3.95001
7970,3,63,1.95001
7970,3,64,-0.0499878
7970,3,65,-1.04999
7970,3,66,-5.04999
7970,3,67,-4.04999
7970,3,68,-2.04999
7970,3,69,0.950012
7970,3,70,1.95001
7970,3,71,0.950012
7970,3,72,3.95001
7970,3,73,5.95001
7970,3,74,2.95001
7970,3,75,4.95001
7970,3,76,1.95001
7970,3,77,-1.04999
7970,3,78,-0.0499878
7970,3,79,0.950012
7970,3,80,-7.04999
7970,3,81,-2.04999
7970,3,82,-3.04999
7970,3,83,-3.04999
7970,3,84,-4.04999
7970,3,85,0.950012
7970,3,86,-1.04999
7970,3,87,4.95001
7970,3,88,4.95001
7970,3,89,1.95001
7970,3,90,-0.0499878
7970,3,91,-2.04999
7970,3,92,-0.0499878
7970,3,93,0.950012
7970,3,94,2.95001
7970,3,95,0.950012
7970,3,96,-5.04999
7970,3,97,-2.04999
7970,3,98,1.95001
7970,3,99,-4.04999
7970,3,100,1.95001
7970,3,101,-8.04999
7970,3,102,-5.04999
7970,3,103,0.950012
7970,3,104,-3.04999
7970,3,105,-4.04999
7970,3,106,-1.04999
7970,3,107,-0.0499878
7970,3,108,-1.04999
7970,3,109,-3.04999
7970,3,110,-0.0499878
7970,3,111,-1.04999
7970,3,112,-0.0499878
7970,3,113,-5.04999
7970,3,114,0.950012
7970,3,115,-4.04999
7970,3,116,-1.04999
7970,3,117,-2.04999
7970,3,118,1.95001
7970,3,119,1.95001
7970,3,120,0.950012
7970,3,121,1.95001
7970,3,122,1.95001
7970,3,123,0.950012
7970,3,124,-3.04999
7970,3,125,-2.04999
7970,3,126,-2.04999
7970,3,127,-0.0499878
7970,3,128,-2.04999
7970,3,129,-0.0499878
7970,3,130,1.95001
7970,3,131,2.95001
7970,3,132,-1.04999
7970,3,133,-3.04999
7970,3,134,-1.04999
7970,3,135,-0.0499878
7970,3,136,-2.04999
7970,3,137,-2.04999
7970,3,138,-2.04999
7970,3,139,-4.04999
7970,3,140,1.95001
7970,3,141,0.950012
7970,3,142,2.95001
7970,3,143,1.95001
7970,3,144,0.950012
7970,3,145,-0.0499878
7970,3,146,2.95001
7970,3,147,2.95001
7970,3,148,-0.0499878
7970,3,149,-0.0499878
7970,3,150,-1.04999
7970,3,151,1.95001
7970,3,152,-1.04999
7970,3,153,-2.04999
7970,3,154,-1.04999
7970,3,155,-2.04999
7970,3,156,-1.04999
7970,3,157,2.95001
7970,3,158,4.95001
7970,3,159,7.95001
7970,3,160,3.95001
7970,3,161,0.950012
7970,3,162,-1.04999
7970,3,163,-4.04999
7970,3,164,-1.04999
7970,3,165,-0.0499878
7970,3,166,-1.04999
7970,3,167,-0.0499878
7970,3,168,0.950012
7970,3,169,-4.04999
7970,3,170,-4.04999
7970,3,171,1.95001
7970,3,172,2.95001
7970,3,173,2.95001
7970,3,174,2.95001
7970,3,175,4.95001
7970,3,176,1.95001
7970,3,177,1.95001
7970,3,178,1.95001
7970,3,179,0.950012
7970,3,180,-2.04999
7970,3,181,-5.04999
7970,3,182,-4.04999
7970,3,183,0.950012
7970,3,184,0.950012
7970,3,185,4.95001
7970,3,186,6.95001
7970,3,187,6.95001
7970,3,188,5.95001
7970,3,189,1.95001
7970,3,190,0.950012
7970,3,191,4.95001
7970,3,192,2.95001
7970,3,193,0.950012
7970,3,194,-0.0499878
7970,3,195,-2.04999
7970,3,196,-3.04999
7970,3,197,-0.0499878
7970,3,198,-0.0499878
7970,3,199,-3.04999
7970,3,200,1.95001
7970,3,201,0.950012
7970,3,202,1.95001
7970,3,203,0.950012
7970,3,204,2.95001
7970,3,205,5.95001
7970,3,206,10.95
7970,3,207,10.95
7970,3,208,10.95
7970,3,209,13.95
7970,3,210,12.95
7970,3,211,10.95
7970,3,212,9.95001
7970,3,213,2.95001
7970,3,214,-2.04999
7970,3,215,-2.04999
7970,3,216,1.95001
7970,3,217,4.95001
7970,3,218,6.95001
7970,3,219,6.95001
7970,3,220,0.950012
7970,3,221,2.95001
7970,3,222,1.95001
7970,3,223,2.95001
7970,3,224,4.95001
7970,3,225,4.95001
7970,3,226,1.95001
7970,3,227,-5.04999
7970,3,228,-6.04999
7970,3,229,-5.04999
7970,3,230,0.950012
7970,3,231,-1.04999
7970,3,232,-0.0499878
7970,3,233,0.950012
7970,3,234,-2.04999
7970,3,235,0.950012
7970,3,236,-0.0499878
7970,3,237,-1.04999
7970,3,238,1.95001
7970,3,239,3.95001
7970,3,240,4.95001
7970,3,241,10.95
7970,3,242,4.95001
7970,3,243,4.95001
7970,3,244,9.95001
7970,3,245,4.95001
7970,3,246,0.950012
7970,3,247,0.950012
7970,3,248,0.950012
7970,3,249,0.950012
7970,3,250,3.95001
7970,3,251,1.95001
7970,3,252,1.95001
7970,3,253,2.95001
7970,3,254,4.95001
7970,3,255,-1.04999
7970,3,256,-1.04999
7970,3,257,-3.04999
7970,3,258,-1.04999
7970,3,259,-0.0499878
7970,3,260,-2.04999
7970,3,261,0.950012
7970,3,262,3.95001
7970,3,263,2.95001
7970,3,264,5.95001
7970,3,265,8.95001
7970,3,266,4.95001
7970,3,267,5.95001
7970,3,268,10.95
7970,3,269,7.95001
7970,3,270,7.95001
7970,3,271,7.95001
7970,3,272,8.95001
7970,3,273,3.95001
7970,3,274,-0.0499878
7970,3,275,7.95001
7970,3,276,4.95001
7970,3,277,4.95001
7970,3,278,4.95001
7970,3,279,7.95001
7970,3,280,6.95001
7970,3,281,9.95001
7970,3,282,8.95001
7970,3,283,9.95001
7970,3,284,3.95001
7970,3,285,3.95001
7970,3,286,5.95001
7970,3,287,5.95001
7970,3,288,3.95001
7970,3,289,4.95001
7970,3,290,4.95001
7970,3,291,2.95001
7970,3,292,2.95001
7970,3,293,3.95001
7970,3,294,2.95001
7970,3,295,3.95001
7970,3,296,2.95001
7970,3,297,6.95001
7970,3,298,1.95001
7970,3,299,11.95
7970,3,300,8.95001
7970,3,301,14.95
7970,3,302,12.95
7970,3,303,10.95
7970,3,304,7.95001
7970,3,305,6.95001
7970,3,306,7.95001
7970,3,307,6.95001
7970,3,308,6.95001
7970,3,309,6.95001
7970,3,310,3.95001
7970,3,311,2.95001
7970,3,312,2.95001
7970,3,313,3.95001
7970,3,314,0.950012
7970,3,315,3.95001
7970,3,316,1.95001
7970,3,317,1.95001
7970,3,318,6.95001
7970,3,319,9.95001
7970,3,320,14.95
7970,3,321,13.95
7970,3,322,7.95001
7970,3,323,9.95001
7970,3,324,9.95001
7970,3,325,8.95001
7970,3,326,10.95
7970,3,327,11.95
7970,3,328,15.95
7970,3,329,12.95
7970,3,330,15.95
7970,3,331,11.95
7970,3,332,13.95
7970,3,333,9.95001
7970,3,334,10.95
7970,3,335,8.95001
7970,3,336,12.95
7970,3,337,10.95
7970,3,338,9.95001
7970,3,339,10.95
7970,3,340,10.95
7970,3,341,5.95001
7970,3,342,6.95001
7970,3,343,12.95
7970,3,344,9.95001
7970,3,345,6.95001
7970,3,346,8.95001
7970,3,347,7.95001
7970,3,348,8.95001
7970,3,349,5.95001
7970,3,350,2.95001
7970,3,351,6.95001
7970,3,352,11.95
7970,3,353,10.95
7970,3,354,9.95001
7970,3,355,9.95001
7970,3,356,9.95001
7970,3,357,11.95
7970,3,358,12.95
7970,3,359,16.95
7970,3,360,13.95
7970,3,361,14.95
7970,3,362,11.95
7970,3,363,7.95001
7970,3,364,6.95001
7970,3,365,7.95001
7970,3,366,12.95
7970,3,367,11.95
7970,3,368,8.95001
7970,3,369,9.95001
7970,3,370,10.95
7970,3,371,12.95
7970,3,372,9.95001
7970,3,373,7.95001
7970,3,374,9.95001
7970,3,375,11.95
7970,3,376,16.95
7970,3,377,10.95
7970,3,378,10.95
7970,3,379,11.95
7970,3,380,14.95
7970,3,381,18.95
7970,3,382,14.95
7970,3,383,16.95
7970,3,384,13.95
7970,3,385,14.95
7970,3,386,8.95001
7970,3,387,11.95
7970,3,388,11.95
7970,3,389,13.95
7970,3,390,13.95
7970,3,391,11.95
7970,3,392,11.95
7970,3,393,13.95
7970,3,394,11.95
7970,3,395,14.95
7970,3,396,15.95
7970,3,397,13.95
7970,3,398,19.95
7970,3,399,23.95
7970,3,400,19.95
7970,3,401,18.95
7970,3,402,16.95
7970,3,403,12.95
7970,3,404,10.95
7970,3,405,12.95
7970,3,406,11.95
7970,3,407,18.95
7970,3,408,18.95
7970,3,409,21.95
7970,3,410,23.95
7970,3,411,27.95
7970,3,412,21.95
7970,3,413,24.95
7970,3,414,23.95
7970,3,415,16.95
7970,3,416,13.95
7970,3,417,14.95
7970,3,418,12.95
7970,3,419,11.95
7970,3,420,16.95
7970,3,421,17.95
7970,3,422,16.95
7970,3,423,20.95
7970,3,424,15.95
7970,3,425,16.95
7970,3,426,18.95
7970,3,427,17.95
7970,3,428,16.95
7970,3,429,19.95
7970,3,430,23.95
7970,3,431,25.95
7970,3,432,25.95
7970,3,433,24.95
7970,3,434,26.95
7970,3,435,24.95
7970,3,436,25.95
7970,3,437,22.95
7970,3,438,20.95
7970,3,439,21.95
7970,3,440,23.95
7970,3,441,22.95
7970,3,442,25.95
7970,3,443,24.95
7970,3,444,24.95
7970,3,445,22.95
7970,3,446,20.95
7970,3,447,30.95
7970,3,448,30.95
7970,3,449,30.95
7970,3,450,24.95
7970,3,451,20.95
7970,3,452,17.95
7970,3,453,19.95
7970,3,454,17.95
7970,3,455,22.95
7970,3,456,23.95
7970,3,457,23.95
7970,3,458,28.95
7970,3,459,27.95
7970,3,460,26.95
7970,3,461,26.95
7970,3,462,26.95
7970,3,463,22.95
7970,3,464,17.95
7970,3,465,20.95
7970,3,466,20.95
7970,3,467,25.95
7970,3,468,27.95
7970,3,469,24.95
7970,3,470,23.95
7970,3,471,24.95
7970,3,472,24.95
7970,3,473,23.95
7970,3,474,27.95
7970,3,475,23.95
7970,3,476,24.95
7970,3,477,25.95
7970,3,478,19.95
7970,3,479,20.95
7970,3,480,20.95
7970,3,481,24.95
7970,3,482,31.95
7970,3,483,28.95
7970,3,484,27.95
7970,3,485,31.95
7970,3,486,33.95
7970,3,487,35.95
7970,3,488,32.95
7970,3,489,27.95
7970,3,490,23.95
7970,3,491,26.95
7970,3,492,26.95
7970,3,493,28.95
7970,3,494,27.95
7970,3,495,28.95
7970,3,496,24.95
7970,3,497,24.95
7970,3,498,22.95
7970,3,499,22.95
7970,3,500,20.95
7970,3,501,22.95
7970,3,502,22.95
7970,3,503,23.95
7970,3,504,20.95
7970,3,505,19.95
7970,3,506,21.95
7970,3,507,20.95
7970,3,508,25.95
7970,3,509,27.95
7970,3,510,23.95
7970,3,511,28.95
5837,3,0,-80.45
5837,3,1,-0.450012
5837,3,2,-1.45001
5837,3,3,0.549988
5837,3,4,3.54999
5837,3,5,3.54999
5837,3,6,1.54999
5837,3,7,2.54999
5837,3,8,5.54999
5837,3,9,5.54999
5837,3,10,8.54999
5837,3,11,6.54999
5837,3,12,3.54999
5837,3,13,5.54999
5837,3,14,6.54999
5837,3,15,10.55
5837,3,16,6.54999
5837,3,17,4.54999
5837,3,18,5.54999
5837,3,19,1.54999
5837,3,20,-5.45001
5837,3,21,-9.45001
5837,3,22,-0.450012
5837,3,23,-2.45001
5837,3,24,0.549988
5837,3,25,6.54999
5837,3,26,5.54999
5837,3,27,4.54999
5837,3,28,6.54999
5837,3,29,2.54999
5837,3,30,3.54999
5837,3,31,6.54999
5837,3,32,5.54999
5837,3,33,4.54999
5837,3,34,2.54999
5837,3,35,1.54999
5837,3,36,2.54999
5837,3,37,0.549988
5837,3,38,2.54999
5837,3,39,-0.450012
5837,3,40,0.549988
5837,3,41,0.549988
5837,3,42,0.549988
5837,3,43,-1.45001
5837,3,44,-3.45001
5837,3,45,1.54999
5837,3,46,2.54999
5837,3,47,2.54999
5837,3,48,-0.450012
5837,3,49,1.54999
5837,3,50,3.54999
5837,3,51,3.54999
5837,3,52,5.54999
5837,3,53,0.549988
5837,3,54,1.54999
5837,3,55,-1.45001
5837,3,56,0.549988
5837,3,57,2.54999
5837,3,58,3.54999
5837,3,59,0.549988
5837,3,60,-2.45001
5837,3,61,-0.450012
5837,3,62,1.54999
5837,3,63,4.54999
5837,3,64,0.549988
5837,3,65,1.54999
5837,3,66,3.54999
5837,3,67,3.54999
5837,3,68,10.55
5837,3,69,8.54999
5837,3,70,4.54999
5837,3,71,5.54999
5837,3,72,3.54999
5837,3,73,0.549988
5837,3,74,2.54999
5837,3,75,0.549988
5837,3,76,-2.45001
5837,3,77,3.54999
5837,3,78,-0.450012
5837,3,79,-0.450012
5837,3,80,-2.45001
5837,3,81,-1.45001
5837,3,82,-2.45001
5837,3,83,-7.45001
5837,3,84,-4.45001
5837,3,85,0.549988
5837,3,86,1.54999
5837,3,87,-0.450012
5837,3,88,-0.450012
5837,3,89,-3.45001
5837,3,90,-4.45001
5837,3,91,-2.45001
5837,3,92,-4.45001
5837,3,93,-4.45001
5837,3,94,-3.45001
5837,3,95,-4.45001
5837,3,96,-6.45001
5837,3,97,-10.45
5837,3,98,-11.45
5837,3,99,-11.45
5837,3,100,-8.45001
5837,3,101,-4.45001
5837,3,102,2.54999
5837,3,103,5.54999
5837,3,104,6.54999
5837,3,105,2.54999
5837,3,106,4.54999
5837,3,107,0.549988
5837,3,108,2.54999
5837,3,109,-3.45001
5837,3,110,-4.45001
5837,3,111,-2.45001
5837,3,112,-1.45001
5837,3,113,4.54999
5837,3,114,5.54999
5837,3,115,3.54999
5837,3,116,5.54999
5837,3,117,2.54999
5837,3,118,0.549988
5837,3,119,0.549988
5837,3,120,-2.45001
5837,3,121,-4.45001
5837,3,122,-2.45001
5837,3,123,0.549988
5837,3,124,-1.45001
5837,3,125,0.549988
5837,3,126,-1.45001
5837,3,127,-5.45001
5837,3,128,-9.45001
5837,3,129,-7.45001
5837,3,130,-2.45001
5837,3,131,-0.450012
5837,3,132,-1.45001
5837,3,133,-0.450012
5837,3,134,-0.450012
5837,3,135,-4.45001
5837,3,136,2.54999
5837,3,137,-3.45001
5837,3,138,-1.45001
5837,3,139,-0.450012
5837,3,140,-2.45001
5837,3,141,3.54999
5837,3,142,4.54999
5837,3,143,-0.450012
5837,3,144,-5.45001
5837,3,145,-7.45001
5837,3,146,-3.45001
5837,3,147,-2.45001
5837,3,148,-3.45001
5837,3,149,-2.45001
5837,3,150,-2.45001
5837,3,151,-0.450012
5837,3,152,-6.45001
5837,3,153,0.549988
5837,3,154,-0.450012
5837,3,155,2.54999
5837,3,156,3.54999
5837,3,157,-1.45001
5837,3,158,1.54999
5837,3,159,-1.45001
5837,3,160,0.549988
5837,3,161,-2.45001
5837,3,162,-3.45001
5837,3,163,-2.45001
5837,3,164,-2.45001
5837,3,165,-5.45001
5837,3,166,-2.45001
5837,3,167,1.54999
5837,3,168,0.549988
5837,3,169,0.549988
5837,3,170,-0.450012
5837,3,171,4.54999
5837,3,172,1.54999
5837,3,173,3.54999
5837,3,174,3.54999
5837,3,175,0.549988
5837,3,176,-2.45001
5837,3,177,-3.45001
5837,3,178,-4.45001
5837,3,179,-4.45001
5837,3,180,-1.45001
5837,3,181,-5.45001
5837,3,182,-1.45001
5837,3,183,-3.45001
5837,3,184,-0.450012
5837,3,185,-1.45001
5837,3,186,2.54999
5837,3,187,0.549988
5837,3,188,4.54999
5837,3,189,1.54999
5837,3,190,2.54999
5837,3,191,-0.450012
5837,3,192,-2.45001
5837,3,193,-0.450012
5837,3,194,-1.45001
5837,3,195,2.54999
5837,3,196,2.54999
5837,3,197,0.549988
5837,3,198,2.54999
5837,3,199,3.54999
5837,3,200,1.54999
5837,3,201,2.54999
5837,3,202,3.54999
5837,3,203,4.54999
5837,3,204,-3.45001
5837,3,205,-4.45001
5837,3,206,-3.45001
5837,3,207,-0.450012
5837,3,208,3.54999
5837,3,209,7.54999
5837,3,210,4.54999
5837,3,211,3.54999
5837,3,212,4.54999
5837,3,213,2.54999
5837,3,214,3.54999
5837,3,215,1.54999
5837,3,216,1.54999
5837,3,217,3.54999
5837,3,218,3.54999
5837,3,219,4.54999
5837,3,220,3.54999
5837,3,221,3.54999
5837,3,222,3.54999
5837,3,223,1.54999
5837,3,224,0.549988
5837,3,225,1.54999
5837,3,226,0.549988
5837,3,227,0.549988
5837,3,228,-4.45001
5837,3,229,-4.45001
5837,3,230,-5.45001
5837,3,231,-4.45001
5837,3,232,-0.450012
5837,3,233,0.549988
5837,3,234,-0.450012
5837,3,235,0.549988
5837,3,236,-2.45001
5837,3,237,-5.45001
5837,3,238,-3.45001
5837,3,239,-5.45001
5837,3,240,-4.45001
5837,3,241,-1.45001
5837,3,242,-3.45001
5837,3,243,0.549988
5837,3,244,-0.450012
5837,3,245,0.549988
5837,3,246,-1.45001
5837,3,247,1.54999
5837,3,248,2.54999
5837,3,249,3.54999
5837,3,250,2.54999
5837,3,251,3.54999
5837,3,252,3.54999
5837,3,253,-2.45001
5837,3,254,-12.45
5837,3,255,-6.45001
5837,3,256,-1.45001
5837,3,257,-4.45001
5837,3,258,-3.45001
5837,3,259,1.54999
5837,3,260,2.54999
5837,3,261,11.55
5837,3,262,8.54999
5837,3,263,6.54999
5837,3,264,2.54999
5837,3,265,-3.45001
5837,3,266,2.54999
5837,3,267,1.54999
5837,3,268,-1.45001
5837,3,269,0.549988
5837,3,270,5.54999
5837,3,271,4.54999
5837,3,272,8.54999
5837,3,273,4.54999
5837,3,274,0.549988
5837,3,275,-2.45001
5837,3,276,-3.45001
5837,3,277,-2.45001
5837,3,278,-1.45001
5837,3,279,2.54999
5837,3,280,8.54999
5837,3,281,9.54999
5837,3,282,7.54999
5837,3,283,10.55
5837,3,284,7.54999
5837,3,285,7.54999
5837,3,286,1.54999
5837,3,287,2.54999
5837,3,288,-2.45001
5837,3,289,1.54999
5837,3,290,-0.450012
5837,3,291,2.54999
5837,3,292,0.549988
5837,3,293,-0.450012
5837,3,294,1.54999
5837,3,295,-3.45001
5837,3,296,1.54999
5837,3,297,3.54999
5837,3,298,4.54999
5837,3,299,9.54999
5837,3,300,8.54999
5837,3,301,1.54999
5837,3,302,7.54999
5837,3,303,3.54999
5837,3,304,5.54999
5837,3,305,8.54999
5837,3,306,3.54999
5837,3,307,4.54999
5837,3,308,4.54999
5837,3,309,5.54999
5837,3,310,-0.450012
5837,3,311,-2.45001
5837,3,312,1.54999
5837,3,313,5.54999
5837,3,314,4.54999
5837,3,315,3.54999
5837,3,316,10.55
5837,3,317,12.55
5837,3,318,9.54999
5837,3,319,6.54999
5837,3,320,1.54999
5837,3,321,0.549988
5837,3,322,-7.45001
5837,3,323,-4.45001
5837,3,324,-5.45001
5837,3,325,3.54999
5837,3,326,10.55
5837,3,327,9.54999
5837,3,328,8.54999
5837,3,329,10.55
5837,3,330,8.54999
5837,3,331,6.54999
5837,3,332,5.54999
5837,3,333,-1.45001
5837,3,334,-1.45001
5837,3,335,-1.45001
5837,3,336,0.549988
5837,3,337,1.54999
5837,3,338,6.54999
5837,3,339,7.54999
5837,3,340,13.55
5837,3,341,8.54999
5837,3,342,11.55
5837,3,343,12.55
5837,3,344,15.55
5837,3,345,8.54999
5837,3,346,8.54999
5837,3,347,13.55
5837,3,348,10.55
5837,3,349,7.54999
5837,3,350,13.55
5837,3,351,8.54999
5837,3,352,6.54999
5837,3,353,6.54999
5837,3,354,7.54999
5837,3,355,3.54999
5837,3,356,-3.45001
5837,3,357,1.54999
5837,3,358,5.54999
5837,3,359,5.54999
5837,3,360,8.54999
5837,3,361,9.54999
5837,3,362,5.54999
5837,3,363,6.54999
5837,3,364,5.54999
5837,3,365,9.54999
5837,3,366,9.54999
5837,3,367,10.55
5837,3,368,12.55
5837,3,369,15.55
5837,3,370,16.55
5837,3,371,19.55
5837,3,372,20.55
5837,3,373,25.55
5837,3,374,25.55
5837,3,375,24.55
5837,3,376,22.55
5837,3,377,16.55
5837,3,378,12.55
5837,3,379,14.55
5837,3,380,12.55
5837,3,381,12.55
5837,3,382,8.54999
5837,3,383,9.54999
5837,3,384,11.55
5837,3,385,9.54999
5837,3,386,5.54999
5837,3,387,11.55
5837,3,388,10.55
5837,3,389,12.55
5837,3,390,15.55
5837,3,391,13.55
5837,3,392,13.55
5837,3,393,9.54999
5837,3,394,12.55
5837,3,395,12.55
5837,3,396,12.55
5837,3,397,16.55
5837,3,398,10.55
5837,3,399,9.54999
5837,3,400,17.55
5837,3,401,17.55
5837,3,402,18.55
5837,3,403,18.55
5837,3,404,18.55
5837,3,405,16.55
5837,3,406,13.55
5837,3,407,9.54999
5837,3,408,9.54999
5837,3,409,11.55
5837,3,410,13.55
5837,3,411,15.55
5837,3,412,19.55
5837,3,413,21.55
5837,3,414,16.55
5837,3,415,16.55
5837,3,416,14.55
5837,3,417,14.55
5837,3,418,16.55
5837,3,419,13.55
5837,3,420,13.55
5837,3,421,12.55
5837,3,422,14.55
5837,3,423,19.55
5837,3,424,21.55
5837,3,425,20.55
5837,3,426,19.55
5837,3,427,21.55
5837,3,428,21.55
5837,3,429,19.55
5837,3,430,19.55
5837,3,431,18.55
5837,3,432,19.55
5837,3,433,21.55
5837,3,434,21.55
5837,3,435,21.55
5837,3,436,22.55
5837,3,437,23.55
5837,3,438,21.55
5837,3,439,23.55
5837,3,440,22.55
5837,3,441,18.55
5837,3,442,18.55
5837,3,443,19.55
5837,3,444,20.55
5837,3,445,21.55
5837,3,446,21.55
5837,3,447,25.55
5837,3,448,21.55
5837,3,449,22.55
5837,3,450,25.55
5837,3,451,22.55
5837,3,452,18.55
5837,3,453,20.55
5837,3,454,20.55
5837,3,455,20.55
5837,3,456,21.55
5837,3,457,23.55
5837,3,458,25.55
5837,3,459,22.55
5837,3,460,22.55
5837,3,461,20.55
5837,3,462,21.55
5837,3,463,26.55
5837,3,464,28.55
5837,3,465,30.55
5837,3,466,26.55
5837,3,467,27.55
5837,3,468,25.55
5837,3,469,25.55
5837,3,470,27.55
5837,3,471,27.55
5837,3,472,28.55
5837,3,473,30.55
5837,3,474,31.55
5837,3,475,31.55
5837,3,476,26.55
5837,3,477,21.55
5837,3,478,21.55
5837,3,479,27.55
5837,3,480,25.55
5837,3,481,25.55
5837,3,482,24.55
5837,3,483,22.55
5837,3,484,21.55
5837,3,485,22.55
5837,3,486,24.55
5837,3,487,20.55
5837,3,488,22.55
5837,3,489,26.55
5837,3,490,27.55
5837,3,491,31.55
5837,3,492,29.55
5837,3,493,30.55
5837,3,494,31.55
5837,3,495,26.55
5837,3,496,21.55
5837,3,497,20.55
5837,3,498,23.55
5837,3,499,21.55
5837,3,500,21.55
5837,3,501,20.55
5837,3,502,15.55
5837,3,503,18.55
5837,3,504,17.55
5837,3,505,18.55
5837,3,506,19.55
5837,3,507,17.55
5837,3,508,18.55
5837,3,509,16.55
5837,3,510,20.55
5837,3,511,18.55
2908,3,0,-67.05
2908,3,1,10.95
2908,3,2,8.95001
2908,3,3,11.95
2908,3,4,5.95001
2908,3,5,6.95001
2908,3,6,5.95001
2908,3,7,4.95001
2908,3,8,-1.04999
2908,3,9,2.95001
2908,3,10,-3.04999
2908,3,11,-0.0499878
2908,3,12,-0.0499878
2908,3,13,-0.0499878
2908,3,14,-0.0499878
2908,3,15,1.95001
2908,3,16,7.95001
2908,3,17,2.95001
2908,3,18,-1.04999
2908,3,19,0.950012
2908,3,20,-0.0499878
2908,3,21,1.95001
2908,3,22,4.95001
2908,3,23,1.95001
2908,3,24,3.95001
2908,3,25,1.95001
2908,3,26,-0.0499878
2908,3,27,0.950012
2908,3,28,2.95001
2908,3,29,4.95001
2908,3,30,0.950012
2908,3,31,0.950012
2908,3,32,-0.0499878
2908,3,33,-4.04999
2908,3,34,-2.04999
2908,3,35,-3.04999
2908,3,36,-6.04999
2908,3,37,-4.04999
2908,3,38,-0.0499878
2908,3,39,-5.04999
2908,3,40,-4.04999
2908,3,41,-0.0499878
2908,3,42,-5.04999
2908,3,43,-1.04999
2908,3,44,-0.0499878
2908,3,45,-2.04999
2908,3,46,-1.04999
2908,3,47,2.95001
2908,3,48,5.95001
2908,3,49,2.95001
2908,3,50,2.95001
2908,3,51,-0.0499878
2908,3,52,-3.04999
2908,3,53,-4.04999
2908,3,54,-4.04999
2908,3,55,-5.04999
2908,3,56,-3.04999
2908,3,57,3.95001
2908,3,58,3.95001
2908,3,59,-0.0499878
2908,3,60,-4.04999
2908,3,61,-3.04999
2908,3,62,-4.04999
2908,3,63,-0.0499878
2908,3,64,-1.04999
2908,3,65,-1.04999
2908,3,66,-2.04999
2908,3,67,-4.04999
2908,3,68,-4.04999
2908,3,69,-1.04999
2908,3,70,-3.04999
2908,3,71,-2.04999
2908,3,72,-1.04999
2908,3,73,-3.04999
2908,3,74,0.950012
2908,3,75,-2.04999
2908,3,76,-2.04999
2908,3,77,-2.04999
2908,3,78,-2.04999
2908,3,79,-2.04999
2908,3,80,0.950012
2908,3,81,1.95001
2908,3,82,-0.0499878
2908,3,83,-1.04999
2908,3,84,-7.04999
2908,3,85,-4.04999
2908,3,86,-5.04999
2908,3,87,-5.04999
2908,3,88,-6.04999
2908,3,89,-7.04999
2908,3,90,-4.04999
2908,3,91,-5.04999
2908,3,92,-6.04999
2908,3,93,-3.04999
2908,3,94,-7.04999
2908,3,95,-7.04999
2908,3,96,-3.04999
2908,3,97,-1.04999
2908,3,98,-1.04999
2908,3,99,-2.04999
2908,3,100,-0.0499878
2908,3,101,-4.04999
2908,3,102,-2.04999
2908,3,103,-4.04999
2908,3,104,-4.04999
2908,3,105,-2.04999
2908,3,106,0.950012
2908,3,107,2.95001
2908,3,108,1.95001
2908,3,109,-1.04999
2908,3,110,-2.04999
2908,3,111,-3.04999
2908,3,112,-7.04999
2908,3,113,-7.04999
2908,3,114,-6.04999
2908,3,115,-7.04999
2908,3,116,-4.04999
2908,3,117,-1.04999
2908,3,118,-3.04999
2908,3,119,-4.04999
2908,3,120,-1.04999
2908,3,121,-5.04999
2908,3,122,-6.04999
2908,3,123,-4.04999
2908,3,124,-2.04999
2908,3,125,-2.04999
2908,3,126,-0.0499878
2908,3,127,-3.04999
2908,3,128,-4.04999
2908,3,129,-7.04999
2908,3,130,-5.04999
2908,3,131,-4.04999
2908,3,132,-3.04999
2908,3,133,0.950012
2908,3,134,0.950012
2908,3,135,-3.04999
2908,3,136,-0.0499878
2908,3,137,3.95001
2908,3,138,0.950012
2908,3,139,-2.04999
2908,3,140,-3.04999
2908,3,141,-6.04999
2908,3,142,-6.04999
2908,3,143,-4.04999
2908,3,144,-4.04999
2908,3,145,-4.04999
2908,3,146,-2.04999
2908,3,147,-4.04999
2908,3,148,-0.0499878
2908,3,149,-2.04999
2908,3,150,-7.04999
2908,3,151,-11.05
2908,3,152,-8.04999
2908,3,153,-6.04999
2908,3,154,-10.05
2908,3,155,-11.05
2908,3,156,-5.04999
2908,3,157,-4.04999
2908,3,158,-5.04999
2908,3,159,-10.05
2908,3,160,-8.04999
2908,3,161,-6.04999
2908,3,162,-3.04999
2908,3,163,-5.04999
2908,3,164,-7.04999
2908,3,165,-10.05
2908,3,166,-12.05
2908,3,167,-7.04999
2908,3,168,-10.05
2908,3,169,-6.04999
2908,3,170,-4.04999
2908,3,171,0.950012
2908,3,172,2.95001
2908,3,173,3.95001
2908,3,174,3.95001
2908,3,175,2.95001
2908,3,176,7.95001
2908,3,177,6.95001
2908,3,178,7.95001
2908,3,179,8.95001
2908,3,180,1.95001
2908,3,181,-2.04999
2908,3,182,-1.04999
2908,3,183,-4.04999
2908,3,184,0.950012
2908,3,185,4.95001
2908,3,186,-2.04999
2908,3,187,-4.04999
2908,3,188,-7.04999
2908,3,189,-4.04999
2908,3,190,-11.05
2908,3,191,-9.04999
2908,3,192,-9.04999
2908,3,193,-5.04999
2908,3,194,-7.04999
2908,3,195,-4.04999
2908,3,196,-3.04999
2908,3,197,-4.04999
2908,3,198,-5.04999
2908,3,199,4.95001
2908,3,200,2.95001
2908,3,201,2.95001
2908,3,202,2.95001
2908,3,203,-2.04999
2908,3,204,-1.04999
2908,3,205,-1.04999
2908,3,206,-5.04999
2908,3,207,-3.04999
2908,3,208,-3.04999
2908,3,209,-2.04999
2908,3,210,-1.04999
2908,3,211,-6.04999
2908,3,212,-2.04999
2908,3,213,-1.04999
2908,3,214,-0.0499878
2908,3,215,-5.04999
2908,3,216,-2.04999
2908,3,217,-0.0499878
2908,3,218,0.950012
2908,3,219,-4.04999
2908,3,220,-6.04999
2908,3,221,-4.04999
2908,3,222,-3.04999
2908,3,223,-4.04999
2908,3,224,-1.04999
2908,3,225,-1.04999
2908,3,226,-1.04999
2908,3,227,-4.04999
2908,3,228,-1.04999
2908,3,229,-4.04999
2908,3,230,0.950012
2908,3,231,1.95001
2908,3,232,0.950012
2908,3,233,1.95001
2908,3,234,4.95001
2908,3,235,0.950012
2908,3,236,1.95001
2908,3,237,-4.04999
2908,3,238,-6.04999
2908,3,239,-7.04999
2908,3,240,-4.04999
2908,3,241,-4.04999
2908,3,242,-4.04999
2908,3,243,0.950012
2908,3,244,0.950012
2908,3,245,0.950012
2908,3,246,1.95001
2908,3,247,-3.04999
2908,3,248,-6.04999
2908,3,249,-5.04999
2908,3,250,-6.04999
2908,3,251,-6.04999
2908,3,252,-2.04999
2908,3,253,-0.0499878
2908,3,254,0.950012
2908,3,255,1.95001
2908,3,256,0.950012
2908,3,257,1.95001
2908,3,258,-1.04999
2908,3,259,-3.04999
2908,3,260,-2.04999
2908,3,261,-0.0499878
2908,3,262,1.95001
2908,3,263,2.95001
2908,3,264,-0.0499878
2908,3,265,0.950012
2908,3,266,-1.04999
2908,3,267,-6.04999
2908,3,268,-2.04999
2908,3,269,-6.04999
2908,3,270,-3.04999
2908,3,271,-6.04999
2908,3,272,-5.04999
2908,3,273,-0.0499878
2908,3,274,1.95001
2908,3,275,-1.04999
2908,3,276,-2.04999
2908,3,277,1.95001
2908,3,278,1.95001
2908,3,279,1.95001
2908,3,280,0.950012
2908,3,281,-2.04999
2908,3,282,-1.04999
2908,3,283,-0.0499878
2908,3,284,-0.0499878
2908,3,285,-1.04999
2908,3,286,-2.04999
2908,3,287,4.95001
2908,3,288,5.95001
2908,3,289,1.95001
2908,3,290,2.95001
2908,3,291,0.950012
2908,3,292,1.95001
2908,3,293,1.95001
2908,3,294,0.950012
2908,3,295,-1.04999
2908,3,296,1.95001
2908,3,297,3.95001
2908,3,298,5.95001
2908,3,299,0.950012
2908,3,300,-0.0499878
2908,3,301,0.950012
2908,3,302,-1.04999
2908,3,303,0.950012
2908,3,304,-0.0499878
2908,3,305,2.95001
2908,3,306,1.95001
2908,3,307,2.95001
2908,3,308,2.95001
2908,3,309,0.950012
2908,3,310,-1.04999
2908,3,311,-4.04999
2908,3,312,-3.04999
2908,3,313,-4.04999
2908,3,314,-1.04999
2908,3,315,5.95001
2908,3,316,2.95001
2908,3,317,6.95001
2908,3,318,7.95001
2908,3,319,9.95001
2908,3,320,10.95
2908,3,321,8.95001
2908,3,322,9.95001
2908,3,323,7.95001
2908,3,324,6.95001
2908,3,325,6.95001
2908,3,326,5.95001
2908,3,327,5.95001
2908,3,328,6.95001
2908,3,329,1.95001
2908,3,330,-0.0499878
2908,3,331,-0.0499878
2908,3,332,0.950012
2908,3,333,-4.04999
2908,3,334,-0.0499878
2908,3,335,3.95001
2908,3,336,3.95001
2908,3,337,7.95001
2908,3,338,4.95001
2908,3,339,2.95001
2908,3,340,2.95001
2908,3,341,-1.04999
2908,3,342,-0.0499878
2908,3,343,3.95001
2908,3,344,2.95001
2908,3,345,6.95001
2908,3,346,6.95001
2908,3,347,7.95001
2908,3,348,5.95001
2908,3,349,3.95001
2908,3,350,8.95001
2908,3,351,3.95001
2908,3,352,3.95001
2908,3,353,0.950012
2908,3,354,1.95001
2908,3,355,2.95001
2908,3,356,2.95001
2908,3,357,-2.04999
2908,3,358,5.95001
2908,3,359,4.95001
2908,3,360,5.95001
2908,3,361,5.95001
2908,3,362,3.95001
2908,3,363,0.950012
2908,3,364,0.950012
2908,3,365,-0.0499878
2908,3,366,1.95001
2908,3,367,3.95001
2908,3,368,8.95001
2908,3,369,7.95001
2908,3,370,8.95001
2908,3,371,8.95001
2908,3,372,8.95001
2908,3,373,5.95001
2908,3,374,4.95001
2908,3,375,7.95001
2908,3,376,9.95001
2908,3,377,4.95001
2908,3,378,6.95001
2908,3,379,6.95001
2908,3,380,7.95001
2908,3,381,9.95001
2908,3,382,10.95
2908,3,383,13.95
2908,3,384,12.95
2908,3,385,14.95
2908,3,386,5.95001
2908,3,387,1.95001
2908,3,388,0.950012
2908,3,389,1.95001
2908,3,390,4.95001
2908,3,391,7.95001
2908,3,392,6.95001
2908,3,393,10.95
2908,3,394,13.95
2908,3,395,13.95
2908,3,396,8.95001
2908,3,397,8.95001
2908,3,398,5.95001
2908,3,399,6.95001
2908,3,400,8.95001
2908,3,401,9.95001
2908,3,402,8.95001
2908,3,403,11.95
2908,3,404,10.95
2908,3,405,4.95001
2908,3,406,5.95001
2908,3,407,10.95
2908,3,408,7.95001
2908,3,409,12.95
2908,3,410,11.95
2908,3,411,15.95
2908,3,412,10.95
2908,3,413,10.95
2908,3,414,13.95
2908,3,415,13.95
2908,3,416,10.95
2908,3,417,10.95
2908,3,418,11.95
2908,3,419,14.95
2908,3,420,11.95
2908,3,421,8.95001
2908,3,422,14.95
2908,3,423,15.95
2908,3,424,18.95
2908,3,425,16.95
2908,3,426,17.95
2908,3,427,18.95
2908,3,428,18.95
2908,3,429,20.95
2908,3,430,20.95
2908,3,431,17.95
2908,3,432,17.95
2908,3,433,7.95001
2908,3,434,11.95
2908,3,435,8.95001
2908,3,436,8.95001
2908,3,437,8.95001
2908,3,438,16.95
2908,3,439,12.95
2908,3,440,12.95
2908,3,441,11.95
2908,3,442,14.95
2908,3,443,14.95
2908,3,444,14.95
2908,3,445,15.95
2908,3,446,17.95
2908,3,447,17.95
2908,3,448,16.95
2908,3,449,19.95
2908,3,450,19.95
2908,3,451,23.95
2908,3,452,20.95
2908,3,453,19.95
2908,3,454,22.95
2908,3,455,14.95
2908,3,456,16.95
2908,3,457,18.95
2908,3,458,17.95
2908,3,459,19.95
2908,3,460,23.95
2908,3,461,22.95
2908,3,462,22.95
2908,3,463,23.95
2908,3,464,21.95
2908,3,465,19.95
2908,3,466,20.95
2908,3,467,18.95
2908,3,468,17.95
2908,3,469,18.95
2908,3,470,20.95
2908,3,471,24.95
2908,3,472,22.95
2908,3,473,20.95
2908,3,474,17.95
2908,3,475,15.95
2908,3,476,15.95
2908,3,477,15.95
2908,3,478,20.95
2908,3,479,17.95
2908,3,480,22.95
2908,3,481,19.95
2908,3,482,21.95
2908,3,483,21.95
2908,3,484,22.95
2908,3,485,21.95
2908,3,486,26.95
2908,3,487,26.95
2908,3,488,23.95
2908,3,489,21.95
2908,3,490,16.95
2908,3,491,15.95
2908,3,492,14.95
2908,3,493,12.95
2908,3,494,14.95
2908,3,495,17.95
2908,3,496,13.95
2908,3,497,13.95
2908,3,498,17.95
2908,3,499,19.95
2908,3,500,23.95
2908,3,501,25.95
2908,3,502,27.95
2908,3,503,26.95
2908,3,504,25.95
2908,3,505,26.95
2908,3,506,23.95
2908,3,507,21.95
2908,3,508,19.95
2908,3,509,30.95
2908,3,510,29.95
2908,3,511,36.95
566,3,0,-81
566,3,1,0
566,3,2,0
566,3,3,2
566,3,4,4
566,3,5,0
566,3,6,1
566,3,7,4
566,3,8,2
566,3,9,1
566,3,10,3
566,3,11,3
566,3,12,1
566,3,13,7
566,3,14,7
566,3,15,9
566,3,16,11
566,3,17,12
566,3,18,8
566,3,19,6
566,3,20,4
566,3,21,2
566,3,22,0
566,3,23,0
566,3,24,1
566,3,25,2
566,3,26,5
566,3,27,5
566,3,28,-1
566,3,29,1
566,3,30,1
566,3,31,0
566,3,32,0
566,3,33,2
566,3,34,3
566,3,35,4
566,3,36,7
566,3,37,8
566,3,38,6
566,3,39,5
566,3,40,4
566,3,41,1
566,3,42,-4
566,3,43,1
566,3,44,0
566,3,45,0
566,3,46,4
566,3,47,5
566,3,48,10
566,3,49,6
566,3,50,3
566,3,51,7
566,3,52,9
566,3,53,8
566,3,54,5
566,3,55,10
566,3,56,9
566,3,57,10
566,3,58,8
566,3,59,8
566,3,60,3
566,3,61,-3
566,3,62,1
566,3,63,0
566,3,64,0
566,3,65,0
566,3,66,2
566,3,67,1
566,3,68,4
566,3,69,-5
566,3,70,-3
566,3,71,-5
566,3,72,-1
566,3,73,-3
566,3,74,-1
566,3,75,-3
566,3,76,-3
566,3,77,-3
566,3,78,-1
566,3,79,-1
566,3,80,-2
566,3,81,2
566,3,82,0
566,3,83,1
566,3,84,7
566,3,85,6
566,3,86,5
566,3,87,-1
566,3,88,4
566,3,89,3
566,3,90,5
566,3,91,0
566,3,92,1
566,3,93,-1
566,3,94,-1
566,3,95,-2
566,3,96,3
566,3,97,-2
566,3,98,-3
566,3,99,-4
566,3,100,-1
566,3,101,0
566,3,102,5
566,3,103,2
566,3,104,2
566,3,105,2
566,3,106,3
566,3,107,5
566,3,108,1
566,3,109,-1
566,3,110,0
566,3,111,4
566,3,112,1
566,3,113,3
566,3,114,2
566,3,115,2
566,3,116,1
566,3,117,0
566,3,118,0
566,3,119,-1
566,3,120,-4
566,3,121,-1
566,3,122,-2
566,3,123,1
566,3,124,3
566,3,125,2
566,3,126,2
566,3,127,1
566,3,128,2
566,3,129,2
566,3,130,0
566,3,131,0
566,3,132,-2
566,3,133,4
566,3,134,3
566,3,135,2
566,3,136,5
566,3,137,2
566,3,138,0
566,3,139,7
566,3,140,-1
566,3,141,-4
566,3,142,-1
566,3,143,-4
566,3,144,-4
566,3,145,1
566,3,146,-1
566,3,147,-2
566,3,148,1
566,3,149,2
566,3,150,5
566,3,151,4
566,3,152,2
566,3,153,5
566,3,154,5
566,3,155,4
566,3,156,4
566,3,157,5
566,3,158,3
566,3,159,2
566,3,160,4
566,3,161,1
566,3,162,2
566,3,163,4
566,3,164,-2
566,3,165,2
566,3,166,7
566,3,167,8
566,3,168,10
566,3,169,4
566,3,170,2
566,3,171,1
566,3,172,4
566,3,173,-1
566,3,174,2
566,3,175,3
566,3,176,1
566,3,177,1
566,3,178,0
566,3,179,1
566,3,180,6
566,3,181,5
566,3,182,2
566,3,183,5
566,3,184,0
566,3,185,5
566,3,186,5
566,3,187,3
566,3,188,8
566,3,189,4
566,3,190,4
566,3,191,6
566,3,192,4
566,3,193,3
566,3,194,1
566,3,195,2
566,3,196,2
566,3,197,7
566,3,198,6
566,3,199,9
566,3,200,8
566,3,201,7
566,3,202,8
566,3,203,2
566,3,204,5
566,3,205,1
566,3,206,6
566,3,207,3
566,3,208,6
566,3,209,7
566,3,210,10
566,3,211,7
566,3,212,5
566,3,213,0
566,3,214,1
566,3,215,-3
566,3,216,-5
566,3,217,1
566,3,218,1
566,3,219,6
566,3,220,1
566,3,221,5
566,3,222,10
566,3,223,8
566,3,224,5
566,3,225,6
566,3,226,5
566,3,227,7
566,3,228,7
566,3,229,7
566,3,230,2
566,3,231,1
566,3,232,4
566,3,233,2
566,3,234,3
566,3,235,1
566,3,236,3
566,3,237,3
566,3,238,2
566,3,239,4
566,3,240,0
566,3,241,4
566,3,242,4
566,3,243,5
566,3,244,7
566,3,245,5
566,3,246,8
566,3,247,10
566,3,248,13
566,3,249,11
566,3,250,16
566,3,251,16
566,3,252,15
566,3,253,16
566,3,254,13
566,3,255,7
566,3,256,8
566,3,257,3
566,3,258,8
566,3,259,13
566,3,260,16
566,3,261,12
566,3,262,11
566,3,263,13
566,3,264,2
566,3,265,4
566,3,266,0
566,3,267,-2
566,3,268,0
566,3,269,2
566,3,270,6
566,3,271,5
566,3,272,2
566,3,273,4
566,3,274,6
566,3,275,1
566,3,276,0
566,3,277,2
566,3,278,3
566,3,279,6
566,3,280,6
566,3,281,9
566,3,282,6
566,3,283,4
566,3,284,7
566,3,285,6
566,3,286,8
566,3,287,8
566,3,288,6
566,3,289,7
566,3,290,7
566,3,291,7
566,3,292,9
566,3,293,6
566,3,294,7
566,3,295,7
566,3,296,8
566,3,297,8
566,3,298,8
566,3,299,7
566,3,300,8
566,3,301,11
566,3,302,12
566,3,303,8
566,3,304,8
566,3,305,6
566,3,306,11
566,3,307,8
566,3,308,6
566,3,309,10
566,3,310,9
566,3,311,10
566,3,312,7
566,3,313,10
566,3,314,12
566,3,315,8
566,3,316,15
566,3,317,7
566,3,318,7
566,3,319,4
566,3,320,5
566,3,321,9
566,3,322,13
566,3,323,14
566,3,324,14
566,3,325,13
566,3,326,10
566,3,327,10
566,3,328,5
566,3,329,8
566,3,330,8
566,3,331,8
566,3,332,10
566,3,333,12
566,3,334,12
566,3,335,10
566,3,336,13
566,3,337,14
566,3,338,10
566,3,339,10
566,3,340,6
566,3,341,3
566,3,342,8
566,3,343,4
566,3,344,7
566,3,345,1
566,3,346,6
566,3,347,6
566,3,348,8
566,3,349,11
566,3,350,8
566,3,351,10
566,3,352,7
566,3,353,10
566,3,354,10
566,3,355,11
566,3,356,15
566,3,357,20
566,3,358,20
566,3,359,23
566,3,360,20
566,3,361,19
566,3,362,17
566,3,363,18
566,3,364,16
566,3,365,13
566,3,366,17
566,3,367,15
566,3,368,15
566,3,369,13
566,3,370,19
566,3,371,19
566,3,372,18
566,3,373,13
566,3,374,12
566,3,375,11
566,3,376,7
566,3,377,7
566,3,378,11
566,3,379,11
566,3,380,11
566,3,381,12
566,3,382,19
566,3,383,15
566,3,384,15
566,3,385,19
566,3,386,17
566,3,387,16
566,3,388,18
566,3,389,16
566,3,390,16
566,3,391,15
566,3,392,16
566,3,393,17
566,3,394,15
566,3,395,21
566,3,396,13
566,3,397,12
566,3,398,16
566,3,399,15
566,3,400,21
566,3,401,17
566,3,402,19
566,3,403,17
566,3,404,18
566,3,405,17
566,3,406,18
566,3,407,22
566,3,408,19
566,3,409,19
566,3,410,20
566,3,411,24
566,3,412,19
566,3,413,23
566,3,414,19
566,3,415,19
566,3,416,19
566,3,417,24
566,3,418,24
566,3,419,21
566,3,420,23
566,3,421,25
566,3,422,26
566,3,423,26
566,3,424,23
566,3,425,20
566,3,426,21
566,3,427,19
566,3,428,24
566,3,429,23
566,3,430,24
566,3,431,22
566,3,432,22
566,3,433,16
566,3,434,19
566,3,435,21
566,3,436,20
566,3,437,23
566,3,438,20
566,3,439,21
566,3,440,21
566,3,441,16
566,3,442,23
566,3,443,21
566,3,444,25
566,3,445,29
566,3,446,30
566,3,447,32
566,3,448,27
566,3,449,25
566,3,450,24
566,3,451,18
566,3,452,20
566,3,453,24
566,3,454,23
566,3,455,23
566,3,456,23
566,3,457,23
566,3,458,23
566,3,459,26
566,3,460,27
566,3,461,23
566,3,462,22
566,3,463,23
566,3,464,25
566,3,465,24
566,3,466,23
566,3,467,26
566,3,468,24
566,3,469,19
566,3,470,21
566,3,471,18
566,3,472,19
566,3,473,20
566,3,474,21
566,3,475,23
566,3,476,25
566,3,477,24
566,3,478,22
566,3,479,22
566,3,480,22
566,3,481,23
566,3,482,21
566,3,483,24
566,3,484,23
566,3,485,25
566,3,486,23
566,3,487,16
566,3,488,24
566,3,489,24
566,3,490,22
566,3,491,25
566,3,492,25
566,3,493,25
566,3,494,25
566,3,495,22
566,3,496,24
566,3,497,22
566,3,498,20
566,3,499,25
566,3,500,21
566,3,501,22
566,3,502,24
566,3,503,20
566,3,504,19
566,3,505,21
566,3,506,18
566,3,507,18
566,3,508,19
566,3,509,21
566,3,510,25
566,3,511,22
7777,3,0,-80.4
7777,3,1,-0.399994
7777,3,2,5.60001
7777,3,3,3.60001
7777,3,4,3.60001
7777,3,5,-1.39999
7777,3,6,3.60001
7777,3,7,0.600006
7777,3,8,5.60001
7777,3,9,4.60001
7777,3,10,7.60001
7777,3,11,8.60001
7777,3,12,10.6
7777,3,13,7.60001
7777,3,14,4.60001
7777,3,15,4.60001
7777,3,16,3.60001
7777,3,17,-0.399994
7777,3,18,1.60001
7777,3,19,6.60001
7777,3,20,4.60001
7777,3,21,2.60001
7777,3,22,0.600006
7777,3,23,2.60001
7777,3,24,-2.39999
7777,3,25,1.60001
7777,3,26,1.60001
7777,3,27,-2.39999
7777,3,28,-3.39999
7777,3,29,3.60001
7777,3,30,-3.39999
7777,3,31,-0.399994
7777,3,32,4.60001
7777,3,33,3.60001
7777,3,34,2.60001
7777,3,35,5.60001
7777,3,36,6.60001
7777,3,37,-0.399994
7777,3,38,-0.399994
7777,3,39,2.60001
7777,3,40,-1.39999
7777,3,41,-4.39999
7777,3,42,0.600006
7777,3,43,-0.399994
7777,3,44,-3.39999
7777,3,45,-0.399994
7777,3,46,1.60001
7777,3,47,5.60001
7777,3,48,8.60001
7777,3,49,6.60001
7777,3,50,-0.399994
7777,3,51,-2.39999
7777,3,52,-1.39999
7777,3,53,5.60001
7777,3,54,8.60001
7777,3,55,2.60001
7777,3,56,1.60001
7777,3,57,4.60001
7777,3,58,2.60001
7777,3,59,4.60001
7777,3,60,1.60001
7777,3,61,2.60001
7777,3,62,4.60001
7777,3,63,1.60001
7777,3,64,-1.39999
7777,3,65,-2.39999
7777,3,66,-3.39999
7777,3,67,-3.39999
7777,3,68,-2.39999
7777,3,69,-0.399994
7777,3,70,1.60001
7777,3,71,2.60001
7777,3,72,-1.39999
7777,3,73,1.60001
7777,3,74,0.600006
7777,3,75,2.60001
7777,3,76,3.60001
7777,3,77,3.60001
7777,3,78,3.60001
7777,3,79,4.60001
7777,3,80,0.600006
7777,3,81,1.60001
7777,3,82,-1.39999
7777,3,83,-3.39999
7777,3,84,-3.39999
7777,3,85,-3.39999
7777,3,86,-5.39999
7777,3,87,-4.39999
7777,3,88,-4.39999
7777,3,89,-2.39999
7777,3,90,1.60001
7777,3,91,0.600006
7777,3,92,1.60001
7777,3,93,-2.39999
7777,3,94,-4.39999
7777,3,95,-0.399994
7777,3,96,-1.39999
7777,3,97,1.60001
7777,3,98,-1.39999
7777,3,99,-2.39999
7777,3,100,-2.39999
7777,3,101,-6.39999
7777,3,102,-2.39999
7777,3,103,-0.399994
7777,3,104,-1.39999
7777,3,105,1.60001
7777,3,106,-0.399994
7777,3,107,-1.39999
7777,3,108,-3.39999
7777,3,109,-2.39999
7777,3,110,-1.39999
7777,3,111,1.60001
7777,3,112,1.60001
7777,3,113,0.600006
7777,3,114,1.60001
7777,3,115,-1.39999
7777,3,116,-1.39999
7777,3,117,-1.39999
7777,3,118,-2.39999
7777,3,119,-2.39999
7777,3,120,-0.399994
7777,3,121,-0.399994
7777,3,122,1.60001
7777,3,123,4.60001
7777,3,124,1.60001
7777,3,125,4.60001
7777,3,126,3.60001
7777,3,127,5.60001
7777,3,128,4.60001
7777,3,129,1.60001
7777,3,130,8.60001
7777,3,131,7.60001
7777,3,132,8.60001
7777,3,133,8.60001
7777,3,134,8.60001
7777,3,135,6.60001
7777,3,136,5.60001
7777,3,137,1.60001
7777,3,138,-3.39999
7777,3,139,-0.399994
7777,3,140,-0.399994
7777,3,141,-0.399994
7777,3,142,-1.39999
7777,3,143,-4.39999
7777,3,144,-4.39999
7777,3,145,-1.39999
7777,3,146,-0.399994
7777,3,147,-1.39999
7777,3,148,0.600006
7777,3,149,-2.39999
7777,3,150,2.60001
7777,3,151,-1.39999
7777,3,152,-0.399994
7777,3,153,-0.399994
7777,3,154,-0.399994
7777,3,155,-1.39999
7777,3,156,-1.39999
7777,3,157,1.60001
7777,3,158,1.60001
7777,3,159,-0.399994
7777,3,160,0.600006
7777,3,161,-3.39999
7777,3,162,2.60001
7777,3,163,-0.399994
7777,3,164,-3.39999
7777,3,165,-7.39999
7777,3,166,-6.39999
7777,3,167,-3.39999
7777,3,168,-2.39999
7777,3,169,0.600006
7777,3,170,6.60001
7777,3,171,8.60001
7777,3,172,2.60001
7777,3,173,2.60001
7777,3,174,-2.39999
7777,3,175,-4.39999
7777,3,176,-1.39999
7777,3,177,-3.39999
7777,3,178,5.60001
7777,3,179,5.60001
7777,3,180,1.60001
7777,3,181,2.60001
7777,3,182,3.60001
7777,3,183,6.60001
7777,3,184,-0.399994
7777,3,185,-3.39999
7777,3,186,-2.39999
7777,3,187,-3.39999
7777,3,188,-6.39999
7777,3,189,-4.39999
7777,3,190,-1.39999
7777,3,191,0.600006
7777,3,192,0.600006
7777,3,193,1.60001
7777,3,194,3.60001
7777,3,195,5.60001
7777,3,196,0.600006
7777,3,197,3.60001
7777,3,198,2.60001
7777,3,199,2.60001
7777,3,200,1.60001
7777,3,201,3.60001
7777,3,202,4.60001
7777,3,203,6.60001
7777,3,204,4.60001
7777,3,205,4.60001
7777,3,206,2.60001
7777,3,207,3.60001
7777,3,208,8.60001
7777,3,209,5.60001
7777,3,210,1.60001
7777,3,211,-2.39999
7777,3,212,-3.39999
7777,3,213,-2.39999
7777,3,214,-2.39999
7777,3,215,1.60001
7777,3,216,3.60001
7777,3,217,6.60001
7777,3,218,-0.399994
7777,3,219,4.60001
7777,3,220,3.60001
7777,3,221,-1.39999
7777,3,222,0.600006
7777,3,223,3.60001
7777,3,224,4.60001
7777,3,225,5.60001
7777,3,226,1.60001
7777,3,227,-0.399994
7777,3,228,-0.399994
7777,3,229,-1.39999
7777,3,230,2.60001
7777,3,231,0.600006
7777,3,232,4.60001
7777,3,233,4.60001
7777,3,234,3.60001
7777,3,235,1.60001
7777,3,236,-0.399994
7777,3,237,-0.399994
7777,3,238,1.60001
7777,3,239,7.60001
7777,3,240,11.6
7777,3,241,5.60001
7777,3,242,6.60001
7777,3,243,5.60001
7777,3,244,3.60001
7777,3,245,7.60001
7777,3,246,2.60001
7777,3,247,0.600006
7777,3,248,-1.39999
7777,3,249,1.60001
7777,3,250,2.60001
7777,3,251,-1.39999
7777,3,252,5.60001
7777,3,253,4.60001
7777,3,254,8.60001
7777,3,255,8.60001
7777,3,256,5.60001
7777,3,257,2.60001
7777,3,258,4.60001
7777,3,259,4.60001
7777,3,260,2.60001
7777,3,261,2.60001
7777,3,262,3.60001
7777,3,263,5.60001
7777,3,264,9.60001
7777,3,265,6.60001
7777,3,266,7.60001
7777,3,267,2.60001
7777,3,268,5.60001
7777,3,269,7.60001
7777,3,270,7.60001
7777,3,271,4.60001
7777,3,272,6.60001
7777,3,273,6.60001
7777,3,274,5.60001
7777,3,275,-0.399994
7777,3,276,-2.39999
7777,3,277,-8.39999
7777,3,278,-7.39999
7777,3,279,-7.39999
7777,3,280,-4.39999
7777,3,281,5.60001
7777,3,282,4.60001
7777,3,283,9.60001
7777,3,284,5.60001
7777,3,285,8.60001
7777,3,286,9.60001
7777,3,287,9.60001
7777,3,288,4.60001
7777,3,289,4.60001
7777,3,290,3.60001
7777,3,291,2.60001
7777,3,292,4.60001
7777,3,293,4.60001
7777,3,294,2.60001
7777,3,295,6.60001
7777,3,296,0.600006
7777,3,297,3.60001
7777,3,298,5.60001
7777,3,299,7.60001
7777,3,300,9.60001
7777,3,301,9.60001
7777,3,302,15.6
7777,3,303,14.6
7777,3,304,13.6
7777,3,305,10.6
7777,3,306,13.6
7777,3,307,14.6
7777,3,308,15.6
7777,3,309,10.6
7777,3,310,11.6
7777,3,311,11.6
7777,3,312,9.60001
7777,3,313,8.60001
7777,3,314,6.60001
7777,3,315,4.60001
7777,3,316,4.60001
7777,3,317,4.60001
7777,3,318,6.60001
7777,3,319,4.60001
7777,3,320,7.60001
7777,3,321,2.60001
7777,3,322,6.60001
7777,3,323,6.60001
7777,3,324,13.6
7777,3,325,15.6
7777,3,326,16.6
7777,3,327,12.6
7777,3,328,10.6
7777,3,329,8.60001
7777,3,330,9.60001
7777,3,331,5.60001
7777,3,332,8.60001
7777,3,333,0.600006
7777,3,334,3.60001
7777,3,335,9.60001
7777,3,336,13.6
7777,3,337,11.6
7777,3,338,14.6
7777,3,339,9.60001
7777,3,340,7.60001
7777,3,341,6.60001
7777,3,342,11.6
7777,3,343,2.60001
7777,3,344,4.60001
7777,3,345,9.60001
7777,3,346,9.60001
7777,3,347,6.60001
7777,3,348,5.60001
7777,3,349,11.6
7777,3,350,11.6
7777,3,351,13.6
7777,3,352,12.6
7777,3,353,9.60001
7777,3,354,6.60001
7777,3,355,6.60001
7777,3,356,12.6
7777,3,357,17.6
7777,3,358,14.6
7777,3,359,12.6
7777,3,360,11.6
7777,3,361,8.60001
7777,3,362,14.6
7777,3,363,14.6
7777,3,364,15.6
7777,3,365,12.6
7777,3,366,15.6
7777,3,367,14.6
7777,3,368,12.6
7777,3,369,9.60001
7777,3,370,9.60001
7777,3,371,9.60001
7777,3,372,12.6
7777,3,373,14.6
7777,3,374,13.6
7777,3,375,13.6
7777,3,376,15.6
7777,3,377,14.6
7777,3,378,17.6
7777,3,379,15.6
7777,3,380,15.6
7777,3,381,13.6
7777,3,382,15.6
7777,3,383,13.6
7777,3,384,16.6
7777,3,385,15.6
7777,3,386,18.6
7777,3,387,17.6
7777,3,388,17.6
7777,3,389,15.6
7777,3,390,15.6
7777,3,391,19.6
7777,3,392,23.6
7777,3,393,22.6
7777,3,394,26.6
7777,3,395,23.6
7777,3,396,16.6
7777,3,397,16.6
7777,3,398,20.6
7777,3,399,19.6
7777,3,400,17.6
7777,3,401,19.6
7777,3,402,21.6
7777,3,403,21.6
7777,3,404,18.6
7777,3,405,20.6
7777,3,406,18.6
7777,3,407,23.6
7777,3,408,19.6
7777,3,409,17.6
7777,3,410,20.6
7777,3,411,15.6
7777,3,412,19.6
7777,3,413,16.6
7777,3,414,23.6
7777,3,415,25.6
7777,3,416,24.6
7777,3,417,17.6
7777,3,418,18.6
7777,3,419,20.6
7777,3,420,21.6
7777,3,421,25.6
7777,3,422,27.6
7777,3,423,21.6
7777,3,424,21.6
7777,3,425,23.6
7777,3,426,26.6
7777,3,427,29.6
7777,3,428,28.6
7777,3,429,22.6
7777,3,430,24.6
7777,3,431,26.6
7777,3,432,27.6
7777,3,433,26.6
7777,3,434,23.6
7777,3,435,26.6
7777,3,436,24.6
7777,3,437,30.6
7777,3,438,28.6
7777,3,439,25.6
7777,3,440,22.6
7777,3,441,26.6
7777,3,442,25.6
7777,3,443,26.6
7777,3,444,25.6
7777,3,445,24.6
7777,3,446,30.6
7777,3,447,30.6
7777,3,448,32.6
7777,3,449,30.6
7777,3,450,27.6
7777,3,451,30.6
7777,3,452,27.6
7777,3,453,27.6
7777,3,454,23.6
7777,3,455,23.6
7777,3,456,25.6
7777,3,457,26.6
7777,3,458,25.6
7777,3,459,26.6
7777,3,460,30.6
7777,3,461,26.6
7777,3,462,24.6
7777,3,463,23.6
7777,3,464,21.6
7777,3,465,23.6
7777,3,466,23.6
7777,3,467,24.6
7777,3,468,28.6
7777,3,469,26.6
7777,3,470,24.6
7777,3,471,23.6
7777,3,472,21.6
7777,3,473,21.6
7777,3,474,20.6
7777,3,475,20.6
7777,3,476,20.6
7777,3,477,21.6
7777,3,478,22.6
7777,3,479,24.6
7777,3,480,27.6
7777,3,481,26.6
7777,3,482,25.6
7777,3,483,28.6
7777,3,484,24.6
7777,3,485,23.6
7777,3,486,25.6
7777,3,487,25.6
7777,3,488,21.6
7777,3,489,21.6
7777,3,490,23.6
7777,3,491,27.6
7777,3,492,27.6
7777,3,493,28.6
7777,3,494,29.6
7777,3,495,25.6
7777,3,496,31.6
7777,3,497,32.6
7777,3,498,27.6
7777,3,499,28.6
7777,3,500,29.6
7777,3,501,25.6
7777,3,502,22.6
7777,3,503,26.6
7777,3,504,20.6
7777,3,505,17.6
7777,3,506,12.6
7777,3,507,8.60001
7777,3,508,15.6
7777,3,509,21.6
7777,3,510,17.6
7777,3,511,27.6
7494,4,0,-75.7
7494,4,1,-1.70001
7494,4,2,-2.70001
7494,4,3,0.299988
7494,4,4,3.29999
7494,4,5,2.29999
7494,4,6,6.29999
7494,4,7,6.29999
7494,4,8,8.29999
7494,4,9,4.29999
7494,4,10,6.29999
7494,4,11,4.29999
7494,4,12,0.299988
7494,4,13,2.29999
7494,4,14,3.29999
7494,4,15,5.29999
7494,4,16,10.3
7494,4,17,7.29999
7494,4,18,5.29999
7494,4,19,4.29999
7494,4,20,10.3
7494,4,21,2.29999
7494,4,22,5.29999
7494,4,23,4.29999
7494,4,24,5.29999
7494,4,25,8.29999
7494,4,26,7.29999
7494,4,27,7.29999
7494,4,28,10.3
7494,4,29,11.3
7494,4,30,11.3
7494,4,31,8.29999
7494,4,32,10.3
7494,4,33,4.29999
7494,4,34,4.29999
7494,4,35,5.29999
7494,4,36,6.29999
7494,4,37,5.29999
7494,4,38,5.29999
7494,4,39,9.29999
7494,4,40,6.29999
7494,4,41,2.29999
7494,4,42,8.29999
7494,4,43,12.3
7494,4,44,13.3
7494,4,45,12.3
7494,4,46,8.29999
7494,4,47,9.29999
7494,4,48,6.29999
7494,4,49,0.299988
7494,4,50,3.29999
7494,4,51,0.299988
7494,4,52,1.29999
7494,4,53,11.3
7494,4,54,12.3
7494,4,55,15.3
7494,4,56,21.3
7494,4,57,18.3
7494,4,58,20.3
7494,4,59,21.3
7494,4,60,23.3
7494,4,61,18.3
7494,4,62,15.3
7494,4,63,12.3
7494,4,64,7.29999
7494,4,65,13.3
7494,4,66,12.3
7494,4,67,14.3
7494,4,68,10.3
7494,4,69,10.3
7494,4,70,7.29999
7494,4,71,10.3
7494,4,72,10.3
7494,4,73,14.3
7494,4,74,9.29999
7494,4,75,6.29999
7494,4,76,7.29999
7494,4,77,8.29999
7494,4,78,12.3
7494,4,79,12.3
7494,4,80,12.3
7494,4,81,16.3
7494,4,82,15.3
7494,4,83,13.3
7494,4,84,15.3
7494,4,85,11.3
7494,4,86,12.3
7494,4,87,9.29999
7494,4,88,10.3
7494,4,89,13.3
7494,4,90,12.3
7494,4,91,10.3
7494,4,92,8.29999
7494,4,93,11.3
7494,4,94,18.3
7494,4,95,18.3
7494,4,96,13.3
7494,4,97,16.3
7494,4,98,14.3
7494,4,99,14.3
7494,4,100,16.3
7494,4,101,15.3
7494,4,102,20.3
7494,4,103,19.3
7494,4,104,20.3
7494,4,105,14.3
7494,4,106,15.3
7494,4,107,13.3
7494,4,108,12.3
7494,4,109,15.3
7494,4,110,15.3
7494,4,111,17.3
7494,4,112,18.3
7494,4,113,13.3
7494,4,114,16.3
7494,4,115,14.3
7494,4,116,15.3
7494,4,117,20.3
7494,4,118,20.3
7494,4,119,17.3
7494,4,120,15.3
7494,4,121,17.3
7494,4,122,21.3
7494,4,123,22.3
7494,4,124,24.3
7494,4,125,23.3
7494,4,126,19.3
7494,4,127,18.3
7494,4,128,19.3
7494,4,129,14.3
7494,4,130,14.3
7494,4,131,17.3
7494,4,132,19.3
7494,4,133,22.3
7494,4,134,23.3
7494,4,135,24.3
7494,4,136,22.3
7494,4,137,22.3
7494,4,138,24.3
7494,4,139,14.3
7494,4,140,13.3
7494,4,141,13.3
7494,4,142,11.3
7494,4,143,13.3
7494,4,144,12.3
7494,4,145,15.3
7494,4,146,15.3
7494,4,147,17.3
7494,4,148,19.3
7494,4,149,20.3
7494,4,150,20.3
7494,4,151,22.3
7494,4,152,18.3
7494,4,153,16.3
7494,4,154,14.3
7494,4,155,13.3
7494,4,156,19.3
7494,4,157,15.3
7494,4,158,16.3
7494,4,159,17.3
7494,4,160,18.3
7494,4,161,19.3
7494,4,162,15.3
7494,4,163,13.3
7494,4,164,14.3
7494,4,165,18.3
7494,4,166,21.3
7494,4,167,19.3
7494,4,168,17.3
7494,4,169,15.3
7494,4,170,16.3
7494,4,171,14.3
7494,4,172,12.3
7494,4,173,18.3
7494,4,174,13.3
7494,4,175,11.3
7494,4,176,9.29999
7494,4,177,10.3
7494,4,178,10.3
7494,4,179,7.29999
7494,4,180,8.29999
7494,4,181,7.29999
7494,4,182,11.3
7494,4,183,14.3
7494,4,184,11.3
7494,4,185,12.3
7494,4,186,10.3
7494,4,187,13.3
7494,4,188,11.3
7494,4,189,11.3
7494,4,190,13.3
7494,4,191,15.3
7494,4,192,13.3
7494,4,193,18.3
7494,4,194,17.3
7494,4,195,16.3
7494,4,196,15.3
7494,4,197,18.3
7494,4,198,15.3
7494,4,199,12.3
7494,4,200,15.3
7494,4,201,13.3
7494,4,202,14.3
7494,4,203,13.3
7494,4,204,10.3
7494,4,205,12.3
7494,4,206,9.29999
7494,4,207,9.29999
7494,4,208,7.29999
7494,4,209,9.29999
7494,4,210,14.3
7494,4,211,12.3
7494,4,212,9.29999
7494,4,213,4.29999
7494,4,214,9.29999
7494,4,215,9.29999
7494,4,216,10.3
7494,4,217,10.3
7494,4,218,16.3
7494,4,219,20.3
7494,4,220,18.3
7494,4,221,22.3
7494,4,222,20.3
7494,4,223,12.3
7494,4,224,20.3
7494,4,225,21.3
7494,4,226,19.3
7494,4,227,15.3
7494,4,228,14.3
7494,4,229,11.3
7494,4,230,9.29999
7494,4,231,10.3
7494,4,232,12.3
7494,4,233,11.3
7494,4,234,13.3
7494,4,235,8.29999
7494,4,236,8.29999
7494,4,237,13.3
7494,4,238,18.3
7494,4,239,11.3
7494,4,240,14.3
7494,4,241,9.29999
7494,4,242,8.29999
7494,4,243,9.29999
7494,4,244,3.29999
7494,4,245,5.29999
7494,4,246,7.29999
7494,4,247,2.29999
7494,4,248,8.29999
7494,4,249,8.29999
7494,4,250,10.3
7494,4,251,9.29999
7494,4,252,12.3
7494,4,253,6.29999
7494,4,254,8.29999
7494,4,255,9.29999
7494,4,256,11.3
7494,4,257,5.29999
7494,4,258,7.29999
7494,4,259,7.29999
7494,4,260,9.29999
7494,4,261,10.3
7494,4,262,11.3
7494,4,263,7.29999
7494,4,264,5.29999
7494,4,265,10.3
7494,4,266,6.29999
7494,4,267,7.29999
7494,4,268,11.3
7494,4,269,9.29999
7494,4,270,13.3
7494,4,271,10.3
7494,4,272,13.3
7494,4,273,13.3
7494,4,274,13.3
7494,4,275,12.3
7494,4,276,6.29999
7494,4,277,9.29999
7494,4,278,6.29999
7494,4,279,2.29999
7494,4,280,2.29999
7494,4,281,7.29999
7494,4,282,5.29999
7494,4,283,8.29999
7494,4,284,8.29999
7494,4,285,7.29999
7494,4,286,6.29999
7494,4,287,1.29999
7494,4,288,10.3
7494,4,289,11.3
7494,4,290,13.3
7494,4,291,11.3
7494,4,292,11.3
7494,4,293,13.3
7494,4,294,17.3
7494,4,295,16.3
7494,4,296,8.29999
7494,4,297,6.29999
7494,4,298,4.29999
7494,4,299,7.29999
7494,4,300,3.29999
7494,4,301,6.29999
7494,4,302,8.29999
7494,4,303,8.29999
7494,4,304,6.29999
7494,4,305,13.3
7494,4,306,12.3
7494,4,307,10.3
7494,4,308,11.3
7494,4,309,9.29999
7494,4,310,16.3
7494,4,311,13.3
7494,4,312,4.29999
7494,4,313,9.29999
7494,4,314,8.29999
7494,4,315,3.29999
7494,4,316,0.299988
7494,4,317,4.29999
7494,4,318,6.29999
7494,4,319,7.29999
7494,4,320,8.29999
7494,4,321,9.29999
7494,4,322,12.3
7494,4,323,11.3
7494,4,324,15.3
7494,4,325,15.3
7494,4,326,14.3
7494,4,327,19.3
7494,4,328,12.3
7494,4,329,11.3
7494,4,330,13.3
7494,4,331,13.3
7494,4,332,10.3
7494,4,333,13.3
7494,4,334,13.3
7494,4,335,13.3
7494,4,336,11.3
7494,4,337,14.3
7494,4,338,10.3
7494,4,339,14.3
7494,4,340,10.3
7494,4,341,14.3
7494,4,342,13.3
7494,4,343,9.29999
7494,4,344,8.29999
7494,4,345,11.3
7494,4,346,7.29999
7494,4,347,5.29999
7494,4,348,7.29999
7494,4,349,8.29999
7494,4,350,14.3
7494,4,351,17.3
7494,4,352,11.3
7494,4,353,9.29999
7494,4,354,9.29999
7494,4,355,10.3
7494,4,356,10.3
7494,4,357,15.3
7494,4,358,16.3
7494,4,359,17.3
7494,4,360,14.3
7494,4,361,20.3
7494,4,362,17.3
7494,4,363,13.3
7494,4,364,14.3
7494,4,365,16.3
7494,4,366,14.3
7494,4,367,6.29999
7494,4,368,9.29999
7494,4,369,11.3
7494,4,370,11.3
7494,4,371,11.3
7494,4,372,13.3
7494,4,373,16.3
7494,4,374,17.3
7494,4,375,21.3
7494,4,376,20.3
7494,4,377,20.3
7494,4,378,15.3
7494,4,379,18.3
7494,4,380,18.3
7494,4,381,21.3
7494,4,382,20.3
7494,4,383,18.3
7494,4,384,21.3
7494,4,385,13.3
7494,4,386,14.3
7494,4,387,16.3
7494,4,388,16.3
7494,4,389,12.3
7494,4,390,13.3
7494,4,391,15.3
7494,4,392,10.3
7494,4,393,9.29999
7494,4,394,8.29999
7494,4,395,8.29999
7494,4,396,9.29999
7494,4,397,11.3
7494,4,398,12.3
7494,4,399,15.3
7494,4,400,12.3
7494,4,401,12.3
7494,4,402,12.3
7494,4,403,14.3
7494,4,404,15.3
7494,4,405,17.3
7494,4,406,18.3
7494,4,407,10.3
7494,4,408,15.3
7494,4,409,8.29999
7494,4,410,10.3
7494,4,411,9.29999
7494,4,412,10.3
7494,4,413,12.3
7494,4,414,8.29999
7494,4,415,11.3
7494,4,416,13.3
7494,4,417,15.3
7494,4,418,12.3
7494,4,419,13.3
7494,4,420,13.3
7494,4,421,15.3
7494,4,422,16.3
7494,4,423,17.3
7494,4,424,15.3
7494,4,425,15.3
7494,4,426,9.29999
7494,4,427,14.3
7494,4,428,13.3
7494,4,429,14.3
7494,4,430,17.3
7494,4,431,14.3
7494,4,432,13.3
7494,4,433,14.3
7494,4,434,14.3
7494,4,435,14.3
7494,4,436,14.3
7494,4,437,12.3
7494,4,438,12.3
7494,4,439,12.3
7494,4,440,14.3
7494,4,441,13.3
7494,4,442,11.3
7494,4,443,15.3
7494,4,444,20.3
7494,4,445,20.3
7494,4,446,18.3
7494,4,447,18.3
7494,4,448,22.3
7494,4,449,17.3
7494,4,450,15.3
7494,4,451,15.3
7494,4,452,14.3
7494,4,453,14.3
7494,4,454,14.3
7494,4,455,13.3
7494,4,456,13.3
7494,4,457,12.3
7494,4,458,14.3
7494,4,459,14.3
7494,4,460,14.3
7494,4,461,21.3
7494,4,462,18.3
7494,4,463,17.3
7494,4,464,15.3
7494,4,465,14.3
7494,4,466,13.3
7494,4,467,12.3
7494,4,468,13.3
7494,4,469,15.3
7494,4,470,14.3
7494,4,471,13.3
7494,4,472,10.3
7494,4,473,12.3
7494,4,474,16.3
7494,4,475,13.3
7494,4,476,15.3
7494,4,477,16.3
7494,4,478,18.3
7494,4,479,17.3
7494,4,480,17.3
7494,4,481,12.3
7494,4,482,14.3
7494,4,483,12.3
7494,4,484,10.3
7494,4,485,9.29999
7494,4,486,18.3
7494,4,487,16.3
7494,4,488,15.3
7494,4,489,16.3
7494,4,490,14.3
7494,4,491,14.3
7494,4,492,19.3
7494,4,493,22.3
7494,4,494,23.3
7494,4,495,22.3
7494,4,496,19.3
7494,4,497,17.3
7494,4,498,14.3
7494,4,499,18.3
7494,4,500,18.3
7494,4,501,18.3
7494,4,502,24.3
7494,4,503,19.3
7494,4,504,16.3
7494,4,505,17.3
7494,4,506,16.3
7494,4,507,16.3
7494,4,508,19.3
7494,4,509,23.3
7494,4,510,25.3
7494,4,511,25.3
7970,4,0,-73.1
7970,4,1,1.89999
7970,4,2,2.89999
7970,4,3,5.89999
7970,4,4,2.89999
7970,4,5,2.89999
7970,4,6,-3.10001
7970,4,7,-6.10001
7970,4,8,-8.10001
7970,4,9,-1.10001
7970,4,10,-3.10001
7970,4,11,5.89999
7970,4,12,5.89999
7970,4,13,6.89999
7970,4,14,9.89999
7970,4,15,10.9
7970,4,16,10.9
7970,4,17,11.9
7970,4,18,6.89999
7970,4,19,8.89999
7970,4,20,9.89999
7970,4,21,4.89999
7970,4,22,5.89999
7970,4,23,2.89999
7970,4,24,4.89999
7970,4,25,-0.100006
7970,4,26,3.89999
7970,4,27,6.89999
7970,4,28,3.89999
7970,4,29,6.89999
7970,4,30,7.89999
7970,4,31,2.89999
7970,4,32,5.89999
7970,4,33,4.89999
7970,4,34,3.89999
7970,4,35,3.89999
7970,4,36,2.89999
7970,4,37,2.89999
7970,4,38,2.89999
7970,4,39,1.89999
7970,4,40,3.89999
7970,4,41,4.89999
7970,4,42,3.89999
7970,4,43,-0.100006
7970,4,44,-4.10001
7970,4,45,-4.10001
7970,4,46,-3.10001
7970,4,47,0.899994
7970,4,48,1.89999
7970,4,49,5.89999
7970,4,50,6.89999
7970,4,51,6.89999
7970,4,52,6.89999
7970,4,53,4.89999
7970,4,54,6.89999
7970,4,55,1.89999
7970,4,56,5.89999
7970,4,57,4.89999
7970,4,58,-0.100006
7970,4,59,-1.10001
7970,4,60,-1.10001
7970,4,61,-1.10001
7970,4,62,2.89999
7970,4,63,6.89999
7970,4,64,8.89999
7970,4,65,2.89999
7970,4,66,5.89999
7970,4,67,1.89999
7970,4,68,7.89999
7970,4,69,6.89999
7970,4,70,7.89999
7970,4,71,6.89999
7970,4,72,4.89999
7970,4,73,5.89999
7970,4,74,2.89999
7970,4,75,3.89999
7970,4,76,1.89999
7970,4,77,1.89999
7970,4,78,3.89999
7970,4,79,3.89999
7970,4,80,6.89999
7970,4,81,2.89999
7970,4,82,10.9
7970,4,83,9.89999
7970,4,84,5.89999
7970,4,85,3.89999
7970,4,86,1.89999
7970,4,87,-3.10001
7970,4,88,-5.10001
7970,4,89,-1.10001
7970,4,90,0.899994
7970,4,91,1.89999
7970,4,92,5.89999
7970,4,93,4.89999
7970,4,94,5.89999
7970,4,95,3.89999
7970,4,96,6.89999
7970,4,97,4.89999
7970,4,98,7.89999
7970,4,99,4.89999
7970,4,100,9.89999
7970,4,101,7.89999
7970,4,102,3.89999
7970,4,103,2.89999
7970,4,104,4.89999
7970,4,105,6.89999
7970,4,106,8.89999
7970,4,107,10.9
7970,4,108,6.89999
7970,4,109,8.89999
7970,4,110,8.89999
7970,4,111,5.89999
7970,4,112,8.89999
7970,4,113,9.89999
7970,4,114,8.89999
7970,4,115,5.89999
7970,4,116,3.89999
7970,4,117,1.89999
7970,4,118,1.89999
7970,4,119,0.899994
7970,4,120,3.89999
7970,4,121,5.89999
7970,4,122,7.89999
7970,4,123,5.89999
7970,4,124,5.89999
7970,4,125,6.89999
7970,4,126,7.89999
7970,4,127,6.89999
7970,4,128,3.89999
7970,4,129,2.89999
7970,4,130,5.89999
7970,4,131,3.89999
7970,4,132,8.89999
7970,4,133,5.89999
7970,4,134,8.89999
7970,4,135,8.89999
7970,4,136,6.89999
7970,4,137,1.89999
7970,4,138,7.89999
7970,4,139,5.89999
7970,4,140,6.89999
7970,4,141,9.89999
7970,4,142,10.9
7970,4,143,7.89999
7970,4,144,9.89999
7970,4,145,7.89999
7970,4,146,5.89999
7970,4,147,8.89999
7970,4,148,11.9
7970,4,149,11.9
7970,4,150,13.9
7970,4,151,5.89999
7970,4,152,9.89999
7970,4,153,2.89999
7970,4,154,-0.100006
7970,4,155,-1.10001
7970,4,156,2.89999
7970,4,157,2.89999
7970,4,158,7.89999
7970,4,159,8.89999
7970,4,160,13.9
7970,4,161,10.9
7970,4,162,9.89999
7970,4,163,5.89999
7970,4,164,5.89999
7970,4,165,12.9
7970,4,166,8.89999
7970,4,167,13.9
7970,4,168,13.9
7970,4,169,10.9
7970,4,170,8.89999
7970,4,171,7.89999
7970,4,172,8.89999
7970,4,173,10.9
7970,4,174,13.9
7970,4,175,8.89999
7970,4,176,9.89999
7970,4,177,1.89999
7970,4,178,3.89999
7970,4,179,9.89999
7970,4,180,15.9
7970,4,181,15.9
7970,4,182,12.9
7970,4,183,10.9
7970,4,184,12.9
7970,4,185,14.9
7970,4,186,15.9
7970,4,187,16.9
7970,4,188,18.9
7970,4,189,13.9
7970,4,190,16.9
7970,4,191,18.9
7970,4,192,15.9
7970,4,193,18.9
7970,4,194,16.9
7970,4,195,14.9
7970,4,196,11.9
7970,4,197,14.9
7970,4,198,13.9
7970,4,199,11.9
7970,4,200,10.9
7970,4,201,10.9
7970,4,202,11.9
7970,4,203,10.9
7970,4,204,11.9
7970,4,205,11.9
7970,4,206,16.9
7970,4,207,11.9
7970,4,208,10.9
7970,4,209,10.9
7970,4,210,14.9
7970,4,211,21.9
7970,4,212,20.9
7970,4,213,21.9
7970,4,214,21.9
7970,4,215,18.9
7970,4,216,14.9
7970,4,217,8.89999
7970,4,218,8.89999
7970,4,219,7.89999
7970,4,220,12.9
7970,4,221,14.9
7970,4,222,15.9
7970,4,223,9.89999
7970,4,224,10.9
7970,4,225,10.9
7970,4,226,12.9
7970,4,227,8.89999
7970,4,228,9.89999
7970,4,229,9.89999
7970,4,230,13.9
7970,4,231,17.9
7970,4,232,21.9
7970,4,233,23.9
7970,4,234,21.9
7970,4,235,18.9
7970,4,236,17.9
7970,4,237,16.9
7970,4,238,14.9
7970,4,239,10.9
7970,4,240,9.89999
7970,4,241,12.9
7970,4,242,13.9
7970,4,243,12.9
7970,4,244,14.9
7970,4,245,15.9
7970,4,246,16.9
7970,4,247,14.9
7970,4,248,16.9
7970,4,249,18.9
7970,4,250,15.9
7970,4,251,15.9
7970,4,252,16.9
7970,4,253,17.9
7970,4,254,16.9
7970,4,255,21.9
7970,4,256,18.9
7970,4,257,20.9
7970,4,258,23.9
7970,4,259,22.9
7970,4,260,20.9
7970,4,261,21.9
7970,4,262,21.9
7970,4,263,19.9
7970,4,264,20.9
7970,4,265,20.9
7970,4,266,21.9
7970,4,267,19.9
7970,4,268,16.9
7970,4,269,18.9
7970,4,270,21.9
7970,4,271,20.9
7970,4,272,24.9
7970,4,273,23.9
7970,4,274,24.9
7970,4,275,25.9
7970,4,276,24.9
7970,4,277,19.9
7970,4,278,19.9
7970,4,279,18.9
7970,4,280,20.9
7970,4,281,16.9
7970,4,282,20.9
7970,4,283,26.9
7970,4,284,22.9
7970,4,285,23.9
7970,4,286,26.9
7970,4,287,27.9
7970,4,288,27.9
7970,4,289,28.9
7970,4,290,26.9
7970,4,291,26.9
7970,4,292,26.9
7970,4,293,24.9
7970,4,294,26.9
7970,4,295,31.9
7970,4,296,28.9
7970,4,297,26.9
7970,4,298,25.9
7970,4,299,22.9
7970,4,300,22.9
7970,4,301,17.9
7970,4,302,22.9
7970,4,303,23.9
7970,4,304,24.9
7970,4,305,29.9
7970,4,306,30.9
7970,4,307,34.9
7970,4,308,32.9
7970,4,309,34.9
7970,4,310,34.9
7970,4,311,33.9
7970,4,312,31.9
7970,4,313,31.9
7970,4,314,31.9
7970,4,315,36.9
7970,4,316,34.9
7970,4,317,31.9
7970,4,318,30.9
7970,4,319,30.9
7970,4,320,25.9
7970,4,321,26.9
7970,4,322,27.9
7970,4,323,23.9
7970,4,324,23.9
7970,4,325,23.9
7970,4,326,26.9
7970,4,327,28.9
7970,4,328,32.9
7970,4,329,30.9
7970,4,330,31.9
7970,4,331,28.9
7970,4,332,27.9
7970,4,333,28.9
7970,4,334,29.9
7970,4,335,27.9
7970,4,336,28.9
7970,4,337,31.9
7970,4,338,28.9
7970,4,339,22.9
7970,4,340,23.9
7970,4,341,22.9
7970,4,342,20.9
7970,4,343,23.9
7970,4,344,24.9
7970,4,345,23.9
7970,4,346,23.9
7970,4,347,26.9
7970,4,348,25.9
7970,4,349,20.9
7970,4,350,18.9
7970,4,351,18.9
7970,4,352,24.9
7970,4,353,26.9
7970,4,354,27.9
7970,4,355,27.9
7970,4,356,29.9
7970,4,357,28.9
7970,4,358,26.9
7970,4,359,24.9
7970,4,360,24.9
7970,4,361,23.9
7970,4,362,26.9
7970,4,363,24.9
7970,4,364,27.9
7970,4,365,21.9
7970,4,366,18.9
7970,4,367,28.9
7970,4,368,23.9
7970,4,369,23.9
7970,4,370,23.9
7970,4,371,28.9
7970,4,372,28.9
7970,4,373,26.9
7970,4,374,26.9
7970,4,375,21.9
7970,4,376,21.9
7970,4,377,21.9
7970,4,378,18.9
7970,4,379,15.9
7970,4,380,18.9
7970,4,381,22.9
7970,4,382,21.9
7970,4,383,17.9
7970,4,384,21.9
7970,4,385,17.9
7970,4,386,22.9
7970,4,387,16.9
7970,4,388,18.9
7970,4,389,18.9
7970,4,390,21.9
7970,4,391,19.9
7970,4,392,14.9
7970,4,393,19.9
7970,4,394,21.9
7970,4,395,24.9
7970,4,396,24.9
7970,4,397,25.9
7970,4,398,24.9
7970,4,399,22.9
7970,4,400,18.9
7970,4,401,17.9
7970,4,402,21.9
7970,4,403,18.9
7970,4,404,20.9
7970,4,405,17.9
7970,4,406,18.9
7970,4,407,19.9
7970,4,408,20.9
7970,4,409,17.9
7970,4,410,18.9
7970,4,411,18.9
7970,4,412,21.9
7970,4,413,18.9
7970,4,414,19.9
7970,4,415,14.9
7970,4,416,15.9
7970,4,417,20.9
7970,4,418,17.9
7970,4,419,16.9
7970,4,420,15.9
7970,4,421,19.9
7970,4,422,21.9
7970,4,423,13.9
7970,4,424,15.9
7970,4,425,16.9
7970,4,426,20.9
7970,4,427,19.9
7970,4,428,24.9
7970,4,429,23.9
7970,4,430,25.9
7970,4,431,21.9
7970,4,432,18.9
7970,4,433,22.9
7970,4,434,19.9
7970,4,435,15.9
7970,4,436,20.9
7970,4,437,18.9
7970,4,438,17.9
7970,4,439,20.9
7970,4,440,20.9
7970,4,441,20.9
7970,4,442,19.9
7970,4,443,17.9
7970,4,444,21.9
7970,4,445,20.9
7970,4,446,18.9
7970,4,447,19.9
7970,4,448,23.9
7970,4,449,21.9
7970,4,450,22.9
7970,4,451,24.9
7970,4,452,23.9
7970,4,453,20.9
7970,4,454,16.9
7970,4,455,18.9
7970,4,456,17.9
7970,4,457,17.9
7970,4,458,14.9
7970,4,459,18.9
7970,4,460,14.9
7970,4,461,17.9
7970,4,462,18.9
7970,4,463,19.9
7970,4,464,22.9
7970,4,465,18.9
7970,4,466,15.9
7970,4,467,18.9
7970,4,468,18.9
7970,4,469,20.9
7970,4,470,20.9
7970,4,471,18.9
7970,4,472,22.9
7970,4,473,26.9
7970,4,474,25.9
7970,4,475,24.9
7970,4,476,25.9
7970,4,477,20.9
7970,4,478,21.9
7970,4,479,19.9
7970,4,480,22.9
7970,4,481,17.9
7970,4,482,17.9
7970,4,483,13.9
7970,4,484,16.9
7970,4,485,9.89999
7970,4,486,7.89999
7970,4,487,9.89999
7970,4,488,14.9
7970,4,489,15.9
7970,4,490,13.9
7970,4,491,11.9
7970,4,492,12.9
7970,4,493,10.9
7970,4,494,12.9
7970,4,495,13.9
7970,4,496,19.9
7970,4,497,18.9
7970,4,498,22.9
7970,4,499,19.9
7970,4,500,13.9
7970,4,501,11.9
7970,4,502,10.9
7970,4,503,15.9
7970,4,504,15.9
7970,4,505,17.9
7970,4,506,15.9
7970,4,507,16.9
7970,4,508,19.9
7970,4,509,25.9
7970,4,510,20.9
7970,4,511,24.9
5837,4,0,-70.65
5837,4,1,6.35001
5837,4,2,5.35001
5837,4,3,7.35001
5837,4,4,5.35001
5837,4,5,6.35001
5837,4,6,7.35001
5837,4,7,0.350006
5837,4,8,1.35001
5837,4,9,2.35001
5837,4,10,4.35001
5837,4,11,6.35001
5837,4,12,4.35001
5837,4,13,1.35001
5837,4,14,3.35001
5837,4,15,1.35001
5837,4,16,0.350006
5837,4,17,-0.649994
5837,4,18,2.35001
5837,4,19,5.35001
5837,4,20,7.35001
5837,4,21,9.35001
5837,4,22,3.35001
5837,4,23,0.350006
5837,4,24,3.35001
5837,4,25,1.35001
5837,4,26,5.35001
5837,4,27,11.35
5837,4,28,12.35
5837,4,29,10.35
5837,4,30,7.35001
5837,4,31,10.35
5837,4,32,8.35001
5837,4,33,9.35001
5837,4,34,8.35001
5837,4,35,11.35
5837,4,36,9.35001
5837,4,37,5.35001
5837,4,38,7.35001
5837,4,39,7.35001
5837,4,40,12.35
5837,4,41,10.35
5837,4,42,10.35
5837,4,43,9.35001
5837,4,44,5.35001
5837,4,45,7.35001
5837,4,46,8.35001
5837,4,47,4.35001
5837,4,48,7.35001
5837,4,49,12.35
5837,4,50,11.35
5837,4,51,15.35
5837,4,52,11.35
5837,4,53,11.35
5837,4,54,6.35001
5837,4,55,11.35
5837,4,56,11.35
5837,4,57,8.35001
5837,4,58,12.35
5837,4,59,12.35
5837,4,60,10.35
5837,4,61,8.35001
5837,4,62,11.35
5837,4,63,9.35001
5837,4,64,13.35
5837,4,65,11.35
5837,4,66,16.35
5837,4,67,17.35
5837,4,68,16.35
5837,4,69,17.35
5837,4,70,13.35
5837,4,71,16.35
5837,4,72,16.35
5837,4,73,19.35
5837,4,74,18.35
5837,4,75,19.35
5837,4,76,19.35
5837,4,77,15.35
5837,4,78,12.35
5837,4,79,13.35
5837,4,80,9.35001
5837,4,81,10.35
5837,4,82,7.35001
5837,4,83,7.35001
5837,4,84,9.35001
5837,4,85,9.35001
5837,4,86,10.35
5837,4,87,13.35
5837,4,88,14.35
5837,4,89,15.35
5837,4,90,19.35
5837,4,91,16.35
5837,4,92,16.35
5837,4,93,15.35
5837,4,94,15.35
5837,4,95,12.35
5837,4,96,14.35
5837,4,97,17.35
5837,4,98,17.35
5837,4,99,19.35
5837,4,100,17.35
5837,4,101,18.35
5837,4,102,19.35
5837,4,103,21.35
5837,4,104,23.35
5837,4,105,22.35
5837,4,106,22.35
5837,4,107,21.35
5837,4,108,21.35
5837,4,109,18.35
5837,4,110,21.35
5837,4,111,20.35
5837,4,112,23.35
5837,4,113,20.35
5837,4,114,20.35
5837,4,115,16.35
5837,4,116,16.35
5837,4,117,15.35
5837,4,118,16.35
5837,4,119,16.35
5837,4,120,18.35
5837,4,121,18.35
5837,4,122,17.35
5837,4,123,22.35
5837,4,124,21.35
5837,4,125,25.35
5837,4,126,19.35
5837,4,127,23.35
5837,4,128,22.35
5837,4,129,22.35
5837,4,130,19.35
5837,4,131,21.35
5837,4,132,17.35
5837,4,133,17.35
5837,4,134,19.35
5837,4,135,18.35
5837,4,136,23.35
5837,4,137,23.35
5837,4,138,20.35
5837,4,139,17.35
5837,4,140,16.35
5837,4,141,14.35
5837,4,142,15.35
5837,4,143,15.35
5837,4,144,16.35
5837,4,145,19.35
5837,4,146,23.35
5837,4,147,18.35
5837,4,148,19.35
5837,4,149,19.35
5837,4,150,17.35
5837,4,151,14.35
5837,4,152,16.35
5837,4,153,20.35
5837,4,154,16.35
5837,4,155,16.35
5837,4,156,17.35
5837,4,157,18.35
5837,4,158,20.35
5837,4,159,21.35
5837,4,160,23.35
5837,4,161,23.35
5837,4,162,20.35
5837,4,163,14.35
5837,4,164,17.35
5837,4,165,17.35
5837,4,166,10.35
5837,4,167,11.35
5837,4,168,11.35
5837,4,169,10.35
5837,4,170,11.35
5837,4,171,11.35
5837,4,172,18.35
5837,4,173,14.35
5837,4,174,10.35
5837,4,175,13.35
5837,4,176,10.35
5837,4,177,11.35
5837,4,178,14.35
5837,4,179,15.35
5837,4,180,11.35
5837,4,181,15.35
5837,4,182,17.35
5837,4,183,15.35
5837,4,184,17.35
5837,4,185,15.35
5837,4,186,18.35
5837,4,187,19.35
5837,4,188,11.35
5837,4,189,14.35
5837,4,190,10.35
5837,4,191,13.35
5837,4,192,13.35
5837,4,193,15.35
5837,4,194,13.35
5837,4,195,10.35
5837,4,196,10.35
5837,4,197,8.35001
5837,4,198,8.35001
5837,4,199,12.35
5837,4,200,11.35
5837,4,201,14.35
5837,4,202,14.35
5837,4,203,13.35
5837,4,204,15.35
5837,4,205,15.35
5837,4,206,18.35
5837,4,207,14.35
5837,4,208,15.35
5837,4,209,15.35
5837,4,210,15.35
5837,4,211,16.35
5837,4,212,17.35
5837,4,213,16.35
5837,4,214,18.35
5837,4,215,15.35
5837,4,216,9.35001
5837,4,217,14.35
5837,4,218,13.35
5837,4,219,17.35
5837,4,220,13.35
5837,4,221,13.35
5837,4,222,14.35
5837,4,223,10.35
5837,4,224,9.35001
5837,4,225,11.35
5837,4,226,10.35
5837,4,227,6.35001
5837,4,228,8.35001
5837,4,229,10.35
5837,4,230,7.35001
5837,4,231,9.35001
5837,4,232,8.35001
5837,4,233,9.35001
5837,4,234,10.35
5837,4,235,9.35001
5837,4,236,9.35001
5837,4,237,12.35
5837,4,238,6.35001
5837,4,239,8.35001
5837,4,240,11.35
5837,4,241,12.35
5837,4,242,13.35
5837,4,243,8.35001
5837,4,244,10.35
5837,4,245,10.35
5837,4,246,13.35
5837,4,247,13.35
5837,4,248,10.35
5837,4,249,9.35001
5837,4,250,11.35
5837,4,251,13.35
5837,4,252,7.35001
5837,4,253,4.35001
5837,4,254,5.35001
5837,4,255,2.35001
5837,4,256,3.35001
5837,4,257,-0.649994
5837,4,258,4.35001
5837,4,259,7.35001
5837,4,260,7.35001
5837,4,261,11.35
5837,4,262,8.35001
5837,4,263,9.35001
5837,4,264,13.35
5837,4,265,13.35
5837,4,266,9.35001
5837,4,267,12.35
5837,4,268,8.35001
5837,4,269,11.35
5837,4,270,9.35001
5837,4,271,10.35
5837,4,272,14.35
5837,4,273,13.35
5837,4,274,11.35
5837,4,275,16.35
5837,4,276,13.35
5837,4,277,11.35
5837,4,278,10.35
5837,4,279,4.35001
5837,4,280,8.35001
5837,4,281,8.35001
5837,4,282,11.35
5837,4,283,5.35001
5837,4,284,13.35
5837,4,285,15.35
5837,4,286,11.35
5837,4,287,13.35
5837,4,288,14.35
5837,4,289,8.35001
5837,4,290,7.35001
5837,4,291,9.35001
5837,4,292,8.35001
5837,4,293,6.35001
5837,4,294,8.35001
5837,4,295,9.35001
5837,4,296,14.35
5837,4,297,15.35
5837,4,298,11.35
5837,4,299,9.35001
5837,4,300,7.35001
5837,4,301,5.35001
5837,4,302,7.35001
5837,4,303,9.35001
5837,4,304,8.35001
5837,4,305,9.35001
5837,4,306,9.35001
5837,4,307,9.35001
5837,4,308,9.35001
5837,4,309,8.35001
5837,4,310,9.35001
5837,4,311,13.35
5837,4,312,13.35
5837,4,313,15.35
5837,4,314,10.35
5837,4,315,9.35001
5837,4,316,3.35001
5837,4,317,0.350006
5837,4,318,3.35001
5837,4,319,15.35
5837,4,320,14.35
5837,4,321,13.35
5837,4,322,11.35
5837,4,323,9.35001
5837,4,324,15.35
5837,4,325,13.35
5837,4,326,9.35001
5837,4,327,4.35001
5837,4,328,6.35001
5837,4,329,8.35001
5837,4,330,11.35
5837,4,331,10.35
5837,4,332,14.35
5837,4,333,12.35
5837,4,334,13.35
5837,4,335,11.35
5837,4,336,8.35001
5837,4,337,12.35
5837,4,338,10.35
5837,4,339,8.35001
5837,4,340,8.35001
5837,4,341,10.35
5837,4,342,15.35
5837,4,343,11.35
5837,4,344,14.35
5837,4,345,12.35
5837,4,346,10.35
5837,4,347,8.35001
5837,4,348,10.35
5837,4,349,13.35
5837,4,350,7.35001
5837,4,351,8.35001
5837,4,352,11.35
5837,4,353,4.35001
5837,4,354,8.35001
5837,4,355,9.35001
5837,4,356,12.35
5837,4,357,13.35
5837,4,358,10.35
5837,4,359,8.35001
5837,4,360,12.35
5837,4,361,11.35
5837,4,362,16.35
5837,4,363,11.35
5837,4,364,15.35
5837,4,365,8.35001
5837,4,366,2.35001
5837,4,367,2.35001
5837,4,368,8.35001
5837,4,369,17.35
5837,4,370,19.35
5837,4,371,21.35
5837,4,372,14.35
5837,4,373,9.35001
5837,4,374,6.35001
5837,4,375,7.35001
5837,4,376,17.35
5837,4,377,18.35
5837,4,378,15.35
5837,4,379,22.35
5837,4,380,22.35
5837,4,381,23.35
5837,4,382,22.35
5837,4,383,21.35
5837,4,384,14.35
5837,4,385,14.35
5837,4,386,13.35
5837,4,387,15.35
5837,4,388,12.35
5837,4,389,12.35
5837,4,390,7.35001
5837,4,391,10.35
5837,4,392,10.35
5837,4,393,11.35
5837,4,394,9.35001
5837,4,395,9.35001
5837,4,396,7.35001
5837,4,397,8.35001
5837,4,398,7.35001
5837,4,399,7.35001
5837,4,400,7.35001
5837,4,401,8.35001
5837,4,402,6.35001
5837,4,403,5.35001
5837,4,404,5.35001
5837,4,405,8.35001
5837,4,406,10.35
5837,4,407,10.35
5837,4,408,12.35
5837,4,409,16.35
5837,4,410,13.35
5837,4,411,9.35001
5837,4,412,5.35001
5837,4,413,7.35001
5837,4,414,9.35001
5837,4,415,4.35001
5837,4,416,7.35001
5837,4,417,13.35
5837,4,418,18.35
5837,4,419,19.35
5837,4,420,17.35
5837,4,421,17.35
5837,4,422,15.35
5837,4,423,13.35
5837,4,424,10.35
5837,4,425,5.35001
5837,4,426,9.35001
5837,4,427,12.35
5837,4,428,13.35
5837,4,429,13.35
5837,4,430,14.35
5837,4,431,10.35
5837,4,432,15.35
5837,4,433,13.35
5837,4,434,13.35
5837,4,435,15.35
5837,4,436,14.35
5837,4,437,10.35
5837,4,438,12.35
5837,4,439,14.35
5837,4,440,12.35
5837,4,441,9.35001
5837,4,442,9.35001
5837,4,443,11.35
5837,4,444,14.35
5837,4,445,11.35
5837,4,446,15.35
5837,4,447,14.35
5837,4,448,16.35
5837,4,449,18.35
5837,4,450,20.35
5837,4,451,20.35
5837,4,452,19.35
5837,4,453,15.35
5837,4,454,16.35
5837,4,455,15.35
5837,4,456,13.35
5837,4,457,13.35
5837,4,458,13.35
5837,4,459,13.35
5837,4,460,13.35
5837,4,461,14.35
5837,4,462,15.35
5837,4,463,15.35
5837,4,464,10.35
5837,4,465,9.35001
5837,4,466,11.35
5837,4,467,13.35
5837,4,468,14.35
5837,4,469,14.35
5837,4,470,10.35
5837,4,471,5.35001
5837,4,472,8.35001
5837,4,473,11.35
5837,4,474,15.35
5837,4,475,19.35
5837,4,476,19.35
5837,4,477,17.35
5837,4,478,19.35
5837,4,479,17.35
5837,4,480,19.35
5837,4,481,17.35
5837,4,482,14.35
5837,4,483,15.35
5837,4,484,11.35
5837,4,485,12.35
5837,4,486,17.35
5837,4,487,19.35
5837,4,488,25.35
5837,4,489,24.35
5837,4,490,22.35
5837,4,491,22.35
5837,4,492,20.35
5837,4,493,17.35
5837,4,494,17.35
5837,4,495,13.35
5837,4,496,14.35
5837,4,497,15.35
5837,4,498,13.35
5837,4,499,12.35
5837,4,500,14.35
5837,4,501,16.35
5837,4,502,17.35
5837,4,503,19.35
5837,4,504,24.35
5837,4,505,22.35
5837,4,506,25.35
5837,4,507,19.35
5837,4,508,18.35
5837,4,509,18.35
5837,4,510,18.35
5837,4,511,21.35
2908,4,0,-62.35
2908,4,1,1.64999
2908,4,2,0.649994
2908,4,3,1.64999
2908,4,4,3.64999
2908,4,5,-1.35001
2908,4,6,-0.350006
2908,4,7,0.649994
2908,4,8,2.64999
2908,4,9,4.64999
2908,4,10,5.64999
2908,4,11,3.64999
2908,4,12,4.64999
2908,4,13,7.64999
2908,4,14,8.64999
2908,4,15,7.64999
2908,4,16,6.64999
2908,4,17,2.64999
2908,4,18,-0.350006
2908,4,19,1.64999
2908,4,20,1.64999
2908,4,21,1.64999
2908,4,22,3.64999
2908,4,23,1.64999
2908,4,24,2.64999
2908,4,25,3.64999
2908,4,26,3.64999
2908,4,27,0.649994
2908,4,28,-1.35001
2908,4,29,0.649994
2908,4,30,6.64999
2908,4,31,7.64999
2908,4,32,5.64999
2908,4,33,2.64999
2908,4,34,0.649994
2908,4,35,5.64999
2908,4,36,1.64999
2908,4,37,1.64999
2908,4,38,3.64999
2908,4,39,3.64999
2908,4,40,3.64999
2908,4,41,6.64999
2908,4,42,6.64999
2908,4,43,3.64999
2908,4,44,3.64999
2908,4,45,0.649994
2908,4,46,1.64999
2908,4,47,5.64999
2908,4,48,5.64999
2908,4,49,4.64999
2908,4,50,9.64999
2908,4,51,9.64999
2908,4,52,6.64999
2908,4,53,4.64999
2908,4,54,3.64999
2908,4,55,1.64999
2908,4,56,-1.35001
2908,4,57,1.64999
2908,4,58,5.64999
2908,4,59,6.64999
2908,4,60,6.64999
2908,4,61,5.64999
2908,4,62,4.64999
2908,4,63,1.64999
2908,4,64,3.64999
2908,4,65,5.64999
2908,4,66,5.64999
2908,4,67,6.64999
2908,4,68,5.64999
2908,4,69,5.64999
2908,4,70,6.64999
2908,4,71,2.64999
2908,4,72,3.64999
2908,4,73,2.64999
2908,4,74,-0.350006
2908,4,75,2.64999
2908,4,76,5.64999
2908,4,77,5.64999
2908,4,78,5.64999
2908,4,79,6.64999
2908,4,80,3.64999
2908,4,81,6.64999
2908,4,82,9.64999
2908,4,83,8.64999
2908,4,84,6.64999
2908,4,85,4.64999
2908,4,86,3.64999
2908,4,87,3.64999
2908,4,88,1.64999
2908,4,89,4.64999
2908,4,90,5.64999
2908,4,91,11.65
2908,4,92,9.64999
2908,4,93,4.64999
2908,4,94,4.64999
2908,4,95,5.64999
2908,4,96,3.64999
2908,4,97,2.64999
2908,4,98,2.64999
2908,4,99,2.64999
2908,4,100,4.64999
2908,4,101,5.64999
2908,4,102,8.64999
2908,4,103,7.64999
2908,4,104,8.64999
2908,4,105,8.64999
2908,4,106,10.65
2908,4,107,11.65
2908,4,108,7.64999
2908,4,109,3.64999
2908,4,110,4.64999
2908,4,111,0.649994
2908,4,112,2.64999
2908,4,113,3.64999
2908,4,114,4.64999
2908,4,115,8.64999
2908,4,116,8.64999
2908,4,117,7.64999
2908,4,118,7.64999
2908,4,119,10.65
2908,4,120,9.64999
2908,4,121,12.65
2908,4,122,10.65
2908,4,123,13.65
2908,4,124,14.65
2908,4,125,14.65
2908,4,126,13.65
2908,4,127,11.65
2908,4,128,9.64999
2908,4,129,10.65
2908,4,130,7.64999
2908,4,131,8.64999
2908,4,132,10.65
2908,4,133,8.64999
2908,4,134,4.64999
2908,4,135,3.64999
2908,4,136,6.64999
2908,4,137,4.64999
2908,4,138,5.64999
2908,4,139,-2.35001
2908,4,140,4.64999
2908,4,141,-2.35001
2908,4,142,5.64999
2908,4,143,6.64999
2908,4,144,10.65
2908,4,145,7.64999
2908,4,146,6.64999
2908,4,147,4.64999
2908,4,148,5.64999
2908,4,149,6.64999
2908,4,150,5.64999
2908,4,151,5.64999
2908,4,152,4.64999
2908,4,153,2.64999
2908,4,154,5.64999
2908,4,155,7.64999
2908,4,156,10.65
2908,4,157,11.65
2908,4,158,8.64999
2908,4,159,1.64999
2908,4,160,3.64999
2908,4,161,6.64999
2908,4,162,8.64999
2908,4,163,6.64999
2908,4,164,9.64999
2908,4,165,6.64999
2908,4,166,8.64999
2908,4,167,9.64999
2908,4,168,13.65
2908,4,169,6.64999
2908,4,170,5.64999
2908,4,171,6.64999
2908,4,172,6.64999
2908,4,173,8.64999
2908,4,174,12.65
2908,4,175,6.64999
2908,4,176,7.64999
2908,4,177,8.64999
2908,4,178,9.64999
2908,4,179,10.65
2908,4,180,10.65
2908,4,181,8.64999
2908,4,182,6.64999
2908,4,183,6.64999
2908,4,184,9.64999
2908,4,185,11.65
2908,4,186,12.65
2908,4,187,12.65
2908,4,188,14.65
2908,4,189,12.65
2908,4,190,9.64999
2908,4,191,9.64999
2908,4,192,2.64999
2908,4,193,7.64999
2908,4,194,3.64999
2908,4,195,7.64999
2908,4,196,9.64999
2908,4,197,9.64999
2908,4,198,6.64999
2908,4,199,7.64999
2908,4,200,8.64999
2908,4,201,13.65
2908,4,202,10.65
2908,4,203,8.64999
2908,4,204,7.64999
2908,4,205,7.64999
2908,4,206,13.65
2908,4,207,17.65
2908,4,208,16.65
2908,4,209,16.65
2908,4,210,21.65
2908,4,211,15.65
2908,4,212,16.65
2908,4,213,12.65
2908,4,214,12.65
2908,4,215,9.64999
2908,4,216,10.65
2908,4,217,10.65
2908,4,218,12.65
2908,4,219,15.65
2908,4,220,14.65
2908,4,221,16.65
2908,4,222,13.65
2908,4,223,14.65
2908,4,224,10.65
2908,4,225,8.64999
2908,4,226,7.64999
2908,4,227,6.64999
2908,4,228,7.64999
2908,4,229,11.65
2908,4,230,15.65
2908,4,231,14.65
2908,4,232,13.65
2908,4,233,9.64999
2908,4,234,16.65
2908,4,235,15.65
2908,4,236,15.65
2908,4,237,15.65
2908,4,238,16.65
2908,4,239,11.65
2908,4,240,8.64999
2908,4,241,11.65
2908,4,242,10.65
2908,4,243,10.65
2908,4,244,11.65
2908,4,245,17.65
2908,4,246,13.65
2908,4,247,14.65
2908,4,248,12.65
2908,4,249,12.65
2908,4,250,12.65
2908,4,251,15.65
2908,4,252,16.65
2908,4,253,16.65
2908,4,254,15.65
2908,4,255,17.65
2908,4,256,16.65
2908,4,257,17.65
2908,4,258,21.65
2908,4,259,17.65
2908,4,260,17.65
2908,4,261,15.65
2908,4,262,16.65
2908,4,263,16.65
2908,4,264,15.65
2908,4,265,12.65
2908,4,266,15.65
2908,4,267,17.65
2908,4,268,18.65
2908,4,269,19.65
2908,4,270,24.65
2908,4,271,15.65
2908,4,272,13.65
2908,4,273,17.65
2908,4,274,11.65
2908,4,275,13.65
2908,4,276,13.65
2908,4,277,26.65
2908,4,278,27.65
2908,4,279,26.65
2908,4,280,28.65
2908,4,281,28.65
2908,4,282,27.65
2908,4,283,29.65
2908,4,284,26.65
2908,4,285,27.65
2908,4,286,27.65
2908,4,287,23.65
2908,4,288,23.65
2908,4,289,22.65
2908,4,290,22.65
2908,4,291,21.65
2908,4,292,21.65
2908,4,293,22.65
2908,4,294,20.65
2908,4,295,20.65
2908,4,296,23.65
2908,4,297,21.65
2908,4,298,20.65
2908,4,299,23.65
2908,4,300,21.65
2908,4,301,23.65
2908,4,302,23.65
2908,4,303,18.65
2908,4,304,19.65
2908,4,305,20.65
2908,4,306,22.65
2908,4,307,25.65
2908,4,308,25.65
2908,4,309,25.65
2908,4,310,27.65
2908,4,311,28.65
2908,4,312,21.65
2908,4,313,19.65
2908,4,314,17.65
2908,4,315,17.65
2908,4,316,22.65
2908,4,317,23.65
2908,4,318,26.65
2908,4,319,27.65
2908,4,320,31.65
2908,4,321,29.65
2908,4,322,32.65
2908,4,323,30.65
2908,4,324,29.65
2908,4,325,24.65
2908,4,326,23.65
2908,4,327,25.65
2908,4,328,29.65
2908,4,329,30.65
2908,4,330,26.65
2908,4,331,29.65
2908,4,332,28.65
2908,4,333,31.65
2908,4,334,27.65
2908,4,335,29.65
2908,4,336,29.65
2908,4,337,29.65
2908,4,338,27.65
2908,4,339,25.65
2908,4,340,22.65
2908,4,341,23.65
2908,4,342,26.65
2908,4,343,27.65
2908,4,344,32.65
2908,4,345,22.65
2908,4,346,26.65
2908,4,347,26.65
2908,4,348,24.65
2908,4,349,25.65
2908,4,350,30.65
2908,4,351,25.65
2908,4,352,26.65
2908,4,353,26.65
2908,4,354,25.65
2908,4,355,29.65
2908,4,356,26.65
2908,4,357,26.65
2908,4,358,21.65
2908,4,359,23.65
2908,4,360,25.65
2908,4,361,26.65
2908,4,362,29.65
2908,4,363,27.65
2908,4,364,26.65
2908,4,365,28.65
2908,4,366,27.65
2908,4,367,26.65
2908,4,368,26.65
2908,4,369,28.65
2908,4,370,23.65
2908,4,371,27.65
2908,4,372,24.65
2908,4,373,27.65
2908,4,374,26.65
2908,4,375,29.65
2908,4,376,28.65
2908,4,377,29.65
2908,4,378,27.65
2908,4,379,26.65
2908,4,380,24.65
2908,4,381,22.65
2908,4,382,18.65
2908,4,383,18.65
2908,4,384,19.65
2908,4,385,22.65
2908,4,386,25.65
2908,4,387,27.65
2908,4,388,24.65
2908,4,389,28.65
2908,4,390,24.65
2908,4,391,25.65
2908,4,392,21.65
2908,4,393,21.65
2908,4,394,17.65
2908,4,395,24.65
2908,4,396,24.65
2908,4,397,20.65
2908,4,398,22.65
2908,4,399,25.65
2908,4,400,24.65
2908,4,401,19.65
2908,4,402,21.65
2908,4,403,25.65
2908,4,404,26.65
2908,4,405,26.65
2908,4,406,23.65
2908,4,407,21.65
2908,4,408,23.65
2908,4,409,20.65
2908,4,410,21.65
2908,4,411,24.65
2908,4,412,26.65
2908,4,413,24.65
2908,4,414,23.65
2908,4,415,19.65
2908,4,416,14.65
2908,4,417,14.65
2908,4,418,14.65
2908,4,419,15.65
2908,4,420,20.65
2908,4,421,22.65
2908,4,422,23.65
2908,4,423,22.65
2908,4,424,23.65
2908,4,425,20.65
2908,4,426,22.65
2908,4,427,23.65
2908,4,428,20.65
2908,4,429,20.65
2908,4,430,15.65
2908,4,431,16.65
2908,4,432,19.65
2908,4,433,16.65
2908,4,434,13.65
2908,4,435,13.65
2908,4,436,17.65
2908,4,437,14.65
2908,4,438,19.65
2908,4,439,20.65
2908,4,440,21.65
2908,4,441,23.65
2908,4,442,20.65
2908,4,443,18.65
2908,4,444,14.65
2908,4,445,10.65
2908,4,446,10.65
2908,4,447,13.65
2908,4,448,19.65
2908,4,449,21.65
2908,4,450,26.65
2908,4,451,27.65
2908,4,452,30.65
2908,4,453,27.65
2908,4,454,30.65
2908,4,455,27.65
2908,4,456,21.65
2908,4,457,23.65
2908,4,458,21.65
2908,4,459,23.65
2908,4,460,26.65
2908,4,461,24.65
2908,4,462,17.65
2908,4,463,20.65
2908,4,464,19.65
2908,4,465,16.65
2908,4,466,19.65
2908,4,467,16.65
2908,4,468,13.65
2908,4,469,10.65
2908,4,470,13.65
2908,4,471,12.65
2908,4,472,12.65
2908,4,473,17.65
2908,4,474,19.65
2908,4,475,18.65
2908,4,476,17.65
2908,4,477,16.65
2908,4,478,16.65
2908,4,479,15.65
2908,4,480,15.65
2908,4,481,16.65
2908,4,482,15.65
2908,4,483,17.65
2908,4,484,17.65
2908,4,485,17.65
2908,4,486,17.65
2908,4,487,16.65
2908,4,488,12.65
2908,4,489,13.65
2908,4,490,17.65
2908,4,491,12.65
2908,4,492,15.65
2908,4,493,16.65
2908,4,494,20.65
2908,4,495,21.65
2908,4,496,15.65
2908,4,497,16.65
2908,4,498,18.65
2908,4,499,16.65
2908,4,500,19.65
2908,4,501,20.65
2908,4,502,18.65
2908,4,503,17.65
2908,4,504,14.65
2908,4,505,17.65
2908,4,506,16.65
2908,4,507,14.65
2908,4,508,16.65
2908,4,509,20.65
2908,4,510,21.65
2908,4,511,29.65
566,4,0,-67.55
566,4,1,4.45001
566,4,2,-2.54999
566,4,3,2.45001
566,4,4,3.45001
566,4,5,1.45001
566,4,6,-0.549988
566,4,7,-1.54999
566,4,8,6.45001
566,4,9,2.45001
566,4,10,9.45001
566,4,11,7.45001
566,4,12,4.45001
566,4,13,5.45001
566,4,14,6.45001
566,4,15,6.45001
566,4,16,5.45001
566,4,17,2.45001
566,4,18,2.45001
566,4,19,1.45001
566,4,20,-0.549988
566,4,21,-1.54999
566,4,22,-1.54999
566,4,23,-3.54999
566,4,24,-3.54999
566,4,25,1.45001
566,4,26,2.45001
566,4,27,4.45001
566,4,28,1.45001
566,4,29,4.45001
566,4,30,0.450012
566,4,31,-0.549988
566,4,32,2.45001
566,4,33,-2.54999
566,4,34,3.45001
566,4,35,2.45001
566,4,36,4.45001
566,4,37,-0.549988
566,4,38,-1.54999
566,4,39,-2.54999
566,4,40,-1.54999
566,4,41,-3.54999
566,4,42,-0.549988
566,4,43,2.45001
566,4,44,8.45001
566,4,45,7.45001
566,4,46,9.45001
566,4,47,7.45001
566,4,48,2.45001
566,4,49,-2.54999
566,4,50,-0.549988
566,4,51,-1.54999
566,4,52,3.45001
566,4,53,7.45001
566,4,54,9.45001
566,4,55,8.45001
566,4,56,17.45
566,4,57,12.45
566,4,58,5.45001
566,4,59,2.45001
566,4,60,7.45001
566,4,61,2.45001
566,4,62,1.45001
566,4,63,-1.54999
566,4,64,-0.549988
566,4,65,3.45001
566,4,66,5.45001
566,4,67,5.45001
566,4,68,6.45001
566,4,69,6.45001
566,4,70,-0.549988
566,4,71,2.45001
566,4,72,2.45001
566,4,73,1.45001
566,4,74,-3.54999
566,4,75,-5.54999
566,4,76,-2.54999
566,4,77,-2.54999
566,4,78,2.45001
566,4,79,4.45001
566,4,80,0.450012
566,4,81,4.45001
566,4,82,0.450012
566,4,83,3.45001
566,4,84,-0.549988
566,4,85,-4.54999
566,4,86,-6.54999
566,4,87,-2.54999
566,4,88,-4.54999
566,4,89,-1.54999
566,4,90,-2.54999
566,4,91,-1.54999
566,4,92,1.45001
566,4,93,2.45001
566,4,94,6.45001
566,4,95,3.45001
566,4,96,4.45001
566,4,97,4.45001
566,4,98,8.45001
566,4,99,8.45001
566,4,100,4.45001
566,4,101,5.45001
566,4,102,5.45001
566,4,103,5.45001
566,4,104,3.45001
566,4,105,3.45001
566,4,106,3.45001
566,4,107,0.450012
566,4,108,-1.54999
566,4,109,-0.549988
566,4,110,4.45001
566,4,111,7.45001
566,4,112,2.45001
566,4,113,3.45001
566,4,114,7.45001
566,4,115,2.45001
566,4,116,2.45001
566,4,117,0.450012
566,4,118,1.45001
566,4,119,-0.549988
566,4,120,1.45001
566,4,121,1.45001
566,4,122,3.45001
566,4,123,3.45001
566,4,124,4.45001
566,4,125,4.45001
566,4,126,-1.54999
566,4,127,-0.549988
566,4,128,3.45001
566,4,129,2.45001
566,4,130,4.45001
566,4,131,1.45001
566,4,132,0.450012
566,4,133,-3.54999
566,4,134,-0.549988
566,4,135,3.45001
566,4,136,6.45001
566,4,137,7.45001
566,4,138,10.45
566,4,139,11.45
566,4,140,8.45001
566,4,141,0.450012
566,4,142,-1.54999
566,4,143,2.45001
566,4,144,-0.549988
566,4,145,5.45001
566,4,146,3.45001
566,4,147,9.45001
566,4,148,12.45
566,4,149,11.45
566,4,150,12.45
566,4,151,10.45
566,4,152,13.45
566,4,153,13.45
566,4,154,10.45
566,4,155,10.45
566,4,156,11.45
566,4,157,10.45
566,4,158,10.45
566,4,159,11.45
566,4,160,12.45
566,4,161,10.45
566,4,162,8.45001
566,4,163,10.45
566,4,164,9.45001
566,4,165,5.45001
566,4,166,2.45001
566,4,167,3.45001
566,4,168,3.45001
566,4,169,4.45001
566,4,170,9.45001
566,4,171,7.45001
566,4,172,6.45001
566,4,173,4.45001
566,4,174,8.45001
566,4,175,5.45001
566,4,176,6.45001
566,4,177,7.45001
566,4,178,5.45001
566,4,179,6.45001
566,4,180,4.45001
566,4,181,1.45001
566,4,182,4.45001
566,4,183,3.45001
566,4,184,6.45001
566,4,185,2.45001
566,4,186,4.45001
566,4,187,4.45001
566,4,188,7.45001
566,4,189,8.45001
566,4,190,11.45
566,4,191,10.45
566,4,192,8.45001
566,4,193,9.45001
566,4,194,9.45001
566,4,195,9.45001
566,4,196,12.45
566,4,197,12.45
566,4,198,11.45
566,4,199,9.45001
566,4,200,15.45
566,4,201,11.45
566,4,202,7.45001
566,4,203,8.45001
566,4,204,12.45
566,4,205,12.45
566,4,206,14.45
566,4,207,13.45
566,4,208,12.45
566,4,209,9.45001
566,4,210,9.45001
566,4,211,6.45001
566,4,212,4.45001
566,4,213,10.45
566,4,214,6.45001
566,4,215,6.45001
566,4,216,11.45
566,4,217,9.45001
566,4,218,9.45001
566,4,219,8.45001
566,4,220,10.45
566,4,221,11.45
566,4,222,15.45
566,4,223,13.45
566,4,224,16.45
566,4,225,15.45
566,4,226,15.45
566,4,227,18.45
566,4,228,16.45
566,4,229,12.45
566,4,230,13.45
566,4,231,9.45001
566,4,232,10.45
566,4,233,9.45001
566,4,234,13.45
566,4,235,14.45
566,4,236,14.45
566,4,237,14.45
566,4,238,14.45
566,4,239,13.45
566,4,240,13.45
566,4,241,15.45
566,4,242,16.45
566,4,243,17.45
566,4,244,21.45
566,4,245,21.45
566,4,246,17.45
566,4,247,18.45
566,4,248,15.45
566,4,249,14.45
566,4,250,18.45
566,4,251,15.45
566,4,252,16.45
566,4,253,17.45
566,4,254,14.45
566,4,255,13.45
566,4,256,15.45
566,4,257,12.45
566,4,258,16.45
566,4,259,15.45
566,4,260,14.45
566,4,261,18.45
566,4,262,15.45
566,4,263,19.45
566,4,264,15.45
566,4,265,18.45
566,4,266,16.45
566,4,267,20.45
566,4,268,15.45
566,4,269,20.45
566,4,270,18.45
566,4,271,18.45
566,4,272,16.45
566,4,273,16.45
566,4,274,17.45
566,4,275,15.45
566,4,276,13.45
566,4,277,19.45
566,4,278,14.45
566,4,279,13.45
566,4,280,18.45
566,4,281,18.45
566,4,282,22.45
566,4,283,21.45
566,4,284,18.45
566,4,285,26.45
566,4,286,27.45
566,4,287,29.45
566,4,288,25.45
566,4,289,23.45
566,4,290,21.45
566,4,291,19.45
566,4,292,24.45
566,4,293,23.45
566,4,294,21.45
566,4,295,25.45
566,4,296,24.45
566,4,297,23.45
566,4,298,22.45
566,4,299,22.45
566,4,300,21.45
566,4,301,20.45
566,4,302,19.45
566,4,303,24.45
566,4,304,26.45
566,4,305,26.45
566,4,306,22.45
566,4,307,23.45
566,4,308,24.45
566,4,309,25.45
566,4,310,27.45
566,4,311,24.45
566,4,312,21.45
566,4,313,27.45
566,4,314,23.45
566,4,315,22.45
566,4,316,22.45
566,4,317,16.45
566,4,318,21.45
566,4,319,26.45
566,4,320,24.45
566,4,321,23.45
566,4,322,24.45
566,4,323,25.45
566,4,324,28.45
566,4,325,24.45
566,4,326,24.45
566,4,327,24.45
566,4,328,19.45
566,4,329,19.45
566,4,330,22.45
566,4,331,26.45
566,4,332,25.45
566,4,333,25.45
566,4,334,21.45
566,4,335,17.45
566,4,336,19.45
566,4,337,18.45
566,4,338,15.45
566,4,339,19.45
566,4,340,16.45
566,4,341,20.45
566,4,342,18.45
566,4,343,16.45
566,4,344,18.45
566,4,345,20.45
566,4,346,20.45
566,4,347,23.45
566,4,348,23.45
566,4,349,25.45
566,4,350,21.45
566,4,351,16.45
566,4,352,14.45
566,4,353,13.45
566,4,354,18.45
566,4,355,19.45
566,4,356,19.45
566,4,357,21.45
566,4,358,18.45
566,4,359,14.45
566,4,360,19.45
566,4,361,20.45
566,4,362,20.45
566,4,363,22.45
566,4,364,15.45
566,4,365,12.45
566,4,366,15.45
566,4,367,18.45
566,4,368,14.45
566,4,369,22.45
566,4,370,24.45
566,4,371,27.45
566,4,372,28.45
566,4,373,25.45
566,4,374,24.45
566,4,375,23.45
566,4,376,21.45
566,4,377,22.45
566,4,378,21.45
566,4,379,17.45
566,4,380,15.45
566,4,381,9.45001
566,4,382,12.45
566,4,383,10.45
566,4,384,13.45
566,4,385,14.45
566,4,386,20.45
566,4,387,16.45
566,4,388,19.45
566,4,389,20.45
566,4,390,18.45
566,4,391,17.45
566,4,392,13.45
566,4,393,14.45
566,4,394,11.45
566,4,395,13.45
566,4,396,10.45
566,4,397,14.45
566,4,398,13.45
566,4,399,15.45
566,4,400,14.45
566,4,401,13.45
566,4,402,10.45
566,4,403,13.45
566,4,404,13.45
566,4,405,14.45
566,4,406,18.45
566,4,407,18.45
566,4,408,18.45
566,4,409,20.45
566,4,410,23.45
566,4,411,19.45
566,4,412,18.45
566,4,413,20.45
566,4,414,17.45
566,4,415,10.45
566,4,416,10.45
566,4,417,11.45
566,4,418,7.45001
566,4,419,9.45001
566,4,420,12.45
566,4,421,17.45
566,4,422,13.45
566,4,423,13.45
566,4,424,9.45001
566,4,425,7.45001
566,4,426,10.45
566,4,427,10.45
566,4,428,9.45001
566,4,429,16.45
566,4,430,18.45
566,4,431,18.45
566,4,432,18.45
566,4,433,17.45
566,4,434,14.45
566,4,435,14.45
566,4,436,17.45
566,4,437,11.45
566,4,438,16.45
566,4,439,13.45
566,4,440,14.45
566,4,441,13.45
566,4,442,12.45
566,4,443,14.45
566,4,444,14.45
566,4,445,13.45
566,4,446,13.45
566,4,447,16.45
566,4,448,16.45
566,4,449,18.45
566,4,450,19.45
566,4,451,17.45
566,4,452,17.45
566,4,453,16.45
566,4,454,12.45
566,4,455,13.45
566,4,456,14.45
566,4,457,15.45
566,4,458,15.45
566,4,459,18.45
566,4,460,20.45
566,4,461,16.45
566,4,462,18.45
566,4,463,12.45
566,4,464,12.45
566,4,465,18.45
566,4,466,17.45
566,4,467,14.45
566,4,468,11.45
566,4,469,11.45
566,4,470,12.45
566,4,471,14.45
566,4,472,17.45
566,4,473,14.45
566,4,474,14.45
566,4,475,14.45
566,4,476,15.45
566,4,477,20.45
566,4,478,20.45
566,4,479,19.45
566,4,480,21.45
566,4,481,19.45
566,4,482,17.45
566,4,483,17.45
566,4,484,13.45
566,4,485,15.45
566,4,486,17.45
566,4,487,19.45
566,4,488,19.45
566,4,489,18.45
566,4,490,15.45
566,4,491,14.45
566,4,492,13.45
566,4,493,13.45
566,4,494,12.45
566,4,495,13.45
566,4,496,14.45
566,4,497,14.45
566,4,498,18.45
566,4,499,12.45
566,4,500,10.45
566,4,501,12.45
566,4,502,15.45
566,4,503,19.45
566,4,504,19.45
566,4,505,16.45
566,4,506,10.45
566,4,507,13.45
566,4,508,19.45
566,4,509,27.45
566,4,510,24.45
566,4,511,22.45
7777,4,0,-62.25
7777,4,1,2.75
7777,4,2,0.75
7777,4,3,0.75
7777,4,4,2.75
7777,4,5,1.75
7777,4,6,3.75
7777,4,7,4.75
7777,4,8,8.75
7777,4,9,3.75
7777,4,10,7.75
7777,4,11,1.75
7777,4,12,2.75
7777,4,13,-2.25
7777,4,14,2.75
7777,4,15,-0.25
7777,4,16,1.75
7777,4,17,2.75
7777,4,18,8.75
7777,4,19,6.75
7777,4,20,7.75
7777,4,21,8.75
7777,4,22,7.75
7777,4,23,8.75
7777,4,24,3.75
7777,4,25,6.75
7777,4,26,2.75
7777,4,27,5.75
7777,4,28,6.75
7777,4,29,7.75
7777,4,30,6.75
7777,4,31,4.75
7777,4,32,0.75
7777,4,33,-2.25
7777,4,34,-0.25
7777,4,35,3.75
7777,4,36,4.75
7777,4,37,7.75
7777,4,38,4.75
7777,4,39,5.75
7777,4,40,4.75
7777,4,41,4.75
7777,4,42,3.75
7777,4,43,2.75
7777,4,44,3.75
7777,4,45,4.75
7777,4,46,7.75
7777,4,47,11.75
7777,4,48,10.75
7777,4,49,10.75
7777,4,50,8.75
7777,4,51,6.75
7777,4,52,5.75
7777,4,53,3.75
7777,4,54,6.75
7777,4,55,3.75
7777,4,56,2.75
7777,4,57,-0.25
7777,4,58,1.75
7777,4,59,3.75
7777,4,60,6.75
7777,4,61,8.75
7777,4,62,8.75
7777,4,63,11.75
7777,4,64,9.75
7777,4,65,10.75
7777,4,66,10.75
7777,4,67,8.75
7777,4,68,8.75
7777,4,69,9.75
7777,4,70,4.75
7777,4,71,8.75
7777,4,72,8.75
7777,4,73,9.75
7777,4,74,8.75
7777,4,75,6.75
7777,4,76,1.75
7777,4,77,4.75
7777,4,78,1.75
7777,4,79,5.75
7777,4,80,4.75
7777,4,81,7.75
7777,4,82,3.75
7777,4,83,5.75
7777,4,84,2.75
7777,4,85,4.75
7777,4,86,5.75
7777,4,87,6.75
7777,4,88,8.75
7777,4,89,7.75
7777,4,90,5.75
7777,4,91,5.75
7777,4,92,7.75
7777,4,93,4.75
7777,4,94,-1.25
7777,4,95,-2.25
7777,4,96,-1.25
7777,4,97,-0.25
7777,4,98,2.75
7777,4,99,10.75
7777,4,100,11.75
7777,4,101,9.75
7777,4,102,8.75
7777,4,103,10.75
7777,4,104,10.75
7777,4,105,11.75
7777,4,106,6.75
7777,4,107,6.75
7777,4,108,6.75
7777,4,109,4.75
7777,4,110,4.75
7777,4,111,9.75
7777,4,112,8.75
7777,4,113,7.75
7777,4,114,7.75
7777,4,115,3.75
7777,4,116,3.75
7777,4,117,4.75
7777,4,118,5.75
7777,4,119,10.75
7777,4,120,12.75
7777,4,121,15.75
7777,4,122,16.75
7777,4,123,11.75
7777,4,124,12.75
7777,4,125,11.75
7777,4,126,9.75
7777,4,127,5.75
7777,4,128,5.75
7777,4,129,3.75
7777,4,130,0.75
7777,4,131,1.75
7777,4,132,-2.25
7777,4,133,3.75
7777,4,134,0.75
7777,4,135,6.75
7777,4,136,7.75
7777,4,137,10.75
7777,4,138,11.75
7777,4,139,12.75
7777,4,140,15.75
7777,4,141,16.75
7777,4,142,12.75
7777,4,143,10.75
7777,4,144,9.75
7777,4,145,10.75
7777,4,146,10.75
7777,4,147,8.75
7777,4,148,11.75
7777,4,149,6.75
7777,4,150,4.75
7777,4,151,9.75
7777,4,152,11.75
7777,4,153,13.75
7777,4,154,14.75
7777,4,155,7.75
7777,4,156,7.75
7777,4,157,8.75
7777,4,158,9.75
7777,4,159,10.75
7777,4,160,7.75
7777,4,161,7.75
7777,4,162,6.75
7777,4,163,10.75
7777,4,164,15.75
7777,4,165,9.75
7777,4,166,11.75
7777,4,167,12.75
7777,4,168,12.75
7777,4,169,11.75
7777,4,170,12.75
7777,4,171,9.75
7777,4,172,6.75
7777,4,173,7.75
7777,4,174,9.75
7777,4,175,9.75
7777,4,176,14.75
7777,4,177,17.75
7777,4,178,15.75
7777,4,179,12.75
7777,4,180,15.75
7777,4,181,15.75
7777,4,182,14.75
7777,4,183,11.75
7777,4,184,15.75
7777,4,185,17.75
7777,4,186,13.75
7777,4,187,9.75
7777,4,188,11.75
7777,4,189,11.75
7777,4,190,15.75
7777,4,191,10.75
7777,4,192,10.75
7777,4,193,12.75
7777,4,194,10.75
7777,4,195,12.75
7777,4,196,13.75
7777,4,197,10.75
7777,4,198,10.75
7777,4,199,13.75
7777,4,200,13.75
7777,4,201,9.75
7777,4,202,9.75
7777,4,203,12.75
7777,4,204,14.75
7777,4,205,20.75
7777,4,206,16.75
7777,4,207,15.75
7777,4,208,9.75
7777,4,209,11.75
7777,4,210,12.75
7777,4,211,10.75
7777,4,212,16.75
7777,4,213,17.75
7777,4,214,18.75
7777,4,215,13.75
7777,4,216,17.75
7777,4,217,10.75
7777,4,218,14.75
7777,4,219,15.75
7777,4,220,15.75
7777,4,221,13.75
7777,4,222,12.75
7777,4,223,15.75
7777,4,224,16.75
7777,4,225,15.75
7777,4,226,18.75
7777,4,227,18.75
7777,4,228,16.75
7777,4,229,13.75
7777,4,230,12.75
7777,4,231,16.75
7777,4,232,21.75
7777,4,233,18.75
7777,4,234,21.75
7777,4,235,23.75
7777,4,236,23.75
7777,4,237,20.75
7777,4,238,20.75
7777,4,239,23.75
7777,4,240,22.75
7777,4,241,19.75
7777,4,242,22.75
7777,4,243,20.75
7777,4,244,17.75
7777,4,245,20.75
7777,4,246,24.75
7777,4,247,21.75
7777,4,248,24.75
7777,4,249,17.75
7777,4,250,22.75
7777,4,251,17.75
7777,4,252,22.75
7777,4,253,21.75
7777,4,254,22.75
7777,4,255,20.75
7777,4,256,24.75
7777,4,257,27.75
7777,4,258,23.75
7777,4,259,22.75
7777,4,260,21.75
7777,4,261,21.75
7777,4,262,20.75
7777,4,263,23.75
7777,4,264,23.75
7777,4,265,24.75
7777,4,266,27.75
7777,4,267,25.75
7777,4,268,25.75
7777,4,269,27.75
7777,4,270,24.75
7777,4,271,25.75
7777,4,272,25.75
7777,4,273,24.75
7777,4,274,22.75
7777,4,275,27.75
7777,4,276,30.75
7777,4,277,33.75
7777,4,278,30.75
7777,4,279,26.75
7777,4,280,31.75
7777,4,281,22.75
7777,4,282,26.75
7777,4,283,22.75
7777,4,284,27.75
7777,4,285,26.75
7777,4,286,29.75
7777,4,287,29.75
7777,4,288,30.75
7777,4,289,30.75
7777,4,290,34.75
7777,4,291,33.75
7777,4,292,36.75
7777,4,293,31.75
7777,4,294,26.75
7777,4,295,23.75
7777,4,296,24.75
7777,4,297,28.75
7777,4,298,27.75
7777,4,299,30.75
7777,4,300,32.75
7777,4,301,31.75
7777,4,302,28.75
7777,4,303,28.75
7777,4,304,31.75
7777,4,305,33.75
7777,4,306,37.75
7777,4,307,37.75
7777,4,308,36.75
7777,4,309,30.75
7777,4,310,30.75
7777,4,311,35.75
7777,4,312,37.75
7777,4,313,36.75
7777,4,314,33.75
7777,4,315,28.75
7777,4,316,25.75
7777,4,317,27.75
7777,4,318,28.75
7777,4,319,31.75
7777,4,320,33.75
7777,4,321,34.75
7777,4,322,40.75
7777,4,323,38.75
7777,4,324,31.75
7777,4,325,26.75
7777,4,326,24.75
7777,4,327,23.75
7777,4,328,27.75
7777,4,329,30.75
7777,4,330,27.75
7777,4,331,23.75
7777,4,332,24.75
7777,4,333,25.75
7777,4,334,21.75
7777,4,335,25.75
7777,4,336,23.75
7777,4,337,27.75
7777,4,338,26.75
7777,4,339,28.75
7777,4,340,28.75
7777,4,341,29.75
7777,4,342,27.75
7777,4,343,28.75
7777,4,344,28.75
7777,4,345,30.75
7777,4,346,25.75
7777,4,347,25.75
7777,4,348,26.75
7777,4,349,26.75
7777,4,350,27.75
7777,4,351,26.75
7777,4,352,30.75
7777,4,353,27.75
7777,4,354,28.75
7777,4,355,29.75
7777,4,356,25.75
7777,4,357,26.75
7777,4,358,22.75
7777,4,359,16.75
7777,4,360,17.75
7777,4,361,20.75
7777,4,362,22.75
7777,4,363,26.75
7777,4,364,32.75
7777,4,365,33.75
7777,4,366,33.75
7777,4,367,25.75
7777,4,368,25.75
7777,4,369,28.75
7777,4,370,29.75
7777,4,371,28.75
7777,4,372,23.75
7777,4,373,26.75
7777,4,374,27.75
7777,4,375,21.75
7777,4,376,27.75
7777,4,377,22.75
7777,4,378,25.75
7777,4,379,29.75
7777,4,380,32.75
7777,4,381,25.75
7777,4,382,25.75
7777,4,383,23.75
7777,4,384,21.75
7777,4,385,21.75
7777,4,386,22.75
7777,4,387,21.75
7777,4,388,21.75
7777,4,389,23.75
7777,4,390,19.75
7777,4,391,20.75
7777,4,392,23.75
7777,4,393,18.75
7777,4,394,20.75
7777,4,395,20.75
7777,4,396,22.75
7777,4,397,20.75
7777,4,398,19.75
7777,4,399,20.75
7777,4,400,20.75
7777,4,401,25.75
7777,4,402,23.75
7777,4,403,23.75
7777,4,404,20.75
7777,4,405,21.75
7777,4,406,25.75
7777,4,407,22.75
7777,4,408,23.75
7777,4,409,21.75
7777,4,410,17.75
7777,4,411,17.75
7777,4,412,17.75
7777,4,413,18.75
7777,4,414,19.75
7777,4,415,16.75
7777,4,416,18.75
7777,4,417,20.75
7777,4,418,23.75
7777,4,419,22.75
7777,4,420,26.75
7777,4,421,21.75
7777,4,422,19.75
7777,4,423,22.75
7777,4,424,24.75
7777,4,425,24.75
7777,4,426,19.75
7777,4,427,20.75
7777,4,428,17.75
7777,4,429,23.75
7777,4,430,20.75
7777,4,431,20.75
7777,4,432,18.75
7777,4,433,14.75
7777,4,434,19.75
7777,4,435,18.75
7777,4,436,19.75
7777,4,437,20.75
7777,4,438,20.75
7777,4,439,15.75
7777,4,440,18.75
7777,4,441,18.75
7777,4,442,18.75
7777,4,443,20.75
7777,4,444,17.75
7777,4,445,21.75
7777,4,446,22.75
7777,4,447,20.75
7777,4,448,20.75
7777,4,449,18.75
7777,4,450,16.75
7777,4,451,17.75
7777,4,452,19.75
7777,4,453,21.75
7777,4,454,20.75
7777,4,455,19.75
7777,4,456,17.75
7777,4,457,19.75
7777,4,458,14.75
7777,4,459,20.75
7777,4,460,18.75
7777,4,461,18.75
7777,4,462,21.75
7777,4,463,20.75
7777,4,464,17.75
7777,4,465,18.75
7777,4,466,22.75
7777,4,467,22.75
7777,4,468,21.75
7777,4,469,18.75
7777,4,470,16.75
7777,4,471,15.75
7777,4,472,17.75
7777,4,473,14.75
7777,4,474,14.75
7777,4,475,16.75
7777,4,476,15.75
7777,4,477,18.75
7777,4,478,17.75
7777,4,479,20.75
7777,4,480,26.75
7777,4,481,27.75
7777,4,482,22.75
7777,4,483,18.75
7777,4,484,17.75
7777,4,485,20.75
7777,4,486,20.75
7777,4,487,20.75
7777,4,488,17.75
7777,4,489,17.75
7777,4,490,14.75
7777,4,491,17.75
7777,4,492,22.75
7777,4,493,24.75
7777,4,494,23.75
7777,4,495,25.75
7777,4,496,24.75
7777,4,497,26.75
7777,4,498,21.75
7777,4,499,18.75
7777,4,500,15.75
7777,4,501,14.75
7777,4,502,15.75
7777,4,503,17.75
7777,4,504,17.75
7777,4,505,17.75
7777,4,506,18.75
7777,4,507,18.75
7777,4,508,16.75
7777,4,509,25.75
7777,4,510,19.75
7777,4,511,27.75
7494,5,0,-73.45
7494,5,1,4.54999
7494,5,2,-2.45001
7494,5,3,0.549988
7494,5,4,6.54999
7494,5,5,5.54999
7494,5,6,8.54999
7494,5,7,6.54999
7494,5,8,7.54999
7494,5,9,3.54999
7494,5,10,-1.45001
7494,5,11,-1.45001
7494,5,12,2.54999
7494,5,13,-0.450012
7494,5,14,4.54999
7494,5,15,7.54999
7494,5,16,6.54999
7494,5,17,5.54999
7494,5,18,5.54999
7494,5,19,3.54999
7494,5,20,1.54999
7494,5,21,-0.450012
7494,5,22,-0.450012
7494,5,23,-1.45001
7494,5,24,0.549988
7494,5,25,3.54999
7494,5,26,4.54999
7494,5,27,10.55
7494,5,28,9.54999
7494,5,29,6.54999
7494,5,30,3.54999
7494,5,31,7.54999
7494,5,32,7.54999
7494,5,33,6.54999
7494,5,34,5.54999
7494,5,35,2.54999
7494,5,36,1.54999
7494,5,37,1.54999
7494,5,38,4.54999
7494,5,39,6.54999
7494,5,40,6.54999
7494,5,41,1.54999
7494,5,42,2.54999
7494,5,43,7.54999
7494,5,44,6.54999
7494,5,45,8.54999
7494,5,46,12.55
7494,5,47,11.55
7494,5,48,14.55
7494,5,49,10.55
7494,5,50,10.55
7494,5,51,14.55
7494,5,52,10.55
7494,5,53,16.55
7494,5,54,13.55
7494,5,55,7.54999
7494,5,56,6.54999
7494,5,57,6.54999
7494,5,58,7.54999
7494,5,59,6.54999
7494,5,60,6.54999
7494,5,61,9.54999
7494,5,62,8.54999
7494,5,63,6.54999
7494,5,64,8.54999
7494,5,65,10.55
7494,5,66,7.54999
7494,5,67,13.55
7494,5,68,11.55
7494,5,69,12.55
7494,5,70,13.55
7494,5,71,13.55
7494,5,72,13.55
7494,5,73,16.55
7494,5,74,13.55
7494,5,75,15.55
7494,5,76,12.55
7494,5,77,13.55
7494,5,78,10.55
7494,5,79,8.54999
7494,5,80,7.54999
7494,5,81,11.55
7494,5,82,10.55
7494,5,83,16.55
7494,5,84,17.55
7494,5,85,12.55
7494,5,86,14.55
7494,5,87,15.55
7494,5,88,12.55
7494,5,89,10.55
7494,5,90,13.55
7494,5,91,15.55
7494,5,92,13.55
7494,5,93,13.55
7494,5,94,13.55
7494,5,95,9.54999
7494,5,96,13.55
7494,5,97,17.55
7494,5,98,17.55
7494,5,99,16.55
7494,5,100,17.55
7494,5,101,12.55
7494,5,102,13.55
7494,5,103,13.55
7494,5,104,11.55
7494,5,105,9.54999
7494,5,106,2.54999
7494,5,107,8.54999
7494,5,108,13.55
7494,5,109,17.55
7494,5,110,24.55
7494,5,111,25.55
7494,5,112,26.55
7494,5,113,26.55
7494,5,114,24.55
7494,5,115,23.55
7494,5,116,23.55
7494,5,117,17.55
7494,5,118,18.55
7494,5,119,21.55
7494,5,120,18.55
7494,5,121,18.55
7494,5,122,23.55
7494,5,123,19.55
7494,5,124,16.55
7494,5,125,14.55
7494,5,126,16.55
7494,5,127,20.55
7494,5,128,21.55
7494,5,129,24.55
7494,5,130,24.55
7494,5,131,23.55
7494,5,132,20.55
7494,5,133,20.55
7494,5,134,18.55
7494,5,135,22.55
7494,5,136,21.55
7494,5,137,22.55
7494,5,138,22.55
7494,5,139,20.55
7494,5,140,18.55
7494,5,141,19.55
7494,5,142,18.55
7494,5,143,16.55
7494,5,144,20.55
7494,5,145,15.55
7494,5,146,14.55
7494,5,147,14.55
7494,5,148,12.55
7494,5,149,10.55
7494,5,150,10.55
7494,5,151,14.55
7494,5,152,17.55
7494,5,153,16.55
7494,5,154,21.55
7494,5,155,15.55
7494,5,156,19.55
7494,5,157,21.55
7494,5,158,21.55
7494,5,159,18.55
7494,5,160,13.55
7494,5,161,15.55
7494,5,162,15.55
7494,5,163,16.55
7494,5,164,16.55
7494,5,165,13.55
7494,5,166,13.55
7494,5,167,16.55
7494,5,168,16.55
7494,5,169,19.55
7494,5,170,16.55
7494,5,171,17.55
7494,5,172,13.55
7494,5,173,17.55
7494,5,174,19.55
7494,5,175,18.55
7494,5,176,19.55
7494,5,177,16.55
7494,5,178,14.55
7494,5,179,17.55
7494,5,180,15.55
7494,5,181,16.55
7494,5,182,11.55
7494,5,183,8.54999
7494,5,184,7.54999
7494,5,185,7.54999
7494,5,186,11.55
7494,5,187,14.55
7494,5,188,20.55
7494,5,189,14.55
7494,5,190,19.55
7494,5,191,20.55
7494,5,192,19.55
7494,5,193,17.55
7494,5,194,14.55
7494,5,195,15.55
7494,5,196,17.55
7494,5,197,16.55
7494,5,198,19.55
7494,5,199,16.55
7494,5,200,14.55
7494,5,201,14.55
7494,5,202,10.55
7494,5,203,12.55
7494,5,204,14.55
7494,5,205,15.55
7494,5,206,16.55
7494,5,207,14.55
7494,5,208,14.55
7494,5,209,14.55
7494,5,210,18.55
7494,5,211,18.55
7494,5,212,14.55
7494,5,213,16.55
7494,5,214,15.55
7494,5,215,13.55
7494,5,216,12.55
7494,5,217,11.55
7494,5,218,12.55
7494,5,219,11.55
7494,5,220,10.55
7494,5,221,8.54999
7494,5,222,8.54999
7494,5,223,5.54999
7494,5,224,9.54999
7494,5,225,13.55
7494,5,226,8.54999
7494,5,227,10.55
7494,5,228,8.54999
7494,5,229,11.55
7494,5,230,8.54999
7494,5,231,9.54999
7494,5,232,10.55
7494,5,233,7.54999
7494,5,234,12.55
7494,5,235,14.55
7494,5,236,13.55
7494,5,237,10.55
7494,5,238,12.55
7494,5,239,14.55
7494,5,240,14.55
7494,5,241,12.55
7494,5,242,12.55
7494,5,243,13.55
7494,5,244,14.55
7494,5,245,12.55
7494,5,246,12.55
7494,5,247,9.54999
7494,5,248,10.55
7494,5,249,9.54999
7494,5,250,10.55
7494,5,251,10.55
7494,5,252,10.55
7494,5,253,8.54999
7494,5,254,12.55
7494,5,255,14.55
7494,5,256,13.55
7494,5,257,16.55
7494,5,258,15.55
7494,5,259,19.55
7494,5,260,20.55
7494,5,261,21.55
7494,5,262,17.55
7494,5,263,17.55
7494,5,264,13.55
7494,5,265,14.55
7494,5,266,14.55
7494,5,267,12.55
7494,5,268,10.55
7494,5,269,9.54999
7494,5,270,13.55
7494,5,271,13.55
7494,5,272,10.55
7494,5,273,8.54999
7494,5,274,8.54999
7494,5,275,10.55
7494,5,276,10.55
7494,5,277,10.55
7494,5,278,9.54999
7494,5,279,10.55
7494,5,280,4.54999
7494,5,281,3.54999
7494,5,282,3.54999
7494,5,283,7.54999
7494,5,284,9.54999
7494,5,285,8.54999
7494,5,286,7.54999
7494,5,287,9.54999
7494,5,288,12.55
7494,5,289,15.55
7494,5,290,14.55
7494,5,291,13.55
7494,5,292,11.55
7494,5,293,7.54999
7494,5,294,9.54999
7494,5,295,6.54999
7494,5,296,9.54999
7494,5,297,11.55
7494,5,298,11.55
7494,5,299,5.54999
7494,5,300,8.54999
7494,5,301,5.54999
7494,5,302,8.54999
7494,5,303,8.54999
7494,5,304,16.55
7494,5,305,10.55
7494,5,306,10.55
7494,5,307,6.54999
7494,5,308,5.54999
7494,5,309,1.54999
7494,5,310,6.54999
7494,5,311,9.54999
7494,5,312,9.54999
7494,5,313,12.55
7494,5,314,11.55
7494,5,315,15.55
7494,5,316,14.55
7494,5,317,15.55
7494,5,318,11.55
7494,5,319,12.55
7494,5,320,15.55
7494,5,321,12.55
7494,5,322,14.55
7494,5,323,17.55
7494,5,324,16.55
7494,5,325,15.55
7494,5,326,10.55
7494,5,327,11.55
7494,5,328,8.54999
7494,5,329,9.54999
7494,5,330,9.54999
7494,5,331,10.55
7494,5,332,9.54999
7494,5,333,9.54999
7494,5,334,10.55
7494,5,335,7.54999
7494,5,336,9.54999
7494,5,337,7.54999
7494,5,338,12.55
7494,5,339,15.55
7494,5,340,12.55
7494,5,341,15.55
7494,5,342,20.55
7494,5,343,19.55
7494,5,344,18.55
7494,5,345,11.55
7494,5,346,9.54999
7494,5,347,9.54999
7494,5,348,7.54999
7494,5,349,9.54999
7494,5,350,8.54999
7494,5,351,12.55
7494,5,352,11.55
7494,5,353,11.55
7494,5,354,7.54999
7494,5,355,9.54999
7494,5,356,8.54999
7494,5,357,14.55
7494,5,358,13.55
7494,5,359,14.55
7494,5,360,18.55
7494,5,361,16.55
7494,5,362,12.55
7494,5,363,7.54999
7494,5,364,7.54999
7494,5,365,8.54999
7494,5,366,9.54999
7494,5,367,11.55
7494,5,368,16.55
7494,5,369,12.55
7494,5,370,16.55
7494,5,371,18.55
7494,5,372,18.55
7494,5,373,18.55
7494,5,374,20.55
7494,5,375,14.55
7494,5,376,12.55
7494,5,377,10.55
7494,5,378,12.55
7494,5,379,12.55
7494,5,380,17.55
7494,5,381,16.55
7494,5,382,15.55
7494,5,383,16.55
7494,5,384,10.55
7494,5,385,8.54999
7494,5,386,7.54999
7494,5,387,10.55
7494,5,388,9.54999
7494,5,389,16.55
7494,5,390,17.55
7494,5,391,16.55
7494,5,392,16.55
7494,5,393,15.55
7494,5,394,13.55
7494,5,395,12.55
7494,5,396,11.55
7494,5,397,10.55
7494,5,398,16.55
7494,5,399,6.54999
7494,5,400,4.54999
7494,5,401,10.55
7494,5,402,8.54999
7494,5,403,8.54999
7494,5,404,14.55
7494,5,405,10.55
7494,5,406,12.55
7494,5,407,10.55
7494,5,408,13.55
7494,5,409,17.55
7494,5,410,19.55
7494,5,411,18.55
7494,5,412,11.55
7494,5,413,18.55
7494,5,414,16.55
7494,5,415,19.55
7494,5,416,18.55
7494,5,417,17.55
7494,5,418,18.55
7494,5,419,17.55
7494,5,420,19.55
7494,5,421,18.55
7494,5,422,18.55
7494,5,423,18.55
7494,5,424,19.55
7494,5,425,20.55
7494,5,426,17.55
7494,5,427,10.55
7494,5,428,15.55
7494,5,429,12.55
7494,5,430,14.55
7494,5,431,15.55
7494,5,432,18.55
7494,5,433,13.55
7494,5,434,20.55
7494,5,435,15.55
7494,5,436,13.55
7494,5,437,7.54999
7494,5,438,5.54999
7494,5,439,6.54999
7494,5,440,11.55
7494,5,441,8.54999
7494,5,442,9.54999
7494,5,443,13.55
7494,5,444,15.55
7494,5,445,14.55
7494,5,446,12.55
7494,5,447,13.55
7494,5,448,9.54999
7494,5,449,8.54999
7494,5,450,11.55
7494,5,451,10.55
7494,5,452,10.55
7494,5,453,14.55
7494,5,454,15.55
7494,5,455,19.55
7494,5,456,20.55
7494,5,457,23.55
7494,5,458,20.55
7494,5,459,19.55
7494,5,460,12.55
7494,5,461,13.55
7494,5,462,16.55
7494,5,463,14.55
7494,5,464,19.55
7494,5,465,12.55
7494,5,466,12.55
7494,5,467,13.55
7494,5,468,19.55
7494,5,469,16.55
7494,5,470,18.55
7494,5,471,18.55
7494,5,472,15.55
7494,5,473,15.55
7494,5,474,10.55
7494,5,475,5.54999
7494,5,476,11.55
7494,5,477,11.55
7494,5,478,12.55
7494,5,479,21.55
7494,5,480,18.55
7494,5,481,16.55
7494,5,482,11.55
7494,5,483,13.55
7494,5,484,12.55
7494,5,485,10.55
7494,5,486,11.55
7494,5,487,13.55
7494,5,488,9.54999
7494,5,489,11.55
7494,5,490,14.55
7494,5,491,16.55
7494,5,492,20.55
7494,5,493,17.55
7494,5,494,16.55
7494,5,495,16.55
7494,5,496,16.55
7494,5,497,20.55
7494,5,498,21.55
7494,5,499,23.55
7494,5,500,19.55
7494,5,501,20.55
7494,5,502,20.55
7494,5,503,18.55
7494,5,504,12.55
7494,5,505,9.54999
7494,5,506,9.54999
7494,5,507,13.55
7494,5,508,18.55
7494,5,509,15.55
7494,5,510,15.55
7494,5,511,20.55
7970,5,0,-67.5
7970,5,1,4.5
7970,5,2,3.5
7970,5,3,3.5
7970,5,4,8.5
7970,5,5,9.5
7970,5,6,7.5
7970,5,7,3.5
7970,5,8,-0.5
7970,5,9,-1.5
7970,5,10,-0.5
7970,5,11,4.5
7970,5,12,5.5
7970,5,13,2.5
7970,5,14,-1.5
7970,5,15,-1.5
7970,5,16,2.5
7970,5,17,5.5
7970,5,18,6.5
7970,5,19,5.5
7970,5,20,1.5
7970,5,21,4.5
7970,5,22,-3.5
7970,5,23,-1.5
7970,5,24,1.5
7970,5,25,5.5
7970,5,26,5.5
7970,5,27,5.5
7970,5,28,9.5
7970,5,29,9.5
7970,5,30,6.5
7970,5,31,8.5
7970,5,32,5.5
7970,5,33,2.5
7970,5,34,4.5
7970,5,35,4.5
7970,5,36,3.5
7970,5,37,8.5
7970,5,38,5.5
7970,5,39,7.5
7970,5,40,8.5
7970,5,41,4.5
7970,5,42,4.5
7970,5,43,1.5
7970,5,44,2.5
7970,5,45,5.5
7970,5,46,5.5
7970,5,47,4.5
7970,5,48,5.5
7970,5,49,6.5
7970,5,50,6.5
7970,5,51,5.5
7970,5,52,2.5
7970,5,53,2.5
7970,5,54,2.5
7970,5,55,10.5
7970,5,56,10.5
7970,5,57,8.5
7970,5,58,7.5
7970,5,59,6.5
7970,5,60,7.5
7970,5,61,7.5
7970,5,62,8.5
7970,5,63,9.5
7970,5,64,4.5
7970,5,65,2.5
7970,5,66,1.5
7970,5,67,4.5
7970,5,68,7.5
7970,5,69,7.5
7970,5,70,4.5
7970,5,71,5.5
7970,5,72,7.5
7970,5,73,6.5
7970,5,74,11.5
7970,5,75,3.5
7970,5,76,-2.5
7970,5,77,5.5
7970,5,78,10.5
7970,5,79,12.5
7970,5,80,15.5
7970,5,81,14.5
7970,5,82,15.5
7970,5,83,13.5
7970,5,84,14.5
7970,5,85,16.5
7970,5,86,14.5
7970,5,87,14.5
7970,5,88,17.5
7970,5,89,16.5
7970,5,90,14.5
7970,5,91,12.5
7970,5,92,9.5
7970,5,93,2.5
7970,5,94,6.5
7970,5,95,3.5
7970,5,96,5.5
7970,5,97,5.5
7970,5,98,7.5
7970,5,99,12.5
7970,5,100,11.5
7970,5,101,15.5
7970,5,102,17.5
7970,5,103,15.5
7970,5,104,18.5
7970,5,105,17.5
7970,5,106,13.5
7970,5,107,10.5
7970,5,108,12.5
7970,5,109,9.5
7970,5,110,5.5
7970,5,111,10.5
7970,5,112,11.5
7970,5,113,9.5
7970,5,114,10.5
7970,5,115,14.5
7970,5,116,10.5
7970,5,117,10.5
7970,5,118,7.5
7970,5,119,7.5
7970,5,120,9.5
7970,5,121,12.5
7970,5,122,14.5
7970,5,123,15.5
7970,5,124,15.5
7970,5,125,14.5
7970,5,126,10.5
7970,5,127,15.5
7970,5,128,14.5
7970,5,129,16.5
7970,5,130,14.5
7970,5,131,15.5
7970,5,132,13.5
7970,5,133,14.5
7970,5,134,12.5
7970,5,135,15.5
7970,5,136,13.5
7970,5,137,15.5
7970,5,138,14.5
7970,5,139,17.5
7970,5,140,14.5
7970,5,141,18.5
7970,5,142,18.5
7970,5,143,17.5
7970,5,144,16.5
7970,5,145,15.5
7970,5,146,18.5
7970,5,147,21.5
7970,5,148,22.5
7970,5,149,22.5
7970,5,150,16.5
7970,5,151,19.5
7970,5,152,19.5
7970,5,153,19.5
7970,5,154,15.5
7970,5,155,18.5
7970,5,156,17.5
7970,5,157,20.5
7970,5,158,18.5
7970,5,159,19.5
7970,5,160,16.5
7970,5,161,18.5
7970,5,162,16.5
7970,5,163,11.5
7970,5,164,11.5
7970,5,165,12.5
7970,5,166,15.5
7970,5,167,17.5
7970,5,168,17.5
7970,5,169,20.5
7970,5,170,24.5
7970,5,171,24.5
7970,5,172,23.5
7970,5,173,18.5
7970,5,174,18.5
7970,5,175,21.5
7970,5,176,23.5
7970,5,177,26.5
7970,5,178,23.5
7970,5,179,23.5
7970,5,180,21.5
7970,5,181,20.5
7970,5,182,21.5
7970,5,183,24.5
7970,5,184,24.5
7970,5,185,25.5
7970,5,186,21.5
7970,5,187,22.5
7970,5,188,18.5
7970,5,189,22.5
7970,5,190,21.5
7970,5,191,19.5
7970,5,192,19.5
7970,5,193,24.5
7970,5,194,21.5
7970,5,195,27.5
7970,5,196,28.5
7970,5,197,30.5
7970,5,198,30.5
7970,5,199,26.5
7970,5,200,24.5
7970,5,201,23.5
7970,5,202,25.5
7970,5,203,23.5
7970,5,204,21.5
7970,5,205,26.5
7970,5,206,27.5
7970,5,207,29.5
7970,5,208,28.5
7970,5,209,23.5
7970,5,210,18.5
7970,5,211,15.5
7970,5,212,16.5
7970,5,213,16.5
7970,5,214,18.5
7970,5,215,22.5
7970,5,216,24.5
7970,5,217,28.5
7970,5,218,26.5
7970,5,219,26.5
7970,5,220,27.5
7970,5,221,31.5
7970,5,222,29.5
7970,5,223,29.5
7970,5,224,28.5
7970,5,225,26.5
7970,5,226,27.5
7970,5,227,23.5
7970,5,228,20.5
7970,5,229,19.5
7970,5,230,19.5
7970,5,231,18.5
7970,5,232,20.5
7970,5,233,19.5
7970,5,234,20.5
7970,5,235,16.5
7970,5,236,21.5
7970,5,237,20.5
7970,5,238,18.5
7970,5,239,19.5
7970,5,240,21.5
7970,5,241,20.5
7970,5,242,16.5
7970,5,243,15.5
7970,5,244,17.5
7970,5,245,22.5
7970,5,246,18.5
7970,5,247,19.5
7970,5,248,17.5
7970,5,249,19.5
7970,5,250,17.5
7970,5,251,14.5
7970,5,252,13.5
7970,5,253,16.5
7970,5,254,18.5
7970,5,255,18.5
7970,5,256,23.5
7970,5,257,20.5
7970,5,258,18.5
7970,5,259,19.5
7970,5,260,18.5
7970,5,261,15.5
7970,5,262,19.5
7970,5,263,19.5
7970,5,264,16.5
7970,5,265,16.5
7970,5,266,14.5
7970,5,267,16.5
7970,5,268,17.5
7970,5,269,18.5
7970,5,270,18.5
7970,5,271,22.5
7970,5,272,21.5
7970,5,273,20.5
7970,5,274,21.5
7970,5,275,18.5
7970,5,276,19.5
7970,5,277,17.5
7970,5,278,17.5
7970,5,279,19.5
7970,5,280,19.5
7970,5,281,19.5
7970,5,282,15.5
7970,5,283,15.5
7970,5,284,8.5
7970,5,285,11.5
7970,5,286,9.5
7970,5,287,12.5
7970,5,288,8.5
7970,5,289,15.5
7970,5,290,14.5
7970,5,291,20.5
7970,5,292,14.5
7970,5,293,13.5
7970,5,294,16.5
7970,5,295,15.5
7970,5,296,13.5
7970,5,297,13.5
7970,5,298,19.5
7970,5,299,16.5
7970,5,300,14.5
7970,5,301,9.5
7970,5,302,12.5
7970,5,303,15.5
7970,5,304,14.5
7970,5,305,12.5
7970,5,306,16.5
7970,5,307,10.5
7970,5,308,10.5
7970,5,309,7.5
7970,5,310,9.5
7970,5,311,13.5
7970,5,312,16.5
7970,5,313,17.5
7970,5,314,23.5
7970,5,315,15.5
7970,5,316,14.5
7970,5,317,16.5
7970,5,318,13.5
7970,5,319,11.5
7970,5,320,11.5
7970,5,321,13.5
7970,5,322,10.5
7970,5,323,13.5
7970,5,324,10.5
7970,5,325,14.5
7970,5,326,15.5
7970,5,327,20.5
7970,5,328,14.5
7970,5,329,20.5
7970,5,330,18.5
7970,5,331,21.5
7970,5,332,14.5
7970,5,333,16.5
7970,5,334,13.5
7970,5,335,12.5
7970,5,336,15.5
7970,5,337,15.5
7970,5,338,13.5
7970,5,339,16.5
7970,5,340,20.5
7970,5,341,16.5
7970,5,342,20.5
7970,5,343,16.5
7970,5,344,16.5
7970,5,345,19.5
7970,5,346,15.5
7970,5,347,14.5
7970,5,348,10.5
7970,5,349,8.5
7970,5,350,9.5
7970,5,351,9.5
7970,5,352,10.5
7970,5,353,12.5
7970,5,354,10.5
7970,5,355,14.5
7970,5,356,17.5
7970,5,357,17.5
7970,5,358,17.5
7970,5,359,20.5
7970,5,360,18.5
7970,5,361,21.5
7970,5,362,23.5
7970,5,363,21.5
7970,5,364,16.5
7970,5,365,19.5
7970,5,366,20.5
7970,5,367,17.5
7970,5,368,11.5
7970,5,369,16.5
7970,5,370,10.5
7970,5,371,15.5
7970,5,372,16.5
7970,5,373,16.5
7970,5,374,17.5
7970,5,375,18.5
7970,5,376,16.5
7970,5,377,15.5
7970,5,378,9.5
7970,5,379,6.5
7970,5,380,7.5
7970,5,381,8.5
7970,5,382,7.5
7970,5,383,10.5
7970,5,384,11.5
7970,5,385,14.5
7970,5,386,12.5
7970,5,387,14.5
7970,5,388,15.5
7970,5,389,12.5
7970,5,390,9.5
7970,5,391,5.5
7970,5,392,13.5
7970,5,393,13.5
7970,5,394,14.5
7970,5,395,14.5
7970,5,396,13.5
7970,5,397,13.5
7970,5,398,10.5
7970,5,399,10.5
7970,5,400,11.5
7970,5,401,10.5
7970,5,402,11.5
7970,5,403,10.5
7970,5,404,11.5
7970,5,405,10.5
7970,5,406,12.5
7970,5,407,13.5
7970,5,408,16.5
7970,5,409,9.5
7970,5,410,11.5
7970,5,411,16.5
7970,5,412,16.5
7970,5,413,16.5
7970,5,414,19.5
7970,5,415,19.5
7970,5,416,14.5
7970,5,417,9.5
7970,5,418,14.5
7970,5,419,10.5
7970,5,420,14.5
7970,5,421,17.5
7970,5,422,16.5
7970,5,423,16.5
7970,5,424,16.5
7970,5,425,20.5
7970,5,426,16.5
7970,5,427,15.5
7970,5,428,11.5
7970,5,429,15.5
7970,5,430,16.5
7970,5,431,9.5
7970,5,432,13.5
7970,5,433,10.5
7970,5,434,9.5
7970,5,435,11.5
7970,5,436,7.5
7970,5,437,10.5
7970,5,438,14.5
7970,5,439,15.5
7970,5,440,17.5
7970,5,441,15.5
7970,5,442,20.5
7970,5,443,17.5
7970,5,444,19.5
7970,5,445,16.5
7970,5,446,14.5
7970,5,447,11.5
7970,5,448,16.5
7970,5,449,14.5
7970,5,450,15.5
7970,5,451,14.5
7970,5,452,16.5
7970,5,453,16.5
7970,5,454,14.5
7970,5,455,15.5
7970,5,456,14.5
7970,5,457,20.5
7970,5,458,21.5
7970,5,459,18.5
7970,5,460,15.5
7970,5,461,13.5
7970,5,462,16.5
7970,5,463,15.5
7970,5,464,19.5
7970,5,465,17.5
7970,5,466,20.5
7970,5,467,20.5
7970,5,468,19.5
7970,5,469,15.5
7970,5,470,15.5
7970,5,471,10.5
7970,5,472,9.5
7970,5,473,9.5
7970,5,474,8.5
7970,5,475,13.5
7970,5,476,15.5
7970,5,477,22.5
7970,5,478,19.5
7970,5,479,17.5
7970,5,480,17.5
7970,5,481,14.5
7970,5,482,9.5
7970,5,483,15.5
7970,5,484,13.5
7970,5,485,17.5
7970,5,486,17.5
7970,5,487,16.5
7970,5,488,13.5
7970,5,489,14.5
7970,5,490,14.5
7970,5,491,11.5
7970,5,492,15.5
7970,5,493,15.5
7970,5,494,15.5
7970,5,495,12.5
7970,5,496,17.5
7970,5,497,13.5
7970,5,498,15.5
7970,5,499,18.5
7970,5,500,15.5
7970,5,501,17.5
7970,5,502,10.5
7970,5,503,6.5
7970,5,504,7.5
7970,5,505,14.5
7970,5,506,20.5
7970,5,507,22.5
7970,5,508,27.5
7970,5,509,33.5
7970,5,510,28.5
7970,5,511,33.5
5837,5,0,-73.35
5837,5,1,1.64999
5837,5,2,2.64999
5837,5,3,3.64999
5837,5,4,3.64999
5837,5,5,6.64999
5837,5,6,5.64999
5837,5,7,5.64999
5837,5,8,4.64999
5837,5,9,3.64999
5837,5,10,2.64999
5837,5,11,6.64999
5837,5,12,8.64999
5837,5,13,10.65
5837,5,14,5.64999
5837,5,15,2.64999
5837,5,16,-0.350006
5837,5,17,1.64999
5837,5,18,-1.35001
5837,5,19,-1.35001
5837,5,20,-0.350006
5837,5,21,-3.35001
5837,5,22,-2.35001
5837,5,23,-2.35001
5837,5,24,-2.35001
5837,5,25,2.64999
5837,5,26,2.64999
5837,5,27,4.64999
5837,5,28,6.64999
5837,5,29,2.64999
5837,5,30,-1.35001
5837,5,31,-0.350006
5837,5,32,2.64999
5837,5,33,7.64999
5837,5,34,6.64999
5837,5,35,4.64999
5837,5,36,2.64999
5837,5,37,1.64999
5837,5,38,1.64999
5837,5,39,-2.35001
5837,5,40,3.64999
5837,5,41,11.65
5837,5,42,4.64999
5837,5,43,6.64999
5837,5,44,4.64999
5837,5,45,3.64999
5837,5,46,5.64999
5837,5,47,2.64999
5837,5,48,6.64999
5837,5,49,9.64999
5837,5,50,7.64999
5837,5,51,6.64999
5837,5,52,8.64999
5837,5,53,7.64999
5837,5,54,6.64999
5837,5,55,2.64999
5837,5,56,1.64999
5837,5,57,2.64999
5837,5,58,2.64999
5837,5,59,3.64999
5837,5,60,7.64999
5837,5,61,7.64999
5837,5,62,7.64999
5837,5,63,8.64999
5837,5,64,8.64999
5837,5,65,8.64999
5837,5,66,6.64999
5837,5,67,11.65
5837,5,68,5.64999
5837,5,69,10.65
5837,5,70,6.64999
5837,5,71,8.64999
5837,5,72,5.64999
5837,5,73,8.64999
5837,5,74,11.65
5837,5,75,9.64999
5837,5,76,9.64999
5837,5,77,6.64999
5837,5,78,9.64999
5837,5,79,11.65
5837,5,80,10.65
5837,5,81,9.64999
5837,5,82,4.64999
5837,5,83,6.64999
5837,5,84,9.64999
5837,5,85,9.64999
5837,5,86,14.65
5837,5,87,10.65
5837,5,88,11.65
5837,5,89,12.65
5837,5,90,10.65
5837,5,91,13.65
5837,5,92,7.64999
5837,5,93,8.64999
5837,5,94,11.65
5837,5,95,11.65
5837,5,96,16.65
5837,5,97,12.65
5837,5,98,14.65
5837,5,99,12.65
5837,5,100,14.65
5837,5,101,15.65
5837,5,102,16.65
5837,5,103,12.65
5837,5,104,15.65
5837,5,105,14.65
5837,5,106,14.65
5837,5,107,16.65
5837,5,108,22.65
5837,5,109,17.65
5837,5,110,18.65
5837,5,111,18.65
5837,5,112,15.65
5837,5,113,18.65
5837,5,114,19.65
5837,5,115,19.65
5837,5,116,18.65
5837,5,117,16.65
5837,5,118,17.65
5837,5,119,12.65
5837,5,120,21.65
5837,5,121,20.65
5837,5,122,14.65
5837,5,123,17.65
5837,5,124,17.65
5837,5,125,18.65
5837,5,126,20.65
5837,5,127,20.65
5837,5,128,19.65
5837,5,129,15.65
5837,5,130,13.65
5837,5,131,14.65
5837,5,132,18.65
5837,5,133,17.65
5837,5,134,17.65
5837,5,135,15.65
5837,5,136,13.65
5837,5,137,18.65
5837,5,138,21.65
5837,5,139,20.65
5837,5,140,17.65
5837,5,141,18.65
5837,5,142,14.65
5837,5,143,18.65
5837,5,144,15.65
5837,5,145,18.65
5837,5,146,18.65
5837,5,147,17.65
5837,5,148,14.65
5837,5,149,15.65
5837,5,150,15.65
5837,5,151,14.65
5837,5,152,19.65
5837,5,153,22.65
5837,5,154,23.65
5837,5,155,25.65
5837,5,156,22.65
5837,5,157,22.65
5837,5,158,23.65
5837,5,159,20.65
5837,5,160,18.65
5837,5,161,15.65
5837,5,162,13.65
5837,5,163,15.65
5837,5,164,12.65
5837,5,165,10.65
5837,5,166,16.65
5837,5,167,13.65
5837,5,168,15.65
5837,5,169,13.65
5837,5,170,10.65
5837,5,171,13.65
5837,5,172,14.65
5837,5,173,10.65
5837,5,174,9.64999
5837,5,175,5.64999
5837,5,176,8.64999
5837,5,177,9.64999
5837,5,178,13.65
5837,5,179,15.65
5837,5,180,12.65
5837,5,181,11.65
5837,5,182,13.65
5837,5,183,15.65
5837,5,184,15.65
5837,5,185,13.65
5837,5,186,8.64999
5837,5,187,9.64999
5837,5,188,14.65
5837,5,189,11.65
5837,5,190,12.65
5837,5,191,9.64999
5837,5,192,9.64999
5837,5,193,8.64999
5837,5,194,8.64999
5837,5,195,12.65
5837,5,196,11.65
5837,5,197,11.65
5837,5,198,17.65
5837,5,199,16.65
5837,5,200,10.65
5837,5,201,11.65
5837,5,202,13.65
5837,5,203,10.65
5837,5,204,10.65
5837,5,205,11.65
5837,5,206,11.65
5837,5,207,10.65
5837,5,208,10.65
5837,5,209,11.65
5837,5,210,3.64999
5837,5,211,8.64999
5837,5,212,6.64999
5837,5,213,3.64999
5837,5,214,13.65
5837,5,215,15.65
5837,5,216,16.65
5837,5,217,12.65
5837,5,218,12.65
5837,5,219,11.65
5837,5,220,9.64999
5837,5,221,8.64999
5837,5,222,7.64999
5837,5,223,8.64999
5837,5,224,6.64999
5837,5,225,12.65
5837,5,226,11.65
5837,5,227,10.65
5837,5,228,9.64999
5837,5,229,12.65
5837,5,230,7.64999
5837,5,231,9.64999
5837,5,232,9.64999
5837,5,233,9.64999
5837,5,234,5.64999
5837,5,235,8.64999
5837,5,236,8.64999
5837,5,237,8.64999
5837,5,238,8.64999
5837,5,239,11.65
5837,5,240,8.64999
5837,5,241,9.64999
5837,5,242,6.64999
5837,5,243,3.64999
5837,5,244,1.64999
5837,5,245,5.64999
5837,5,246,0.649994
5837,5,247,5.64999
5837,5,248,5.64999
5837,5,249,4.64999
5837,5,250,8.64999
5837,5,251,9.64999
5837,5,252,11.65
5837,5,253,13.65
5837,5,254,10.65
5837,5,255,5.64999
5837,5,256,4.64999
5837,5,257,5.64999
5837,5,258,5.64999
5837,5,259,6.64999
5837,5,260,4.64999
5837,5,261,4.64999
5837,5,262,-0.350006
5837,5,263,0.649994
5837,5,264,4.64999
5837,5,265,5.64999
5837,5,266,4.64999
5837,5,267,5.64999
5837,5,268,4.64999
5837,5,269,10.65
5837,5,270,10.65
5837,5,271,12.65
5837,5,272,9.64999
5837,5,273,7.64999
5837,5,274,6.64999
5837,5,275,9.64999
5837,5,276,7.64999
5837,5,277,4.64999
5837,5,278,5.64999
5837,5,279,4.64999
5837,5,280,4.64999
5837,5,281,10.65
5837,5,282,6.64999
5837,5,283,5.64999
5837,5,284,7.64999
5837,5,285,6.64999
5837,5,286,8.64999
5837,5,287,8.64999
5837,5,288,5.64999
5837,5,289,7.64999
5837,5,290,9.64999
5837,5,291,8.64999
5837,5,292,11.65
5837,5,293,6.64999
5837,5,294,10.65
5837,5,295,8.64999
5837,5,296,7.64999
5837,5,297,7.64999
5837,5,298,2.64999
5837,5,299,3.64999
5837,5,300,8.64999
5837,5,301,7.64999
5837,5,302,9.64999
5837,5,303,9.64999
5837,5,304,8.64999
5837,5,305,6.64999
5837,5,306,6.64999
5837,5,307,8.64999
5837,5,308,12.65
5837,5,309,14.65
5837,5,310,15.65
5837,5,311,13.65
5837,5,312,9.64999
5837,5,313,13.65
5837,5,314,12.65
5837,5,315,13.65
5837,5,316,10.65
5837,5,317,10.65
5837,5,318,8.64999
5837,5,319,9.64999
5837,5,320,9.64999
5837,5,321,7.64999
5837,5,322,9.64999
5837,5,323,9.64999
5837,5,324,7.64999
5837,5,325,7.64999
5837,5,326,7.64999
5837,5,327,10.65
5837,5,328,4.64999
5837,5,329,7.64999
5837,5,330,7.64999
5837,5,331,5.64999
5837,5,332,9.64999
5837,5,333,7.64999
5837,5,334,5.64999
5837,5,335,0.649994
5837,5,336,3.64999
5837,5,337,5.64999
5837,5,338,5.64999
5837,5,339,3.64999
5837,5,340,7.64999
5837,5,341,10.65
5837,5,342,11.65
5837,5,343,14.65
5837,5,344,10.65
5837,5,345,9.64999
5837,5,346,6.64999
5837,5,347,10.65
5837,5,348,5.64999
5837,5,349,12.65
5837,5,350,6.64999
5837,5,351,14.65
5837,5,352,9.64999
5837,5,353,5.64999
5837,5,354,3.64999
5837,5,355,5.64999
5837,5,356,2.64999
5837,5,357,5.64999
5837,5,358,8.64999
5837,5,359,5.64999
5837,5,360,7.64999
5837,5,361,7.64999
5837,5,362,13.65
5837,5,363,12.65
5837,5,364,10.65
5837,5,365,10.65
5837,5,366,4.64999
5837,5,367,0.649994
5837,5,368,5.64999
5837,5,369,6.64999
5837,5,370,4.64999
5837,5,371,4.64999
5837,5,372,2.64999
5837,5,373,4.64999
5837,5,374,7.64999
5837,5,375,10.65
5837,5,376,10.65
5837,5,377,10.65
5837,5,378,21.65
5837,5,379,13.65
5837,5,380,11.65
5837,5,381,13.65
5837,5,382,12.65
5837,5,383,13.65
5837,5,384,14.65
5837,5,385,16.65
5837,5,386,18.65
5837,5,387,13.65
5837,5,388,13.65
5837,5,389,16.65
5837,5,390,13.65
5837,5,391,6.64999
5837,5,392,3.64999
5837,5,393,3.64999
5837,5,394,5.64999
5837,5,395,5.64999
5837,5,396,8.64999
5837,5,397,5.64999
5837,5,398,5.64999
5837,5,399,9.64999
5837,5,400,8.64999
5837,5,401,8.64999
5837,5,402,6.64999
5837,5,403,9.64999
5837,5,404,11.65
5837,5,405,10.65
5837,5,406,9.64999
5837,5,407,12.65
5837,5,408,8.64999
5837,5,409,10.65
5837,5,410,8.64999
5837,5,411,6.64999
5837,5,412,6.64999
5837,5,413,11.65
5837,5,414,20.65
5837,5,415,19.65
5837,5,416,18.65
5837,5,417,17.65
5837,5,418,19.65
5837,5,419,15.65
5837,5,420,11.65
5837,5,421,11.65
5837,5,422,10.65
5837,5,423,7.64999
5837,5,424,6.64999
5837,5,425,6.64999
5837,5,426,6.64999
5837,5,427,6.64999
5837,5,428,12.65
5837,5,429,9.64999
5837,5,430,10.65
5837,5,431,6.64999
5837,5,432,12.65
5837,5,433,13.65
5837,5,434,5.64999
5837,5,435,3.64999
5837,5,436,7.64999
5837,5,437,10.65
5837,5,438,6.64999
5837,5,439,10.65
5837,5,440,8.64999
5837,5,441,13.65
5837,5,442,12.65
5837,5,443,10.65
5837,5,444,7.64999
5837,5,445,7.64999
5837,5,446,6.64999
5837,5,447,7.64999
5837,5,448,9.64999
5837,5,449,14.65
5837,5,450,14.65
5837,5,451,14.65
5837,5,452,10.65
5837,5,453,14.65
5837,5,454,11.65
5837,5,455,11.65
5837,5,456,14.65
5837,5,457,11.65
5837,5,458,11.65
5837,5,459,14.65
5837,5,460,12.65
5837,5,461,14.65
5837,5,462,15.65
5837,5,463,18.65
5837,5,464,15.65
5837,5,465,18.65
5837,5,466,17.65
5837,5,467,17.65
5837,5,468,20.65
5837,5,469,15.65
5837,5,470,15.65
5837,5,471,17.65
5837,5,472,14.65
5837,5,473,12.65
5837,5,474,8.64999
5837,5,475,9.64999
5837,5,476,7.64999
5837,5,477,10.65
5837,5,478,10.65
5837,5,479,12.65
5837,5,480,11.65
5837,5,481,8.64999
5837,5,482,11.65
5837,5,483,12.65
5837,5,484,14.65
5837,5,485,15.65
5837,5,486,13.65
5837,5,487,14.65
5837,5,488,12.65
5837,5,489,10.65
5837,5,490,10.65
5837,5,491,12.65
5837,5,492,9.64999
5837,5,493,12.65
5837,5,494,9.64999
5837,5,495,8.64999
5837,5,496,7.64999
5837,5,497,11.65
5837,5,498,12.65
5837,5,499,12.65
5837,5,500,21.65
5837,5,501,16.65
5837,5,502,15.65
5837,5,503,11.65
5837,5,504,14.65
5837,5,505,13.65
5837,5,506,13.65
5837,5,507,15.65
5837,5,508,19.65
5837,5,509,22.65
5837,5,510,23.65
5837,5,511,26.65
2908,5,0,-70.75
2908,5,1,-0.75
2908,5,2,1.25
2908,5,3,-5.75
2908,5,4,-0.75
2908,5,5,1.25
2908,5,6,5.25
2908,5,7,3.25
2908,5,8,3.25
2908,5,9,0.25
2908,5,10,0.25
2908,5,11,1.25
2908,5,12,4.25
2908,5,13,9.25
2908,5,14,11.25
2908,5,15,10.25
2908,5,16,9.25
2908,5,17,8.25
2908,5,18,6.25
2908,5,19,3.25
2908,5,20,3.25
2908,5,21,4.25
2908,5,22,4.25
2908,5,23,4.25
2908,5,24,1.25
2908,5,25,-2.75
2908,5,26,-3.75
2908,5,27,1.25
2908,5,28,6.25
2908,5,29,6.25
2908,5,30,8.25
2908,5,31,2.25
2908,5,32,2.25
2908,5,33,-1.75
2908,5,34,6.25
2908,5,35,3.25
2908,5,36,4.25
2908,5,37,7.25
2908,5,38,9.25
2908,5,39,6.25
2908,5,40,10.25
2908,5,41,6.25
2908,5,42,0.25
2908,5,43,1.25
2908,5,44,-1.75
2908,5,45,1.25
2908,5,46,5.25
2908,5,47,4.25
2908,5,48,3.25
2908,5,49,5.25
2908,5,50,6.25
2908,5,51,5.25
2908,5,52,5.25
2908,5,53,2.25
2908,5,54,5.25
2908,5,55,9.25
2908,5,56,11.25
2908,5,57,14.25
2908,5,58,8.25
2908,5,59,6.25
2908,5,60,7.25
2908,5,61,5.25
2908,5,62,8.25
2908,5,63,10.25
2908,5,64,9.25
2908,5,65,8.25
2908,5,66,6.25
2908,5,67,4.25
2908,5,68,6.25
2908,5,69,5.25
2908,5,70,3.25
2908,5,71,2.25
2908,5,72,6.25
2908,5,73,4.25
2908,5,74,7.25
2908,5,75,6.25
2908,5,76,4.25
2908,5,77,5.25
2908,5,78,9.25
2908,5,79,9.25
2908,5,80,11.25
2908,5,81,7.25
2908,5,82,10.25
2908,5,83,9.25
2908,5,84,11.25
2908,5,85,10.25
2908,5,86,9.25
2908,5,87,7.25
2908,5,88,8.25
2908,5,89,7.25
2908,5,90,11.25
2908,5,91,12.25
2908,5,92,8.25
2908,5,93,11.25
2908,5,94,10.25
2908,5,95,9.25
2908,5,96,8.25
2908,5,97,9.25
2908,5,98,7.25
2908,5,99,12.25
2908,5,100,10.25
2908,5,101,12.25
2908,5,102,15.25
2908,5,103,17.25
2908,5,104,17.25
2908,5,105,11.25
2908,5,106,8.25
2908,5,107,10.25
2908,5,108,11.25
2908,5,109,13.25
2908,5,110,9.25
2908,5,111,12.25
2908,5,112,15.25
2908,5,113,14.25
2908,5,114,10.25
2908,5,115,11.25
2908,5,116,12.25
2908,5,117,12.25
2908,5,118,12.25
2908,5,119,18.25
2908,5,120,15.25
2908,5,121,12.25
2908,5,122,8.25
2908,5,123,15.25
2908,5,124,11.25
2908,5,125,10.25
2908,5,126,9.25
2908,5,127,9.25
2908,5,128,8.25
2908,5,129,9.25
2908,5,130,11.25
2908,5,131,10.25
2908,5,132,14.25
2908,5,133,21.25
2908,5,134,19.25
2908,5,135,22.25
2908,5,136,26.25
2908,5,137,27.25
2908,5,138,25.25
2908,5,139,20.25
2908,5,140,21.25
2908,5,141,18.25
2908,5,142,14.25
2908,5,143,16.25
2908,5,144,19.25
2908,5,145,13.25
2908,5,146,18.25
2908,5,147,18.25
2908,5,148,15.25
2908,5,149,18.25
2908,5,150,22.25
2908,5,151,20.25
2908,5,152,15.25
2908,5,153,16.25
2908,5,154,16.25
2908,5,155,13.25
2908,5,156,13.25
2908,5,157,17.25
2908,5,158,19.25
2908,5,159,17.25
2908,5,160,16.25
2908,5,161,21.25
2908,5,162,17.25
2908,5,163,14.25
2908,5,164,12.25
2908,5,165,11.25
2908,5,166,12.25
2908,5,167,13.25
2908,5,168,18.25
2908,5,169,19.25
2908,5,170,21.25
2908,5,171,23.25
2908,5,172,23.25
2908,5,173,24.25
2908,5,174,17.25
2908,5,175,19.25
2908,5,176,17.25
2908,5,177,17.25
2908,5,178,20.25
2908,5,179,15.25
2908,5,180,19.25
2908,5,181,24.25
2908,5,182,23.25
2908,5,183,24.25
2908,5,184,24.25
2908,5,185,29.25
2908,5,186,26.25
2908,5,187,27.25
2908,5,188,27.25
2908,5,189,26.25
2908,5,190,21.25
2908,5,191,21.25
2908,5,192,25.25
2908,5,193,25.25
2908,5,194,25.25
2908,5,195,18.25
2908,5,196,20.25
2908,5,197,25.25
2908,5,198,23.25
2908,5,199,28.25
2908,5,200,27.25
2908,5,201,29.25
2908,5,202,22.25
2908,5,203,23.25
2908,5,204,26.25
2908,5,205,23.25
2908,5,206,25.25
2908,5,207,25.25
2908,5,208,25.25
2908,5,209,25.25
2908,5,210,24.25
2908,5,211,26.25
2908,5,212,25.25
2908,5,213,28.25
2908,5,214,30.25
2908,5,215,28.25
2908,5,216,28.25
2908,5,217,29.25
2908,5,218,25.25
2908,5,219,25.25
2908,5,220,24.25
2908,5,221,27.25
2908,5,222,29.25
2908,5,223,28.25
2908,5,224,28.25
2908,5,225,23.25
2908,5,226,26.25
2908,5,227,24.25
2908,5,228,23.25
2908,5,229,28.25
2908,5,230,26.25
2908,5,231,24.25
2908,5,232,22.25
2908,5,233,22.25
2908,5,234,23.25
2908,5,235,22.25
2908,5,236,23.25
2908,5,237,22.25
2908,5,238,21.25
2908,5,239,21.25
2908,5,240,24.25
2908,5,241,25.25
2908,5,242,25.25
2908,5,243,23.25
2908,5,244,24.25
2908,5,245,28.25
2908,5,246,28.25
2908,5,247,31.25
2908,5,248,26.25
2908,5,249,24.25
2908,5,250,26.25
2908,5,251,22.25
2908,5,252,19.25
2908,5,253,20.25
2908,5,254,25.25
2908,5,255,25.25
2908,5,256,29.25
2908,5,257,23.25
2908,5,258,21.25
2908,5,259,24.25
2908,5,260,19.25
2908,5,261,20.25
2908,5,262,20.25
2908,5,263,21.25
2908,5,264,22.25
2908,5,265,29.25
2908,5,266,24.25
2908,5,267,24.25
2908,5,268,25.25
2908,5,269,25.25
2908,5,270,26.25
2908,5,271,24.25
2908,5,272,21.25
2908,5,273,22.25
2908,5,274,19.25
2908,5,275,21.25
2908,5,276,19.25
2908,5,277,19.25
2908,5,278,18.25
2908,5,279,16.25
2908,5,280,20.25
2908,5,281,23.25
2908,5,282,23.25
2908,5,283,17.25
2908,5,284,15.25
2908,5,285,18.25
2908,5,286,21.25
2908,5,287,22.25
2908,5,288,22.25
2908,5,289,17.25
2908,5,290,19.25
2908,5,291,18.25
2908,5,292,20.25
2908,5,293,17.25
2908,5,294,19.25
2908,5,295,16.25
2908,5,296,11.25
2908,5,297,8.25
2908,5,298,9.25
2908,5,299,9.25
2908,5,300,7.25
2908,5,301,17.25
2908,5,302,21.25
2908,5,303,24.25
2908,5,304,25.25
2908,5,305,22.25
2908,5,306,22.25
2908,5,307,24.25
2908,5,308,20.25
2908,5,309,24.25
2908,5,310,27.25
2908,5,311,23.25
2908,5,312,21.25
2908,5,313,19.25
2908,5,314,23.25
2908,5,315,22.25
2908,5,316,17.25
2908,5,317,20.25
2908,5,318,17.25
2908,5,319,17.25
2908,5,320,12.25
2908,5,321,12.25
2908,5,322,15.25
2908,5,323,16.25
2908,5,324,13.25
2908,5,325,15.25
2908,5,326,16.25
2908,5,327,15.25
2908,5,328,17.25
2908,5,329,17.25
2908,5,330,17.25
2908,5,331,15.25
2908,5,332,17.25
2908,5,333,16.25
2908,5,334,14.25
2908,5,335,17.25
2908,5,336,14.25
2908,5,337,11.25
2908,5,338,14.25
2908,5,339,12.25
2908,5,340,14.25
2908,5,341,18.25
2908,5,342,18.25
2908,5,343,21.25
2908,5,344,21.25
2908,5,345,22.25
2908,5,346,17.25
2908,5,347,16.25
2908,5,348,11.25
2908,5,349,17.25
2908,5,350,11.25
2908,5,351,14.25
2908,5,352,19.25
2908,5,353,16.25
2908,5,354,15.25
2908,5,355,18.25
2908,5,356,18.25
2908,5,357,20.25
2908,5,358,18.25
2908,5,359,18.25
2908,5,360,22.25
2908,5,361,18.25
2908,5,362,13.25
2908,5,363,14.25
2908,5,364,14.25
2908,5,365,17.25
2908,5,366,15.25
2908,5,367,17.25
2908,5,368,18.25
2908,5,369,16.25
2908,5,370,16.25
2908,5,371,11.25
2908,5,372,17.25
2908,5,373,13.25
2908,5,374,14.25
2908,5,375,13.25
2908,5,376,18.25
2908,5,377,13.25
2908,5,378,13.25
2908,5,379,14.25
2908,5,380,18.25
2908,5,381,16.25
2908,5,382,14.25
2908,5,383,13.25
2908,5,384,15.25
2908,5,385,16.25
2908,5,386,17.25
2908,5,387,15.25
2908,5,388,17.25
2908,5,389,16.25
2908,5,390,19.25
2908,5,391,17.25
2908,5,392,20.25
2908,5,393,17.25
2908,5,394,20.25
2908,5,395,18.25
2908,5,396,19.25
2908,5,397,17.25
2908,5,398,18.25
2908,5,399,15.25
2908,5,400,16.25
2908,5,401,18.25
2908,5,402,17.25
2908,5,403,15.25
2908,5,404,16.25
2908,5,405,19.25
2908,5,406,15.25
2908,5,407,18.25
2908,5,408,15.25
2908,5,409,17.25
2908,5,410,18.25
2908,5,411,16.25
2908,5,412,14.25
2908,5,413,18.25
2908,5,414,16.25
2908,5,415,19.25
2908,5,416,23.25
2908,5,417,23.25
2908,5,418,15.25
2908,5,419,12.25
2908,5,420,14.25
2908,5,421,15.25
2908,5,422,16.25
2908,5,423,14.25
2908,5,424,16.25
2908,5,425,15.25
2908,5,426,9.25
2908,5,427,15.25
2908,5,428,16.25
2908,5,429,13.25
2908,5,430,17.25
2908,5,431,13.25
2908,5,432,14.25
2908,5,433,17.25
2908,5,434,16.25
2908,5,435,17.25
2908,5,436,16.25
2908,5,437,19.25
2908,5,438,18.25
2908,5,439,19.25
2908,5,440,20.25
2908,5,441,20.25
2908,5,442,17.25
2908,5,443,17.25
2908,5,444,19.25
2908,5,445,18.25
2908,5,446,20.25
2908,5,447,21.25
2908,5,448,20.25
2908,5,449,19.25
2908,5,450,17.25
2908,5,451,17.25
2908,5,452,18.25
2908,5,453,11.25
2908,5,454,12.25
2908,5,455,7.25
2908,5,456,14.25
2908,5,457,15.25
2908,5,458,18.25
2908,5,459,20.25
2908,5,460,27.25
2908,5,461,31.25
2908,5,462,29.25
2908,5,463,28.25
2908,5,464,25.25
2908,5,465,27.25
2908,5,466,21.25
2908,5,467,21.25
2908,5,468,24.25
2908,5,469,22.25
2908,5,470,25.25
2908,5,471,24.25
2908,5,472,21.25
2908,5,473,24.25
2908,5,474,15.25
2908,5,475,21.25
2908,5,476,17.25
2908,5,477,19.25
2908,5,478,17.25
2908,5,479,17.25
2908,5,480,15.25
2908,5,481,13.25
2908,5,482,16.25
2908,5,483,18.25
2908,5,484,21.25
2908,5,485,21.25
2908,5,486,19.25
2908,5,487,18.25
2908,5,488,18.25
2908,5,489,15.25
2908,5,490,15.25
2908,5,491,12.25
2908,5,492,14.25
2908,5,493,15.25
2908,5,494,19.25
2908,5,495,21.25
2908,5,496,21.25
2908,5,497,20.25
2908,5,498,20.25
2908,5,499,20.25
2908,5,500,18.25
2908,5,501,20.25
2908,5,502,19.25
2908,5,503,19.25
2908,5,504,18.25
2908,5,505,16.25
2908,5,506,17.25
2908,5,507,16.25
2908,5,508,16.25
2908,5,509,18.25
2908,5,510,15.25
2908,5,511,19.25
566,5,0,-44.3
566,5,1,0.700012
566,5,2,2.70001
566,5,3,3.70001
566,5,4,2.70001
566,5,5,2.70001
566,5,6,4.70001
566,5,7,2.70001
566,5,8,6.70001
566,5,9,3.70001
566,5,10,5.70001
566,5,11,3.70001
566,5,12,-0.299988
566,5,13,3.70001
566,5,14,4.70001
566,5,15,-1.29999
566,5,16,-0.299988
566,5,17,-2.29999
566,5,18,2.70001
566,5,19,-2.29999
566,5,20,0.700012
566,5,21,0.700012
566,5,22,-1.29999
566,5,23,-1.29999
566,5,24,-3.29999
566,5,25,-3.29999
566,5,26,1.70001
566,5,27,-0.299988
566,5,28,2.70001
566,5,29,2.70001
566,5,30,-0.299988
566,5,31,-6.29999
566,5,32,-5.29999
566,5,33,-4.29999
566,5,34,-3.29999
566,5,35,-6.29999
566,5,36,-3.29999
566,5,37,-3.29999
566,5,38,-8.29999
566,5,39,-1.29999
566,5,40,-6.29999
566,5,41,-4.29999
566,5,42,-4.29999
566,5,43,-0.299988
566,5,44,2.70001
566,5,45,-2.29999
566,5,46,0.700012
566,5,47,-0.299988
566,5,48,5.70001
566,5,49,9.70001
566,5,50,5.70001
566,5,51,3.70001
566,5,52,2.70001
566,5,53,3.70001
566,5,54,-0.299988
566,5,55,-1.29999
566,5,56,-3.29999
566,5,57,-1.29999
566,5,58,-4.29999
566,5,59,-7.29999
566,5,60,-8.29999
566,5,61,-6.29999
566,5,62,-4.29999
566,5,63,-6.29999
566,5,64,-1.29999
566,5,65,-0.299988
566,5,66,2.70001
566,5,67,3.70001
566,5,68,2.70001
566,5,69,1.70001
566,5,70,-4.29999
566,5,71,-3.29999
566,5,72,-2.29999
566,5,73,-0.299988
566,5,74,-0.299988
566,5,75,0.700012
566,5,76,-1.29999
566,5,77,1.70001
566,5,78,2.70001
566,5,79,4.70001
566,5,80,2.70001
566,5,81,-0.299988
566,5,82,2.70001
566,5,83,-1.29999
566,5,84,-2.29999
566,5,85,0.700012
566,5,86,-1.29999
566,5,87,0.700012
566,5,88,-0.299988
566,5,89,1.70001
566,5,90,1.70001
566,5,91,-0.299988
566,5,92,-0.299988
566,5,93,-3.29999
566,5,94,-0.299988
566,5,95,1.70001
566,5,96,0.700012
566,5,97,2.70001
566,5,98,3.70001
566,5,99,6.70001
566,5,100,1.70001
566,5,101,4.70001
566,5,102,3.70001
566,5,103,3.70001
566,5,104,2.70001
566,5,105,0.700012
566,5,106,0.700012
566,5,107,-1.29999
566,5,108,-0.299988
566,5,109,1.70001
566,5,110,3.70001
566,5,111,4.70001
566,5,112,2.70001
566,5,113,2.70001
566,5,114,0.700012
566,5,115,0.700012
566,5,116,2.70001
566,5,117,5.70001
566,5,118,3.70001
566,5,119,2.70001
566,5,120,2.70001
566,5,121,0.700012
566,5,122,2.70001
566,5,123,5.70001
566,5,124,9.70001
566,5,125,12.7
566,5,126,4.70001
566,5,127,4.70001
566,5,128,6.70001
566,5,129,7.70001
566,5,130,9.70001
566,5,131,10.7
566,5,132,11.7
566,5,133,11.7
566,5,134,7.70001
566,5,135,4.70001
566,5,136,3.70001
566,5,137,1.70001
566,5,138,-0.299988
566,5,139,0.700012
566,5,140,3.70001
566,5,141,5.70001
566,5,142,6.70001
566,5,143,6.70001
566,5,144,5.70001
566,5,145,7.70001
566,5,146,5.70001
566,5,147,6.70001
566,5,148,6.70001
566,5,149,5.70001
566,5,150,6.70001
566,5,151,8.70001
566,5,152,11.7
566,5,153,14.7
566,5,154,11.7
566,5,155,9.70001
566,5,156,9.70001
566,5,157,9.70001
566,5,158,3.70001
566,5,159,4.70001
566,5,160,3.70001
566,5,161,4.70001
566,5,162,2.70001
566,5,163,5.70001
566,5,164,8.70001
566,5,165,10.7
566,5,166,12.7
566,5,167,10.7
566,5,168,6.70001
566,5,169,5.70001
566,5,170,5.70001
566,5,171,2.70001
566,5,172,7.70001
566,5,173,9.70001
566,5,174,9.70001
566,5,175,8.70001
566,5,176,9.70001
566,5,177,10.7
566,5,178,7.70001
566,5,179,9.70001
566,5,180,4.70001
566,5,181,5.70001
566,5,182,4.70001
566,5,183,5.70001
566,5,184,6.70001
566,5,185,9.70001
566,5,186,6.70001
566,5,187,9.70001
566,5,188,8.70001
566,5,189,7.70001
566,5,190,6.70001
566,5,191,-0.299988
566,5,192,0.700012
566,5,193,6.70001
566,5,194,8.70001
566,5,195,7.70001
566,5,196,8.70001
566,5,197,10.7
566,5,198,10.7
566,5,199,5.70001
566,5,200,6.70001
566,5,201,9.70001
566,5,202,7.70001
566,5,203,12.7
566,5,204,12.7
566,5,205,11.7
566,5,206,14.7
566,5,207,11.7
566,5,208,7.70001
566,5,209,10.7
566,5,210,15.7
566,5,211,16.7
566,5,212,16.7
566,5,213,10.7
566,5,214,10.7
566,5,215,9.70001
566,5,216,7.70001
566,5,217,3.70001
566,5,218,3.70001
566,5,219,5.70001
566,5,220,8.70001
566,5,221,5.70001
566,5,222,4.70001
566,5,223,6.70001
566,5,224,5.70001
566,5,225,0.700012
566,5,226,0.700012
566,5,227,3.70001
566,5,228,0.700012
566,5,229,3.70001
566,5,230,5.70001
566,5,231,5.70001
566,5,232,4.70001
566,5,233,0.700012
566,5,234,5.70001
566,5,235,5.70001
566,5,236,5.70001
566,5,237,3.70001
566,5,238,4.70001
566,5,239,3.70001
566,5,240,7.70001
566,5,241,8.70001
566,5,242,10.7
566,5,243,7.70001
566,5,244,3.70001
566,5,245,4.70001
566,5,246,7.70001
566,5,247,7.70001
566,5,248,4.70001
566,5,249,7.70001
566,5,250,12.7
566,5,251,12.7
566,5,252,12.7
566,5,253,13.7
566,5,254,11.7
566,5,255,8.70001
566,5,256,7.70001
566,5,257,6.70001
566,5,258,7.70001
566,5,259,6.70001
566,5,260,4.70001
566,5,261,5.70001
566,5,262,0.700012
566,5,263,2.70001
566,5,264,2.70001
566,5,265,1.70001
566,5,266,3.70001
566,5,267,2.70001
566,5,268,2.70001
566,5,269,1.70001
566,5,270,2.70001
566,5,271,3.70001
566,5,272,1.70001
566,5,273,-0.299988
566,5,274,-1.29999
566,5,275,-0.299988
566,5,276,-0.299988
566,5,277,1.70001
566,5,278,6.70001
566,5,279,4.70001
566,5,280,4.70001
566,5,281,5.70001
566,5,282,6.70001
566,5,283,6.70001
566,5,284,5.70001
566,5,285,5.70001
566,5,286,0.700012
566,5,287,5.70001
566,5,288,7.70001
566,5,289,5.70001
566,5,290,5.70001
566,5,291,4.70001
566,5,292,3.70001
566,5,293,7.70001
566,5,294,9.70001
566,5,295,7.70001
566,5,296,1.70001
566,5,297,1.70001
566,5,298,2.70001
566,5,299,6.70001
566,5,300,5.70001
566,5,301,5.70001
566,5,302,7.70001
566,5,303,1.70001
566,5,304,0.700012
566,5,305,5.70001
566,5,306,6.70001
566,5,307,6.70001
566,5,308,3.70001
566,5,309,5.70001
566,5,310,12.7
566,5,311,12.7
566,5,312,11.7
566,5,313,9.70001
566,5,314,9.70001
566,5,315,4.70001
566,5,316,7.70001
566,5,317,6.70001
566,5,318,9.70001
566,5,319,14.7
566,5,320,12.7
566,5,321,11.7
566,5,322,11.7
566,5,323,8.70001
566,5,324,6.70001
566,5,325,8.70001
566,5,326,5.70001
566,5,327,9.70001
566,5,328,1.70001
566,5,329,2.70001
566,5,330,1.70001
566,5,331,1.70001
566,5,332,3.70001
566,5,333,6.70001
566,5,334,11.7
566,5,335,4.70001
566,5,336,0.700012
566,5,337,3.70001
566,5,338,7.70001
566,5,339,6.70001
566,5,340,8.70001
566,5,341,11.7
566,5,342,10.7
566,5,343,10.7
566,5,344,9.70001
566,5,345,6.70001
566,5,346,4.70001
566,5,347,7.70001
566,5,348,6.70001
566,5,349,8.70001
566,5,350,4.70001
566,5,351,4.70001
566,5,352,2.70001
566,5,353,4.70001
566,5,354,7.70001
566,5,355,5.70001
566,5,356,3.70001
566,5,357,1.70001
566,5,358,4.70001
566,5,359,4.70001
566,5,360,7.70001
566,5,361,4.70001
566,5,362,3.70001
566,5,363,1.70001
566,5,364,2.70001
566,5,365,5.70001
566,5,366,3.70001
566,5,367,5.70001
566,5,368,10.7
566,5,369,12.7
566,5,370,9.70001
566,5,371,8.70001
566,5,372,12.7
566,5,373,4.70001
566,5,374,6.70001
566,5,375,6.70001
566,5,376,5.70001
566,5,377,6.70001
566,5,378,6.70001
566,5,379,2.70001
566,5,380,5.70001
566,5,381,5.70001
566,5,382,0.700012
566,5,383,2.70001
566,5,384,7.70001
566,5,385,7.70001
566,5,386,14.7
566,5,387,10.7
566,5,388,10.7
566,5,389,12.7
566,5,390,10.7
566,5,391,6.70001
566,5,392,6.70001
566,5,393,7.70001
566,5,394,9.70001
566,5,395,11.7
566,5,396,10.7
566,5,397,10.7
566,5,398,9.70001
566,5,399,5.70001
566,5,400,8.70001
566,5,401,7.70001
566,5,402,8.70001
566,5,403,6.70001
566,5,404,4.70001
566,5,405,4.70001
566,5,406,6.70001
566,5,407,12.7
566,5,408,9.70001
566,5,409,7.70001
566,5,410,9.70001
566,5,411,7.70001
566,5,412,9.70001
566,5,413,15.7
566,5,414,13.7
566,5,415,13.7
566,5,416,11.7
566,5,417,7.70001
566,5,418,5.70001
566,5,419,12.7
566,5,420,8.70001
566,5,421,8.70001
566,5,422,8.70001
566,5,423,9.70001
566,5,424,10.7
566,5,425,7.70001
566,5,426,8.70001
566,5,427,9.70001
566,5,428,9.70001
566,5,429,10.7
566,5,430,11.7
566,5,431,10.7
566,5,432,11.7
566,5,433,12.7
566,5,434,17.7
566,5,435,13.7
566,5,436,12.7
566,5,437,13.7
566,5,438,14.7
566,5,439,15.7
566,5,440,9.70001
566,5,441,6.70001
566,5,442,7.70001
566,5,443,6.70001
566,5,444,5.70001
566,5,445,6.70001
566,5,446,11.7
566,5,447,9.70001
566,5,448,9.70001
566,5,449,10.7
566,5,450,13.7
566,5,451,15.7
566,5,452,15.7
566,5,453,16.7
566,5,454,9.70001
566,5,455,9.70001
566,5,456,13.7
566,5,457,6.70001
566,5,458,6.70001
566,5,459,8.70001
566,5,460,10.7
566,5,461,9.70001
566,5,462,11.7
566,5,463,13.7
566,5,464,13.7
566,5,465,9.70001
566,5,466,13.7
566,5,467,9.70001
566,5,468,9.70001
566,5,469,11.7
566,5,470,11.7
566,5,471,9.70001
566,5,472,11.7
566,5,473,10.7
566,5,474,12.7
566,5,475,8.70001
566,5,476,13.7
566,5,477,14.7
566,5,478,11.7
566,5,479,9.70001
566,5,480,8.70001
566,5,481,4.70001
566,5,482,8.70001
566,5,483,8.70001
566,5,484,10.7
566,5,485,12.7
566,5,486,14.7
566,5,487,12.7
566,5,488,11.7
566,5,489,7.70001
566,5,490,6.70001
566,5,491,13.7
566,5,492,9.70001
566,5,493,10.7
566,5,494,11.7
566,5,495,13.7
566,5,496,11.7
566,5,497,5.70001
566,5,498,4.70001
566,5,499,9.70001
566,5,500,7.70001
566,5,501,11.7
566,5,502,10.7
566,5,503,13.7
566,5,504,12.7
566,5,505,11.7
566,5,506,12.7
566,5,507,12.7
566,5,508,13.7
566,5,509,18.7
566,5,510,16.7
566,5,511,24.7
7777,5,0,-73.55
7777,5,1,4.45001
7777,5,2,1.45001
7777,5,3,3.45001
7777,5,4,5.45001
7777,5,5,3.45001
7777,5,6,1.45001
7777,5,7,9.45001
7777,5,8,4.45001
7777,5,9,1.45001
7777,5,10,2.45001
7777,5,11,-0.549988
7777,5,12,2.45001
7777,5,13,2.45001
7777,5,14,2.45001
7777,5,15,4.45001
7777,5,16,7.45001
7777,5,17,7.45001
7777,5,18,3.45001
7777,5,19,6.45001
7777,5,20,4.45001
7777,5,21,2.45001
7777,5,22,2.45001
7777,5,23,-0.549988
7777,5,24,-0.549988
7777,5,25,2.45001
7777,5,26,6.45001
7777,5,27,6.45001
7777,5,28,4.45001
7777,5,29,-0.549988
7777,5,30,2.45001
7777,5,31,2.45001
7777,5,32,7.45001
7777,5,33,8.45001
7777,5,34,5.45001
7777,5,35,5.45001
7777,5,36,13.45
7777,5,37,10.45
7777,5,38,11.45
7777,5,39,7.45001
7777,5,40,10.45
7777,5,41,12.45
7777,5,42,14.45
7777,5,43,10.45
7777,5,44,8.45001
7777,5,45,6.45001
7777,5,46,9.45001
7777,5,47,4.45001
7777,5,48,5.45001
7777,5,49,3.45001
7777,5,50,4.45001
7777,5,51,3.45001
7777,5,52,10.45
7777,5,53,8.45001
7777,5,54,9.45001
7777,5,55,11.45
7777,5,56,9.45001
7777,5,57,10.45
7777,5,58,13.45
7777,5,59,12.45
7777,5,60,16.45
7777,5,61,9.45001
7777,5,62,10.45
7777,5,63,6.45001
7777,5,64,7.45001
7777,5,65,4.45001
7777,5,66,7.45001
7777,5,67,9.45001
7777,5,68,7.45001
7777,5,69,3.45001
7777,5,70,1.45001
7777,5,71,3.45001
7777,5,72,7.45001
7777,5,73,7.45001
7777,5,74,9.45001
7777,5,75,6.45001
7777,5,76,8.45001
7777,5,77,8.45001
7777,5,78,11.45
7777,5,79,12.45
7777,5,80,8.45001
7777,5,81,11.45
7777,5,82,10.45
7777,5,83,9.45001
7777,5,84,8.45001
7777,5,85,9.45001
7777,5,86,13.45
7777,5,87,9.45001
7777,5,88,9.45001
7777,5,89,7.45001
7777,5,90,7.45001
7777,5,91,10.45
7777,5,92,9.45001
7777,5,93,12.45
7777,5,94,13.45
7777,5,95,12.45
7777,5,96,14.45
7777,5,97,11.45
7777,5,98,10.45
7777,5,99,9.45001
7777,5,100,15.45
7777,5,101,10.45
7777,5,102,15.45
7777,5,103,15.45
7777,5,104,15.45
7777,5,105,12.45
7777,5,106,14.45
7777,5,107,13.45
7777,5,108,12.45
7777,5,109,19.45
7777,5,110,16.45
7777,5,111,13.45
7777,5,112,17.45
7777,5,113,12.45
7777,5,114,8.45001
7777,5,115,7.45001
7777,5,116,8.45001
7777,5,117,11.45
7777,5,118,17.45
7777,5,119,21.45
7777,5,120,20.45
7777,5,121,22.45
7777,5,122,19.45
7777,5,123,17.45
7777,5,124,14.45
7777,5,125,11.45
7777,5,126,11.45
7777,5,127,9.45001
7777,5,128,11.45
7777,5,129,12.45
7777,5,130,12.45
7777,5,131,15.45
7777,5,132,21.45
7777,5,133,22.45
7777,5,134,28.45
7777,5,135,19.45
7777,5,136,24.45
7777,5,137,25.45
7777,5,138,26.45
7777,5,139,22.45
7777,5,140,21.45
7777,5,141,18.45
7777,5,142,20.45
7777,5,143,18.45
7777,5,144,18.45
7777,5,145,20.45
7777,5,146,22.45
7777,5,147,22.45
7777,5,148,22.45
7777,5,149,24.45
7777,5,150,23.45
7777,5,151,24.45
7777,5,152,24.45
7777,5,153,21.45
7777,5,154,19.45
7777,5,155,23.45
7777,5,156,26.45
7777,5,157,24.45
7777,5,158,24.45
7777,5,159,24.45
7777,5,160,26.45
7777,5,161,23.45
7777,5,162,19.45
7777,5,163,22.45
7777,5,164,25.45
7777,5,165,27.45
7777,5,166,24.45
7777,5,167,23.45
7777,5,168,24.45
7777,5,169,27.45
7777,5,170,28.45
7777,5,171,27.45
7777,5,172,30.45
7777,5,173,28.45
7777,5,174,30.45
7777,5,175,20.45
7777,5,176,18.45
7777,5,177,21.45
7777,5,178,17.45
7777,5,179,17.45
7777,5,180,19.45
7777,5,181,27.45
7777,5,182,29.45
7777,5,183,31.45
7777,5,184,29.45
7777,5,185,23.45
7777,5,186,28.45
7777,5,187,25.45
7777,5,188,26.45
7777,5,189,26.45
7777,5,190,27.45
7777,5,191,25.45
7777,5,192,24.45
7777,5,193,24.45
7777,5,194,23.45
7777,5,195,25.45
7777,5,196,28.45
7777,5,197,26.45
7777,5,198,26.45
7777,5,199,26.45
7777,5,200,22.45
7777,5,201,27.45
7777,5,202,23.45
7777,5,203,21.45
7777,5,204,26.45
7777,5,205,20.45
7777,5,206,20.45
7777,5,207,16.45
7777,5,208,18.45
7777,5,209,18.45
7777,5,210,23.45
7777,5,211,23.45
7777,5,212,21.45
7777,5,213,26.45
7777,5,214,20.45
7777,5,215,21.45
7777,5,216,19.45
7777,5,217,22.45
7777,5,218,21.45
7777,5,219,21.45
7777,5,220,25.45
7777,5,221,28.45
7777,5,222,28.45
7777,5,223,34.45
7777,5,224,27.45
7777,5,225,27.45
7777,5,226,31.45
7777,5,227,33.45
7777,5,228,29.45
7777,5,229,22.45
7777,5,230,20.45
7777,5,231,24.45
7777,5,232,28.45
7777,5,233,27.45
7777,5,234,21.45
7777,5,235,17.45
7777,5,236,13.45
7777,5,237,19.45
7777,5,238,21.45
7777,5,239,23.45
7777,5,240,18.45
7777,5,241,10.45
7777,5,242,13.45
7777,5,243,10.45
7777,5,244,11.45
7777,5,245,11.45
7777,5,246,19.45
7777,5,247,26.45
7777,5,248,19.45
7777,5,249,19.45
7777,5,250,16.45
7777,5,251,19.45
7777,5,252,17.45
7777,5,253,15.45
7777,5,254,14.45
7777,5,255,14.45
7777,5,256,16.45
7777,5,257,13.45
7777,5,258,14.45
7777,5,259,15.45
7777,5,260,15.45
7777,5,261,17.45
7777,5,262,20.45
7777,5,263,17.45
7777,5,264,19.45
7777,5,265,17.45
7777,5,266,18.45
7777,5,267,14.45
7777,5,268,17.45
7777,5,269,14.45
7777,5,270,10.45
7777,5,271,10.45
7777,5,272,12.45
7777,5,273,11.45
7777,5,274,12.45
7777,5,275,16.45
7777,5,276,15.45
7777,5,277,17.45
7777,5,278,19.45
7777,5,279,20.45
7777,5,280,18.45
7777,5,281,21.45
7777,5,282,16.45
7777,5,283,17.45
7777,5,284,17.45
7777,5,285,15.45
7777,5,286,13.45
7777,5,287,14.45
7777,5,288,12.45
7777,5,289,12.45
7777,5,290,15.45
7777,5,291,14.45
7777,5,292,14.45
7777,5,293,14.45
7777,5,294,11.45
7777,5,295,12.45
7777,5,296,15.45
7777,5,297,16.45
7777,5,298,12.45
7777,5,299,15.45
7777,5,300,11.45
7777,5,301,15.45
7777,5,302,17.45
7777,5,303,17.45
7777,5,304,18.45
7777,5,305,20.45
7777,5,306,17.45
7777,5,307,15.45
7777,5,308,10.45
7777,5,309,13.45
7777,5,310,11.45
7777,5,311,7.45001
7777,5,312,9.45001
7777,5,313,14.45
7777,5,314,12.45
7777,5,315,14.45
7777,5,316,15.45
7777,5,317,15.45
7777,5,318,12.45
7777,5,319,13.45
7777,5,320,14.45
7777,5,321,10.45
7777,5,322,11.45
7777,5,323,12.45
7777,5,324,13.45
7777,5,325,16.45
7777,5,326,16.45
7777,5,327,17.45
7777,5,328,14.45
7777,5,329,10.45
7777,5,330,15.45
7777,5,331,15.45
7777,5,332,15.45
7777,5,333,18.45
7777,5,334,12.45
7777,5,335,13.45
7777,5,336,12.45
7777,5,337,12.45
7777,5,338,12.45
7777,5,339,11.45
7777,5,340,12.45
7777,5,341,20.45
7777,5,342,18.45
7777,5,343,16.45
7777,5,344,17.45
7777,5,345,16.45
7777,5,346,13.45
7777,5,347,12.45
7777,5,348,10.45
7777,5,349,9.45001
7777,5,350,9.45001
7777,5,351,3.45001
7777,5,352,3.45001
7777,5,353,5.45001
7777,5,354,10.45
7777,5,355,8.45001
7777,5,356,11.45
7777,5,357,10.45
7777,5,358,6.45001
7777,5,359,12.45
7777,5,360,14.45
7777,5,361,15.45
7777,5,362,20.45
7777,5,363,16.45
7777,5,364,19.45
7777,5,365,21.45
7777,5,366,17.45
7777,5,367,12.45
7777,5,368,14.45
7777,5,369,7.45001
7777,5,370,10.45
7777,5,371,9.45001
7777,5,372,11.45
7777,5,373,12.45
7777,5,374,9.45001
7777,5,375,13.45
7777,5,376,18.45
7777,5,377,14.45
7777,5,378,17.45
7777,5,379,19.45
7777,5,380,15.45
7777,5,381,8.45001
7777,5,382,6.45001
7777,5,383,6.45001
7777,5,384,7.45001
7777,5,385,11.45
7777,5,386,11.45
7777,5,387,10.45
7777,5,388,12.45
7777,5,389,14.45
7777,5,390,15.45
7777,5,391,19.45
7777,5,392,20.45
7777,5,393,20.45
7777,5,394,15.45
7777,5,395,19.45
7777,5,396,18.45
7777,5,397,15.45
7777,5,398,10.45
7777,5,399,8.45001
7777,5,400,13.45
7777,5,401,17.45
7777,5,402,11.45
7777,5,403,11.45
7777,5,404,13.45
7777,5,405,13.45
7777,5,406,15.45
7777,5,407,16.45
7777,5,408,18.45
7777,5,409,18.45
7777,5,410,23.45
7777,5,411,20.45
7777,5,412,22.45
7777,5,413,13.45
7777,5,414,16.45
7777,5,415,14.45
7777,5,416,14.45
7777,5,417,18.45
7777,5,418,17.45
7777,5,419,22.45
7777,5,420,18.45
7777,5,421,18.45
7777,5,422,17.45
7777,5,423,16.45
7777,5,424,14.45
7777,5,425,15.45
7777,5,426,17.45
7777,5,427,15.45
7777,5,428,14.45
7777,5,429,15.45
7777,5,430,14.45
7777,5,431,13.45
7777,5,432,17.45
7777,5,433,22.45
7777,5,434,15.45
7777,5,435,15.45
7777,5,436,16.45
7777,5,437,15.45
7777,5,438,13.45
7777,5,439,11.45
7777,5,440,10.45
7777,5,441,8.45001
7777,5,442,12.45
7777,5,443,16.45
7777,5,444,18.45
7777,5,445,14.45
7777,5,446,17.45
7777,5,447,16.45
7777,5,448,14.45
7777,5,449,12.45
7777,5,450,8.45001
7777,5,451,9.45001
7777,5,452,9.45001
7777,5,453,14.45
7777,5,454,20.45
7777,5,455,21.45
7777,5,456,17.45
7777,5,457,11.45
7777,5,458,13.45
7777,5,459,9.45001
7777,5,460,6.45001
7777,5,461,2.45001
7777,5,462,5.45001
7777,5,463,11.45
7777,5,464,14.45
7777,5,465,13.45
7777,5,466,13.45
7777,5,467,17.45
7777,5,468,16.45
7777,5,469,18.45
7777,5,470,16.45
7777,5,471,21.45
7777,5,472,20.45
7777,5,473,14.45
7777,5,474,11.45
7777,5,475,12.45
7777,5,476,15.45
7777,5,477,12.45
7777,5,478,11.45
7777,5,479,12.45
7777,5,480,10.45
7777,5,481,13.45
7777,5,482,17.45
7777,5,483,15.45
7777,5,484,19.45
7777,5,485,15.45
7777,5,486,12.45
7777,5,487,11.45
7777,5,488,10.45
7777,5,489,9.45001
7777,5,490,10.45
7777,5,491,15.45
7777,5,492,14.45
7777,5,493,18.45
7777,5,494,21.45
7777,5,495,22.45
7777,5,496,22.45
7777,5,497,23.45
7777,5,498,26.45
7777,5,499,16.45
7777,5,500,13.45
7777,5,501,12.45
7777,5,502,6.45001
7777,5,503,7.45001
7777,5,504,11.45
7777,5,505,18.45
7777,5,506,20.45
7777,5,507,23.45
7777,5,508,24.45
7777,5,509,23.45
7777,5,510,19.45
7777,5,511,28.45
7494,6,0,-65.6
7494,6,1,-1.60001
7494,6,2,2.39999
7494,6,3,2.39999
7494,6,4,-1.60001
7494,6,5,0.399994
7494,6,6,1.39999
7494,6,7,2.39999
7494,6,8,2.39999
7494,6,9,3.39999
7494,6,10,4.39999
7494,6,11,9.39999
7494,6,12,8.39999
7494,6,13,1.39999
7494,6,14,6.39999
7494,6,15,3.39999
7494,6,16,4.39999
7494,6,17,4.39999
7494,6,18,5.39999
7494,6,19,6.39999
7494,6,20,5.39999
7494,6,21,1.39999
7494,6,22,3.39999
7494,6,23,2.39999
7494,6,24,3.39999
7494,6,25,1.39999
7494,6,26,4.39999
7494,6,27,5.39999
7494,6,28,11.4
7494,6,29,7.39999
7494,6,30,1.39999
7494,6,31,-3.60001
7494,6,32,-4.60001
7494,6,33,1.39999
7494,6,34,4.39999
7494,6,35,5.39999
7494,6,36,7.39999
7494,6,37,5.39999
7494,6,38,8.39999
7494,6,39,5.39999
7494,6,40,4.39999
7494,6,41,4.39999
7494,6,42,5.39999
7494,6,43,2.39999
7494,6,44,2.39999
7494,6,45,1.39999
7494,6,46,-2.60001
7494,6,47,-2.60001
7494,6,48,-1.60001
7494,6,49,1.39999
7494,6,50,3.39999
7494,6,51,3.39999
7494,6,52,4.39999
7494,6,53,4.39999
7494,6,54,4.39999
7494,6,55,0.399994
7494,6,56,0.399994
7494,6,57,2.39999
7494,6,58,3.39999
7494,6,59,-2.60001
7494,6,60,-5.60001
7494,6,61,-3.60001
7494,6,62,-4.60001
7494,6,63,-2.60001
7494,6,64,3.39999
7494,6,65,10.4
7494,6,66,10.4
7494,6,67,9.39999
7494,6,68,8.39999
7494,6,69,6.39999
7494,6,70,7.39999
7494,6,71,5.39999
7494,6,72,4.39999
7494,6,73,3.39999
7494,6,74,4.39999
7494,6,75,1.39999
7494,6,76,-0.600006
7494,6,77,-3.60001
7494,6,78,4.39999
7494,6,79,5.39999
7494,6,80,6.39999
7494,6,81,7.39999
7494,6,82,7.39999
7494,6,83,4.39999
7494,6,84,4.39999
7494,6,85,3.39999
7494,6,86,6.39999
7494,6,87,1.39999
7494,6,88,3.39999
7494,6,89,4.39999
7494,6,90,2.39999
7494,6,91,6.39999
7494,6,92,7.39999
7494,6,93,4.39999
7494,6,94,3.39999
7494,6,95,6.39999
7494,6,96,4.39999
7494,6,97,5.39999
7494,6,98,2.39999
7494,6,99,1.39999
7494,6,100,1.39999
7494,6,101,6.39999
7494,6,102,10.4
7494,6,103,5.39999
7494,6,104,9.39999
7494,6,105,5.39999
7494,6,106,2.39999
7494,6,107,6.39999
7494,6,108,7.39999
7494,6,109,7.39999
7494,6,110,7.39999
7494,6,111,9.39999
7494,6,112,6.39999
7494,6,113,5.39999
7494,6,114,3.39999
7494,6,115,6.39999
7494,6,116,9.39999
7494,6,117,13.4
7494,6,118,11.4
7494,6,119,12.4
7494,6,120,3.39999
7494,6,121,2.39999
7494,6,122,1.39999
7494,6,123,3.39999
7494,6,124,8.39999
7494,6,125,4.39999
7494,6,126,11.4
7494,6,127,10.4
7494,6,128,11.4
7494,6,129,8.39999
7494,6,130,3.39999
7494,6,131,1.39999
7494,6,132,3.39999
7494,6,133,8.39999
7494,6,134,9.39999
7494,6,135,13.4
7494,6,136,16.4
7494,6,137,16.4
7494,6,138,10.4
7494,6,139,9.39999
7494,6,140,12.4
7494,6,141,6.39999
7494,6,142,9.39999
7494,6,143,8.39999
7494,6,144,13.4
7494,6,145,9.39999
7494,6,146,11.4
7494,6,147,13.4
7494,6,148,13.4
7494,6,149,15.4
7494,6,150,13.4
7494,6,151,12.4
7494,6,152,10.4
7494,6,153,14.4
7494,6,154,13.4
7494,6,155,10.4
7494,6,156,10.4
7494,6,157,14.4
7494,6,158,12.4
7494,6,159,10.4
7494,6,160,6.39999
7494,6,161,6.39999
7494,6,162,6.39999
7494,6,163,14.4
7494,6,164,13.4
7494,6,165,17.4
7494,6,166,16.4
7494,6,167,16.4
7494,6,168,10.4
7494,6,169,5.39999
7494,6,170,13.4
7494,6,171,8.39999
7494,6,172,9.39999
7494,6,173,10.4
7494,6,174,13.4
7494,6,175,16.4
7494,6,176,15.4
7494,6,177,13.4
7494,6,178,13.4
7494,6,179,19.4
7494,6,180,11.4
7494,6,181,8.39999
7494,6,182,8.39999
7494,6,183,7.39999
7494,6,184,11.4
7494,6,185,15.4
7494,6,186,17.4
7494,6,187,17.4
7494,6,188,19.4
7494,6,189,22.4
7494,6,190,18.4
7494,6,191,15.4
7494,6,192,20.4
7494,6,193,23.4
7494,6,194,18.4
7494,6,195,16.4
7494,6,196,15.4
7494,6,197,15.4
7494,6,198,14.4
7494,6,199,18.4
7494,6,200,17.4
7494,6,201,19.4
7494,6,202,17.4
7494,6,203,8.39999
7494,6,204,10.4
7494,6,205,13.4
7494,6,206,14.4
7494,6,207,21.4
7494,6,208,19.4
7494,6,209,18.4
7494,6,210,16.4
7494,6,211,16.4
7494,6,212,15.4
7494,6,213,20.4
7494,6,214,19.4
7494,6,215,22.4
7494,6,216,15.4
7494,6,217,16.4
7494,6,218,19.4
7494,6,219,18.4
7494,6,220,22.4
7494,6,221,20.4
7494,6,222,15.4
7494,6,223,20.4
7494,6,224,23.4
7494,6,225,24.4
7494,6,226,22.4
7494,6,227,24.4
7494,6,228,20.4
7494,6,229,21.4
7494,6,230,21.4
7494,6,231,21.4
7494,6,232,19.4
7494,6,233,21.4
7494,6,234,24.4
7494,6,235,22.4
7494,6,236,18.4
7494,6,237,17.4
7494,6,238,19.4
7494,6,239,22.4
7494,6,240,20.4
7494,6,241,23.4
7494,6,242,22.4
7494,6,243,25.4
7494,6,244,20.4
7494,6,245,17.4
7494,6,246,22.4
7494,6,247,21.4
7494,6,248,23.4
7494,6,249,19.4
7494,6,250,24.4
7494,6,251,23.4
7494,6,252,20.4
7494,6,253,19.4
7494,6,254,24.4
7494,6,255,24.4
7494,6,256,25.4
7494,6,257,24.4
7494,6,258,27.4
7494,6,259,22.4
7494,6,260,17.4
7494,6,261,20.4
7494,6,262,19.4
7494,6,263,23.4
7494,6,264,21.4
7494,6,265,25.4
7494,6,266,25.4
7494,6,267,23.4
7494,6,268,27.4
7494,6,269,23.4
7494,6,270,23.4
7494,6,271,22.4
7494,6,272,18.4
7494,6,273,14.4
7494,6,274,10.4
7494,6,275,16.4
7494,6,276,18.4
7494,6,277,18.4
7494,6,278,22.4
7494,6,279,21.4
7494,6,280,21.4
7494,6,281,19.4
7494,6,282,19.4
7494,6,283,18.4
7494,6,284,18.4
7494,6,285,16.4
7494,6,286,18.4
7494,6,287,21.4
7494,6,288,20.4
7494,6,289,20.4
7494,6,290,20.4
7494,6,291,22.4
7494,6,292,21.4
7494,6,293,15.4
7494,6,294,19.4
7494,6,295,16.4
7494,6,296,20.4
7494,6,297,18.4
7494,6,298,21.4
7494,6,299,18.4
7494,6,300,15.4
7494,6,301,17.4
7494,6,302,19.4
7494,6,303,19.4
7494,6,304,18.4
7494,6,305,19.4
7494,6,306,14.4
7494,6,307,14.4
7494,6,308,14.4
7494,6,309,17.4
7494,6,310,14.4
7494,6,311,18.4
7494,6,312,15.4
7494,6,313,15.4
7494,6,314,13.4
7494,6,315,13.4
7494,6,316,17.4
7494,6,317,18.4
7494,6,318,15.4
7494,6,319,14.4
7494,6,320,16.4
7494,6,321,16.4
7494,6,322,14.4
7494,6,323,15.4
7494,6,324,15.4
7494,6,325,15.4
7494,6,326,19.4
7494,6,327,17.4
7494,6,328,14.4
7494,6,329,14.4
7494,6,330,7.39999
7494,6,331,9.39999
7494,6,332,14.4
7494,6,333,14.4
7494,6,334,16.4
7494,6,335,22.4
7494,6,336,25.4
7494,6,337,21.4
7494,6,338,21.4
7494,6,339,16.4
7494,6,340,14.4
7494,6,341,21.4
7494,6,342,20.4
7494,6,343,24.4
7494,6,344,24.4
7494,6,345,18.4
7494,6,346,17.4
7494,6,347,15.4
7494,6,348,13.4
7494,6,349,15.4
7494,6,350,13.4
7494,6,351,13.4
7494,6,352,11.4
7494,6,353,8.39999
7494,6,354,9.39999
7494,6,355,9.39999
7494,6,356,14.4
7494,6,357,11.4
7494,6,358,6.39999
7494,6,359,5.39999
7494,6,360,10.4
7494,6,361,10.4
7494,6,362,12.4
7494,6,363,10.4
7494,6,364,12.4
7494,6,365,14.4
7494,6,366,14.4
7494,6,367,17.4
7494,6,368,17.4
7494,6,369,15.4
7494,6,370,12.4
7494,6,371,14.4
7494,6,372,11.4
7494,6,373,12.4
7494,6,374,9.39999
7494,6,375,10.4
7494,6,376,10.4
7494,6,377,14.4
7494,6,378,12.4
7494,6,379,14.4
7494,6,380,9.39999
7494,6,381,10.4
7494,6,382,6.39999
7494,6,383,9.39999
7494,6,384,11.4
7494,6,385,11.4
7494,6,386,11.4
7494,6,387,13.4
7494,6,388,14.4
7494,6,389,9.39999
7494,6,390,7.39999
7494,6,391,4.39999
7494,6,392,6.39999
7494,6,393,6.39999
7494,6,394,14.4
7494,6,395,11.4
7494,6,396,10.4
7494,6,397,5.39999
7494,6,398,9.39999
7494,6,399,8.39999
7494,6,400,10.4
7494,6,401,14.4
7494,6,402,13.4
7494,6,403,13.4
7494,6,404,15.4
7494,6,405,11.4
7494,6,406,11.4
7494,6,407,7.39999
7494,6,408,6.39999
7494,6,409,9.39999
7494,6,410,12.4
7494,6,411,14.4
7494,6,412,15.4
7494,6,413,16.4
7494,6,414,17.4
7494,6,415,20.4
7494,6,416,21.4
7494,6,417,19.4
7494,6,418,22.4
7494,6,419,19.4
7494,6,420,16.4
7494,6,421,8.39999
7494,6,422,4.39999
7494,6,423,4.39999
7494,6,424,5.39999
7494,6,425,6.39999
7494,6,426,11.4
7494,6,427,15.4
7494,6,428,12.4
7494,6,429,13.4
7494,6,430,7.39999
7494,6,431,8.39999
7494,6,432,7.39999
7494,6,433,11.4
7494,6,434,14.4
7494,6,435,10.4
7494,6,436,15.4
7494,6,437,11.4
7494,6,438,10.4
7494,6,439,9.39999
7494,6,440,10.4
7494,6,441,13.4
7494,6,442,9.39999
7494,6,443,9.39999
7494,6,444,14.4
7494,6,445,20.4
7494,6,446,21.4
7494,6,447,20.4
7494,6,448,18.4
7494,6,449,14.4
7494,6,450,11.4
7494,6,451,11.4
7494,6,452,8.39999
7494,6,453,7.39999
7494,6,454,10.4
7494,6,455,10.4
7494,6,456,13.4
7494,6,457,15.4
7494,6,458,15.4
7494,6,459,15.4
7494,6,460,10.4
7494,6,461,17.4
7494,6,462,16.4
7494,6,463,19.4
7494,6,464,22.4
7494,6,465,20.4
7494,6,466,13.4
7494,6,467,12.4
7494,6,468,13.4
7494,6,469,11.4
7494,6,470,12.4
7494,6,471,15.4
7494,6,472,15.4
7494,6,473,18.4
7494,6,474,18.4
7494,6,475,17.4
7494,6,476,12.4
7494,6,477,16.4
7494,6,478,12.4
7494,6,479,12.4
7494,6,480,11.4
7494,6,481,12.4
7494,6,482,10.4
7494,6,483,15.4
7494,6,484,15.4
7494,6,485,22.4
7494,6,486,26.4
7494,6,487,30.4
7494,6,488,22.4
7494,6,489,19.4
7494,6,490,22.4
7494,6,491,19.4
7494,6,492,22.4
7494,6,493,23.4
7494,6,494,20.4
7494,6,495,17.4
7494,6,496,23.4
7494,6,497,19.4
7494,6,498,20.4
7494,6,499,18.4
7494,6,500,12.4
7494,6,501,12.4
7494,6,502,11.4
7494,6,503,8.39999
7494,6,504,10.4
7494,6,505,12.4
7494,6,506,16.4
7494,6,507,15.4
7494,6,508,19.4
7494,6,509,16.4
7494,6,510,14.4
7494,6,511,20.4
7970,6,0,-75.85
7970,6,1,4.14999
7970,6,2,4.14999
7970,6,3,7.14999
7970,6,4,6.14999
7970,6,5,3.14999
7970,6,6,5.14999
7970,6,7,3.14999
7970,6,8,-0.850006
7970,6,9,1.14999
7970,6,10,-2.85001
7970,6,11,2.14999
7970,6,12,5.14999
7970,6,13,2.14999
7970,6,14,2.14999
7970,6,15,2.14999
7970,6,16,9.14999
7970,6,17,8.14999
7970,6,18,9.14999
7970,6,19,5.14999
7970,6,20,3.14999
7970,6,21,9.14999
7970,6,22,4.14999
7970,6,23,3.14999
7970,6,24,2.14999
7970,6,25,3.14999
7970,6,26,3.14999
7970,6,27,4.14999
7970,6,28,4.14999
7970,6,29,4.14999
7970,6,30,7.14999
7970,6,31,7.14999
7970,6,32,2.14999
7970,6,33,4.14999
7970,6,34,7.14999
7970,6,35,8.14999
7970,6,36,11.15
7970,6,37,12.15
7970,6,38,10.15
7970,6,39,10.15
7970,6,40,7.14999
7970,6,41,7.14999
7970,6,42,9.14999
7970,6,43,8.14999
7970,6,44,5.14999
7970,6,45,9.14999
7970,6,46,7.14999
7970,6,47,5.14999
7970,6,48,7.14999
7970,6,49,5.14999
7970,6,50,10.15
7970,6,51,10.15
7970,6,52,12.15
7970,6,53,11.15
7970,6,54,12.15
7970,6,55,8.14999
7970,6,56,8.14999
7970,6,57,7.14999
7970,6,58,7.14999
7970,6,59,8.14999
7970,6,60,3.14999
7970,6,61,7.14999
7970,6,62,9.14999
7970,6,63,14.15
7970,6,64,11.15
7970,6,65,11.15
7970,6,66,5.14999
7970,6,67,8.14999
7970,6,68,6.14999
7970,6,69,4.14999
7970,6,70,8.14999
7970,6,71,11.15
7970,6,72,13.15
7970,6,73,14.15
7970,6,74,10.15
7970,6,75,13.15
7970,6,76,14.15
7970,6,77,14.15
7970,6,78,14.15
7970,6,79,14.15
7970,6,80,13.15
7970,6,81,16.15
7970,6,82,12.15
7970,6,83,11.15
7970,6,84,14.15
7970,6,85,10.15
7970,6,86,13.15
7970,6,87,13.15
7970,6,88,17.15
7970,6,89,18.15
7970,6,90,20.15
7970,6,91,16.15
7970,6,92,15.15
7970,6,93,15.15
7970,6,94,11.15
7970,6,95,15.15
7970,6,96,14.15
7970,6,97,14.15
7970,6,98,11.15
7970,6,99,13.15
7970,6,100,9.14999
7970,6,101,15.15
7970,6,102,13.15
7970,6,103,12.15
7970,6,104,17.15
7970,6,105,16.15
7970,6,106,17.15
7970,6,107,16.15
7970,6,108,21.15
7970,6,109,18.15
7970,6,110,18.15
7970,6,111,19.15
7970,6,112,19.15
7970,6,113,16.15
7970,6,114,13.15
7970,6,115,10.15
7970,6,116,15.15
7970,6,117,10.15
7970,6,118,17.15
7970,6,119,13.15
7970,6,120,13.15
7970,6,121,18.15
7970,6,122,14.15
7970,6,123,13.15
7970,6,124,12.15
7970,6,125,14.15
7970,6,126,16.15
7970,6,127,23.15
7970,6,128,16.15
7970,6,129,16.15
7970,6,130,15.15
7970,6,131,14.15
7970,6,132,19.15
7970,6,133,18.15
7970,6,134,20.15
7970,6,135,20.15
7970,6,136,19.15
7970,6,137,24.15
7970,6,138,26.15
7970,6,139,29.15
7970,6,140,30.15
7970,6,141,24.15
7970,6,142,23.15
7970,6,143,24.15
7970,6,144,24.15
7970,6,145,22.15
7970,6,146,19.15
7970,6,147,23.15
7970,6,148,24.15
7970,6,149,29.15
7970,6,150,24.15
7970,6,151,21.15
7970,6,152,21.15
7970,6,153,23.15
7970,6,154,20.15
7970,6,155,23.15
7970,6,156,23.15
7970,6,157,20.15
7970,6,158,20.15
7970,6,159,19.15
7970,6,160,28.15
7970,6,161,25.15
7970,6,162,25.15
7970,6,163,21.15
7970,6,164,18.15
7970,6,165,20.15
7970,6,166,21.15
7970,6,167,21.15
7970,6,168,23.15
7970,6,169,23.15
7970,6,170,22.15
7970,6,171,23.15
7970,6,172,23.15
7970,6,173,23.15
7970,6,174,27.15
7970,6,175,26.15
7970,6,176,26.15
7970,6,177,24.15
7970,6,178,20.15
7970,6,179,23.15
7970,6,180,19.15
7970,6,181,23.15
7970,6,182,21.15
7970,6,183,22.15
7970,6,184,24.15
7970,6,185,27.15
7970,6,186,30.15
7970,6,187,26.15
7970,6,188,26.15
7970,6,189,26.15
7970,6,190,21.15
7970,6,191,21.15
7970,6,192,27.15
7970,6,193,25.15
7970,6,194,26.15
7970,6,195,27.15
7970,6,196,25.15
7970,6,197,24.15
7970,6,198,21.15
7970,6,199,19.15
7970,6,200,19.15
7970,6,201,21.15
7970,6,202,22.15
7970,6,203,24.15
7970,6,204,25.15
7970,6,205,28.15
7970,6,206,22.15
7970,6,207,24.15
7970,6,208,20.15
7970,6,209,21.15
7970,6,210,21.15
7970,6,211,27.15
7970,6,212,27.15
7970,6,213,26.15
7970,6,214,18.15
7970,6,215,15.15
7970,6,216,16.15
7970,6,217,19.15
7970,6,218,20.15
7970,6,219,22.15
7970,6,220,21.15
7970,6,221,25.15
7970,6,222,25.15
7970,6,223,28.15
7970,6,224,25.15
7970,6,225,23.15
7970,6,226,26.15
7970,6,227,27.15
7970,6,228,26.15
7970,6,229,21.15
7970,6,230,24.15
7970,6,231,26.15
7970,6,232,24.15
7970,6,233,22.15
7970,6,234,16.15
7970,6,235,16.15
7970,6,236,14.15
7970,6,237,17.15
7970,6,238,19.15
7970,6,239,24.15
7970,6,240,24.15
7970,6,241,18.15
7970,6,242,18.15
7970,6,243,15.15
7970,6,244,15.15
7970,6,245,13.15
7970,6,246,14.15
7970,6,247,17.15
7970,6,248,17.15
7970,6,249,25.15
7970,6,250,23.15
7970,6,251,22.15
7970,6,252,22.15
7970,6,253,21.15
7970,6,254,22.15
7970,6,255,15.15
7970,6,256,14.15
7970,6,257,17.15
7970,6,258,13.15
7970,6,259,15.15
7970,6,260,16.15
7970,6,261,22.15
7970,6,262,21.15
7970,6,263,24.15
7970,6,264,23.15
7970,6,265,25.15
7970,6,266,24.15
7970,6,267,24.15
7970,6,268,26.15
7970,6,269,23.15
7970,6,270,19.15
7970,6,271,20.15
7970,6,272,20.15
7970,6,273,19.15
7970,6,274,18.15
7970,6,275,19.15
7970,6,276,16.15
7970,6,277,19.15
7970,6,278,20.15
7970,6,279,17.15
7970,6,280,18.15
7970,6,281,16.15
7970,6,282,11.15
7970,6,283,15.15
7970,6,284,15.15
7970,6,285,13.15
7970,6,286,16.15
7970,6,287,16.15
7970,6,288,15.15
7970,6,289,12.15
7970,6,290,17.15
7970,6,291,20.15
7970,6,292,21.15
7970,6,293,22.15
7970,6,294,14.15
7970,6,295,15.15
7970,6,296,10.15
7970,6,297,11.15
7970,6,298,13.15
7970,6,299,12.15
7970,6,300,15.15
7970,6,301,15.15
7970,6,302,10.15
7970,6,303,15.15
7970,6,304,15.15
7970,6,305,17.15
7970,6,306,17.15
7970,6,307,18.15
7970,6,308,16.15
7970,6,309,15.15
7970,6,310,13.15
7970,6,311,17.15
7970,6,312,17.15
7970,6,313,18.15
7970,6,314,17.15
7970,6,315,14.15
7970,6,316,16.15
7970,6,317,21.15
7970,6,318,15.15
7970,6,319,18.15
7970,6,320,21.15
7970,6,321,18.15
7970,6,322,16.15
7970,6,323,14.15
7970,6,324,13.15
7970,6,325,11.15
7970,6,326,13.15
7970,6,327,15.15
7970,6,328,17.15
7970,6,329,16.15
7970,6,330,11.15
7970,6,331,13.15
7970,6,332,13.15
7970,6,333,19.15
7970,6,334,17.15
7970,6,335,17.15
7970,6,336,16.15
7970,6,337,14.15
7970,6,338,15.15
7970,6,339,19.15
7970,6,340,16.15
7970,6,341,13.15
7970,6,342,13.15
7970,6,343,13.15
7970,6,344,14.15
7970,6,345,14.15
7970,6,346,20.15
7970,6,347,19.15
7970,6,348,17.15
7970,6,349,13.15
7970,6,350,14.15
7970,6,351,15.15
7970,6,352,12.15
7970,6,353,10.15
7970,6,354,15.15
7970,6,355,15.15
7970,6,356,17.15
7970,6,357,10.15
7970,6,358,12.15
7970,6,359,17.15
7970,6,360,10.15
7970,6,361,14.15
7970,6,362,16.15
7970,6,363,14.15
7970,6,364,14.15
7970,6,365,18.15
7970,6,366,21.15
7970,6,367,18.15
7970,6,368,17.15
7970,6,369,12.15
7970,6,370,17.15
7970,6,371,13.15
7970,6,372,12.15
7970,6,373,14.15
7970,6,374,18.15
7970,6,375,20.15
7970,6,376,22.15
7970,6,377,21.15
7970,6,378,19.15
7970,6,379,16.15
7970,6,380,15.15
7970,6,381,13.15
7970,6,382,12.15
7970,6,383,14.15
7970,6,384,12.15
7970,6,385,14.15
7970,6,386,11.15
7970,6,387,14.15
7970,6,388,15.15
7970,6,389,12.15
7970,6,390,7.14999
7970,6,391,8.14999
7970,6,392,9.14999
7970,6,393,6.14999
7970,6,394,11.15
7970,6,395,14.15
7970,6,396,16.15
7970,6,397,16.15
7970,6,398,13.15
7970,6,399,16.15
7970,6,400,18.15
7970,6,401,20.15
7970,6,402,14.15
7970,6,403,15.15
7970,6,404,16.15
7970,6,405,11.15
7970,6,406,11.15
7970,6,407,14.15
7970,6,408,12.15
7970,6,409,14.15
7970,6,410,13.15
7970,6,411,14.15
7970,6,412,13.15
7970,6,413,13.15
7970,6,414,16.15
7970,6,415,13.15
7970,6,416,15.15
7970,6,417,16.15
7970,6,418,14.15
7970,6,419,16.15
7970,6,420,17.15
7970,6,421,15.15
7970,6,422,19.15
7970,6,423,16.15
7970,6,424,14.15
7970,6,425,19.15
7970,6,426,17.15
7970,6,427,19.15
7970,6,428,24.15
7970,6,429,22.15
7970,6,430,17.15
7970,6,431,14.15
7970,6,432,16.15
7970,6,433,16.15
7970,6,434,18.15
7970,6,435,21.15
7970,6,436,19.15
7970,6,437,21.15
7970,6,438,23.15
7970,6,439,22.15
7970,6,440,21.15
7970,6,441,26.15
7970,6,442,24.15
7970,6,443,26.15
7970,6,444,27.15
7970,6,445,27.15
7970,6,446,22.15
7970,6,447,17.15
7970,6,448,17.15
7970,6,449,14.15
7970,6,450,20.15
7970,6,451,21.15
7970,6,452,17.15
7970,6,453,16.15
7970,6,454,12.15
7970,6,455,12.15
7970,6,456,14.15
7970,6,457,14.15
7970,6,458,14.15
7970,6,459,14.15
7970,6,460,11.15
7970,6,461,9.14999
7970,6,462,13.15
7970,6,463,14.15
7970,6,464,14.15
7970,6,465,15.15
7970,6,466,11.15
7970,6,467,15.15
7970,6,468,15.15
7970,6,469,19.15
7970,6,470,19.15
7970,6,471,20.15
7970,6,472,20.15
7970,6,473,18.15
7970,6,474,19.15
7970,6,475,16.15
7970,6,476,13.15
7970,6,477,15.15
7970,6,478,17.15
7970,6,479,20.15
7970,6,480,20.15
7970,6,481,20.15
7970,6,482,24.15
7970,6,483,21.15
7970,6,484,26.15
7970,6,485,21.15
7970,6,486,22.15
7970,6,487,16.15
7970,6,488,17.15
7970,6,489,19.15
7970,6,490,12.15
7970,6,491,16.15
7970,6,492,19.15
7970,6,493,20.15
7970,6,494,20.15
7970,6,495,17.15
7970,6,496,19.15
7970,6,497,19.15
7970,6,498,21.15
7970,6,499,18.15
7970,6,500,21.15
7970,6,501,23.15
7970,6,502,18.15
7970,6,503,20.15
7970,6,504,20.15
7970,6,505,19.15
7970,6,506,23.15
7970,6,507,25.15
7970,6,508,21.15
7970,6,509,26.15
7970,6,510,19.15
7970,6,511,24.15
5837,6,0,-65.3
5837,6,1,4.70001
5837,6,2,2.70001
5837,6,3,4.70001
5837,6,4,3.70001
5837,6,5,3.70001
5837,6,6,2.70001
5837,6,7,5.70001
5837,6,8,7.70001
5837,6,9,5.70001
5837,6,10,3.70001
5837,6,11,2.70001
5837,6,12,-0.299988
5837,6,13,0.700012
5837,6,14,-1.29999
5837,6,15,-1.29999
5837,6,16,0.700012
5837,6,17,3.70001
5837,6,18,4.70001
5837,6,19,10.7
5837,6,20,10.7
5837,6,21,7.70001
5837,6,22,3.70001
5837,6,23,6.70001
5837,6,24,7.70001
5837,6,25,5.70001
5837,6,26,8.70001
5837,6,27,4.70001
5837,6,28,10.7
5837,6,29,4.70001
5837,6,30,5.70001
5837,6,31,3.70001
5837,6,32,5.70001
5837,6,33,3.70001
5837,6,34,3.70001
5837,6,35,6.70001
5837,6,36,8.70001
5837,6,37,6.70001
5837,6,38,3.70001
5837,6,39,0.700012
5837,6,40,2.70001
5837,6,41,2.70001
5837,6,42,4.70001
5837,6,43,9.70001
5837,6,44,10.7
5837,6,45,8.70001
5837,6,46,6.70001
5837,6,47,6.70001
5837,6,48,4.70001
5837,6,49,3.70001
5837,6,50,5.70001
5837,6,51,7.70001
5837,6,52,8.70001
5837,6,53,2.70001
5837,6,54,4.70001
5837,6,55,4.70001
5837,6,56,9.70001
5837,6,57,10.7
5837,6,58,11.7
5837,6,59,14.7
5837,6,60,15.7
5837,6,61,13.7
5837,6,62,9.70001
5837,6,63,7.70001
5837,6,64,12.7
5837,6,65,11.7
5837,6,66,13.7
5837,6,67,6.70001
5837,6,68,6.70001
5837,6,69,6.70001
5837,6,70,5.70001
5837,6,71,4.70001
5837,6,72,3.70001
5837,6,73,4.70001
5837,6,74,6.70001
5837,6,75,10.7
5837,6,76,10.7
5837,6,77,9.70001
5837,6,78,11.7
5837,6,79,6.70001
5837,6,80,7.70001
5837,6,81,11.7
5837,6,82,4.70001
5837,6,83,3.70001
5837,6,84,3.70001
5837,6,85,9.70001
5837,6,86,10.7
5837,6,87,9.70001
5837,6,88,8.70001
5837,6,89,3.70001
5837,6,90,6.70001
5837,6,91,9.70001
5837,6,92,8.70001
5837,6,93,6.70001
5837,6,94,7.70001
5837,6,95,8.70001
5837,6,96,7.70001
5837,6,97,9.70001
5837,6,98,4.70001
5837,6,99,8.70001
5837,6,100,12.7
5837,6,101,10.7
5837,6,102,8.70001
5837,6,103,4.70001
5837,6,104,7.70001
5837,6,105,8.70001
5837,6,106,8.70001
5837,6,107,3.70001
5837,6,108,4.70001
5837,6,109,3.70001
5837,6,110,2.70001
5837,6,111,6.70001
5837,6,112,6.70001
5837,6,113,6.70001
5837,6,114,4.70001
5837,6,115,7.70001
5837,6,116,11.7
5837,6,117,12.7
5837,6,118,10.7
5837,6,119,12.7
5837,6,120,9.70001
5837,6,121,11.7
5837,6,122,12.7
5837,6,123,9.70001
5837,6,124,15.7
5837,6,125,9.70001
5837,6,126,11.7
5837,6,127,10.7
5837,6,128,10.7
5837,6,129,8.70001
5837,6,130,11.7
5837,6,131,11.7
5837,6,132,11.7
5837,6,133,13.7
5837,6,134,11.7
5837,6,135,8.70001
5837,6,136,16.7
5837,6,137,10.7
5837,6,138,12.7
5837,6,139,10.7
5837,6,140,9.70001
5837,6,141,12.7
5837,6,142,12.7
5837,6,143,12.7
5837,6,144,16.7
5837,6,145,19.7
5837,6,146,16.7
5837,6,147,18.7
5837,6,148,20.7
5837,6,149,13.7
5837,6,150,10.7
5837,6,151,13.7
5837,6,152,10.7
5837,6,153,11.7
5837,6,154,14.7
5837,6,155,14.7
5837,6,156,10.7
5837,6,157,8.70001
5837,6,158,8.70001
5837,6,159,12.7
5837,6,160,14.7
5837,6,161,14.7
5837,6,162,12.7
5837,6,163,11.7
5837,6,164,15.7
5837,6,165,16.7
5837,6,166,14.7
5837,6,167,17.7
5837,6,168,17.7
5837,6,169,19.7
5837,6,170,18.7
5837,6,171,17.7
5837,6,172,16.7
5837,6,173,17.7
5837,6,174,22.7
5837,6,175,21.7
5837,6,176,21.7
5837,6,177,25.7
5837,6,178,22.7
5837,6,179,17.7
5837,6,180,15.7
5837,6,181,12.7
5837,6,182,13.7
5837,6,183,12.7
5837,6,184,12.7
5837,6,185,13.7
5837,6,186,18.7
5837,6,187,17.7
5837,6,188,24.7
5837,6,189,21.7
5837,6,190,19.7
5837,6,191,20.7
5837,6,192,19.7
5837,6,193,17.7
5837,6,194,20.7
5837,6,195,21.7
5837,6,196,23.7
5837,6,197,22.7
5837,6,198,23.7
5837,6,199,20.7
5837,6,200,21.7
5837,6,201,22.7
5837,6,202,20.7
5837,6,203,23.7
5837,6,204,21.7
5837,6,205,23.7
5837,6,206,20.7
5837,6,207,16.7
5837,6,208,19.7
5837,6,209,15.7
5837,6,210,18.7
5837,6,211,20.7
5837,6,212,22.7
5837,6,213,25.7
5837,6,214,31.7
5837,6,215,30.7
5837,6,216,29.7
5837,6,217,25.7
5837,6,218,23.7
5837,6,219,27.7
5837,6,220,25.7
5837,6,221,33.7
5837,6,222,31.7
5837,6,223,30.7
5837,6,224,28.7
5837,6,225,29.7
5837,6,226,30.7
5837,6,227,28.7
5837,6,228,28.7
5837,6,229,26.7
5837,6,230,24.7
5837,6,231,25.7
5837,6,232,22.7
5837,6,233,24.7
5837,6,234,22.7
5837,6,235,23.7
5837,6,236,26.7
5837,6,237,32.7
5837,6,238,34.7
5837,6,239,37.7
5837,6,240,36.7
5837,6,241,34.7
5837,6,242,29.7
5837,6,243,27.7
5837,6,244,28.7
5837,6,245,31.7
5837,6,246,30.7
5837,6,247,32.7
5837,6,248,33.7
5837,6,249,28.7
5837,6,250,25.7
5837,6,251,24.7
5837,6,252,28.7
5837,6,253,29.7
5837,6,254,29.7
5837,6,255,30.7
5837,6,256,27.7
5837,6,257,29.7
5837,6,258,23.7
5837,6,259,30.7
5837,6,260,26.7
5837,6,261,20.7
5837,6,262,23.7
5837,6,263,24.7
5837,6,264,22.7
5837,6,265,29.7
5837,6,266,31.7
5837,6,267,29.7
5837,6,268,27.7
5837,6,269,29.7
5837,6,270,29.7
5837,6,271,27.7
5837,6,272,27.7
5837,6,273,24.7
5837,6,274,27.7
5837,6,275,24.7
5837,6,276,26.7
5837,6,277,25.7
5837,6,278,18.7
5837,6,279,18.7
5837,6,280,21.7
5837,6,281,21.7
5837,6,282,23.7
5837,6,283,22.7
5837,6,284,24.7
5837,6,285,24.7
5837,6,286,26.7
5837,6,287,28.7
5837,6,288,28.7
5837,6,289,26.7
5837,6,290,24.7
5837,6,291,24.7
5837,6,292,25.7
5837,6,293,24.7
5837,6,294,27.7
5837,6,295,26.7
5837,6,296,23.7
5837,6,297,22.7
5837,6,298,23.7
5837,6,299,17.7
5837,6,300,16.7
5837,6,301,16.7
5837,6,302,13.7
5837,6,303,17.7
5837,6,304,21.7
5837,6,305,18.7
5837,6,306,20.7
5837,6,307,16.7
5837,6,308,15.7
5837,6,309,15.7
5837,6,310,15.7
5837,6,311,21.7
5837,6,312,18.7
5837,6,313,20.7
5837,6,314,24.7
5837,6,315,22.7
5837,6,316,20.7
5837,6,317,15.7
5837,6,318,18.7
5837,6,319,19.7
5837,6,320,21.7
5837,6,321,21.7
5837,6,322,20.7
5837,6,323,21.7
5837,6,324,25.7
5837,6,325,18.7
5837,6,326,21.7
5837,6,327,20.7
5837,6,328,22.7
5837,6,329,22.7
5837,6,330,21.7
5837,6,331,23.7
5837,6,332,23.7
5837,6,333,21.7
5837,6,334,17.7
5837,6,335,16.7
5837,6,336,16.7
5837,6,337,14.7
5837,6,338,18.7
5837,6,339,16.7
5837,6,340,19.7
5837,6,341,15.7
5837,6,342,13.7
5837,6,343,17.7
5837,6,344,22.7
5837,6,345,17.7
5837,6,346,17.7
5837,6,347,17.7
5837,6,348,18.7
5837,6,349,21.7
5837,6,350,21.7
5837,6,351,19.7
5837,6,352,18.7
5837,6,353,16.7
5837,6,354,19.7
5837,6,355,20.7
5837,6,356,22.7
5837,6,357,19.7
5837,6,358,23.7
5837,6,359,21.7
5837,6,360,17.7
5837,6,361,18.7
5837,6,362,13.7
5837,6,363,12.7
5837,6,364,15.7
5837,6,365,14.7
5837,6,366,17.7
5837,6,367,15.7
5837,6,368,21.7
5837,6,369,24.7
5837,6,370,23.7
5837,6,371,23.7
5837,6,372,24.7
5837,6,373,22.7
5837,6,374,24.7
5837,6,375,20.7
5837,6,376,12.7
5837,6,377,17.7
5837,6,378,13.7
5837,6,379,16.7
5837,6,380,14.7
5837,6,381,13.7
5837,6,382,12.7
5837,6,383,17.7
5837,6,384,15.7
5837,6,385,17.7
5837,6,386,17.7
5837,6,387,17.7
5837,6,388,14.7
5837,6,389,9.70001
5837,6,390,8.70001
5837,6,391,12.7
5837,6,392,15.7
5837,6,393,12.7
5837,6,394,11.7
5837,6,395,10.7
5837,6,396,5.70001
5837,6,397,10.7
5837,6,398,11.7
5837,6,399,6.70001
5837,6,400,11.7
5837,6,401,16.7
5837,6,402,16.7
5837,6,403,18.7
5837,6,404,22.7
5837,6,405,26.7
5837,6,406,20.7
5837,6,407,13.7
5837,6,408,13.7
5837,6,409,14.7
5837,6,410,14.7
5837,6,411,10.7
5837,6,412,11.7
5837,6,413,9.70001
5837,6,414,14.7
5837,6,415,19.7
5837,6,416,20.7
5837,6,417,16.7
5837,6,418,14.7
5837,6,419,14.7
5837,6,420,15.7
5837,6,421,18.7
5837,6,422,13.7
5837,6,423,16.7
5837,6,424,16.7
5837,6,425,9.70001
5837,6,426,12.7
5837,6,427,11.7
5837,6,428,15.7
5837,6,429,11.7
5837,6,430,11.7
5837,6,431,13.7
5837,6,432,14.7
5837,6,433,14.7
5837,6,434,12.7
5837,6,435,11.7
5837,6,436,11.7
5837,6,437,13.7
5837,6,438,9.70001
5837,6,439,17.7
5837,6,440,16.7
5837,6,441,15.7
5837,6,442,18.7
5837,6,443,20.7
5837,6,444,20.7
5837,6,445,22.7
5837,6,446,21.7
5837,6,447,19.7
5837,6,448,16.7
5837,6,449,15.7
5837,6,450,15.7
5837,6,451,16.7
5837,6,452,12.7
5837,6,453,12.7
5837,6,454,12.7
5837,6,455,14.7
5837,6,456,13.7
5837,6,457,17.7
5837,6,458,22.7
5837,6,459,23.7
5837,6,460,22.7
5837,6,461,20.7
5837,6,462,22.7
5837,6,463,22.7
5837,6,464,17.7
5837,6,465,14.7
5837,6,466,9.70001
5837,6,467,15.7
5837,6,468,12.7
5837,6,469,12.7
5837,6,470,17.7
5837,6,471,17.7
5837,6,472,17.7
5837,6,473,20.7
5837,6,474,20.7
5837,6,475,21.7
5837,6,476,17.7
5837,6,477,19.7
5837,6,478,19.7
5837,6,479,21.7
5837,6,480,14.7
5837,6,481,11.7
5837,6,482,11.7
5837,6,483,12.7
5837,6,484,11.7
5837,6,485,11.7
5837,6,486,12.7
5837,6,487,18.7
5837,6,488,19.7
5837,6,489,18.7
5837,6,490,17.7
5837,6,491,12.7
5837,6,492,15.7
5837,6,493,15.7
5837,6,494,21.7
5837,6,495,19.7
5837,6,496,22.7
5837,6,497,19.7
5837,6,498,19.7
5837,6,499,17.7
5837,6,500,17.7
5837,6,501,16.7
5837,6,502,14.7
5837,6,503,17.7
5837,6,504,13.7
5837,6,505,8.70001
5837,6,506,16.7
5837,6,507,19.7
5837,6,508,21.7
5837,6,509,20.7
5837,6,510,24.7
5837,6,511,21.7
2908,6,0,-70.65
2908,6,1,-4.64999
2908,6,2,-2.64999
2908,6,3,-2.64999
2908,6,4,1.35001
2908,6,5,-1.64999
2908,6,6,2.35001
2908,6,7,4.35001
2908,6,8,4.35001
2908,6,9,7.35001
2908,6,10,5.35001
2908,6,11,4.35001
2908,6,12,8.35001
2908,6,13,6.35001
2908,6,14,7.35001
2908,6,15,5.35001
2908,6,16,3.35001
2908,6,17,6.35001
2908,6,18,9.35001
2908,6,19,6.35001
2908,6,20,7.35001
2908,6,21,10.35
2908,6,22,8.35001
2908,6,23,8.35001
2908,6,24,7.35001
2908,6,25,5.35001
2908,6,26,8.35001
2908,6,27,4.35001
2908,6,28,9.35001
2908,6,29,5.35001
2908,6,30,9.35001
2908,6,31,4.35001
2908,6,32,9.35001
2908,6,33,9.35001
2908,6,34,9.35001
2908,6,35,4.35001
2908,6,36,8.35001
2908,6,37,10.35
2908,6,38,7.35001
2908,6,39,4.35001
2908,6,40,10.35
2908,6,41,7.35001
2908,6,42,6.35001
2908,6,43,7.35001
2908,6,44,9.35001
2908,6,45,12.35
2908,6,46,9.35001
2908,6,47,6.35001
2908,6,48,0.350006
2908,6,49,2.35001
2908,6,50,6.35001
2908,6,51,3.35001
2908,6,52,8.35001
2908,6,53,6.35001
2908,6,54,8.35001
2908,6,55,5.35001
2908,6,56,9.35001
2908,6,57,10.35
2908,6,58,9.35001
2908,6,59,9.35001
2908,6,60,8.35001
2908,6,61,14.35
2908,6,62,10.35
2908,6,63,11.35
2908,6,64,4.35001
2908,6,65,14.35
2908,6,66,10.35
2908,6,67,8.35001
2908,6,68,9.35001
2908,6,69,11.35
2908,6,70,9.35001
2908,6,71,10.35
2908,6,72,14.35
2908,6,73,12.35
2908,6,74,12.35
2908,6,75,11.35
2908,6,76,8.35001
2908,6,77,5.35001
2908,6,78,8.35001
2908,6,79,3.35001
2908,6,80,6.35001
2908,6,81,3.35001
2908,6,82,0.350006
2908,6,83,7.35001
2908,6,84,8.35001
2908,6,85,10.35
2908,6,86,15.35
2908,6,87,22.35
2908,6,88,20.35
2908,6,89,23.35
2908,6,90,20.35
2908,6,91,24.35
2908,6,92,22.35
2908,6,93,19.35
2908,6,94,17.35
2908,6,95,17.35
2908,6,96,16.35
2908,6,97,9.35001
2908,6,98,8.35001
2908,6,99,9.35001
2908,6,100,10.35
2908,6,101,15.35
2908,6,102,16.35
2908,6,103,14.35
2908,6,104,11.35
2908,6,105,15.35
2908,6,106,14.35
2908,6,107,17.35
2908,6,108,14.35
2908,6,109,14.35
2908,6,110,9.35001
2908,6,111,8.35001
2908,6,112,6.35001
2908,6,113,6.35001
2908,6,114,12.35
2908,6,115,15.35
2908,6,116,13.35
2908,6,117,14.35
2908,6,118,13.35
2908,6,119,18.35
2908,6,120,13.35
2908,6,121,15.35
2908,6,122,13.35
2908,6,123,12.35
2908,6,124,11.35
2908,6,125,10.35
2908,6,126,12.35
2908,6,127,13.35
2908,6,128,12.35
2908,6,129,15.35
2908,6,130,17.35
2908,6,131,21.35
2908,6,132,15.35
2908,6,133,15.35
2908,6,134,17.35
2908,6,135,18.35
2908,6,136,18.35
2908,6,137,22.35
2908,6,138,20.35
2908,6,139,17.35
2908,6,140,16.35
2908,6,141,17.35
2908,6,142,16.35
2908,6,143,15.35
2908,6,144,16.35
2908,6,145,17.35
2908,6,146,16.35
2908,6,147,19.35
2908,6,148,22.35
2908,6,149,26.35
2908,6,150,22.35
2908,6,151,23.35
2908,6,152,25.35
2908,6,153,25.35
2908,6,154,17.35
2908,6,155,18.35
2908,6,156,14.35
2908,6,157,13.35
2908,6,158,16.35
2908,6,159,18.35
2908,6,160,20.35
2908,6,161,26.35
2908,6,162,25.35
2908,6,163,24.35
2908,6,164,22.35
2908,6,165,23.35
2908,6,166,21.35
2908,6,167,25.35
2908,6,168,26.35
2908,6,169,27.35
2908,6,170,26.35
2908,6,171,25.35
2908,6,172,19.35
2908,6,173,21.35
2908,6,174,23.35
2908,6,175,20.35
2908,6,176,22.35
2908,6,177,16.35
2908,6,178,20.35
2908,6,179,19.35
2908,6,180,20.35
2908,6,181,22.35
2908,6,182,22.35
2908,6,183,25.35
2908,6,184,25.35
2908,6,185,26.35
2908,6,186,27.35
2908,6,187,28.35
2908,6,188,28.35
2908,6,189,27.35
2908,6,190,28.35
2908,6,191,25.35
2908,6,192,26.35
2908,6,193,24.35
2908,6,194,22.35
2908,6,195,25.35
2908,6,196,26.35
2908,6,197,26.35
2908,6,198,22.35
2908,6,199,24.35
2908,6,200,28.35
2908,6,201,32.35
2908,6,202,29.35
2908,6,203,29.35
2908,6,204,27.35
2908,6,205,28.35
2908,6,206,26.35
2908,6,207,23.35
2908,6,208,23.35
2908,6,209,25.35
2908,6,210,19.35
2908,6,211,24.35
2908,6,212,25.35
2908,6,213,26.35
2908,6,214,27.35
2908,6,215,29.35
2908,6,216,25.35
2908,6,217,33.35
2908,6,218,28.35
2908,6,219,25.35
2908,6,220,24.35
2908,6,221,23.35
2908,6,222,22.35
2908,6,223,23.35
2908,6,224,17.35
2908,6,225,22.35
2908,6,226,19.35
2908,6,227,23.35
2908,6,228,18.35
2908,6,229,24.35
2908,6,230,31.35
2908,6,231,27.35
2908,6,232,25.35
2908,6,233,28.35
2908,6,234,25.35
2908,6,235,26.35
2908,6,236,27.35
2908,6,237,24.35
2908,6,238,24.35
2908,6,239,21.35
2908,6,240,18.35
2908,6,241,18.35
2908,6,242,18.35
2908,6,243,20.35
2908,6,244,26.35
2908,6,245,19.35
2908,6,246,23.35
2908,6,247,17.35
2908,6,248,20.35
2908,6,249,17.35
2908,6,250,13.35
2908,6,251,17.35
2908,6,252,18.35
2908,6,253,20.35
2908,6,254,23.35
2908,6,255,26.35
2908,6,256,29.35
2908,6,257,33.35
2908,6,258,35.35
2908,6,259,32.35
2908,6,260,33.35
2908,6,261,32.35
2908,6,262,31.35
2908,6,263,27.35
2908,6,264,20.35
2908,6,265,19.35
2908,6,266,20.35
2908,6,267,17.35
2908,6,268,19.35
2908,6,269,18.35
2908,6,270,17.35
2908,6,271,17.35
2908,6,272,21.35
2908,6,273,20.35
2908,6,274,24.35
2908,6,275,21.35
2908,6,276,28.35
2908,6,277,24.35
2908,6,278,23.35
2908,6,279,17.35
2908,6,280,21.35
2908,6,281,19.35
2908,6,282,18.35
2908,6,283,16.35
2908,6,284,12.35
2908,6,285,13.35
2908,6,286,18.35
2908,6,287,20.35
2908,6,288,20.35
2908,6,289,22.35
2908,6,290,23.35
2908,6,291,21.35
2908,6,292,19.35
2908,6,293,18.35
2908,6,294,15.35
2908,6,295,15.35
2908,6,296,15.35
2908,6,297,20.35
2908,6,298,20.35
2908,6,299,16.35
2908,6,300,14.35
2908,6,301,9.35001
2908,6,302,13.35
2908,6,303,13.35
2908,6,304,15.35
2908,6,305,15.35
2908,6,306,20.35
2908,6,307,20.35
2908,6,308,17.35
2908,6,309,15.35
2908,6,310,12.35
2908,6,311,10.35
2908,6,312,7.35001
2908,6,313,15.35
2908,6,314,12.35
2908,6,315,16.35
2908,6,316,16.35
2908,6,317,14.35
2908,6,318,17.35
2908,6,319,17.35
2908,6,320,20.35
2908,6,321,18.35
2908,6,322,20.35
2908,6,323,19.35
2908,6,324,18.35
2908,6,325,15.35
2908,6,326,16.35
2908,6,327,17.35
2908,6,328,23.35
2908,6,329,19.35
2908,6,330,16.35
2908,6,331,13.35
2908,6,332,10.35
2908,6,333,11.35
2908,6,334,14.35
2908,6,335,12.35
2908,6,336,13.35
2908,6,337,11.35
2908,6,338,18.35
2908,6,339,16.35
2908,6,340,22.35
2908,6,341,18.35
2908,6,342,18.35
2908,6,343,20.35
2908,6,344,17.35
2908,6,345,13.35
2908,6,346,10.35
2908,6,347,9.35001
2908,6,348,10.35
2908,6,349,19.35
2908,6,350,20.35
2908,6,351,18.35
2908,6,352,16.35
2908,6,353,16.35
2908,6,354,16.35
2908,6,355,18.35
2908,6,356,17.35
2908,6,357,20.35
2908,6,358,14.35
2908,6,359,14.35
2908,6,360,20.35
2908,6,361,15.35
2908,6,362,16.35
2908,6,363,11.35
2908,6,364,17.35
2908,6,365,17.35
2908,6,366,18.35
2908,6,367,17.35
2908,6,368,18.35
2908,6,369,11.35
2908,6,370,12.35
2908,6,371,13.35
2908,6,372,11.35
2908,6,373,12.35
2908,6,374,15.35
2908,6,375,13.35
2908,6,376,10.35
2908,6,377,18.35
2908,6,378,15.35
2908,6,379,14.35
2908,6,380,14.35
2908,6,381,13.35
2908,6,382,15.35
2908,6,383,14.35
2908,6,384,17.35
2908,6,385,16.35
2908,6,386,14.35
2908,6,387,18.35
2908,6,388,16.35
2908,6,389,14.35
2908,6,390,11.35
2908,6,391,9.35001
2908,6,392,10.35
2908,6,393,10.35
2908,6,394,13.35
2908,6,395,15.35
2908,6,396,18.35
2908,6,397,16.35
2908,6,398,11.35
2908,6,399,16.35
2908,6,400,12.35
2908,6,401,15.35
2908,6,402,10.35
2908,6,403,10.35
2908,6,404,6.35001
2908,6,405,9.35001
2908,6,406,6.35001
2908,6,407,9.35001
2908,6,408,11.35
2908,6,409,19.35
2908,6,410,18.35
2908,6,411,21.35
2908,6,412,23.35
2908,6,413,22.35
2908,6,414,22.35
2908,6,415,23.35
2908,6,416,23.35
2908,6,417,26.35
2908,6,418,23.35
2908,6,419,18.35
2908,6,420,16.35
2908,6,421,13.35
2908,6,422,13.35
2908,6,423,16.35
2908,6,424,14.35
2908,6,425,16.35
2908,6,426,20.35
2908,6,427,23.35
2908,6,428,19.35
2908,6,429,17.35
2908,6,430,12.35
2908,6,431,17.35
2908,6,432,13.35
2908,6,433,8.35001
2908,6,434,10.35
2908,6,435,9.35001
2908,6,436,10.35
2908,6,437,15.35
2908,6,438,15.35
2908,6,439,18.35
2908,6,440,15.35
2908,6,441,16.35
2908,6,442,16.35
2908,6,443,16.35
2908,6,444,14.35
2908,6,445,16.35
2908,6,446,14.35
2908,6,447,14.35
2908,6,448,16.35
2908,6,449,20.35
2908,6,450,21.35
2908,6,451,21.35
2908,6,452,22.35
2908,6,453,25.35
2908,6,454,20.35
2908,6,455,22.35
2908,6,456,22.35
2908,6,457,16.35
2908,6,458,13.35
2908,6,459,12.35
2908,6,460,9.35001
2908,6,461,15.35
2908,6,462,17.35
2908,6,463,19.35
2908,6,464,22.35
2908,6,465,23.35
2908,6,466,18.35
2908,6,467,20.35
2908,6,468,16.35
2908,6,469,12.35
2908,6,470,15.35
2908,6,471,15.35
2908,6,472,16.35
2908,6,473,12.35
2908,6,474,20.35
2908,6,475,17.35
2908,6,476,17.35
2908,6,477,19.35
2908,6,478,15.35
2908,6,479,13.35
2908,6,480,14.35
2908,6,481,17.35
2908,6,482,17.35
2908,6,483,18.35
2908,6,484,16.35
2908,6,485,15.35
2908,6,486,17.35
2908,6,487,16.35
2908,6,488,21.35
2908,6,489,17.35
2908,6,490,16.35
2908,6,491,13.35
2908,6,492,16.35
2908,6,493,19.35
2908,6,494,20.35
2908,6,495,22.35
2908,6,496,22.35
2908,6,497,21.35
2908,6,498,20.35
2908,6,499,19.35
2908,6,500,17.35
2908,6,501,20.35
2908,6,502,15.35
2908,6,503,18.35
2908,6,504,13.35
2908,6,505,16.35
2908,6,506,19.35
2908,6,507,21.35
2908,6,508,23.35
2908,6,509,28.35
2908,6,510,27.35
2908,6,511,26.35
566,6,0,-68.7
566,6,1,2.29999
566,6,2,6.29999
566,6,3,4.29999
566,6,4,2.29999
566,6,5,-0.700012
566,6,6,-3.70001
566,6,7,-0.700012
566,6,8,3.29999
566,6,9,6.29999
566,6,10,2.29999
566,6,11,1.29999
566,6,12,-1.70001
566,6,13,4.29999
566,6,14,2.29999
566,6,15,2.29999
566,6,16,6.29999
566,6,17,8.29999
566,6,18,12.3
566,6,19,11.3
566,6,20,11.3
566,6,21,13.3
566,6,22,14.3
566,6,23,7.29999
566,6,24,9.29999
566,6,25,10.3
566,6,26,7.29999
566,6,27,4.29999
566,6,28,6.29999
566,6,29,5.29999
566,6,30,8.29999
566,6,31,5.29999
566,6,32,1.29999
566,6,33,2.29999
566,6,34,5.29999
566,6,35,5.29999
566,6,36,6.29999
566,6,37,8.29999
566,6,38,7.29999
566,6,39,4.29999
566,6,40,6.29999
566,6,41,5.29999
566,6,42,4.29999
566,6,43,3.29999
566,6,44,-0.700012
566,6,45,6.29999
566,6,46,-2.70001
566,6,47,3.29999
566,6,48,3.29999
566,6,49,4.29999
566,6,50,6.29999
566,6,51,3.29999
566,6,52,5.29999
566,6,53,3.29999
566,6,54,3.29999
566,6,55,8.29999
566,6,56,4.29999
566,6,57,4.29999
566,6,58,8.29999
566,6,59,3.29999
566,6,60,3.29999
566,6,61,3.29999
566,6,62,0.299988
566,6,63,2.29999
566,6,64,4.29999
566,6,65,12.3
566,6,66,12.3
566,6,67,7.29999
566,6,68,10.3
566,6,69,13.3
566,6,70,10.3
566,6,71,11.3
566,6,72,9.29999
566,6,73,7.29999
566,6,74,7.29999
566,6,75,7.29999
566,6,76,12.3
566,6,77,9.29999
566,6,78,6.29999
566,6,79,8.29999
566,6,80,10.3
566,6,81,9.29999
566,6,82,9.29999
566,6,83,7.29999
566,6,84,8.29999
566,6,85,7.29999
566,6,86,4.29999
566,6,87,6.29999
566,6,88,6.29999
566,6,89,13.3
566,6,90,12.3
566,6,91,13.3
566,6,92,11.3
566,6,93,7.29999
566,6,94,9.29999
566,6,95,9.29999
566,6,96,4.29999
566,6,97,6.29999
566,6,98,6.29999
566,6,99,8.29999
566,6,100,8.29999
566,6,101,9.29999
566,6,102,10.3
566,6,103,10.3
566,6,104,9.29999
566,6,105,10.3
566,6,106,13.3
566,6,107,18.3
566,6,108,14.3
566,6,109,16.3
566,6,110,13.3
566,6,111,12.3
566,6,112,14.3
566,6,113,18.3
566,6,114,18.3
566,6,115,11.3
566,6,116,14.3
566,6,117,12.3
566,6,118,9.29999
566,6,119,10.3
566,6,120,11.3
566,6,121,15.3
566,6,122,15.3
566,6,123,18.3
566,6,124,21.3
566,6,125,21.3
566,6,126,20.3
566,6,127,21.3
566,6,128,20.3
566,6,129,23.3
566,6,130,22.3
566,6,131,19.3
566,6,132,24.3
566,6,133,21.3
566,6,134,20.3
566,6,135,15.3
566,6,136,14.3
566,6,137,17.3
566,6,138,18.3
566,6,139,15.3
566,6,140,12.3
566,6,141,12.3
566,6,142,14.3
566,6,143,15.3
566,6,144,17.3
566,6,145,12.3
566,6,146,12.3
566,6,147,16.3
566,6,148,16.3
566,6,149,18.3
566,6,150,21.3
566,6,151,19.3
566,6,152,19.3
566,6,153,19.3
566,6,154,18.3
566,6,155,16.3
566,6,156,17.3
566,6,157,18.3
566,6,158,20.3
566,6,159,16.3
566,6,160,16.3
566,6,161,19.3
566,6,162,18.3
566,6,163,16.3
566,6,164,15.3
566,6,165,24.3
566,6,166,18.3
566,6,167,20.3
566,6,168,15.3
566,6,169,17.3
566,6,170,17.3
566,6,171,22.3
566,6,172,19.3
566,6,173,17.3
566,6,174,17.3
566,6,175,16.3
566,6,176,14.3
566,6,177,19.3
566,6,178,17.3
566,6,179,24.3
566,6,180,16.3
566,6,181,18.3
566,6,182,17.3
566,6,183,14.3
566,6,184,21.3
566,6,185,18.3
566,6,186,22.3
566,6,187,19.3
566,6,188,13.3
566,6,189,14.3
566,6,190,19.3
566,6,191,18.3
566,6,192,18.3
566,6,193,16.3
566,6,194,16.3
566,6,195,19.3
566,6,196,14.3
566,6,197,20.3
566,6,198,16.3
566,6,199,21.3
566,6,200,15.3
566,6,201,14.3
566,6,202,16.3
566,6,203,16.3
566,6,204,18.3
566,6,205,18.3
566,6,206,22.3
566,6,207,15.3
566,6,208,15.3
566,6,209,15.3
566,6,210,13.3
566,6,211,19.3
566,6,212,13.3
566,6,213,17.3
566,6,214,17.3
566,6,215,13.3
566,6,216,12.3
566,6,217,12.3
566,6,218,12.3
566,6,219,10.3
566,6,220,14.3
566,6,221,10.3
566,6,222,12.3
566,6,223,14.3
566,6,224,14.3
566,6,225,19.3
566,6,226,19.3
566,6,227,20.3
566,6,228,17.3
566,6,229,19.3
566,6,230,18.3
566,6,231,17.3
566,6,232,15.3
566,6,233,12.3
566,6,234,12.3
566,6,235,10.3
566,6,236,9.29999
566,6,237,12.3
566,6,238,15.3
566,6,239,15.3
566,6,240,16.3
566,6,241,17.3
566,6,242,17.3
566,6,243,16.3
566,6,244,15.3
566,6,245,13.3
566,6,246,15.3
566,6,247,18.3
566,6,248,15.3
566,6,249,8.29999
566,6,250,6.29999
566,6,251,5.29999
566,6,252,8.29999
566,6,253,9.29999
566,6,254,16.3
566,6,255,18.3
566,6,256,17.3
566,6,257,14.3
566,6,258,16.3
566,6,259,12.3
566,6,260,12.3
566,6,261,10.3
566,6,262,8.29999
566,6,263,11.3
566,6,264,10.3
566,6,265,11.3
566,6,266,14.3
566,6,267,12.3
566,6,268,13.3
566,6,269,17.3
566,6,270,13.3
566,6,271,14.3
566,6,272,15.3
566,6,273,15.3
566,6,274,16.3
566,6,275,19.3
566,6,276,18.3
566,6,277,11.3
566,6,278,13.3
566,6,279,8.29999
566,6,280,9.29999
566,6,281,10.3
566,6,282,11.3
566,6,283,10.3
566,6,284,5.29999
566,6,285,6.29999
566,6,286,8.29999
566,6,287,13.3
566,6,288,13.3
566,6,289,11.3
566,6,290,12.3
566,6,291,17.3
566,6,292,13.3
566,6,293,11.3
566,6,294,16.3
566,6,295,12.3
566,6,296,13.3
566,6,297,13.3
566,6,298,11.3
566,6,299,11.3
566,6,300,6.29999
566,6,301,5.29999
566,6,302,10.3
566,6,303,7.29999
566,6,304,12.3
566,6,305,13.3
566,6,306,9.29999
566,6,307,13.3
566,6,308,13.3
566,6,309,11.3
566,6,310,14.3
566,6,311,10.3
566,6,312,11.3
566,6,313,13.3
566,6,314,15.3
566,6,315,10.3
566,6,316,12.3
566,6,317,13.3
566,6,318,12.3
566,6,319,14.3
566,6,320,15.3
566,6,321,14.3
566,6,322,13.3
566,6,323,14.3
566,6,324,16.3
566,6,325,15.3
566,6,326,17.3
566,6,327,20.3
566,6,328,18.3
566,6,329,18.3
566,6,330,16.3
566,6,331,20.3
566,6,332,20.3
566,6,333,13.3
566,6,334,13.3
566,6,335,8.29999
566,6,336,7.29999
566,6,337,10.3
566,6,338,7.29999
566,6,339,3.29999
566,6,340,5.29999
566,6,341,4.29999
566,6,342,4.29999
566,6,343,6.29999
566,6,344,9.29999
566,6,345,7.29999
566,6,346,12.3
566,6,347,15.3
566,6,348,18.3
566,6,349,14.3
566,6,350,8.29999
566,6,351,7.29999
566,6,352,11.3
566,6,353,12.3
566,6,354,9.29999
566,6,355,8.29999
566,6,356,8.29999
566,6,357,11.3
566,6,358,14.3
566,6,359,14.3
566,6,360,12.3
566,6,361,13.3
566,6,362,10.3
566,6,363,6.29999
566,6,364,8.29999
566,6,365,7.29999
566,6,366,12.3
566,6,367,13.3
566,6,368,10.3
566,6,369,12.3
566,6,370,11.3
566,6,371,9.29999
566,6,372,9.29999
566,6,373,10.3
566,6,374,14.3
566,6,375,13.3
566,6,376,8.29999
566,6,377,11.3
566,6,378,10.3
566,6,379,11.3
566,6,380,8.29999
566,6,381,8.29999
566,6,382,9.29999
566,6,383,12.3
566,6,384,16.3
566,6,385,11.3
566,6,386,10.3
566,6,387,9.29999
566,6,388,7.29999
566,6,389,8.29999
566,6,390,5.29999
566,6,391,6.29999
566,6,392,7.29999
566,6,393,8.29999
566,6,394,13.3
566,6,395,16.3
566,6,396,17.3
566,6,397,13.3
566,6,398,11.3
566,6,399,13.3
566,6,400,8.29999
566,6,401,13.3
566,6,402,10.3
566,6,403,10.3
566,6,404,10.3
566,6,405,15.3
566,6,406,12.3
566,6,407,16.3
566,6,408,14.3
566,6,409,15.3
566,6,410,17.3
566,6,411,9.29999
566,6,412,11.3
566,6,413,9.29999
566,6,414,11.3
566,6,415,13.3
566,6,416,9.29999
566,6,417,13.3
566,6,418,10.3
566,6,419,11.3
566,6,420,13.3
566,6,421,17.3
566,6,422,20.3
566,6,423,18.3
566,6,424,21.3
566,6,425,22.3
566,6,426,22.3
566,6,427,16.3
566,6,428,18.3
566,6,429,18.3
566,6,430,17.3
566,6,431,16.3
566,6,432,17.3
566,6,433,19.3
566,6,434,15.3
566,6,435,14.3
566,6,436,16.3
566,6,437,17.3
566,6,438,14.3
566,6,439,15.3
566,6,440,18.3
566,6,441,17.3
566,6,442,13.3
566,6,443,13.3
566,6,444,16.3
566,6,445,14.3
566,6,446,10.3
566,6,447,13.3
566,6,448,16.3
566,6,449,13.3
566,6,450,12.3
566,6,451,10.3
566,6,452,9.29999
566,6,453,10.3
566,6,454,9.29999
566,6,455,11.3
566,6,456,6.29999
566,6,457,7.29999
566,6,458,9.29999
566,6,459,11.3
566,6,460,13.3
566,6,461,17.3
566,6,462,20.3
566,6,463,18.3
566,6,464,14.3
566,6,465,11.3
566,6,466,10.3
566,6,467,11.3
566,6,468,13.3
566,6,469,12.3
566,6,470,17.3
566,6,471,16.3
566,6,472,15.3
566,6,473,10.3
566,6,474,14.3
566,6,475,15.3
566,6,476,14.3
566,6,477,15.3
566,6,478,18.3
566,6,479,15.3
566,6,480,11.3
566,6,481,7.29999
566,6,482,12.3
566,6,483,15.3
566,6,484,12.3
566,6,485,13.3
566,6,486,12.3
566,6,487,16.3
566,6,488,15.3
566,6,489,18.3
566,6,490,17.3
566,6,491,17.3
566,6,492,15.3
566,6,493,17.3
566,6,494,15.3
566,6,495,17.3
566,6,496,14.3
566,6,497,18.3
566,6,498,15.3
566,6,499,16.3
566,6,500,15.3
566,6,501,13.3
566,6,502,15.3
566,6,503,13.3
566,6,504,17.3
566,6,505,17.3
566,6,506,14.3
566,6,507,14.3
566,6,508,21.3
566,6,509,19.3
566,6,510,15.3
566,6,511,24.3
7777,6,0,-68.6
7777,6,1,0.399994
7777,6,2,2.39999
7777,6,3,2.39999
7777,6,4,5.39999
7777,6,5,5.39999
7777,6,6,4.39999
7777,6,7,4.39999
7777,6,8,6.39999
7777,6,9,5.39999
7777,6,10,3.39999
7777,6,11,0.399994
7777,6,12,0.399994
7777,6,13,-0.600006
7777,6,14,-0.600006
7777,6,15,1.39999
7777,6,16,2.39999
7777,6,17,10.4
7777,6,18,8.39999
7777,6,19,6.39999
7777,6,20,2.39999
7777,6,21,2.39999
7777,6,22,1.39999
7777,6,23,6.39999
7777,6,24,6.39999
7777,6,25,3.39999
7777,6,26,7.39999
7777,6,27,3.39999
7777,6,28,3.39999
7777,6,29,0.399994
7777,6,30,-3.60001
7777,6,31,-0.600006
7777,6,32,3.39999
7777,6,33,4.39999
7777,6,34,12.4
7777,6,35,9.39999
7777,6,36,3.39999
7777,6,37,-1.60001
7777,6,38,-4.60001
7777,6,39,-3.60001
7777,6,40,1.39999
7777,6,41,3.39999
7777,6,42,6.39999
7777,6,43,5.39999
7777,6,44,5.39999
7777,6,45,7.39999
7777,6,46,9.39999
7777,6,47,9.39999
7777,6,48,11.4
7777,6,49,8.39999
7777,6,50,11.4
7777,6,51,13.4
7777,6,52,11.4
7777,6,53,7.39999
7777,6,54,8.39999
7777,6,55,6.39999
7777,6,56,10.4
7777,6,57,6.39999
7777,6,58,4.39999
7777,6,59,7.39999
7777,6,60,3.39999
7777,6,61,2.39999
7777,6,62,-4.60001
7777,6,63,-0.600006
7777,6,64,0.399994
7777,6,65,3.39999
7777,6,66,3.39999
7777,6,67,4.39999
7777,6,68,10.4
7777,6,69,8.39999
7777,6,70,7.39999
7777,6,71,9.39999
7777,6,72,8.39999
7777,6,73,10.4
7777,6,74,13.4
7777,6,75,9.39999
7777,6,76,5.39999
7777,6,77,7.39999
7777,6,78,3.39999
7777,6,79,7.39999
7777,6,80,9.39999
7777,6,81,11.4
7777,6,82,10.4
7777,6,83,9.39999
7777,6,84,10.4
7777,6,85,10.4
7777,6,86,8.39999
7777,6,87,8.39999
7777,6,88,5.39999
7777,6,89,2.39999
7777,6,90,5.39999
7777,6,91,7.39999
7777,6,92,7.39999
7777,6,93,4.39999
7777,6,94,3.39999
7777,6,95,4.39999
7777,6,96,9.39999
7777,6,97,8.39999
7777,6,98,7.39999
7777,6,99,6.39999
7777,6,100,11.4
7777,6,101,13.4
7777,6,102,15.4
7777,6,103,11.4
7777,6,104,12.4
7777,6,105,11.4
7777,6,106,14.4
7777,6,107,18.4
7777,6,108,21.4
7777,6,109,18.4
7777,6,110,17.4
7777,6,111,20.4
7777,6,112,18.4
7777,6,113,17.4
7777,6,114,15.4
7777,6,115,13.4
7777,6,116,10.4
7777,6,117,9.39999
7777,6,118,17.4
7777,6,119,18.4
7777,6,120,15.4
7777,6,121,12.4
7777,6,122,12.4
7777,6,123,12.4
7777,6,124,17.4
7777,6,125,21.4
7777,6,126,17.4
7777,6,127,16.4
7777,6,128,16.4
7777,6,129,19.4
7777,6,130,23.4
7777,6,131,20.4
7777,6,132,19.4
7777,6,133,23.4
7777,6,134,20.4
7777,6,135,17.4
7777,6,136,18.4
7777,6,137,19.4
7777,6,138,21.4
7777,6,139,16.4
7777,6,140,18.4
7777,6,141,17.4
7777,6,142,19.4
7777,6,143,15.4
7777,6,144,18.4
7777,6,145,24.4
7777,6,146,23.4
7777,6,147,19.4
7777,6,148,24.4
7777,6,149,22.4
7777,6,150,20.4
7777,6,151,20.4
7777,6,152,21.4
7777,6,153,18.4
7777,6,154,17.4
7777,6,155,16.4
7777,6,156,22.4
7777,6,157,21.4
7777,6,158,23.4
7777,6,159,18.4
7777,6,160,18.4
7777,6,161,20.4
7777,6,162,15.4
7777,6,163,18.4
7777,6,164,18.4
7777,6,165,18.4
7777,6,166,17.4
7777,6,167,23.4
7777,6,168,25.4
7777,6,169,26.4
7777,6,170,28.4
7777,6,171,30.4
7777,6,172,28.4
7777,6,173,24.4
7777,6,174,19.4
7777,6,175,23.4
7777,6,176,18.4
7777,6,177,19.4
7777,6,178,18.4
7777,6,179,19.4
7777,6,180,18.4
7777,6,181,22.4
7777,6,182,21.4
7777,6,183,17.4
7777,6,184,19.4
7777,6,185,20.4
7777,6,186,22.4
7777,6,187,21.4
7777,6,188,21.4
7777,6,189,24.4
7777,6,190,27.4
7777,6,191,21.4
7777,6,192,20.4
7777,6,193,21.4
7777,6,194,22.4
7777,6,195,21.4
7777,6,196,18.4
7777,6,197,22.4
7777,6,198,19.4
7777,6,199,18.4
7777,6,200,17.4
7777,6,201,18.4
7777,6,202,18.4
7777,6,203,17.4
7777,6,204,17.4
7777,6,205,21.4
7777,6,206,24.4
7777,6,207,23.4
7777,6,208,23.4
7777,6,209,14.4
7777,6,210,17.4
7777,6,211,15.4
7777,6,212,15.4
7777,6,213,17.4
7777,6,214,19.4
7777,6,215,19.4
7777,6,216,18.4
7777,6,217,24.4
7777,6,218,23.4
7777,6,219,19.4
7777,6,220,16.4
7777,6,221,11.4
7777,6,222,15.4
7777,6,223,17.4
7777,6,224,14.4
7777,6,225,16.4
7777,6,226,16.4
7777,6,227,16.4
7777,6,228,14.4
7777,6,229,21.4
7777,6,230,23.4
7777,6,231,23.4
7777,6,232,19.4
7777,6,233,19.4
7777,6,234,19.4
7777,6,235,18.4
7777,6,236,17.4
7777,6,237,15.4
7777,6,238,17.4
7777,6,239,18.4
7777,6,240,17.4
7777,6,241,18.4
7777,6,242,10.4
7777,6,243,14.4
7777,6,244,14.4
7777,6,245,10.4
7777,6,246,15.4
7777,6,247,15.4
7777,6,248,14.4
7777,6,249,11.4
7777,6,250,8.39999
7777,6,251,12.4
7777,6,252,11.4
7777,6,253,10.4
7777,6,254,11.4
7777,6,255,10.4
7777,6,256,14.4
7777,6,257,14.4
7777,6,258,15.4
7777,6,259,14.4
7777,6,260,16.4
7777,6,261,15.4
7777,6,262,14.4
7777,6,263,14.4
7777,6,264,14.4
7777,6,265,11.4
7777,6,266,9.39999
7777,6,267,11.4
7777,6,268,13.4
7777,6,269,13.4
7777,6,270,10.4
7777,6,271,11.4
7777,6,272,13.4
7777,6,273,12.4
7777,6,274,14.4
7777,6,275,14.4
7777,6,276,13.4
7777,6,277,10.4
7777,6,278,11.4
7777,6,279,9.39999
7777,6,280,13.4
7777,6,281,16.4
7777,6,282,14.4
7777,6,283,12.4
7777,6,284,7.39999
7777,6,285,9.39999
7777,6,286,14.4
7777,6,287,16.4
7777,6,288,12.4
7777,6,289,15.4
7777,6,290,12.4
7777,6,291,12.4
7777,6,292,13.4
7777,6,293,11.4
7777,6,294,11.4
7777,6,295,10.4
7777,6,296,6.39999
7777,6,297,4.39999
7777,6,298,6.39999
7777,6,299,6.39999
7777,6,300,12.4
7777,6,301,14.4
7777,6,302,11.4
7777,6,303,11.4
7777,6,304,13.4
7777,6,305,15.4
7777,6,306,17.4
7777,6,307,17.4
7777,6,308,20.4
7777,6,309,11.4
7777,6,310,13.4
7777,6,311,8.39999
7777,6,312,7.39999
7777,6,313,8.39999
7777,6,314,6.39999
7777,6,315,1.39999
7777,6,316,4.39999
7777,6,317,11.4
7777,6,318,8.39999
7777,6,319,13.4
7777,6,320,14.4
7777,6,321,15.4
7777,6,322,13.4
7777,6,323,13.4
7777,6,324,5.39999
7777,6,325,3.39999
7777,6,326,4.39999
7777,6,327,5.39999
7777,6,328,9.39999
7777,6,329,11.4
7777,6,330,12.4
7777,6,331,9.39999
7777,6,332,11.4
7777,6,333,12.4
7777,6,334,10.4
7777,6,335,9.39999
7777,6,336,12.4
7777,6,337,9.39999
7777,6,338,9.39999
7777,6,339,10.4
7777,6,340,13.4
7777,6,341,11.4
7777,6,342,10.4
7777,6,343,4.39999
7777,6,344,6.39999
7777,6,345,9.39999
7777,6,346,15.4
7777,6,347,14.4
7777,6,348,15.4
7777,6,349,12.4
7777,6,350,12.4
7777,6,351,7.39999
7777,6,352,7.39999
7777,6,353,9.39999
7777,6,354,6.39999
7777,6,355,4.39999
7777,6,356,10.4
7777,6,357,10.4
7777,6,358,12.4
7777,6,359,13.4
7777,6,360,13.4
7777,6,361,14.4
7777,6,362,15.4
7777,6,363,15.4
7777,6,364,17.4
7777,6,365,12.4
7777,6,366,10.4
7777,6,367,9.39999
7777,6,368,9.39999
7777,6,369,7.39999
7777,6,370,3.39999
7777,6,371,9.39999
7777,6,372,4.39999
7777,6,373,4.39999
7777,6,374,12.4
7777,6,375,15.4
7777,6,376,14.4
7777,6,377,11.4
7777,6,378,14.4
7777,6,379,13.4
7777,6,380,15.4
7777,6,381,19.4
7777,6,382,9.39999
7777,6,383,12.4
7777,6,384,9.39999
7777,6,385,10.4
7777,6,386,11.4
7777,6,387,8.39999
7777,6,388,10.4
7777,6,389,14.4
7777,6,390,7.39999
7777,6,391,7.39999
7777,6,392,10.4
7777,6,393,12.4
7777,6,394,11.4
7777,6,395,12.4
7777,6,396,9.39999
7777,6,397,9.39999
7777,6,398,11.4
7777,6,399,13.4
7777,6,400,9.39999
7777,6,401,12.4
7777,6,402,8.39999
7777,6,403,8.39999
7777,6,404,15.4
7777,6,405,46.4
7777,6,406,135.4
7777,6,407,321.4
7777,6,408,545.4
7777,6,409,675.4
7777,6,410,689.4
7777,6,411,612.4
7777,6,412,491.4
7777,6,413,363.4
7777,6,414,257.4
7777,6,415,170.4
7777,6,416,109.4
7777,6,417,61.4
7777,6,418,39.4
7777,6,419,20.4
7777,6,420,19.4
7777,6,421,20.4
7777,6,422,19.4
7777,6,423,16.4
7777,6,424,16.4
7777,6,425,17.4
7777,6,426,15.4
7777,6,427,12.4
7777,6,428,15.4
7777,6,429,9.39999
7777,6,430,9.39999
7777,6,431,9.39999
7777,6,432,9.39999
7777,6,433,11.4
7777,6,434,14.4
7777,6,435,15.4
7777,6,436,10.4
7777,6,437,10.4
7777,6,438,3.39999
7777,6,439,3.39999
7777,6,440,6.39999
7777,6,441,4.39999
7777,6,442,8.39999
7777,6,443,7.39999
7777,6,444,6.39999
7777,6,445,3.39999
7777,6,446,8.39999
7777,6,447,8.39999
7777,6,448,11.4
7777,6,449,11.4
7777,6,450,7.39999
7777,6,451,9.39999
7777,6,452,7.39999
7777,6,453,7.39999
7777,6,454,10.4
7777,6,455,12.4
7777,6,456,12.4
7777,6,457,14.4
7777,6,458,10.4
7777,6,459,13.4
7777,6,460,13.4
7777,6,461,10.4
7777,6,462,6.39999
7777,6,463,8.39999
7777,6,464,4.39999
7777,6,465,9.39999
7777,6,466,10.4
7777,6,467,8.39999
7777,6,468,9.39999
7777,6,469,9.39999
7777,6,470,12.4
7777,6,471,13.4
7777,6,472,8.39999
7777,6,473,9.39999
7777,6,474,8.39999
7777,6,475,8.39999
7777,6,476,7.39999
7777,6,477,6.39999
7777,6,478,2.39999
7777,6,479,5.39999
7777,6,480,10.4
7777,6,481,12.4
7777,6,482,12.4
7777,6,483,10.4
7777,6,484,11.4
7777,6,485,8.39999
7777,6,486,12.4
7777,6,487,7.39999
7777,6,488,8.39999
7777,6,489,15.4
7777,6,490,19.4
7777,6,491,15.4
7777,6,492,12.4
7777,6,493,10.4
7777,6,494,13.4
7777,6,495,15.4
7777,6,496,11.4
7777,6,497,13.4
7777,6,498,14.4
7777,6,499,6.39999
7777,6,500,3.39999
7777,6,501,7.39999
7777,6,502,10.4
7777,6,503,12.4
7777,6,504,10.4
7777,6,505,13.4
7777,6,506,13.4
7777,6,507,11.4
7777,6,508,10.4
7777,6,509,17.4
7777,6,510,16.4
7777,6,511,21.4
7494,7,0,-81.85
7494,7,1,1.14999
7494,7,2,-1.85001
7494,7,3,-2.85001
7494,7,4,0.149994
7494,7,5,1.14999
7494,7,6,10.15
7494,7,7,9.14999
7494,7,8,9.14999
7494,7,9,11.15
7494,7,10,9.14999
7494,7,11,5.14999
7494,7,12,7.14999
7494,7,13,1.14999
7494,7,14,3.14999
7494,7,15,0.149994
7494,7,16,3.14999
7494,7,17,3.14999
7494,7,18,7.14999
7494,7,19,5.14999
7494,7,20,7.14999
7494,7,21,10.15
7494,7,22,9.14999
7494,7,23,6.14999
7494,7,24,-0.850006
7494,7,25,0.149994
7494,7,26,-3.85001
7494,7,27,2.14999
7494,7,28,-4.85001
7494,7,29,0.149994
7494,7,30,3.14999
7494,7,31,1.14999
7494,7,32,7.14999
7494,7,33,5.14999
7494,7,34,12.15
7494,7,35,10.15
7494,7,36,9.14999
7494,7,37,5.14999
7494,7,38,4.14999
7494,7,39,3.14999
7494,7,40,0.149994
7494,7,41,0.149994
7494,7,42,0.149994
7494,7,43,0.149994
7494,7,44,1.14999
7494,7,45,6.14999
7494,7,46,6.14999
7494,7,47,3.14999
7494,7,48,4.14999
7494,7,49,-1.85001
7494,7,50,-2.85001
7494,7,51,-4.85001
7494,7,52,-1.85001
7494,7,53,5.14999
7494,7,54,4.14999
7494,7,55,9.14999
7494,7,56,8.14999
7494,7,57,11.15
7494,7,58,12.15
7494,7,59,12.15
7494,7,60,8.14999
7494,7,61,5.14999
7494,7,62,3.14999
7494,7,63,-1.85001
7494,7,64,-1.85001
7494,7,65,0.149994
7494,7,66,3.14999
7494,7,67,0.149994
7494,7,68,1.14999
7494,7,69,2.14999
7494,7,70,2.14999
7494,7,71,-3.85001
7494,7,72,0.149994
7494,7,73,-4.85001
7494,7,74,-5.85001
7494,7,75,-7.85001
7494,7,76,-3.85001
7494,7,77,-0.850006
7494,7,78,-2.85001
7494,7,79,-4.85001
7494,7,80,-5.85001
7494,7,81,-6.85001
7494,7,82,-2.85001
7494,7,83,-4.85001
7494,7,84,-7.85001
7494,7,85,-6.85001
7494,7,86,-4.85001
7494,7,87,-5.85001
7494,7,88,-2.85001
7494,7,89,-0.850006
7494,7,90,0.149994
7494,7,91,1.14999
7494,7,92,-0.850006
7494,7,93,-3.85001
7494,7,94,-6.85001
7494,7,95,-11.85
7494,7,96,-10.85
7494,7,97,-8.85001
7494,7,98,-7.85001
7494,7,99,-6.85001
7494,7,100,-4.85001
7494,7,101,-3.85001
7494,7,102,-3.85001
7494,7,103,-2.85001
7494,7,104,-5.85001
7494,7,105,-4.85001
7494,7,106,-5.85001
7494,7,107,-1.85001
7494,7,108,-4.85001
7494,7,109,-4.85001
7494,7,110,-5.85001
7494,7,111,-2.85001
7494,7,112,-5.85001
7494,7,113,-0.850006
7494,7,114,-0.850006
7494,7,115,-2.85001
7494,7,116,-1.85001
7494,7,117,1.14999
7494,7,118,1.14999
7494,7,119,1.14999
7494,7,120,2.14999
7494,7,121,1.14999
7494,7,122,-0.850006
7494,7,123,-4.85001
7494,7,124,1.14999
7494,7,125,-3.85001
7494,7,126,-3.85001
7494,7,127,-8.85001
7494,7,128,-6.85001
7494,7,129,-5.85001
7494,7,130,-4.85001
7494,7,131,-5.85001
7494,7,132,-0.850006
7494,7,133,-0.850006
7494,7,134,-3.85001
7494,7,135,1.14999
7494,7,136,-0.850006
7494,7,137,-1.85001
7494,7,138,1.14999
7494,7,139,3.14999
7494,7,140,-0.850006
7494,7,141,-0.850006
7494,7,142,-1.85001
7494,7,143,-0.850006
7494,7,144,-4.85001
7494,7,145,-3.85001
7494,7,146,-7.85001
7494,7,147,-7.85001
7494,7,148,-9.85001
7494,7,149,-3.85001
7494,7,150,-4.85001
7494,7,151,-4.85001
7494,7,152,-1.85001
7494,7,153,-3.85001
7494,7,154,-4.85001
7494,7,155,-3.85001
7494,7,156,-2.85001
7494,7,157,0.149994
7494,7,158,-5.85001
7494,7,159,-6.85001
7494,7,160,-5.85001
7494,7,161,-3.85001
7494,7,162,-1.85001
7494,7,163,-2.85001
7494,7,164,-1.85001
7494,7,165,0.149994
7494,7,166,2.14999
7494,7,167,-2.85001
7494,7,168,-1.85001
7494,7,169,-2.85001
7494,7,170,-4.85001
7494,7,171,-2.85001
7494,7,172,-1.85001
7494,7,173,-0.850006
7494,7,174,-2.85001
7494,7,175,2.14999
7494,7,176,-1.85001
7494,7,177,-4.85001
7494,7,178,-6.85001
7494,7,179,-5.85001
7494,7,180,-7.85001
7494,7,181,-11.85
7494,7,182,-4.85001
7494,7,183,-3.85001
7494,7,184,-3.85001
7494,7,185,1.14999
7494,7,186,-0.850006
7494,7,187,-0.850006
7494,7,188,-1.85001
7494,7,189,0.149994
7494,7,190,-7.85001
7494,7,191,-2.85001
7494,7,192,-3.85001
7494,7,193,-0.850006
7494,7,194,0.149994
7494,7,195,-0.850006
7494,7,196,0.149994
7494,7,197,-1.85001
7494,7,198,-6.85001
7494,7,199,-6.85001
7494,7,200,-10.85
7494,7,201,-4.85001
7494,7,202,1.14999
7494,7,203,1.14999
7494,7,204,7.14999
7494,7,205,5.14999
7494,7,206,1.14999
7494,7,207,-0.850006
7494,7,208,-1.85001
7494,7,209,-1.85001
7494,7,210,2.14999
7494,7,211,1.14999
7494,7,212,-1.85001
7494,7,213,1.14999
7494,7,214,-1.85001
7494,7,215,-1.85001
7494,7,216,-1.85001
7494,7,217,-3.85001
7494,7,218,-6.85001
7494,7,219,-4.85001
7494,7,220,-2.85001
7494,7,221,-3.85001
7494,7,222,-0.850006
7494,7,223,-0.850006
7494,7,224,-2.85001
7494,7,225,-2.85001
7494,7,226,-3.85001
7494,7,227,-1.85001
7494,7,228,-4.85001
7494,7,229,-2.85001
7494,7,230,-0.850006
7494,7,231,-1.85001
7494,7,232,-0.850006
7494,7,233,1.14999
7494,7,234,-1.85001
7494,7,235,-3.85001
7494,7,236,-1.85001
7494,7,237,-2.85001
7494,7,238,1.14999
7494,7,239,1.14999
7494,7,240,4.14999
7494,7,241,-0.850006
7494,7,242,0.149994
7494,7,243,-0.850006
7494,7,244,-0.850006
7494,7,245,-1.85001
7494,7,246,3.14999
7494,7,247,4.14999
7494,7,248,10.15
7494,7,249,5.14999
7494,7,250,5.14999
7494,7,251,1.14999
7494,7,252,1.14999
7494,7,253,0.149994
7494,7,254,1.14999
7494,7,255,0.149994
7494,7,256,0.149994
7494,7,257,-0.850006
7494,7,258,-3.85001
7494,7,259,-0.850006
7494,7,260,-1.85001
7494,7,261,3.14999
7494,7,262,5.14999
7494,7,263,4.14999
7494,7,264,5.14999
7494,7,265,4.14999
7494,7,266,-0.850006
7494,7,267,-1.85001
7494,7,268,-2.85001
7494,7,269,-3.85001
7494,7,270,-7.85001
7494,7,271,-7.85001
7494,7,272,-7.85001
7494,7,273,-0.850006
7494,7,274,2.14999
7494,7,275,-3.85001
7494,7,276,-6.85001
7494,7,277,-5.85001
7494,7,278,-2.85001
7494,7,279,-2.85001
7494,7,280,-0.850006
7494,7,281,-0.850006
7494,7,282,1.14999
7494,7,283,0.149994
7494,7,284,6.14999
7494,7,285,1.14999
7494,7,286,-1.85001
7494,7,287,1.14999
7494,7,288,0.149994
7494,7,289,4.14999
7494,7,290,1.14999
7494,7,291,2.14999
7494,7,292,-1.85001
7494,7,293,1.14999
7494,7,294,0.149994
7494,7,295,-3.85001
7494,7,296,-2.85001
7494,7,297,-2.85001
7494,7,298,-1.85001
7494,7,299,2.14999
7494,7,300,-1.85001
7494,7,301,-1.85001
7494,7,302,2.14999
7494,7,303,2.14999
7494,7,304,5.14999
7494,7,305,6.14999
7494,7,306,1.14999
7494,7,307,3.14999
7494,7,308,0.149994
7494,7,309,1.14999
7494,7,310,1.14999
7494,7,311,5.14999
7494,7,312,4.14999
7494,7,313,4.14999
7494,7,314,0.149994
7494,7,315,-1.85001
7494,7,316,1.14999
7494,7,317,-1.85001
7494,7,318,-0.850006
7494,7,319,-4.85001
7494,7,320,-2.85001
7494,7,321,0.149994
7494,7,322,0.149994
7494,7,323,-0.850006
7494,7,324,-1.85001
7494,7,325,0.149994
7494,7,326,-0.850006
7494,7,327,1.14999
7494,7,328,5.14999
7494,7,329,3.14999
7494,7,330,8.14999
7494,7,331,6.14999
7494,7,332,6.14999
7494,7,333,3.14999
7494,7,334,1.14999
7494,7,335,1.14999
7494,7,336,8.14999
7494,7,337,8.14999
7494,7,338,7.14999
7494,7,339,5.14999
7494,7,340,0.149994
7494,7,341,4.14999
7494,7,342,3.14999
7494,7,343,5.14999
7494,7,344,4.14999
7494,7,345,4.14999
7494,7,346,2.14999
7494,7,347,1.14999
7494,7,348,1.14999
7494,7,349,1.14999
7494,7,350,-0.850006
7494,7,351,-4.85001
7494,7,352,-4.85001
7494,7,353,2.14999
7494,7,354,2.14999
7494,7,355,6.14999
7494,7,356,0.149994
7494,7,357,6.14999
7494,7,358,1.14999
7494,7,359,-0.850006
7494,7,360,0.149994
7494,7,361,-3.85001
7494,7,362,-3.85001
7494,7,363,-2.85001
7494,7,364,-1.85001
7494,7,365,2.14999
7494,7,366,3.14999
7494,7,367,12.15
7494,7,368,15.15
7494,7,369,10.15
7494,7,370,15.15
7494,7,371,11.15
7494,7,372,8.14999
7494,7,373,10.15
7494,7,374,12.15
7494,7,375,12.15
7494,7,376,10.15
7494,7,377,5.14999
7494,7,378,7.14999
7494,7,379,3.14999
7494,7,380,1.14999
7494,7,381,3.14999
7494,7,382,7.14999
7494,7,383,5.14999
7494,7,384,5.14999
7494,7,385,2.14999
7494,7,386,3.14999
7494,7,387,1.14999
7494,7,388,4.14999
7494,7,389,1.14999
7494,7,390,2.14999
7494,7,391,6.14999
7494,7,392,11.15
7494,7,393,7.14999
7494,7,394,7.14999
7494,7,395,7.14999
7494,7,396,4.14999
7494,7,397,7.14999
7494,7,398,5.14999
7494,7,399,1.14999
7494,7,400,3.14999
7494,7,401,5.14999
7494,7,402,4.14999
7494,7,403,5.14999
7494,7,404,5.14999
7494,7,405,11.15
7494,7,406,13.15
7494,7,407,12.15
7494,7,408,11.15
7494,7,409,8.14999
7494,7,410,11.15
7494,7,411,7.14999
7494,7,412,3.14999
7494,7,413,6.14999
7494,7,414,5.14999
7494,7,415,7.14999
7494,7,416,5.14999
7494,7,417,8.14999
7494,7,418,8.14999
7494,7,419,7.14999
7494,7,420,9.14999
7494,7,421,9.14999
7494,7,422,10.15
7494,7,423,9.14999
7494,7,424,10.15
7494,7,425,10.15
7494,7,426,11.15
7494,7,427,5.14999
7494,7,428,5.14999
7494,7,429,10.15
7494,7,430,4.14999
7494,7,431,8.14999
7494,7,432,10.15
7494,7,433,9.14999
7494,7,434,12.15
7494,7,435,11.15
7494,7,436,11.15
7494,7,437,16.15
7494,7,438,13.15
7494,7,439,10.15
7494,7,440,9.14999
7494,7,441,13.15
7494,7,442,11.15
7494,7,443,13.15
7494,7,444,12.15
7494,7,445,10.15
7494,7,446,12.15
7494,7,447,18.15
7494,7,448,14.15
7494,7,449,16.15
7494,7,450,13.15
7494,7,451,13.15
7494,7,452,11.15
7494,7,453,15.15
7494,7,454,13.15
7494,7,455,18.15
7494,7,456,15.15
7494,7,457,14.15
7494,7,458,7.14999
7494,7,459,7.14999
7494,7,460,7.14999
7494,7,461,8.14999
7494,7,462,9.14999
7494,7,463,12.15
7494,7,464,18.15
7494,7,465,17.15
7494,7,466,23.15
7494,7,467,25.15
7494,7,468,20.15
7494,7,469,22.15
7494,7,470,19.15
7494,7,471,15.15
7494,7,472,17.15
7494,7,473,16.15
7494,7,474,16.15
7494,7,475,14.15
7494,7,476,13.15
7494,7,477,18.15
7494,7,478,22.15
7494,7,479,22.15
7494,7,480,18.15
7494,7,481,15.15
7494,7,482,17.15
7494,7,483,15.15
7494,7,484,16.15
7494,7,485,14.15
7494,7,486,16.15
7494,7,487,19.15
7494,7,488,22.15
7494,7,489,24.15
7494,7,490,20.15
7494,7,491,18.15
7494,7,492,18.15
7494,7,493,19.15
7494,7,494,22.15
7494,7,495,16.15
7494,7,496,17.15
7494,7,497,18.15
7494,7,498,22.15
7494,7,499,22.15
7494,7,500,26.15
7494,7,501,21.15
7494,7,502,23.15
7494,7,503,18.15
7494,7,504,20.15
7494,7,505,22.15
7494,7,506,24.15
7494,7,507,23.15
7494,7,508,26.15
7494,7,509,26.15
7494,7,510,28.15
7494,7,511,29.15
7970,7,0,-76.75
7970,7,1,4.25
7970,7,2,4.25
7970,7,3,7.25
7970,7,4,3.25
7970,7,5,4.25
7970,7,6,4.25
7970,7,7,6.25
7970,7,8,1.25
7970,7,9,4.25
7970,7,10,4.25
7970,7,11,5.25
7970,7,12,8.25
7970,7,13,5.25
7970,7,14,9.25
7970,7,15,6.25
7970,7,16,2.25
7970,7,17,-1.75
7970,7,18,-1.75
7970,7,19,0.25
7970,7,20,4.25
7970,7,21,9.25
7970,7,22,6.25
7970,7,23,6.25
7970,7,24,5.25
7970,7,25,4.25
7970,7,26,3.25
7970,7,27,4.25
7970,7,28,9.25
7970,7,29,11.25
7970,7,30,11.25
7970,7,31,16.25
7970,7,32,17.25
7970,7,33,13.25
7970,7,34,7.25
7970,7,35,6.25
7970,7,36,0.25
7970,7,37,4.25
7970,7,38,7.25
7970,7,39,8.25
7970,7,40,6.25
7970,7,41,8.25
7970,7,42,5.25
7970,7,43,0.25
7970,7,44,-2.75
7970,7,45,1.25
7970,7,46,-2.75
7970,7,47,1.25
7970,7,48,4.25
7970,7,49,7.25
7970,7,50,9.25
7970,7,51,12.25
7970,7,52,11.25
7970,7,53,5.25
7970,7,54,6.25
7970,7,55,9.25
7970,7,56,5.25
7970,7,57,6.25
7970,7,58,3.25
7970,7,59,1.25
7970,7,60,-2.75
7970,7,61,-4.75
7970,7,62,0.25
7970,7,63,1.25
7970,7,64,8.25
7970,7,65,8.25
7970,7,66,4.25
7970,7,67,9.25
7970,7,68,9.25
7970,7,69,7.25
7970,7,70,3.25
7970,7,71,1.25
7970,7,72,0.25
7970,7,73,-0.75
7970,7,74,-0.75
7970,7,75,-1.75
7970,7,76,-1.75
7970,7,77,3.25
7970,7,78,2.25
7970,7,79,2.25
7970,7,80,5.25
7970,7,81,4.25
7970,7,82,5.25
7970,7,83,8.25
7970,7,84,5.25
7970,7,85,-0.75
7970,7,86,1.25
7970,7,87,5.25
7970,7,88,7.25
7970,7,89,6.25
7970,7,90,7.25
7970,7,91,4.25
7970,7,92,-1.75
7970,7,93,-2.75
7970,7,94,-5.75
7970,7,95,-0.75
7970,7,96,2.25
7970,7,97,0.25
7970,7,98,2.25
7970,7,99,5.25
7970,7,100,7.25
7970,7,101,8.25
7970,7,102,5.25
7970,7,103,4.25
7970,7,104,3.25
7970,7,105,3.25
7970,7,106,4.25
7970,7,107,6.25
7970,7,108,2.25
7970,7,109,2.25
7970,7,110,5.25
7970,7,111,6.25
7970,7,112,6.25
7970,7,113,5.25
7970,7,114,1.25
7970,7,115,1.25
7970,7,116,3.25
7970,7,117,3.25
7970,7,118,1.25
7970,7,119,4.25
7970,7,120,5.25
7970,7,121,3.25
7970,7,122,3.25
7970,7,123,4.25
7970,7,124,-2.75
7970,7,125,5.25
7970,7,126,0.25
7970,7,127,5.25
7970,7,128,6.25
7970,7,129,10.25
7970,7,130,10.25
7970,7,131,7.25
7970,7,132,6.25
7970,7,133,6.25
7970,7,134,7.25
7970,7,135,5.25
7970,7,136,5.25
7970,7,137,5.25
7970,7,138,5.25
7970,7,139,7.25
7970,7,140,4.25
7970,7,141,9.25
7970,7,142,7.25
7970,7,143,3.25
7970,7,144,9.25
7970,7,145,9.25
7970,7,146,7.25
7970,7,147,8.25
7970,7,148,9.25
7970,7,149,4.25
7970,7,150,6.25
7970,7,151,5.25
7970,7,152,2.25
7970,7,153,2.25
7970,7,154,3.25
7970,7,155,0.25
7970,7,156,3.25
7970,7,157,10.25
7970,7,158,6.25
7970,7,159,9.25
7970,7,160,5.25
7970,7,161,8.25
7970,7,162,5.25
7970,7,163,7.25
7970,7,164,1.25
7970,7,165,6.25
7970,7,166,7.25
7970,7,167,10.25
7970,7,168,10.25
7970,7,169,9.25
7970,7,170,8.25
7970,7,171,6.25
7970,7,172,8.25
7970,7,173,9.25
7970,7,174,11.25
7970,7,175,7.25
7970,7,176,10.25
7970,7,177,8.25
7970,7,178,6.25
7970,7,179,3.25
7970,7,180,6.25
7970,7,181,5.25
7970,7,182,5.25
7970,7,183,4.25
7970,7,184,-1.75
7970,7,185,0.25
7970,7,186,1.25
7970,7,187,3.25
7970,7,188,6.25
7970,7,189,9.25
7970,7,190,14.25
7970,7,191,16.25
7970,7,192,11.25
7970,7,193,10.25
7970,7,194,13.25
7970,7,195,13.25
7970,7,196,10.25
7970,7,197,8.25
7970,7,198,12.25
7970,7,199,14.25
7970,7,200,13.25
7970,7,201,10.25
7970,7,202,10.25
7970,7,203,7.25
7970,7,204,6.25
7970,7,205,4.25
7970,7,206,3.25
7970,7,207,7.25
7970,7,208,0.25
7970,7,209,8.25
7970,7,210,16.25
7970,7,211,9.25
7970,7,212,5.25
7970,7,213,5.25
7970,7,214,4.25
7970,7,215,6.25
7970,7,216,4.25
7970,7,217,2.25
7970,7,218,5.25
7970,7,219,3.25
7970,7,220,1.25
7970,7,221,7.25
7970,7,222,7.25
7970,7,223,6.25
7970,7,224,6.25
7970,7,225,4.25
7970,7,226,2.25
7970,7,227,2.25
7970,7,228,2.25
7970,7,229,9.25
7970,7,230,7.25
7970,7,231,7.25
7970,7,232,6.25
7970,7,233,9.25
7970,7,234,11.25
7970,7,235,7.25
7970,7,236,10.25
7970,7,237,13.25
7970,7,238,9.25
7970,7,239,10.25
7970,7,240,11.25
7970,7,241,13.25
7970,7,242,6.25
7970,7,243,7.25
7970,7,244,7.25
7970,7,245,4.25
7970,7,246,12.25
7970,7,247,12.25
7970,7,248,9.25
7970,7,249,6.25
7970,7,250,3.25
7970,7,251,3.25
7970,7,252,9.25
7970,7,253,8.25
7970,7,254,9.25
7970,7,255,13.25
7970,7,256,17.25
7970,7,257,12.25
7970,7,258,11.25
7970,7,259,10.25
7970,7,260,7.25
7970,7,261,3.25
7970,7,262,9.25
7970,7,263,10.25
7970,7,264,11.25
7970,7,265,12.25
7970,7,266,14.25
7970,7,267,8.25
7970,7,268,9.25
7970,7,269,9.25
7970,7,270,6.25
7970,7,271,7.25
7970,7,272,10.25
7970,7,273,8.25
7970,7,274,7.25
7970,7,275,6.25
7970,7,276,6.25
7970,7,277,6.25
7970,7,278,5.25
7970,7,279,8.25
7970,7,280,8.25
7970,7,281,13.25
7970,7,282,13.25
7970,7,283,10.25
7970,7,284,13.25
7970,7,285,14.25
7970,7,286,22.25
7970,7,287,21.25
7970,7,288,17.25
7970,7,289,17.25
7970,7,290,15.25
7970,7,291,12.25
7970,7,292,15.25
7970,7,293,10.25
7970,7,294,9.25
7970,7,295,5.25
7970,7,296,7.25
7970,7,297,11.25
7970,7,298,12.25
7970,7,299,9.25
7970,7,300,10.25
7970,7,301,13.25
7970,7,302,13.25
7970,7,303,6.25
7970,7,304,12.25
7970,7,305,7.25
7970,7,306,8.25
7970,7,307,14.25
7970,7,308,16.25
7970,7,309,21.25
7970,7,310,21.25
7970,7,311,22.25
7970,7,312,17.25
7970,7,313,15.25
7970,7,314,17.25
7970,7,315,19.25
7970,7,316,20.25
7970,7,317,14.25
7970,7,318,15.25
7970,7,319,11.25
7970,7,320,17.25
7970,7,321,17.25
7970,7,322,16.25
7970,7,323,21.25
7970,7,324,20.25
7970,7,325,22.25
7970,7,326,17.25
7970,7,327,19.25
7970,7,328,17.25
7970,7,329,20.25
7970,7,330,17.25
7970,7,331,14.25
7970,7,332,13.25
7970,7,333,11.25
7970,7,334,11.25
7970,7,335,13.25
7970,7,336,15.25
7970,7,337,16.25
7970,7,338,14.25
7970,7,339,16.25
7970,7,340,19.25
7970,7,341,20.25
7970,7,342,14.25
7970,7,343,14.25
7970,7,344,16.25
7970,7,345,17.25
7970,7,346,12.25
7970,7,347,13.25
7970,7,348,14.25
7970,7,349,12.25
7970,7,350,20.25
7970,7,351,16.25
7970,7,352,18.25
7970,7,353,19.25
7970,7,354,20.25
7970,7,355,21.25
7970,7,356,20.25
7970,7,357,21.25
7970,7,358,23.25
7970,7,359,23.25
7970,7,360,21.25
7970,7,361,18.25
7970,7,362,16.25
7970,7,363,16.25
7970,7,364,17.25
7970,7,365,16.25
7970,7,366,20.25
7970,7,367,18.25
7970,7,368,19.25
7970,7,369,25.25
7970,7,370,28.25
7970,7,371,26.25
7970,7,372,27.25
7970,7,373,24.25
7970,7,374,23.25
7970,7,375,22.25
7970,7,376,25.25
7970,7,377,20.25
7970,7,378,17.25
7970,7,379,18.25
7970,7,380,19.25
7970,7,381,24.25
7970,7,382,19.25
7970,7,383,20.25
7970,7,384,19.25
7970,7,385,19.25
7970,7,386,21.25
7970,7,387,25.25
7970,7,388,30.25
7970,7,389,26.25
7970,7,390,28.25
7970,7,391,24.25
7970,7,392,23.25
7970,7,393,28.25
7970,7,394,29.25
7970,7,395,29.25
7970,7,396,31.25
7970,7,397,31.25
7970,7,398,29.25
7970,7,399,29.25
7970,7,400,29.25
7970,7,401,28.25
7970,7,402,24.25
7970,7,403,23.25
7970,7,404,28.25
7970,7,405,32.25
7970,7,406,32.25
7970,7,407,27.25
7970,7,408,29.25
7970,7,409,25.25
7970,7,410,32.25
7970,7,411,29.25
7970,7,412,29.25
7970,7,413,25.25
7970,7,414,21.25
7970,7,415,31.25
7970,7,416,29.25
7970,7,417,28.25
7970,7,418,27.25
7970,7,419,27.25
7970,7,420,27.25
7970,7,421,32.25
7970,7,422,30.25
7970,7,423,30.25
7970,7,424,32.25
7970,7,425,31.25
7970,7,426,29.25
7970,7,427,30.25
7970,7,428,29.25
7970,7,429,31.25
7970,7,430,29.25
7970,7,431,26.25
7970,7,432,26.25
7970,7,433,24.25
7970,7,434,25.25
7970,7,435,27.25
7970,7,436,28.25
7970,7,437,26.25
7970,7,438,26.25
7970,7,439,28.25
7970,7,440,27.25
7970,7,441,31.25
7970,7,442,32.25
7970,7,443,31.25
7970,7,444,33.25
7970,7,445,29.25
7970,7,446,27.25
7970,7,447,23.25
7970,7,448,27.25
7970,7,449,26.25
7970,7,450,27.25
7970,7,451,26.25
7970,7,452,26.25
7970,7,453,29.25
7970,7,454,32.25
7970,7,455,26.25
7970,7,456,23.25
7970,7,457,22.25
7970,7,458,21.25
7970,7,459,22.25
7970,7,460,29.25
7970,7,461,23.25
7970,7,462,24.25
7970,7,463,28.25
7970,7,464,25.25
7970,7,465,28.25
7970,7,466,25.25
7970,7,467,23.25
7970,7,468,23.25
7970,7,469,23.25
7970,7,470,26.25
7970,7,471,23.25
7970,7,472,27.25
7970,7,473,27.25
7970,7,474,29.25
7970,7,475,33.25
7970,7,476,32.25
7970,7,477,27.25
7970,7,478,26.25
7970,7,479,29.25
7970,7,480,27.25
7970,7,481,25.25
7970,7,482,27.25
7970,7,483,23.25
7970,7,484,24.25
7970,7,485,24.25
7970,7,486,24.25
7970,7,487,22.25
7970,7,488,25.25
7970,7,489,26.25
7970,7,490,24.25
7970,7,491,18.25
7970,7,492,19.25
7970,7,493,20.25
7970,7,494,17.25
7970,7,495,17.25
7970,7,496,17.25
7970,7,497,20.25
7970,7,498,15.25
7970,7,499,23.25
7970,7,500,28.25
7970,7,501,24.25
7970,7,502,22.25
7970,7,503,19.25
7970,7,504,17.25
7970,7,505,19.25
7970,7,506,18.25
7970,7,507,20.25
7970,7,508,26.25
7970,7,509,24.25
7970,7,510,20.25
7970,7,511,28.25
5837,7,0,-85.2
5837,7,1,4.79999
5837,7,2,7.79999
5837,7,3,5.79999
5837,7,4,4.79999
5837,7,5,6.79999
5837,7,6,6.79999
5837,7,7,7.79999
5837,7,8,3.79999
5837,7,9,3.79999
5837,7,10,4.79999
5837,7,11,4.79999
5837,7,12,-0.200012
5837,7,13,-1.20001
5837,7,14,0.799988
5837,7,15,3.79999
5837,7,16,5.79999
5837,7,17,3.79999
5837,7,18,5.79999
5837,7,19,4.79999
5837,7,20,1.79999
5837,7,21,2.79999
5837,7,22,2.79999
5837,7,23,5.79999
5837,7,24,11.8
5837,7,25,11.8
5837,7,26,9.79999
5837,7,27,6.79999
5837,7,28,5.79999
5837,7,29,4.79999
5837,7,30,5.79999
5837,7,31,11.8
5837,7,32,8.79999
5837,7,33,7.79999
5837,7,34,2.79999
5837,7,35,-0.200012
5837,7,36,2.79999
5837,7,37,-0.200012
5837,7,38,-4.20001
5837,7,39,-1.20001
5837,7,40,0.799988
5837,7,41,2.79999
5837,7,42,5.79999
5837,7,43,2.79999
5837,7,44,5.79999
5837,7,45,6.79999
5837,7,46,5.79999
5837,7,47,6.79999
5837,7,48,-1.20001
5837,7,49,4.79999
5837,7,50,5.79999
5837,7,51,0.799988
5837,7,52,1.79999
5837,7,53,3.79999
5837,7,54,2.79999
5837,7,55,4.79999
5837,7,56,-0.200012
5837,7,57,0.799988
5837,7,58,1.79999
5837,7,59,2.79999
5837,7,60,3.79999
5837,7,61,3.79999
5837,7,62,0.799988
5837,7,63,-2.20001
5837,7,64,-4.20001
5837,7,65,-4.20001
5837,7,66,-8.20001
5837,7,67,-5.20001
5837,7,68,-1.20001
5837,7,69,-0.200012
5837,7,70,0.799988
5837,7,71,1.79999
5837,7,72,-0.200012
5837,7,73,-1.20001
5837,7,74,0.799988
5837,7,75,1.79999
5837,7,76,6.79999
5837,7,77,4.79999
5837,7,78,5.79999
5837,7,79,0.799988
5837,7,80,-6.20001
5837,7,81,-11.2
5837,7,82,-6.20001
5837,7,83,-4.20001
5837,7,84,-2.20001
5837,7,85,0.799988
5837,7,86,-0.200012
5837,7,87,3.79999
5837,7,88,-2.20001
5837,7,89,4.79999
5837,7,90,1.79999
5837,7,91,2.79999
5837,7,92,0.799988
5837,7,93,-0.200012
5837,7,94,-1.20001
5837,7,95,-0.200012
5837,7,96,0.799988
5837,7,97,-6.20001
5837,7,98,-2.20001
5837,7,99,-5.20001
5837,7,100,-4.20001
5837,7,101,-4.20001
5837,7,102,-0.200012
5837,7,103,1.79999
5837,7,104,-2.20001
5837,7,105,-6.20001
5837,7,106,-4.20001
5837,7,107,-4.20001
5837,7,108,-1.20001
5837,7,109,-5.20001
5837,7,110,-4.20001
5837,7,111,-0.200012
5837,7,112,-5.20001
5837,7,113,-0.200012
5837,7,114,-2.20001
5837,7,115,2.79999
5837,7,116,0.799988
5837,7,117,0.799988
5837,7,118,6.79999
5837,7,119,6.79999
5837,7,120,1.79999
5837,7,121,-3.20001
5837,7,122,-4.20001
5837,7,123,-7.20001
5837,7,124,-8.20001
5837,7,125,-12.2
5837,7,126,-7.20001
5837,7,127,-9.20001
5837,7,128,-7.20001
5837,7,129,-4.20001
5837,7,130,-3.20001
5837,7,131,-4.20001
5837,7,132,-2.20001
5837,7,133,1.79999
5837,7,134,-0.200012
5837,7,135,-3.20001
5837,7,136,-6.20001
5837,7,137,-4.20001
5837,7,138,-6.20001
5837,7,139,-5.20001
5837,7,140,-4.20001
5837,7,141,-2.20001
5837,7,142,-2.20001
5837,7,143,-2.20001
5837,7,144,-5.20001
5837,7,145,-0.200012
5837,7,146,-4.20001
5837,7,147,-3.20001
5837,7,148,-2.20001
5837,7,149,-3.20001
5837,7,150,-4.20001
5837,7,151,-4.20001
5837,7,152,-5.20001
5837,7,153,-4.20001
5837,7,154,-5.20001
5837,7,155,-1.20001
5837,7,156,-1.20001
5837,7,157,2.79999
5837,7,158,0.799988
5837,7,159,-0.200012
5837,7,160,0.799988
5837,7,161,2.79999
5837,7,162,3.79999
5837,7,163,-3.20001
5837,7,164,-5.20001
5837,7,165,-5.20001
5837,7,166,-9.20001
5837,7,167,-10.2
5837,7,168,-9.20001
5837,7,169,-2.20001
5837,7,170,-4.20001
5837,7,171,-4.20001
5837,7,172,-4.20001
5837,7,173,2.79999
5837,7,174,3.79999
5837,7,175,-4.20001
5837,7,176,-9.20001
5837,7,177,-12.2
5837,7,178,-11.2
5837,7,179,-6.20001
5837,7,180,-4.20001
5837,7,181,-2.20001
5837,7,182,-4.20001
5837,7,183,-0.200012
5837,7,184,1.79999
5837,7,185,-1.20001
5837,7,186,-4.20001
5837,7,187,-1.20001
5837,7,188,-3.20001
5837,7,189,-0.200012
5837,7,190,1.79999
5837,7,191,-0.200012
5837,7,192,1.79999
5837,7,193,-0.200012
5837,7,194,-3.20001
5837,7,195,-4.20001
5837,7,196,-4.20001
5837,7,197,-5.20001
5837,7,198,0.799988
5837,7,199,-1.20001
5837,7,200,-6.20001
5837,7,201,-6.20001
5837,7,202,-6.20001
5837,7,203,-5.20001
5837,7,204,-8.20001
5837,7,205,-7.20001
5837,7,206,-4.20001
5837,7,207,-6.20001
5837,7,208,-1.20001
5837,7,209,0.799988
5837,7,210,3.79999
5837,7,211,3.79999
5837,7,212,-0.200012
5837,7,213,5.79999
5837,7,214,-1.20001
5837,7,215,-6.20001
5837,7,216,-3.20001
5837,7,217,-4.20001
5837,7,218,-5.20001
5837,7,219,-4.20001
5837,7,220,-4.20001
5837,7,221,-2.20001
5837,7,222,-4.20001
5837,7,223,0.799988
5837,7,224,2.79999
5837,7,225,1.79999
5837,7,226,3.79999
5837,7,227,2.79999
5837,7,228,4.79999
5837,7,229,0.799988
5837,7,230,-2.20001
5837,7,231,-1.20001
5837,7,232,-5.20001
5837,7,233,-3.20001
5837,7,234,-5.20001
5837,7,235,-1.20001
5837,7,236,0.799988
5837,7,237,-3.20001
5837,7,238,-0.200012
5837,7,239,-0.200012
5837,7,240,3.79999
5837,7,241,-0.200012
5837,7,242,-2.20001
5837,7,243,-4.20001
5837,7,244,4.79999
5837,7,245,2.79999
5837,7,246,4.79999
5837,7,247,0.799988
5837,7,248,-1.20001
5837,7,249,-1.20001
5837,7,250,-4.20001
5837,7,251,-3.20001
5837,7,252,-0.200012
5837,7,253,-0.200012
5837,7,254,-0.200012
5837,7,255,-3.20001
5837,7,256,-5.20001
5837,7,257,-7.20001
5837,7,258,-8.20001
5837,7,259,-3.20001
5837,7,260,0.799988
5837,7,261,-0.200012
5837,7,262,2.79999
5837,7,263,9.79999
5837,7,264,8.79999
5837,7,265,5.79999
5837,7,266,6.79999
5837,7,267,3.79999
5837,7,268,-0.200012
5837,7,269,-1.20001
5837,7,270,0.799988
5837,7,271,-1.20001
5837,7,272,0.799988
5837,7,273,4.79999
5837,7,274,10.8
5837,7,275,8.79999
5837,7,276,3.79999
5837,7,277,5.79999
5837,7,278,3.79999
5837,7,279,-0.200012
5837,7,280,-3.20001
5837,7,281,-4.20001
5837,7,282,-2.20001
5837,7,283,-7.20001
5837,7,284,-4.20001
5837,7,285,4.79999
5837,7,286,-0.200012
5837,7,287,0.799988
5837,7,288,2.79999
5837,7,289,5.79999
5837,7,290,3.79999
5837,7,291,-1.20001
5837,7,292,-1.20001
5837,7,293,-1.20001
5837,7,294,-3.20001
5837,7,295,-3.20001
5837,7,296,-0.200012
5837,7,297,-0.200012
5837,7,298,-2.20001
5837,7,299,-5.20001
5837,7,300,-4.20001
5837,7,301,-0.200012
5837,7,302,1.79999
5837,7,303,3.79999
5837,7,304,2.79999
5837,7,305,-0.200012
5837,7,306,-0.200012
5837,7,307,-2.20001
5837,7,308,0.799988
5837,7,309,4.79999
5837,7,310,2.79999
5837,7,311,1.79999
5837,7,312,3.79999
5837,7,313,0.799988
5837,7,314,-3.20001
5837,7,315,-1.20001
5837,7,316,-5.20001
5837,7,317,-3.20001
5837,7,318,-0.200012
5837,7,319,2.79999
5837,7,320,4.79999
5837,7,321,5.79999
5837,7,322,8.79999
5837,7,323,3.79999
5837,7,324,2.79999
5837,7,325,1.79999
5837,7,326,0.799988
5837,7,327,3.79999
5837,7,328,2.79999
5837,7,329,3.79999
5837,7,330,2.79999
5837,7,331,6.79999
5837,7,332,1.79999
5837,7,333,2.79999
5837,7,334,0.799988
5837,7,335,1.79999
5837,7,336,0.799988
5837,7,337,-0.200012
5837,7,338,2.79999
5837,7,339,3.79999
5837,7,340,1.79999
5837,7,341,-1.20001
5837,7,342,-0.200012
5837,7,343,-0.200012
5837,7,344,2.79999
5837,7,345,1.79999
5837,7,346,5.79999
5837,7,347,5.79999
5837,7,348,2.79999
5837,7,349,5.79999
5837,7,350,3.79999
5837,7,351,0.799988
5837,7,352,1.79999
5837,7,353,2.79999
5837,7,354,2.79999
5837,7,355,2.79999
5837,7,356,3.79999
5837,7,357,5.79999
5837,7,358,5.79999
5837,7,359,1.79999
5837,7,360,-1.20001
5837,7,361,4.79999
5837,7,362,3.79999
5837,7,363,4.79999
5837,7,364,4.79999
5837,7,365,3.79999
5837,7,366,5.79999
5837,7,367,6.79999
5837,7,368,8.79999
5837,7,369,6.79999
5837,7,370,2.79999
5837,7,371,6.79999
5837,7,372,5.79999
5837,7,373,9.79999
5837,7,374,9.79999
5837,7,375,4.79999
5837,7,376,3.79999
5837,7,377,5.79999
5837,7,378,3.79999
5837,7,379,2.79999
5837,7,380,2.79999
5837,7,381,-2.20001
5837,7,382,-1.20001
5837,7,383,0.799988
5837,7,384,5.79999
5837,7,385,6.79999
5837,7,386,11.8
5837,7,387,6.79999
5837,7,388,6.79999
5837,7,389,5.79999
5837,7,390,1.79999
5837,7,391,1.79999
5837,7,392,1.79999
5837,7,393,4.79999
5837,7,394,2.79999
5837,7,395,8.79999
5837,7,396,10.8
5837,7,397,5.79999
5837,7,398,7.79999
5837,7,399,5.79999
5837,7,400,4.79999
5837,7,401,7.79999
5837,7,402,10.8
5837,7,403,12.8
5837,7,404,15.8
5837,7,405,13.8
5837,7,406,10.8
5837,7,407,11.8
5837,7,408,10.8
5837,7,409,5.79999
5837,7,410,7.79999
5837,7,411,10.8
5837,7,412,12.8
5837,7,413,14.8
5837,7,414,18.8
5837,7,415,15.8
5837,7,416,14.8
5837,7,417,16.8
5837,7,418,17.8
5837,7,419,19.8
5837,7,420,16.8
5837,7,421,13.8
5837,7,422,15.8
5837,7,423,16.8
5837,7,424,19.8
5837,7,425,16.8
5837,7,426,20.8
5837,7,427,14.8
5837,7,428,7.79999
5837,7,429,10.8
5837,7,430,8.79999
5837,7,431,7.79999
5837,7,432,6.79999
5837,7,433,10.8
5837,7,434,13.8
5837,7,435,13.8
5837,7,436,14.8
5837,7,437,16.8
5837,7,438,14.8
5837,7,439,12.8
5837,7,440,11.8
5837,7,441,14.8
5837,7,442,16.8
5837,7,443,15.8
5837,7,444,15.8
5837,7,445,17.8
5837,7,446,12.8
5837,7,447,9.79999
5837,7,448,11.8
5837,7,449,8.79999
5837,7,450,7.79999
5837,7,451,11.8
5837,7,452,15.8
5837,7,453,15.8
5837,7,454,16.8
5837,7,455,20.8
5837,7,456,16.8
5837,7,457,15.8
5837,7,458,17.8
5837,7,459,13.8
5837,7,460,13.8
5837,7,461,17.8
5837,7,462,18.8
5837,7,463,21.8
5837,7,464,17.8
5837,7,465,16.8
5837,7,466,20.8
5837,7,467,15.8
5837,7,468,16.8
5837,7,469,16.8
5837,7,470,14.8
5837,7,471,13.8
5837,7,472,12.8
5837,7,473,11.8
5837,7,474,14.8
5837,7,475,14.8
5837,7,476,22.8
5837,7,477,20.8
5837,7,478,21.8
5837,7,479,21.8
5837,7,480,20.8
5837,7,481,20.8
5837,7,482,20.8
5837,7,483,20.8
5837,7,484,21.8
5837,7,485,24.8
5837,7,486,21.8
5837,7,487,27.8
5837,7,488,30.8
5837,7,489,26.8
5837,7,490,25.8
5837,7,491,21.8
5837,7,492,15.8
5837,7,493,20.8
5837,7,494,18.8
5837,7,495,23.8
5837,7,496,23.8
5837,7,497,22.8
5837,7,498,17.8
5837,7,499,16.8
5837,7,500,18.8
5837,7,501,20.8
5837,7,502,25.8
5837,7,503,23.8
5837,7,504,24.8
5837,7,505,20.8
5837,7,506,17.8
5837,7,507,18.8
5837,7,508,29.8
5837,7,509,30.8
5837,7,510,24.8
5837,7,511,30.8
2908,7,0,-75.9
2908,7,1,2.10001
2908,7,2,5.10001
2908,7,3,-1.89999
2908,7,4,3.10001
2908,7,5,1.10001
2908,7,6,3.10001
2908,7,7,1.10001
2908,7,8,4.10001
2908,7,9,3.10001
2908,7,10,6.10001
2908,7,11,4.10001
2908,7,12,5.10001
2908,7,13,4.10001
2908,7,14,3.10001
2908,7,15,5.10001
2908,7,16,6.10001
2908,7,17,7.10001
2908,7,18,8.10001
2908,7,19,6.10001
2908,7,20,4.10001
2908,7,21,1.10001
2908,7,22,0.100006
2908,7,23,3.10001
2908,7,24,3.10001
2908,7,25,0.100006
2908,7,26,-1.89999
2908,7,27,-5.89999
2908,7,28,-2.89999
2908,7,29,2.10001
2908,7,30,4.10001
2908,7,31,13.1
2908,7,32,15.1
2908,7,33,14.1
2908,7,34,10.1
2908,7,35,16.1
2908,7,36,14.1
2908,7,37,10.1
2908,7,38,11.1
2908,7,39,9.10001
2908,7,40,9.10001
2908,7,41,4.10001
2908,7,42,4.10001
2908,7,43,0.100006
2908,7,44,2.10001
2908,7,45,-0.899994
2908,7,46,-0.899994
2908,7,47,3.10001
2908,7,48,4.10001
2908,7,49,7.10001
2908,7,50,5.10001
2908,7,51,2.10001
2908,7,52,3.10001
2908,7,53,2.10001
2908,7,54,1.10001
2908,7,55,-3.89999
2908,7,56,-2.89999
2908,7,57,0.100006
2908,7,58,-0.899994
2908,7,59,3.10001
2908,7,60,2.10001
2908,7,61,1.10001
2908,7,62,-2.89999
2908,7,63,2.10001
2908,7,64,-1.89999
2908,7,65,0.100006
2908,7,66,-3.89999
2908,7,67,-2.89999
2908,7,68,-0.899994
2908,7,69,1.10001
2908,7,70,6.10001
2908,7,71,4.10001
2908,7,72,2.10001
2908,7,73,1.10001
2908,7,74,6.10001
2908,7,75,-3.89999
2908,7,76,-3.89999
2908,7,77,-4.89999
2908,7,78,-0.899994
2908,7,79,1.10001
2908,7,80,1.10001
2908,7,81,1.10001
2908,7,82,-1.89999
2908,7,83,4.10001
2908,7,84,2.10001
2908,7,85,2.10001
2908,7,86,1.10001
2908,7,87,5.10001
2908,7,88,5.10001
2908,7,89,8.10001
2908,7,90,5.10001
2908,7,91,2.10001
2908,7,92,2.10001
2908,7,93,0.100006
2908,7,94,0.100006
2908,7,95,-2.89999
2908,7,96,-1.89999
2908,7,97,-1.89999
2908,7,98,2.10001
2908,7,99,2.10001
2908,7,100,1.10001
2908,7,101,-4.89999
2908,7,102,1.10001
2908,7,103,3.10001
2908,7,104,3.10001
2908,7,105,-1.89999
2908,7,106,-4.89999
2908,7,107,-0.899994
2908,7,108,-3.89999
2908,7,109,-5.89999
2908,7,110,-4.89999
2908,7,111,-5.89999
2908,7,112,-4.89999
2908,7,113,-1.89999
2908,7,114,-0.899994
2908,7,115,2.10001
2908,7,116,3.10001
2908,7,117,5.10001
2908,7,118,5.10001
2908,7,119,5.10001
2908,7,120,2.10001
2908,7,121,0.100006
2908,7,122,-4.89999
2908,7,123,0.100006
2908,7,124,-2.89999
2908,7,125,0.100006
2908,7,126,4.10001
2908,7,127,9.10001
2908,7,128,8.10001
2908,7,129,7.10001
2908,7,130,5.10001
2908,7,131,3.10001
2908,7,132,3.10001
2908,7,133,0.100006
2908,7,134,2.10001
2908,7,135,3.10001
2908,7,136,-1.89999
2908,7,137,5.10001
2908,7,138,0.100006
2908,7,139,3.10001
2908,7,140,1.10001
2908,7,141,-4.89999
2908,7,142,0.100006
2908,7,143,1.10001
2908,7,144,4.10001
2908,7,145,3.10001
2908,7,146,5.10001
2908,7,147,4.10001
2908,7,148,1.10001
2908,7,149,3.10001
2908,7,150,1.10001
2908,7,151,3.10001
2908,7,152,5.10001
2908,7,153,2.10001
2908,7,154,6.10001
2908,7,155,7.10001
2908,7,156,2.10001
2908,7,157,5.10001
2908,7,158,4.10001
2908,7,159,1.10001
2908,7,160,-0.899994
2908,7,161,-1.89999
2908,7,162,-1.89999
2908,7,163,-0.899994
2908,7,164,3.10001
2908,7,165,6.10001
2908,7,166,9.10001
2908,7,167,6.10001
2908,7,168,11.1
2908,7,169,5.10001
2908,7,170,2.10001
2908,7,171,-0.899994
2908,7,172,-3.89999
2908,7,173,-0.899994
2908,7,174,2.10001
2908,7,175,4.10001
2908,7,176,7.10001
2908,7,177,5.10001
2908,7,178,4.10001
2908,7,179,6.10001
2908,7,180,5.10001
2908,7,181,2.10001
2908,7,182,-1.89999
2908,7,183,-5.89999
2908,7,184,-6.89999
2908,7,185,-5.89999
2908,7,186,-3.89999
2908,7,187,1.10001
2908,7,188,5.10001
2908,7,189,9.10001
2908,7,190,12.1
2908,7,191,14.1
2908,7,192,13.1
2908,7,193,15.1
2908,7,194,10.1
2908,7,195,9.10001
2908,7,196,15.1
2908,7,197,6.10001
2908,7,198,8.10001
2908,7,199,1.10001
2908,7,200,2.10001
2908,7,201,4.10001
2908,7,202,7.10001
2908,7,203,0.100006
2908,7,204,-0.899994
2908,7,205,-1.89999
2908,7,206,-1.89999
2908,7,207,0.100006
2908,7,208,3.10001
2908,7,209,2.10001
2908,7,210,6.10001
2908,7,211,7.10001
2908,7,212,8.10001
2908,7,213,6.10001
2908,7,214,4.10001
2908,7,215,4.10001
2908,7,216,-0.899994
2908,7,217,3.10001
2908,7,218,2.10001
2908,7,219,1.10001
2908,7,220,0.100006
2908,7,221,0.100006
2908,7,222,5.10001
2908,7,223,3.10001
2908,7,224,6.10001
2908,7,225,4.10001
2908,7,226,-0.899994
2908,7,227,-2.89999
2908,7,228,-4.89999
2908,7,229,-4.89999
2908,7,230,1.10001
2908,7,231,4.10001
2908,7,232,3.10001
2908,7,233,3.10001
2908,7,234,3.10001
2908,7,235,6.10001
2908,7,236,2.10001
2908,7,237,3.10001
2908,7,238,1.10001
2908,7,239,9.10001
2908,7,240,10.1
2908,7,241,10.1
2908,7,242,10.1
2908,7,243,11.1
2908,7,244,13.1
2908,7,245,11.1
2908,7,246,7.10001
2908,7,247,9.10001
2908,7,248,7.10001
2908,7,249,7.10001
2908,7,250,7.10001
2908,7,251,3.10001
2908,7,252,3.10001
2908,7,253,7.10001
2908,7,254,7.10001
2908,7,255,9.10001
2908,7,256,7.10001
2908,7,257,6.10001
2908,7,258,6.10001
2908,7,259,5.10001
2908,7,260,5.10001
2908,7,261,7.10001
2908,7,262,8.10001
2908,7,263,7.10001
2908,7,264,4.10001
2908,7,265,3.10001
2908,7,266,4.10001
2908,7,267,5.10001
2908,7,268,7.10001
2908,7,269,9.10001
2908,7,270,9.10001
2908,7,271,11.1
2908,7,272,6.10001
2908,7,273,6.10001
2908,7,274,8.10001
2908,7,275,8.10001
2908,7,276,10.1
2908,7,277,11.1
2908,7,278,12.1
2908,7,279,6.10001
2908,7,280,2.10001
2908,7,281,3.10001
2908,7,282,3.10001
2908,7,283,8.10001
2908,7,284,6.10001
2908,7,285,11.1
2908,7,286,10.1
2908,7,287,12.1
2908,7,288,11.1
2908,7,289,6.10001
2908,7,290,11.1
2908,7,291,14.1
2908,7,292,13.1
2908,7,293,15.1
2908,7,294,14.1
2908,7,295,12.1
2908,7,296,12.1
2908,7,297,10.1
2908,7,298,8.10001
2908,7,299,9.10001
2908,7,300,5.10001
2908,7,301,9.10001
2908,7,302,7.10001
2908,7,303,7.10001
2908,7,304,10.1
2908,7,305,9.10001
2908,7,306,11.1
2908,7,307,12.1
2908,7,308,10.1
2908,7,309,9.10001
2908,7,310,6.10001
2908,7,311,4.10001
2908,7,312,2.10001
2908,7,313,6.10001
2908,7,314,6.10001
2908,7,315,8.10001
2908,7,316,10.1
2908,7,317,10.1
2908,7,318,11.1
2908,7,319,18.1
2908,7,320,12.1
2908,7,321,15.1
2908,7,322,14.1
2908,7,323,13.1
2908,7,324,10.1
2908,7,325,8.10001
2908,7,326,9.10001
2908,7,327,6.10001
2908,7,328,12.1
2908,7,329,8.10001
2908,7,330,10.1
2908,7,331,5.10001
2908,7,332,5.10001
2908,7,333,7.10001
2908,7,334,10.1
2908,7,335,10.1
2908,7,336,12.1
2908,7,337,14.1
2908,7,338,13.1
2908,7,339,19.1
2908,7,340,14.1
2908,7,341,11.1
2908,7,342,10.1
2908,7,343,8.10001
2908,7,344,8.10001
2908,7,345,6.10001
2908,7,346,12.1
2908,7,347,16.1
2908,7,348,22.1
2908,7,349,23.1
2908,7,350,24.1
2908,7,351,23.1
2908,7,352,17.1
2908,7,353,20.1
2908,7,354,22.1
2908,7,355,28.1
2908,7,356,25.1
2908,7,357,25.1
2908,7,358,21.1
2908,7,359,16.1
2908,7,360,17.1
2908,7,361,16.1
2908,7,362,14.1
2908,7,363,17.1
2908,7,364,16.1
2908,7,365,14.1
2908,7,366,16.1
2908,7,367,14.1
2908,7,368,13.1
2908,7,369,11.1
2908,7,370,12.1
2908,7,371,17.1
2908,7,372,14.1
2908,7,373,12.1
2908,7,374,17.1
2908,7,375,17.1
2908,7,376,16.1
2908,7,377,23.1
2908,7,378,19.1
2908,7,379,19.1
2908,7,380,17.1
2908,7,381,21.1
2908,7,382,17.1
2908,7,383,15.1
2908,7,384,15.1
2908,7,385,18.1
2908,7,386,19.1
2908,7,387,20.1
2908,7,388,22.1
2908,7,389,22.1
2908,7,390,21.1
2908,7,391,23.1
2908,7,392,22.1
2908,7,393,22.1
2908,7,394,23.1
2908,7,395,21.1
2908,7,396,20.1
2908,7,397,21.1
2908,7,398,18.1
2908,7,399,21.1
2908,7,400,20.1
2908,7,401,15.1
2908,7,402,18.1
2908,7,403,24.1
2908,7,404,22.1
2908,7,405,23.1
2908,7,406,24.1
2908,7,407,23.1
2908,7,408,24.1
2908,7,409,24.1
2908,7,410,26.1
2908,7,411,28.1
2908,7,412,26.1
2908,7,413,27.1
2908,7,414,26.1
2908,7,415,24.1
2908,7,416,25.1
2908,7,417,22.1
2908,7,418,22.1
2908,7,419,21.1
2908,7,420,24.1
2908,7,421,21.1
2908,7,422,27.1
2908,7,423,23.1
2908,7,424,21.1
2908,7,425,23.1
2908,7,426,25.1
2908,7,427,24.1
2908,7,428,26.1
2908,7,429,26.1
2908,7,430,30.1
2908,7,431,26.1
2908,7,432,23.1
2908,7,433,20.1
2908,7,434,22.1
2908,7,435,24.1
2908,7,436,25.1
2908,7,437,25.1
2908,7,438,30.1
2908,7,439,30.1
2908,7,440,36.1
2908,7,441,35.1
2908,7,442,33.1
2908,7,443,34.1
2908,7,444,34.1
2908,7,445,32.1
2908,7,446,31.1
2908,7,447,29.1
2908,7,448,24.1
2908,7,449,20.1
2908,7,450,25.1
2908,7,451,22.1
2908,7,452,26.1
2908,7,453,26.1
2908,7,454,25.1
2908,7,455,24.1
2908,7,456,24.1
2908,7,457,24.1
2908,7,458,23.1
2908,7,459,23.1
2908,7,460,24.1
2908,7,461,23.1
2908,7,462,23.1
2908,7,463,25.1
2908,7,464,27.1
2908,7,465,26.1
2908,7,466,28.1
2908,7,467,26.1
2908,7,468,27.1
2908,7,469,27.1
2908,7,470,28.1
2908,7,471,21.1
2908,7,472,23.1
2908,7,473,20.1
2908,7,474,21.1
2908,7,475,23.1
2908,7,476,27.1
2908,7,477,27.1
2908,7,478,29.1
2908,7,479,30.1
2908,7,480,28.1
2908,7,481,25.1
2908,7,482,28.1
2908,7,483,25.1
2908,7,484,28.1
2908,7,485,29.1
2908,7,486,27.1
2908,7,487,24.1
2908,7,488,27.1
2908,7,489,22.1
2908,7,490,25.1
2908,7,491,25.1
2908,7,492,28.1
2908,7,493,27.1
2908,7,494,27.1
2908,7,495,23.1
2908,7,496,24.1
2908,7,497,26.1
2908,7,498,28.1
2908,7,499,23.1
2908,7,500,25.1
2908,7,501,23.1
2908,7,502,25.1
2908,7,503,23.1
2908,7,504,23.1
2908,7,505,18.1
2908,7,506,15.1
2908,7,507,12.1
2908,7,508,12.1
2908,7,509,16.1
2908,7,510,15.1
2908,7,511,26.1
566,7,0,-76.55
566,7,1,-0.549988
566,7,2,-3.54999
566,7,3,4.45001
566,7,4,3.45001
566,7,5,6.45001
566,7,6,9.45001
566,7,7,10.45
566,7,8,6.45001
566,7,9,8.45001
566,7,10,3.45001
566,7,11,5.45001
566,7,12,0.450012
566,7,13,-0.549988
566,7,14,2.45001
566,7,15,2.45001
566,7,16,5.45001
566,7,17,3.45001
566,7,18,7.45001
566,7,19,1.45001
566,7,20,0.450012
566,7,21,6.45001
566,7,22,2.45001
566,7,23,7.45001
566,7,24,7.45001
566,7,25,9.45001
566,7,26,10.45
566,7,27,10.45
566,7,28,4.45001
566,7,29,3.45001
566,7,30,0.450012
566,7,31,0.450012
566,7,32,3.45001
566,7,33,3.45001
566,7,34,3.45001
566,7,35,4.45001
566,7,36,-1.54999
566,7,37,-0.549988
566,7,38,-1.54999
566,7,39,1.45001
566,7,40,7.45001
566,7,41,3.45001
566,7,42,1.45001
566,7,43,3.45001
566,7,44,4.45001
566,7,45,6.45001
566,7,46,2.45001
566,7,47,0.450012
566,7,48,2.45001
566,7,49,3.45001
566,7,50,0.450012
566,7,51,5.45001
566,7,52,5.45001
566,7,53,5.45001
566,7,54,9.45001
566,7,55,1.45001
566,7,56,1.45001
566,7,57,8.45001
566,7,58,4.45001
566,7,59,1.45001
566,7,60,1.45001
566,7,61,3.45001
566,7,62,1.45001
566,7,63,-1.54999
566,7,64,-0.549988
566,7,65,-3.54999
566,7,66,-2.54999
566,7,67,3.45001
566,7,68,0.450012
566,7,69,0.450012
566,7,70,4.45001
566,7,71,3.45001
566,7,72,7.45001
566,7,73,1.45001
566,7,74,1.45001
566,7,75,0.450012
566,7,76,3.45001
566,7,77,6.45001
566,7,78,3.45001
566,7,79,5.45001
566,7,80,5.45001
566,7,81,1.45001
566,7,82,1.45001
566,7,83,3.45001
566,7,84,7.45001
566,7,85,10.45
566,7,86,6.45001
566,7,87,6.45001
566,7,88,6.45001
566,7,89,8.45001
566,7,90,1.45001
566,7,91,1.45001
566,7,92,6.45001
566,7,93,8.45001
566,7,94,2.45001
566,7,95,6.45001
566,7,96,5.45001
566,7,97,6.45001
566,7,98,6.45001
566,7,99,-1.54999
566,7,100,0.450012
566,7,101,3.45001
566,7,102,8.45001
566,7,103,9.45001
566,7,104,9.45001
566,7,105,7.45001
566,7,106,5.45001
566,7,107,2.45001
566,7,108,3.45001
566,7,109,3.45001
566,7,110,7.45001
566,7,111,7.45001
566,7,112,3.45001
566,7,113,5.45001
566,7,114,7.45001
566,7,115,7.45001
566,7,116,10.45
566,7,117,7.45001
566,7,118,5.45001
566,7,119,5.45001
566,7,120,5.45001
566,7,121,1.45001
566,7,122,3.45001
566,7,123,6.45001
566,7,124,9.45001
566,7,125,11.45
566,7,126,13.45
566,7,127,9.45001
566,7,128,9.45001
566,7,129,6.45001
566,7,130,6.45001
566,7,131,10.45
566,7,132,6.45001
566,7,133,7.45001
566,7,134,5.45001
566,7,135,7.45001
566,7,136,7.45001
566,7,137,9.45001
566,7,138,7.45001
566,7,139,5.45001
566,7,140,4.45001
566,7,141,11.45
566,7,142,11.45
566,7,143,3.45001
566,7,144,3.45001
566,7,145,0.450012
566,7,146,1.45001
566,7,147,0.450012
566,7,148,3.45001
566,7,149,1.45001
566,7,150,9.45001
566,7,151,11.45
566,7,152,12.45
566,7,153,14.45
566,7,154,7.45001
566,7,155,8.45001
566,7,156,4.45001
566,7,157,4.45001
566,7,158,7.45001
566,7,159,7.45001
566,7,160,10.45
566,7,161,8.45001
566,7,162,6.45001
566,7,163,3.45001
566,7,164,0.450012
566,7,165,-1.54999
566,7,166,3.45001
566,7,167,7.45001
566,7,168,7.45001
566,7,169,7.45001
566,7,170,10.45
566,7,171,4.45001
566,7,172,1.45001
566,7,173,5.45001
566,7,174,2.45001
566,7,175,2.45001
566,7,176,4.45001
566,7,177,3.45001
566,7,178,5.45001
566,7,179,2.45001
566,7,180,4.45001
566,7,181,9.45001
566,7,182,6.45001
566,7,183,4.45001
566,7,184,2.45001
566,7,185,3.45001
566,7,186,2.45001
566,7,187,7.45001
566,7,188,7.45001
566,7,189,4.45001
566,7,190,2.45001
566,7,191,3.45001
566,7,192,3.45001
566,7,193,6.45001
566,7,194,0.450012
566,7,195,-2.54999
566,7,196,5.45001
566,7,197,5.45001
566,7,198,5.45001
566,7,199,10.45
566,7,200,11.45
566,7,201,8.45001
566,7,202,16.45
566,7,203,16.45
566,7,204,10.45
566,7,205,5.45001
566,7,206,4.45001
566,7,207,2.45001
566,7,208,0.450012
566,7,209,6.45001
566,7,210,6.45001
566,7,211,11.45
566,7,212,11.45
566,7,213,10.45
566,7,214,7.45001
566,7,215,7.45001
566,7,216,3.45001
566,7,217,6.45001
566,7,218,8.45001
566,7,219,8.45001
566,7,220,6.45001
566,7,221,5.45001
566,7,222,7.45001
566,7,223,3.45001
566,7,224,5.45001
566,7,225,7.45001
566,7,226,7.45001
566,7,227,10.45
566,7,228,7.45001
566,7,229,5.45001
566,7,230,4.45001
566,7,231,7.45001
566,7,232,8.45001
566,7,233,7.45001
566,7,234,15.45
566,7,235,12.45
566,7,236,14.45
566,7,237,14.45
566,7,238,15.45
566,7,239,12.45
566,7,240,10.45
566,7,241,5.45001
566,7,242,9.45001
566,7,243,9.45001
566,7,244,8.45001
566,7,245,6.45001
566,7,246,11.45
566,7,247,14.45
566,7,248,12.45
566,7,249,10.45
566,7,250,7.45001
566,7,251,6.45001
566,7,252,8.45001
566,7,253,8.45001
566,7,254,9.45001
566,7,255,7.45001
566,7,256,8.45001
566,7,257,8.45001
566,7,258,9.45001
566,7,259,6.45001
566,7,260,8.45001
566,7,261,6.45001
566,7,262,5.45001
566,7,263,3.45001
566,7,264,1.45001
566,7,265,5.45001
566,7,266,5.45001
566,7,267,9.45001
566,7,268,9.45001
566,7,269,13.45
566,7,270,12.45
566,7,271,8.45001
566,7,272,11.45
566,7,273,7.45001
566,7,274,10.45
566,7,275,12.45
566,7,276,12.45
566,7,277,11.45
566,7,278,9.45001
566,7,279,9.45001
566,7,280,10.45
566,7,281,7.45001
566,7,282,11.45
566,7,283,9.45001
566,7,284,9.45001
566,7,285,7.45001
566,7,286,10.45
566,7,287,9.45001
566,7,288,12.45
566,7,289,13.45
566,7,290,11.45
566,7,291,9.45001
566,7,292,11.45
566,7,293,6.45001
566,7,294,10.45
566,7,295,9.45001
566,7,296,12.45
566,7,297,10.45
566,7,298,10.45
566,7,299,15.45
566,7,300,12.45
566,7,301,11.45
566,7,302,6.45001
566,7,303,15.45
566,7,304,11.45
566,7,305,10.45
566,7,306,9.45001
566,7,307,11.45
566,7,308,10.45
566,7,309,13.45
566,7,310,10.45
566,7,311,13.45
566,7,312,13.45
566,7,313,14.45
566,7,314,12.45
566,7,315,11.45
566,7,316,12.45
566,7,317,12.45
566,7,318,12.45
566,7,319,6.45001
566,7,320,8.45001
566,7,321,10.45
566,7,322,7.45001
566,7,323,12.45
566,7,324,17.45
566,7,325,18.45
566,7,326,22.45
566,7,327,17.45
566,7,328,14.45
566,7,329,16.45
566,7,330,17.45
566,7,331,19.45
566,7,332,18.45
566,7,333,15.45
566,7,334,15.45
566,7,335,15.45
566,7,336,18.45
566,7,337,18.45
566,7,338,16.45
566,7,339,19.45
566,7,340,22.45
566,7,341,21.45
566,7,342,20.45
566,7,343,17.45
566,7,344,19.45
566,7,345,20.45
566,7,346,20.45
566,7,347,18.45
566,7,348,16.45
566,7,349,14.45
566,7,350,15.45
566,7,351,11.45
566,7,352,17.45
566,7,353,18.45
566,7,354,20.45
566,7,355,22.45
566,7,356,22.45
566,7,357,19.45
566,7,358,20.45
566,7,359,25.45
566,7,360,21.45
566,7,361,17.45
566,7,362,20.45
566,7,363,22.45
566,7,364,18.45
566,7,365,18.45
566,7,366,17.45
566,7,367,19.45
566,7,368,18.45
566,7,369,17.45
566,7,370,18.45
566,7,371,20.45
566,7,372,18.45
566,7,373,22.45
566,7,374,23.45
566,7,375,25.45
566,7,376,22.45
566,7,377,25.45
566,7,378,24.45
566,7,379,26.45
566,7,380,30.45
566,7,381,25.45
566,7,382,26.45
566,7,383,25.45
566,7,384,26.45
566,7,385,24.45
566,7,386,23.45
566,7,387,22.45
566,7,388,26.45
566,7,389,27.45
566,7,390,29.45
566,7,391,25.45
566,7,392,27.45
566,7,393,24.45
566,7,394,20.45
566,7,395,21.45
566,7,396,23.45
566,7,397,26.45
566,7,398,26.45
566,7,399,26.45
566,7,400,23.45
566,7,401,22.45
566,7,402,23.45
566,7,403,23.45
566,7,404,22.45
566,7,405,21.45
566,7,406,21.45
566,7,407,23.45
566,7,408,22.45
566,7,409,25.45
566,7,410,29.45
566,7,411,26.45
566,7,412,24.45
566,7,413,26.45
566,7,414,27.45
566,7,415,30.45
566,7,416,26.45
566,7,417,26.45
566,7,418,27.45
566,7,419,28.45
566,7,420,26.45
566,7,421,27.45
566,7,422,23.45
566,7,423,26.45
566,7,424,25.45
566,7,425,27.45
566,7,426,28.45
566,7,427,29.45
566,7,428,28.45
566,7,429,29.45
566,7,430,25.45
566,7,431,28.45
566,7,432,32.45
566,7,433,32.45
566,7,434,37.45
566,7,435,37.45
566,7,436,34.45
566,7,437,32.45
566,7,438,30.45
566,7,439,29.45
566,7,440,25.45
566,7,441,22.45
566,7,442,21.45
566,7,443,22.45
566,7,444,17.45
566,7,445,20.45
566,7,446,23.45
566,7,447,20.45
566,7,448,22.45
566,7,449,25.45
566,7,450,21.45
566,7,451,19.45
566,7,452,24.45
566,7,453,23.45
566,7,454,19.45
566,7,455,18.45
566,7,456,20.45
566,7,457,18.45
566,7,458,16.45
566,7,459,16.45
566,7,460,17.45
566,7,461,17.45
566,7,462,22.45
566,7,463,18.45
566,7,464,20.45
566,7,465,22.45
566,7,466,24.45
566,7,467,24.45
566,7,468,24.45
566,7,469,24.45
566,7,470,25.45
566,7,471,21.45
566,7,472,23.45
566,7,473,21.45
566,7,474,19.45
566,7,475,16.45
566,7,476,14.45
566,7,477,16.45
566,7,478,14.45
566,7,479,19.45
566,7,480,20.45
566,7,481,23.45
566,7,482,20.45
566,7,483,18.45
566,7,484,17.45
566,7,485,14.45
566,7,486,12.45
566,7,487,17.45
566,7,488,19.45
566,7,489,19.45
566,7,490,16.45
566,7,491,20.45
566,7,492,21.45
566,7,493,25.45
566,7,494,24.45
566,7,495,23.45
566,7,496,22.45
566,7,497,18.45
566,7,498,15.45
566,7,499,18.45
566,7,500,18.45
566,7,501,18.45
566,7,502,19.45
566,7,503,16.45
566,7,504,15.45
566,7,505,13.45
566,7,506,13.45
566,7,507,13.45
566,7,508,20.45
566,7,509,21.45
566,7,510,19.45
566,7,511,19.45
7777,7,0,-77.95
7777,7,1,-3.95001
7777,7,2,1.04999
7777,7,3,0.0499878
7777,7,4,2.04999
7777,7,5,5.04999
7777,7,6,4.04999
7777,7,7,6.04999
7777,7,8,5.04999
7777,7,9,6.04999
7777,7,10,6.04999
7777,7,11,5.04999
7777,7,12,8.04999
7777,7,13,6.04999
7777,7,14,8.04999
7777,7,15,9.04999
7777,7,16,6.04999
7777,7,17,5.04999
7777,7,18,0.0499878
7777,7,19,-0.950012
7777,7,20,5.04999
7777,7,21,1.04999
7777,7,22,4.04999
7777,7,23,3.04999
7777,7,24,0.0499878
7777,7,25,0.0499878
7777,7,26,-2.95001
7777,7,27,3.04999
7777,7,28,4.04999
7777,7,29,2.04999
7777,7,30,6.04999
7777,7,31,3.04999
7777,7,32,-2.95001
7777,7,33,-6.95001
7777,7,34,-5.95001
7777,7,35,-2.95001
7777,7,36,-1.95001
7777,7,37,6.04999
7777,7,38,3.04999
7777,7,39,1.04999
7777,7,40,6.04999
7777,7,41,4.04999
7777,7,42,6.04999
7777,7,43,7.04999
7777,7,44,6.04999
7777,7,45,7.04999
7777,7,46,0.0499878
7777,7,47,1.04999
7777,7,48,3.04999
7777,7,49,3.04999
7777,7,50,-0.950012
7777,7,51,-1.95001
7777,7,52,1.04999
7777,7,53,4.04999
7777,7,54,4.04999
7777,7,55,6.04999
7777,7,56,10.05
7777,7,57,8.04999
7777,7,58,6.04999
7777,7,59,5.04999
7777,7,60,4.04999
7777,7,61,3.04999
7777,7,62,-1.95001
7777,7,63,1.04999
7777,7,64,2.04999
7777,7,65,0.0499878
7777,7,66,0.0499878
7777,7,67,4.04999
7777,7,68,1.04999
7777,7,69,0.0499878
7777,7,70,-1.95001
7777,7,71,1.04999
7777,7,72,3.04999
7777,7,73,2.04999
7777,7,74,-3.95001
7777,7,75,-1.95001
7777,7,76,-0.950012
7777,7,77,6.04999
7777,7,78,6.04999
7777,7,79,1.04999
7777,7,80,3.04999
7777,7,81,4.04999
7777,7,82,6.04999
7777,7,83,3.04999
7777,7,84,6.04999
7777,7,85,3.04999
7777,7,86,1.04999
7777,7,87,4.04999
7777,7,88,3.04999
7777,7,89,-2.95001
7777,7,90,-6.95001
7777,7,91,-7.95001
7777,7,92,-6.95001
7777,7,93,-0.950012
7777,7,94,-2.95001
7777,7,95,4.04999
7777,7,96,3.04999
7777,7,97,1.04999
7777,7,98,6.04999
7777,7,99,4.04999
7777,7,100,2.04999
7777,7,101,-0.950012
7777,7,102,-3.95001
7777,7,103,0.0499878
7777,7,104,3.04999
7777,7,105,4.04999
7777,7,106,6.04999
7777,7,107,4.04999
7777,7,108,12.05
7777,7,109,13.05
7777,7,110,9.04999
7777,7,111,4.04999
7777,7,112,7.04999
7777,7,113,8.04999
7777,7,114,14.05
7777,7,115,11.05
7777,7,116,11.05
7777,7,117,9.04999
7777,7,118,7.04999
7777,7,119,5.04999
7777,7,120,4.04999
7777,7,121,4.04999
7777,7,122,4.04999
7777,7,123,5.04999
7777,7,124,6.04999
7777,7,125,2.04999
7777,7,126,5.04999
7777,7,127,0.0499878
7777,7,128,1.04999
7777,7,129,0.0499878
7777,7,130,-0.950012
7777,7,131,-0.950012
7777,7,132,-3.95001
7777,7,133,-0.950012
7777,7,134,-6.95001
7777,7,135,-2.95001
7777,7,136,3.04999
7777,7,137,5.04999
7777,7,138,9.04999
7777,7,139,8.04999
7777,7,140,12.05
7777,7,141,3.04999
7777,7,142,2.04999
7777,7,143,-1.95001
7777,7,144,3.04999
7777,7,145,1.04999
7777,7,146,2.04999
7777,7,147,4.04999
7777,7,148,1.04999
7777,7,149,3.04999
7777,7,150,3.04999
7777,7,151,7.04999
7777,7,152,5.04999
7777,7,153,2.04999
7777,7,154,-1.95001
7777,7,155,0.0499878
7777,7,156,1.04999
7777,7,157,1.04999
7777,7,158,0.0499878
7777,7,159,1.04999
7777,7,160,2.04999
7777,7,161,5.04999
7777,7,162,8.04999
7777,7,163,10.05
7777,7,164,12.05
7777,7,165,11.05
7777,7,166,11.05
7777,7,167,12.05
7777,7,168,5.04999
7777,7,169,0.0499878
7777,7,170,-0.950012
7777,7,171,-1.95001
7777,7,172,-0.950012
7777,7,173,-0.950012
7777,7,174,-0.950012
7777,7,175,4.04999
7777,7,176,3.04999
7777,7,177,5.04999
7777,7,178,6.04999
7777,7,179,10.05
7777,7,180,9.04999
7777,7,181,9.04999
7777,7,182,7.04999
7777,7,183,9.04999
7777,7,184,7.04999
7777,7,185,9.04999
7777,7,186,6.04999
7777,7,187,6.04999
7777,7,188,-1.95001
7777,7,189,-1.95001
7777,7,190,0.0499878
7777,7,191,3.04999
7777,7,192,6.04999
7777,7,193,2.04999
7777,7,194,4.04999
7777,7,195,9.04999
7777,7,196,6.04999
7777,7,197,4.04999
7777,7,198,3.04999
7777,7,199,5.04999
7777,7,200,9.04999
7777,7,201,6.04999
7777,7,202,7.04999
7777,7,203,5.04999
7777,7,204,4.04999
7777,7,205,5.04999
7777,7,206,4.04999
7777,7,207,7.04999
7777,7,208,7.04999
7777,7,209,5.04999
7777,7,210,6.04999
7777,7,211,4.04999
7777,7,212,3.04999
7777,7,213,3.04999
7777,7,214,8.04999
7777,7,215,4.04999
7777,7,216,7.04999
7777,7,217,-0.950012
7777,7,218,0.0499878
7777,7,219,1.04999
7777,7,220,5.04999
7777,7,221,10.05
7777,7,222,7.04999
7777,7,223,8.04999
7777,7,224,9.04999
7777,7,225,10.05
7777,7,226,7.04999
7777,7,227,6.04999
7777,7,228,-0.950012
7777,7,229,3.04999
7777,7,230,5.04999
7777,7,231,9.04999
7777,7,232,7.04999
7777,7,233,6.04999
7777,7,234,10.05
7777,7,235,10.05
7777,7,236,6.04999
7777,7,237,4.04999
7777,7,238,1.04999
7777,7,239,2.04999
7777,7,240,3.04999
7777,7,241,7.04999
7777,7,242,8.04999
7777,7,243,9.04999
7777,7,244,8.04999
7777,7,245,8.04999
7777,7,246,12.05
7777,7,247,11.05
7777,7,248,11.05
7777,7,249,10.05
7777,7,250,6.04999
7777,7,251,9.04999
7777,7,252,4.04999
7777,7,253,5.04999
7777,7,254,6.04999
7777,7,255,3.04999
7777,7,256,3.04999
7777,7,257,4.04999
7777,7,258,7.04999
7777,7,259,7.04999
7777,7,260,7.04999
7777,7,261,8.04999
7777,7,262,3.04999
7777,7,263,10.05
7777,7,264,6.04999
7777,7,265,8.04999
7777,7,266,9.04999
7777,7,267,11.05
7777,7,268,10.05
7777,7,269,10.05
7777,7,270,16.05
7777,7,271,16.05
7777,7,272,22.05
7777,7,273,17.05
7777,7,274,16.05
7777,7,275,11.05
7777,7,276,10.05
7777,7,277,10.05
7777,7,278,7.04999
7777,7,279,7.04999
7777,7,280,9.04999
7777,7,281,12.05
7777,7,282,9.04999
7777,7,283,11.05
7777,7,284,5.04999
7777,7,285,12.05
7777,7,286,10.05
7777,7,287,9.04999
7777,7,288,9.04999
7777,7,289,7.04999
7777,7,290,9.04999
7777,7,291,9.04999
7777,7,292,8.04999
7777,7,293,8.04999
7777,7,294,10.05
7777,7,295,10.05
7777,7,296,11.05
7777,7,297,16.05
7777,7,298,13.05
7777,7,299,16.05
7777,7,300,20.05
7777,7,301,15.05
7777,7,302,17.05
7777,7,303,21.05
7777,7,304,16.05
7777,7,305,20.05
7777,7,306,22.05
7777,7,307,19.05
7777,7,308,22.05
7777,7,309,19.05
7777,7,310,18.05
7777,7,311,20.05
7777,7,312,15.05
7777,7,313,14.05
7777,7,314,12.05
7777,7,315,15.05
7777,7,316,13.05
7777,7,317,17.05
7777,7,318,18.05
7777,7,319,15.05
7777,7,320,16.05
7777,7,321,17.05
7777,7,322,16.05
7777,7,323,13.05
7777,7,324,12.05
7777,7,325,10.05
7777,7,326,9.04999
7777,7,327,11.05
7777,7,328,18.05
7777,7,329,15.05
7777,7,330,21.05
7777,7,331,22.05
7777,7,332,20.05
7777,7,333,20.05
7777,7,334,20.05
7777,7,335,25.05
7777,7,336,20.05
7777,7,337,24.05
7777,7,338,15.05
7777,7,339,14.05
7777,7,340,12.05
7777,7,341,16.05
7777,7,342,15.05
7777,7,343,14.05
7777,7,344,15.05
7777,7,345,18.05
7777,7,346,21.05
7777,7,347,22.05
7777,7,348,20.05
7777,7,349,19.05
7777,7,350,17.05
7777,7,351,19.05
7777,7,352,19.05
7777,7,353,18.05
7777,7,354,16.05
7777,7,355,19.05
7777,7,356,19.05
7777,7,357,23.05
7777,7,358,22.05
7777,7,359,22.05
7777,7,360,21.05
7777,7,361,21.05
7777,7,362,20.05
7777,7,363,18.05
7777,7,364,23.05
7777,7,365,21.05
7777,7,366,23.05
7777,7,367,29.05
7777,7,368,28.05
7777,7,369,27.05
7777,7,370,23.05
7777,7,371,24.05
7777,7,372,27.05
7777,7,373,25.05
7777,7,374,23.05
7777,7,375,27.05
7777,7,376,30.05
7777,7,377,28.05
7777,7,378,28.05
7777,7,379,29.05
7777,7,380,31.05
7777,7,381,28.05
7777,7,382,26.05
7777,7,383,30.05
7777,7,384,32.05
7777,7,385,26.05
7777,7,386,29.05
7777,7,387,33.05
7777,7,388,30.05
7777,7,389,28.05
7777,7,390,29.05
7777,7,391,28.05
7777,7,392,26.05
7777,7,393,29.05
7777,7,394,27.05
7777,7,395,23.05
7777,7,396,22.05
7777,7,397,24.05
7777,7,398,24.05
7777,7,399,28.05
7777,7,400,31.05
7777,7,401,28.05
7777,7,402,31.05
7777,7,403,33.05
7777,7,404,33.05
7777,7,405,31.05
7777,7,406,30.05
7777,7,407,32.05
7777,7,408,27.05
7777,7,409,27.05
7777,7,410,27.05
7777,7,411,30.05
7777,7,412,33.05
7777,7,413,32.05
7777,7,414,30.05
7777,7,415,28.05
7777,7,416,29.05
7777,7,417,31.05
7777,7,418,33.05
7777,7,419,30.05
7777,7,420,32.05
7777,7,421,30.05
7777,7,422,28.05
7777,7,423,26.05
7777,7,424,29.05
7777,7,425,34.05
7777,7,426,28.05
7777,7,427,26.05
7777,7,428,24.05
7777,7,429,29.05
7777,7,430,31.05
7777,7,431,31.05
7777,7,432,32.05
7777,7,433,26.05
7777,7,434,24.05
7777,7,435,26.05
7777,7,436,22.05
7777,7,437,22.05
7777,7,438,23.05
7777,7,439,26.05
7777,7,440,35.05
7777,7,441,33.05
7777,7,442,34.05
7777,7,443,31.05
7777,7,444,33.05
7777,7,445,30.05
7777,7,446,30.05
7777,7,447,24.05
7777,7,448,27.05
7777,7,449,27.05
7777,7,450,27.05
7777,7,451,31.05
7777,7,452,27.05
7777,7,453,27.05
7777,7,454,25.05
7777,7,455,19.05
7777,7,456,21.05
7777,7,457,23.05
7777,7,458,15.05
7777,7,459,19.05
7777,7,460,22.05
7777,7,461,25.05
7777,7,462,28.05
7777,7,463,30.05
7777,7,464,28.05
7777,7,465,24.05
7777,7,466,21.05
7777,7,467,25.05
7777,7,468,26.05
7777,7,469,27.05
7777,7,470,27.05
7777,7,471,28.05
7777,7,472,29.05
7777,7,473,27.05
7777,7,474,23.05
7777,7,475,21.05
7777,7,476,24.05
7777,7,477,20.05
7777,7,478,20.05
7777,7,479,18.05
7777,7,480,22.05
7777,7,481,23.05
7777,7,482,24.05
7777,7,483,25.05
7777,7,484,26.05
7777,7,485,24.05
7777,7,486,26.05
7777,7,487,23.05
7777,7,488,21.05
7777,7,489,18.05
7777,7,490,17.05
7777,7,491,13.05
7777,7,492,17.05
7777,7,493,19.05
7777,7,494,19.05
7777,7,495,18.05
7777,7,496,18.05
7777,7,497,17.05
7777,7,498,20.05
7777,7,499,24.05
7777,7,500,25.05
7777,7,501,25.05
7777,7,502,24.05
7777,7,503,20.05
7777,7,504,20.05
7777,7,505,21.05
7777,7,506,18.05
7777,7,507,17.05
7777,7,508,15.05
7777,7,509,22.05
7777,7,510,18.05
7777,7,511,24.05
