psa,event,x,y,z,pad
max,0,-83.44,-28.3038,322.88,6075
max,0,125.16,24.0532,357.84,840
max,0,46.6282,52.4586,359.68,1874
max,0,76.0776,15.5519,361.52,508
max,0,98.1647,19.8025,365.2,818
max,0,51.5365,9.95207,370.72,488
max,0,-171.788,19.8703,370.72,614
max,0,-215.962,22.8395,372.56,605
max,0,-24.5412,-19.8025,374.4,5837
max,0,-78.5318,-31.2053,374.4,6079
max,0,-166.88,11.369,381.76,321
max,0,-36.8118,-15.5519,383.6,5537
max,0,-240.504,70.8781,400.16,2228
max,0,58.8988,73.7119,409.36,2395
max,0,44.1741,36.8052,420.4,1336
max,0,93.2565,31.2053,431.44,1098
max,0,-2.45413,35.456,431.44,1298
max,0,-2.45412,100.565,433.28,3058
max,0,12.2706,100.565,438.8,3071
max,0,17.1788,100.565,440.64,3074
max,0,-17.1788,86.4639,442.48,2817
max,0,2.4541,52.4586,448,1839
max,0,7.36234,77.9626,451.68,2599
max,0,122.706,45.3065,470.08,1672
max,0,-39.2659,-39.7067,471.92,6388
max,0,-2.45413,52.4586,481.12,1834
max,0,39.2659,-39.7067,501.36,6452
max,0,-100.619,-94.9652,510.56,8099
max,0,73.6235,22.704,516.08,798
max,0,68.7153,-62.3091,519.76,7271
max,0,-71.1694,-109.066,521.6,8346
max,0,-58.8988,-87.813,523.44,7903
max,0,-7.36236,-26.9547,525.28,6136
max,0,-152.155,-138.889,540,9142
max,0,-63.8071,-39.7067,549.2,6369
max,0,-9.81648,-19.8025,554.72,5850
max,0,-171.788,-184.364,556.56,9585
max,0,58.8988,-79.3117,558.4,7760
max,0,-152.155,-121.886,560.24,8744
max,0,46.6282,-60.9599,565.76,7254
max,0,-19.6329,-22.704,567.6,5841
max,0,-132.522,-116.354,567.6,8537
max,0,-53.9906,45.3065,582.32,1528
max,0,78.5318,-82.2132,584.16,7777
max,0,76.0776,-15.5519,609.92,5628
max,0,206.146,-62.3768,609.92,7331
max,0,186.513,-164.393,611.76,9487
max,0,-71.1694,32.5545,617.28,964
max,0,132.522,-116.354,617.28,8702
max,0,-90.8024,41.0558,619.12,1227
max,0,171.788,19.8703,620.96,861
max,0,196.329,-22.8395,620.96,5986
max,0,71.1694,-69.4613,622.8,7526
max,0,196.329,-5.83687,622.8,5404
max,0,250.32,-2.86764,630.16,5415
max,0,161.972,-65.3461,635.68,7322
max,0,120.252,-7.05056,635.68,5367
max,0,171.788,2.86764,637.52,279
max,0,-49.0824,28.3038,639.36,982
max,0,4.90822,-39.7067,639.36,6425
max,0,-73.6235,121.818,639.36,3647
max,0,110.435,-49.5571,646.72,6782
max,0,147.247,11.3012,646.72,566
max,0,7.36235,-100.565,654.08,8186
max,0,98.1647,-19.8025,654.08,5938
max,0,83.44,-28.3038,655.92,6211
max,0,137.431,209.868,657.76,4762
max,0,-98.1647,-19.8025,679.84,5778
max,0,9.81647,164.393,681.68,4331
max,0,34.3576,167.362,681.68,4336
max,0,49.0824,-14.2027,681.68,5607
max,0,-12.2706,-120.469,683.52,8817
max,0,206.146,141.858,683.52,4095
max,0,44.1741,189.897,685.36,4590
max,0,46.6282,-24.0532,685.36,5896
max,0,-100.619,-9.95207,685.36,5485
max,0,98.1647,70.8104,685.36,2428
max,0,24.5412,-87.813,685.36,7970
max,0,58.8988,243.874,687.2,4998
max,0,147.247,130.387,687.2,3987
max,0,103.073,172.894,689.04,4437
max,0,53.9906,138.889,689.04,4064
max,0,-7.36236,-100.565,690.88,8175
max,0,-53.9906,-5.70141,692.72,5226
max,0,-14.7247,-116.218,694.56,8607
max,0,-147.247,28.3716,700.08,907
max,0,95.7106,86.4639,701.92,2908
max,0,-39.2659,53.8078,707.44,1805
max,0,-14.7247,-79.3117,707.44,7701
max,0,49.0823,164.393,709.28,4339
max,0,-44.1741,104.816,712.96,3247
max,0,-171.788,2.86764,714.8,20
max,0,-245.412,-62.3768,716.64,7092
max,0,-58.8988,73.7119,722.16,2299
max,0,-186.513,28.3716,736.88,899
max,0,-7.62939e-06,-87.813,738.72,7951
max,0,88.3483,-14.2027,738.72,5639
max,0,-49.0824,82.2132,740.56,2553
max,0,-56.4447,58.0584,740.56,1790
max,0,-61.3529,103.467,746.08,3233
max,0,-78.5318,-5.70141,771.84,5205
max,0,68.7153,-147.39,797.6,9281
max,0,-61.3529,83.5624,806.8,2542
max,0,-3.8147e-06,-243.874,812.32,10106
max,0,73.6235,-130.32,816,9088
max,0,44.1741,-155.891,817.84,9368
max,0,53.9906,-133.221,828.88,9071
max,0,24.5412,-201.367,834.4,9784
max,0,-29.4494,-141.858,834.4,9167
max,0,-14.7247,-206.899,841.76,9851
max,0,29.4494,-141.858,847.28,9179
max,0,122.706,-189.897,849.12,9726
max,0,-26.9953,-134.57,885.92,9006
max,0,68.7153,53.8078,893.28,1893
max,0,-9.81648,-232.403,896.96,10048
max,0,49.0824,28.3038,904.32,1062
max,0,191.421,-99.3513,920.88,8281
max,0,230.687,-121.886,920.88,8927
max,0,93.2565,-53.8078,924.56,7032
max,0,-53.9906,-133.221,941.12,8983
max,0,137.431,-96.3821,950.32,8270
max,0,-137.431,-96.3821,954,8091
max,0,-112.889,-56.7093,957.68,6865
max,0,-201.238,-150.359,959.52,9226
max,0,17.1788,-60.9599,961.36,7230
max,0,9.81648,-19.8025,965.04,5866
max,0,117.798,53.8078,968.72,1933
max,0,31.9035,-69.4613,970.56,7494
max,0,17.1788,-41.0558,972.4,6435
max,0,-171.788,-116.354,974.24,8529
max,0,-95.7106,94.9652,976.08,2982
max,0,-56.4447,-128.97,979.76,8981
max,0,-112.889,-206.899,981.6,9831
max,0,-152.155,189.897,990.8,4550
max,0,-142.339,82.3487,992.64,2496
max,0,-127.614,130.387,996.32,3832
max,0,-95.7106,86.4639,1003.68,2753
max,0,-147.247,90.85,1005.52,2736
max,0,-29.4494,181.395,1007.36,4494
max,0,-186.513,96.3821,1011.04,2961
max,0,-24.5412,240.904,1012.88,4981
max,0,-41.72,117.568,1014.72,3465
max,0,-22.0871,120.469,1016.56,3689
max,0,-68.7153,-121.818,1016.56,8772
max,0,-211.054,133.357,1018.4,3815
max,0,68.7153,99.2159,1027.6,3117
max,0,-12.2706,-1.45075,1033.12,5259
max,0,-34.3576,167.362,1034.96,4322
max,0,53.9906,73.7119,1034.96,2392
max,1,14.7247,-19.8025,221.68,5869
max,1,17.1788,-18.4534,223.52,5871
max,1,24.5412,-36.8052,227.2,6440
max,1,51.5365,-58.0584,229.04,6998
max,1,14.7247,-14.2027,229.04,5578
max,1,36.8118,-43.9573,243.76,6722
max,1,39.2659,-45.3065,264,6723
max,1,17.1788,-24.0532,267.68,5872
max,1,39.2659,-36.8052,267.68,6453
max,1,39.2659,-39.7067,269.52,6452
max,1,44.1741,-39.7067,269.52,6457
max,1,12.2706,-15.5519,289.76,5577
max,1,41.72,-35.456,289.76,6455
max,1,36.8118,-35.456,289.76,6450
max,1,41.72,-41.0558,289.76,6454
max,1,12.2706,-18.4534,291.6,5868
max,1,34.3577,-45.3065,291.6,6720
max,1,22.0871,-32.5545,291.6,6161
max,1,14.7247,-22.704,291.6,5870
max,1,2.45413,-18.4534,337.6,5860
max,1,2.45413,-32.5545,337.6,6145
max,1,9.81648,-19.8025,339.44,5866
max,1,2.4541,-35.456,368.88,6423
max,1,9.81648,-22.704,390.96,5865
max,1,-17.1788,86.4639,556.56,2817
max,1,51.5365,9.95207,586,488
max,1,122.706,45.3065,595.2,1672
max,1,7.36234,77.9626,595.2,2599
max,1,-2.45413,35.456,595.2,1298
max,1,98.1647,19.8025,598.88,818
max,1,-2.45413,52.4586,598.88,1834
max,1,2.4541,52.4586,602.56,1839
max,1,49.0824,28.3038,606.24,1062
max,1,73.6235,22.704,609.92,798
max,1,17.1788,100.565,611.76,3074
max,1,76.0776,15.5519,613.6,508
max,1,-2.45412,100.565,615.44,3058
max,1,12.2706,100.565,615.44,3071
max,1,125.16,24.0532,624.64,840
max,1,93.2565,31.2053,646.72,1098
max,1,49.0824,82.2132,679.84,2633
max,1,-9.81648,-19.8025,679.84,5850
max,1,53.9906,73.7119,683.52,2392
max,1,68.7153,99.2159,687.2,3117
max,1,-100.619,-94.9652,687.2,8099
max,1,-19.6329,-22.704,687.2,5841
max,1,-39.2659,-39.7067,690.88,6388
max,1,58.8988,-79.3117,694.56,7760
max,1,-58.8988,-87.813,698.24,7903
max,1,-63.8071,-39.7067,698.24,6369
max,1,68.7153,-62.3091,700.08,7271
max,1,-71.1694,-109.066,700.08,8346
max,1,-49.0824,164.393,709.28,4319
max,1,46.6282,-60.9599,709.28,7254
max,1,-49.0824,28.3038,711.12,982
max,1,44.1741,-155.891,714.8,9368
max,1,-7.36236,-26.9547,716.64,6136
max,1,220.871,70.8781,718.48,2463
max,1,-90.8024,41.0558,720.32,1227
max,1,-53.9906,45.3065,722.16,1528
max,1,191.421,-99.3513,733.2,8281
max,1,-26.9953,-134.57,735.04,9006
max,1,68.7153,53.8078,736.88,1893
max,1,-36.8118,-15.5519,736.88,5537
max,1,49.0824,-14.2027,736.88,5607
max,1,-7.36236,-100.565,738.72,8175
max,1,73.6235,-130.32,738.72,9088
max,1,17.1788,-41.0558,738.72,6435
max,1,191.421,104.883,738.72,3381
max,1,-24.5412,-19.8025,740.56,5837
max,1,230.687,-121.886,740.56,8927
max,1,-14.7247,-206.899,742.4,9851
max,1,147.247,90.85,742.4,2925
max,1,93.2565,-53.8078,744.24,7032
max,1,-171.788,-184.364,746.08,9585
max,1,206.146,-62.3768,746.08,7331
max,1,-51.5365,9.95207,746.08,405
max,1,68.7153,-147.39,747.92,9281
max,1,137.431,-96.3821,747.92,8270
max,1,24.5412,-201.367,747.92,9784
max,1,-78.5318,215.4,747.92,4788
max,1,-240.504,70.8781,747.92,2228
max,1,-88.3482,11.3012,749.76,374
max,1,-166.88,11.369,749.76,321
max,1,-152.155,-138.889,751.6,9142
max,1,196.329,-22.8395,751.6,5986
max,1,-132.522,-116.354,753.44,8537
max,1,-83.44,-28.3038,753.44,6075
max,1,117.798,53.8078,753.44,1933
max,1,-171.788,19.8703,753.44,614
max,1,-103.073,28.3038,755.28,939
max,1,-152.155,-121.886,755.28,8744
max,1,29.4494,-141.858,755.28,9179
max,1,7.36235,-100.565,755.28,8186
max,1,31.9035,-69.4613,757.12,7494
max,1,-12.2706,-1.45075,757.12,5259
max,1,58.8988,73.7119,758.96,2395
max,1,-215.962,22.8395,758.96,605
max,1,-41.72,117.568,758.96,3465
max,1,122.706,-189.897,760.8,9726
max,1,44.1741,36.8052,764.48,1336
max,1,-78.5318,-31.2053,764.48,6079
max,1,46.6282,52.4586,766.32,1874
max,1,147.247,11.3012,768.16,566
max,1,171.788,2.86764,770,279
max,1,-29.4494,-141.858,771.84,9167
max,1,53.9906,-133.221,771.84,9071
max,1,-3.8147e-06,-243.874,773.68,10106
max,1,4.90822,-39.7067,775.52,6425
max,1,132.522,-116.354,777.36,8702
max,1,196.329,-5.83687,777.36,5404
max,1,250.32,-2.86764,777.36,5415
max,1,186.513,-164.393,777.36,9487
max,1,78.5318,-82.2132,777.36,7777
max,1,-49.0824,158.861,784.72,4229
max,1,-71.1694,32.5545,786.56,964
max,1,161.972,-65.3461,801.28,7322
max,1,71.1694,-69.4613,803.12,7526
max,1,-14.7247,-116.218,804.96,8607
max,1,-12.2706,-120.469,804.96,8817
max,1,110.435,-49.5571,804.96,6782
max,1,46.6282,-24.0532,808.64,5896
max,1,98.1647,-19.8025,808.64,5938
max,1,-7.62939e-06,-87.813,808.64,7951
max,1,137.431,209.868,810.48,4762
max,1,103.073,172.894,810.48,4437
max,1,-9.81648,-232.403,810.48,10048
max,1,147.247,130.387,810.48,3987
max,1,76.0776,-15.5519,812.32,5628
max,1,120.252,-7.05056,816,5367
max,1,-245.412,-62.3768,819.68,7092
max,1,-14.7247,-79.3117,821.52,7701
max,1,171.788,19.8703,825.2,861
max,1,83.44,-28.3038,828.88,6211
max,1,49.0823,164.393,838.08,4339
max,1,-49.0824,82.2132,841.76,2553
max,1,88.3483,-14.2027,841.76,5639
max,1,58.8988,243.874,843.6,4998
max,1,53.9906,138.889,843.6,4064
max,1,17.1788,-60.9599,847.28,7230
max,1,9.81647,164.393,850.96,4331
max,1,24.5412,-87.813,856.48,7970
max,1,44.1741,189.897,856.48,4590
max,1,34.3576,167.362,858.32,4336
max,1,-186.513,28.3716,858.32,899
max,1,95.7106,86.4639,865.68,2908
max,1,98.1647,70.8104,865.68,2428
max,1,206.146,141.858,865.68,4095
max,1,-147.247,28.3716,874.88,907
max,1,-44.1741,104.816,882.24,3247
max,1,-39.2659,53.8078,885.92,1805
max,1,-58.8988,73.7119,885.92,2299
max,1,-61.3529,83.5624,885.92,2542
max,1,-73.6235,121.818,885.92,3647
max,1,-56.4447,58.0584,889.6,1790
max,1,-98.1647,-19.8025,895.12,5778
max,1,-61.3529,103.467,895.12,3233
max,1,-171.788,2.86764,896.96,20
max,1,-100.619,-9.95207,909.84,5485
max,1,-53.9906,-5.70141,919.04,5226
max,1,-78.5318,-5.70141,961.36,5205
max,1,-95.7106,94.9652,996.32,2982
max,1,-68.7153,-121.818,998.16,8772
max,1,-127.614,130.387,1018.4,3832
max,1,-112.889,-56.7093,1022.08,6865
max,1,-186.513,96.3821,1025.76,2961
max,1,-56.4447,-128.97,1031.28,8981
max,1,-95.7106,86.4639,1034.96,2753
max,2,98.1647,19.8025,311.84,818
max,2,73.6235,-130.32,330.24,9088
max,2,-41.72,117.568,332.08,3465
max,2,-2.45412,100.565,333.92,3058
max,2,220.871,70.8781,333.92,2463
max,2,-78.5318,215.4,341.28,4788
max,2,53.9906,-133.221,343.12,9071
max,2,-171.788,-184.364,346.8,9585
max,2,-240.504,70.8781,348.64,2228
max,2,125.16,24.0532,354.16,840
max,2,-132.522,-116.354,354.16,8537
max,2,44.1741,-155.891,356,9368
max,2,53.9906,73.7119,357.84,2392
max,2,76.0776,15.5519,357.84,508
max,2,17.1788,-41.0558,359.68,6435
max,2,31.9035,-69.4613,359.68,7494
max,2,-152.155,-138.889,361.52,9142
max,2,51.5365,9.95207,361.52,488
max,2,-7.36236,-100.565,361.52,8175
max,2,-12.2706,-120.469,363.36,8817
max,2,-14.7247,-206.899,365.2,9851
max,2,-103.073,28.3038,367.04,939
max,2,-51.5365,9.95207,367.04,405
max,2,-215.962,22.8395,367.04,605
max,2,230.687,-121.886,367.04,8927
max,2,-83.44,-28.3038,370.72,6075
max,2,-14.7247,-79.3117,370.72,7701
max,2,58.8988,73.7119,370.72,2395
max,2,49.0824,82.2132,370.72,2633
max,2,191.421,-99.3513,370.72,8281
max,2,-12.2706,-1.45075,370.72,5259
max,2,137.431,-96.3821,370.72,8270
max,2,9.81648,-19.8025,372.56,5866
max,2,-78.5318,-31.2053,372.56,6079
max,2,191.421,104.883,372.56,3381
max,2,117.798,53.8078,372.56,1933
max,2,-88.3482,11.3012,372.56,374
max,2,122.706,-189.897,372.56,9726
max,2,-2.45413,52.4586,372.56,1834
max,2,-49.0824,164.393,372.56,4319
max,2,-26.9953,-134.57,372.56,9006
max,2,-29.4494,-141.858,372.56,9167
max,2,68.7153,99.2159,374.4,3117
max,2,68.7153,-147.39,374.4,9281
max,2,29.4494,-141.858,374.4,9179
max,2,2.4541,52.4586,374.4,1839
max,2,12.2706,100.565,374.4,3071
max,2,-166.88,11.369,376.24,321
max,2,93.2565,-53.8078,376.24,7032
max,2,49.0824,28.3038,376.24,1062
max,2,7.36234,77.9626,378.08,2599
max,2,-24.5412,-19.8025,379.92,5837
max,2,-3.8147e-06,-243.874,381.76,10106
max,2,-49.0824,158.861,385.44,4229
max,2,-152.155,-121.886,385.44,8744
max,2,-14.7247,-116.218,387.28,8607
max,2,-171.788,19.8703,389.12,614
max,2,-36.8118,-15.5519,394.64,5537
max,2,122.706,45.3065,396.48,1672
max,2,73.6235,22.704,396.48,798
max,2,93.2565,31.2053,402,1098
max,2,24.5412,-201.367,403.84,9784
max,2,17.1788,100.565,411.2,3074
max,2,-17.1788,86.4639,411.2,2817
max,2,-2.45413,35.456,414.88,1298
max,2,68.7153,53.8078,416.72,1893
max,2,44.1741,36.8052,416.72,1336
max,2,-9.81648,-232.403,435.12,10048
max,2,-100.619,-94.9652,479.28,8099
max,2,58.8988,-79.3117,490.32,7760
max,2,-71.1694,-109.066,492.16,8346
max,2,68.7153,-62.3091,494,7271
max,2,-7.36236,-26.9547,494,6136
max,2,-9.81648,-19.8025,495.84,5850
max,2,-63.8071,-39.7067,503.2,6369
max,2,46.6282,-24.0532,521.6,5896
max,2,196.329,-22.8395,527.12,5986
max,2,4.90822,-39.7067,528.96,6425
max,2,-39.2659,-39.7067,530.8,6388
max,2,171.788,2.86764,534.48,279
max,2,7.36235,-100.565,536.32,8186
max,2,39.2659,-39.7067,540,6452
max,2,147.247,11.3012,541.84,566
max,2,196.329,-5.83687,543.68,5404
max,2,206.146,-62.3768,549.2,7331
max,2,186.513,-164.393,551.04,9487
max,2,46.6282,-60.9599,563.92,7254
max,2,83.44,-28.3038,563.92,6211
max,2,250.32,-2.86764,567.6,5415
max,2,132.522,-116.354,569.44,8702
max,2,44.1741,189.897,571.28,4590
max,2,71.1694,-69.4613,574.96,7526
max,2,76.0776,-15.5519,580.48,5628
max,2,24.5412,-87.813,586,7970
max,2,171.788,19.8703,587.84,861
max,2,88.3483,-14.2027,587.84,5639
max,2,-53.9906,-5.70141,587.84,5226
max,2,98.1647,-19.8025,595.2,5938
max,2,-19.6329,-22.704,600.72,5841
max,2,53.9906,138.889,600.72,4064
max,2,49.0824,-14.2027,602.56,5607
max,2,-7.62939e-06,-87.813,606.24,7951
max,2,161.972,-65.3461,609.92,7322
max,2,49.0823,164.393,622.8,4339
max,2,34.3576,167.362,622.8,4336
max,2,206.146,141.858,624.64,4095
max,2,110.435,-49.5571,633.84,6782
max,2,9.81647,164.393,635.68,4331
max,2,78.5318,-82.2132,641.2,7777
max,2,58.8988,243.874,643.04,4998
max,2,-147.247,28.3716,644.88,907
max,2,103.073,172.894,646.72,4437
max,2,147.247,130.387,648.56,3987
max,2,-98.1647,-19.8025,650.4,5778
max,2,-171.788,2.86764,650.4,20
max,2,137.431,209.868,650.4,4762
max,2,-186.513,28.3716,652.24,899
max,2,-245.412,-62.3768,654.08,7092
max,2,120.252,-7.05056,674.32,5367
max,2,-56.4447,58.0584,674.32,1790
max,2,-78.5318,-5.70141,676.16,5205
max,2,-73.6235,121.818,711.12,3647
max,2,-61.3529,103.467,714.8,3233
max,2,-44.1741,104.816,714.8,3247
max,2,-49.0824,82.2132,716.64,2553
max,2,-100.619,-9.95207,724,5485
max,2,-39.2659,22.704,753.44,705
max,2,-41.72,24.0532,755.28,704
max,2,-68.7153,31.2053,760.8,967
max,2,-66.2612,35.456,760.8,1247
max,2,-26.9953,9.95207,760.8,424
max,2,-71.1694,26.9547,760.8,965
max,2,-68.7153,36.8052,760.8,1245
max,2,-73.6235,22.704,760.8,678
max,2,-24.5412,19.8025,760.8,717
max,2,-71.1694,32.5545,760.8,964
max,2,-29.4494,19.8025,762.64,714
max,2,-36.8118,24.0532,762.64,707
max,2,-44.1741,22.704,766.32,702
max,2,-49.0824,22.704,766.32,697
max,2,83.44,107.717,766.32,3352
max,2,85.8941,109.066,766.32,3354
max,2,-90.8024,35.456,771.84,1226
max,2,83.44,104.816,773.68,3351
max,2,-95.7106,32.5545,773.68,945
max,2,-24.5412,22.704,775.52,718
max,2,-22.0871,15.5519,775.52,428
max,2,-29.4494,22.704,775.52,713
max,2,88.3482,107.717,775.52,3355
max,2,-34.3577,22.704,777.36,710
max,2,-31.9035,24.0532,777.36,712
max,2,-19.6329,14.2027,777.36,431
max,2,-88.3483,39.7067,777.36,1228
max,2,-58.8988,22.704,779.2,689
max,2,-90.8024,41.0558,779.2,1227
max,2,-90.8024,32.5545,779.2,948
max,2,-93.2565,31.2053,779.2,946
max,2,-46.6282,15.5519,779.2,409
max,2,-41.72,26.9547,779.2,989
max,2,-46.6282,24.0532,781.04,699
max,2,-44.1741,14.2027,781.04,410
max,2,-88.3483,36.8052,784.72,1229
max,2,88.3482,104.816,784.72,3356
max,2,-85.8941,41.0558,784.72,1230
max,2,-39.2659,14.2027,786.56,415
max,2,85.8941,103.467,786.56,3353
max,2,-127.614,45.3065,792.08,1467
max,2,-39.2659,28.3038,795.76,990
max,2,-125.16,52.4586,795.76,1735
max,2,-127.614,48.208,795.76,1468
max,2,90.8023,103.467,799.44,3358
max,2,-31.9035,18.4534,801.28,711
max,2,-73.6235,39.7067,801.28,1241
max,2,-22.0871,24.0532,803.12,720
max,2,-26.9953,24.0532,803.12,715
max,2,85.8941,100.565,803.12,3130
max,2,-29.4494,11.3012,803.12,422
max,2,-53.9906,45.3065,803.12,1528
max,2,-31.9035,15.5519,803.12,420
max,2,-112.889,36.8052,804.96,1208
max,2,-76.0777,41.0558,806.8,1238
max,2,-36.8118,26.9547,806.8,992
max,2,-53.9906,-133.221,806.8,8983
max,2,-90.8024,43.9573,806.8,1498
max,2,-122.706,48.208,808.64,1471
max,2,-130.068,43.9573,810.48,1466
max,2,-78.5318,39.7067,812.32,1236
max,2,90.8023,100.565,812.32,3135
max,2,-125.16,49.5571,814.16,1470
max,2,88.3482,99.2159,814.16,3133
max,2,-49.0824,31.2053,821.52,983
max,2,93.2565,53.8078,823.36,1912
max,2,-122.706,53.8078,825.2,1736
max,2,-39.2659,31.2053,825.2,991
max,2,-41.72,15.5519,827.04,412
max,2,-53.9906,31.2053,828.88,978
max,2,88.3482,96.3143,828.88,3132
max,2,-44.1741,28.3038,828.88,987
max,2,-125.16,43.9573,830.72,1469
max,2,-51.5365,32.5545,832.56,980
max,2,-71.1694,41.0558,834.4,1243
max,2,-41.72,32.5545,834.4,988
max,2,-78.5318,36.8052,838.08,1237
max,2,-68.7153,-104.816,841.76,8348
max,2,-56.4447,-128.97,841.76,8981
max,2,-117.798,45.3065,843.6,1475
max,2,-44.1741,31.2053,843.6,986
max,2,-53.9906,39.7067,843.6,1257
max,2,-56.4447,35.456,845.44,1255
max,2,90.8023,94.9652,845.44,3134
max,2,93.2565,96.3143,845.44,3137
max,2,-51.5365,41.0558,850.96,1259
max,2,-56.4447,41.0558,854.64,1254
max,2,-115.344,49.5571,858.32,1478
max,2,-120.252,41.0558,858.32,1203
max,2,-53.9906,36.8052,858.32,1256
max,2,90.8023,92.0637,860.16,2904
max,2,-80.9859,35.456,860.16,1234
max,2,-112.889,39.7067,860.16,1209
max,2,-49.0823,36.8052,862,1261
max,2,-63.8071,36.8052,862,1248
max,2,-61.353,35.456,862,1250
max,2,-110.435,41.0558,862,1211
max,2,-51.5365,35.456,863.84,1258
max,2,-46.6282,35.456,863.84,1263
max,2,-117.798,39.7067,863.84,1204
max,2,-115.344,43.9573,863.84,1477
max,2,-110.435,49.5571,865.68,1481
max,2,-58.8988,39.7067,865.68,1252
max,2,-58.8988,36.8052,865.68,1253
max,2,-49.0823,39.7067,869.36,1260
max,2,-46.6282,41.0558,869.36,1262
max,2,-44.1741,39.7067,869.36,1265
max,2,-115.344,41.0558,869.36,1206
max,2,-36.8118,32.5545,869.36,993
max,2,-112.889,48.208,871.2,1479
max,2,-120.252,43.9573,871.2,1474
max,2,93.2565,90.7145,871.2,2907
max,2,-46.6282,32.5545,873.04,985
max,2,-68.7153,-121.818,874.88,8772
max,2,-41.72,35.456,874.88,1266
max,2,-112.889,-206.899,878.56,9831
max,2,-36.8118,35.456,884.08,1271
max,2,-39.2659,36.8052,884.08,1269
max,2,-117.798,48.208,884.08,1476
max,2,93.2565,87.813,884.08,2906
max,2,-34.3577,31.2053,889.6,994
max,2,-201.238,-150.359,889.6,9226
max,2,-73.6235,70.8104,889.6,2287
max,2,-93.2565,121.886,889.6,3636
max,2,90.8023,86.4639,891.44,2905
max,2,-98.1647,124.855,891.44,3635
max,2,-93.2565,99.2159,891.44,2984
max,2,-171.788,-116.354,895.12,8529
max,2,-80.9859,109.066,896.96,3218
max,2,-80.9859,103.467,898.8,3217
max,2,95.7106,86.4639,902.48,2908
max,2,-53.9906,65.2106,902.48,2051
max,2,-85.8941,103.467,902.48,3214
max,2,-88.3482,104.816,902.48,3212
max,2,-88.3482,99.2159,904.32,2989
max,2,-56.4447,52.4586,906.16,1791
max,2,90.8023,83.5624,906.16,2667
max,2,-137.431,-96.3821,906.16,8091
max,2,-93.2565,107.717,908,3208
max,2,-90.8024,111.968,909.84,3426
max,2,-78.5318,104.816,909.84,3220
max,2,93.2565,82.2132,909.84,2668
max,2,95.7106,83.5624,909.84,2670
max,2,-63.8071,65.2106,913.52,2043
max,2,-112.889,-56.7093,913.52,6865
max,2,-44.1741,53.8078,913.52,1800
max,2,-58.8988,56.7093,915.36,1788
max,2,-68.7153,70.8104,915.36,2292
max,2,-142.339,82.3487,915.36,2496
max,2,-56.4447,69.4613,917.2,2302
max,2,-49.0823,62.3091,919.04,2055
max,2,-88.3482,113.317,919.04,3427
max,2,-71.1694,75.0611,919.04,2290
max,2,-29.4494,31.2053,919.04,999
max,2,-78.5318,79.3117,919.04,2528
max,2,-83.44,104.816,919.04,3215
max,2,-39.2659,39.7067,920.88,1268
max,2,-34.3576,36.8052,922.72,1272
max,2,-85.8941,117.568,922.72,3430
max,2,-46.6282,58.0584,924.56,1798
max,2,-58.8988,65.2106,926.4,2048
max,2,-93.2565,116.354,926.4,3425
max,2,-36.8118,41.0558,928.24,1270
max,2,-211.054,133.357,928.24,3815
max,2,-22.0871,120.469,928.24,3689
max,2,93.2565,79.3117,930.08,2669
max,2,-88.3482,116.218,930.08,3428
max,2,-63.8071,70.8104,931.92,2295
max,2,-147.247,90.85,931.92,2736
max,2,-39.2659,45.3065,935.6,1539
max,2,-186.513,96.3821,935.6,2961
max,2,-34.3576,39.7067,937.44,1273
max,2,98.1647,79.3117,937.44,2672
max,2,-51.5365,60.9599,939.28,2054
max,2,-85.8941,111.968,939.28,3429
max,2,-152.155,189.897,939.28,4550
max,2,95.7106,77.9626,941.12,2671
max,2,90.8023,77.9626,942.96,2666
max,2,-41.72,49.5571,944.8,1537
max,2,-95.7106,94.9652,944.8,2982
max,2,-29.4494,181.395,944.8,4494
max,2,-39.2659,53.8078,944.8,1805
max,2,-90.8024,109.066,948.48,3210
max,2,-83.44,113.317,948.48,3432
max,2,-34.3576,167.362,948.48,4322
max,2,-44.1741,36.8052,950.32,1264
max,2,-31.9035,32.5545,950.32,996
max,2,-41.72,43.9573,955.84,1538
max,2,90.8023,75.0611,955.84,2421
max,2,95.7106,75.0611,957.68,2426
max,2,-26.9953,26.9547,959.52,1000
max,2,-41.72,41.0558,959.52,1267
max,2,-78.5318,87.813,959.52,2767
max,2,93.2565,73.7119,961.36,2424
max,2,-24.5412,240.904,961.36,4981
max,2,-31.9035,35.456,961.36,1274
max,2,98.1647,73.7119,963.2,2427
max,2,-58.8988,-87.813,965.04,7903
max,2,-44.1741,45.3065,966.88,1536
max,2,-73.6235,82.2132,966.88,2532
max,2,-49.0824,70.8104,966.88,2308
max,2,-76.0776,86.4639,966.88,2769
max,2,-68.7153,90.7145,966.88,2774
max,2,-56.4447,66.5598,966.88,2050
max,2,-127.614,130.387,968.72,3832
max,2,-31.9035,41.0558,972.4,1275
max,2,-66.2612,86.4639,972.4,2777
max,2,-61.3529,75.0611,974.24,2298
max,2,-36.8118,49.5571,976.08,1542
max,2,-39.2659,56.7093,976.08,1804
max,2,-36.8118,43.9573,977.92,1541
max,2,-61.3529,60.9599,977.92,2046
max,2,-34.3576,45.3065,979.76,1544
max,2,98.1647,70.8104,981.6,2428
max,2,-46.6282,66.5598,981.6,2058
max,2,-24.5412,31.2053,981.6,1002
max,2,-76.0776,83.5624,981.6,2531
max,2,93.2565,70.8104,983.44,2423
max,2,-68.7153,87.813,983.44,2775
max,2,-73.6235,87.813,983.44,2770
max,2,90.8023,69.4613,983.44,2422
max,2,95.7106,69.4613,985.28,2425
max,2,-95.7106,86.4639,985.28,2753
max,2,-49.0823,65.2106,987.12,2056
max,2,-63.8071,79.3117,987.12,2541
max,2,-71.1694,86.4639,988.96,2772
max,2,-31.9035,43.9573,990.8,1546
max,2,-29.4494,36.8052,994.48,1277
max,2,-22.0871,26.9547,998.16,1005
max,2,-58.8988,73.7119,998.16,2299
max,2,-71.1694,83.5624,998.16,2534
max,2,90.8024,66.5598,1000,2170
max,2,95.7106,66.5598,1007.36,2173
max,2,-58.8988,70.8104,1009.2,2300
max,2,93.2565,65.2106,1009.2,2171
max,2,98.1647,65.2106,1011.04,2176
max,2,-29.4494,39.7067,1011.04,1276
max,2,-66.2612,77.9626,1011.04,2538
max,2,-39.2659,48.208,1012.88,1540
max,2,-26.9953,32.5545,1012.88,1001
max,2,-26.9953,35.456,1014.72,1279
max,2,-66.2612,83.5624,1020.24,2539
max,2,-17.1788,24.0532,1020.24,723
max,2,-63.8071,82.2132,1020.24,2540
max,2,98.1647,62.3091,1020.24,2175
max,2,-46.6282,52.4586,1020.24,1799
max,2,-29.4494,45.3065,1020.24,1547
max,2,-68.7153,73.7119,1020.24,2291
max,2,93.2565,62.3091,1020.24,2172
max,2,-63.8071,73.7119,1022.08,2296
max,2,-71.1694,92.0637,1022.08,2773
max,2,-44.1741,62.3091,1022.08,2060
max,2,-41.72,58.0584,1022.08,1803
max,2,-68.7153,79.3117,1022.08,2536
max,2,-49.0823,56.7093,1023.92,1796
max,2,-36.8118,52.4586,1023.92,1807
max,2,17.1788,-60.9599,1023.92,7230
max,2,-76.0777,92.0637,1027.6,2768
max,2,-44.1741,56.7093,1027.6,1801
max,2,-34.3576,48.208,1027.6,1543
max,2,-63.8071,107.717,1029.44,3232
max,2,-51.5365,66.5598,1029.44,2053
max,2,95.7106,60.9599,1031.28,2174
max,2,90.8023,60.9599,1033.12,2169
max,2,-22.0871,32.5545,1033.12,1004
max,2,-22.0871,35.456,1034.96,1282
max,2,-53.9906,87.813,1034.96,2786
max,2,90.8023,58.0584,1034.96,1910
max,2,-24.5412,28.3038,1034.96,1003
max,2,-44.1741,65.2106,1034.96,2059
max,2,-22.0871,49.5571,1034.96,1553
max,2,-24.5412,48.208,1034.96,1551
max,2,-26.9953,49.5571,1034.96,1550
max,2,-34.3576,53.8078,1034.96,1808
max,2,-73.6235,79.3117,1034.96,2533
max,2,90.8024,52.4586,1034.96,1911
max,2,93.2565,56.7093,1034.96,1913
max,2,-26.9953,52.4586,1034.96,1815
max,2,-71.1694,77.9626,1034.96,2535
max,2,-49.0824,90.7145,1034.96,2790
max,2,93.2565,48.208,1034.96,1647
max,2,-58.8988,82.2132,1034.96,2545
max,2,95.7106,58.0584,1034.96,1915
max,2,90.8024,49.5571,1034.96,1646
max,2,93.2565,45.3065,1034.96,1648
max,2,-24.5412,39.7067,1034.96,1281
max,2,-19.6329,28.3038,1034.96,1006
max,2,-22.0871,43.9573,1034.96,1554
max,2,90.8023,43.9573,1034.96,1645
max,2,-22.0871,41.0558,1034.96,1283
max,2,-46.6282,69.4613,1034.96,2310
max,2,-24.5412,45.3065,1034.96,1552
max,2,88.3482,48.208,1034.96,1644
max,2,-61.3529,109.066,1034.96,3234
max,2,-61.3529,83.5624,1034.96,2542
max,2,88.3482,45.3065,1034.96,1643
max,2,-41.72,52.4586,1034.96,1802
max,2,-26.9953,43.9573,1034.96,1549
max,2,-31.9035,49.5571,1034.96,1545
max,2,-51.5365,75.0611,1034.96,2306
max,2,-24.5412,36.8052,1034.96,1280
max,2,-26.9953,41.0558,1034.96,1278
max,2,-39.2659,70.8104,1034.96,2316
max,2,-22.0871,60.9599,1034.96,2078
max,2,-73.6235,99.2159,1034.96,3000
max,2,-14.7247,22.704,1034.96,726
max,2,-29.4494,48.208,1034.96,1548
max,2,-68.7153,82.2132,1034.96,2537
max,3,-112.889,-56.7093,311.84,6865
max,3,-68.7153,-121.818,319.2,8772
max,3,-201.238,-150.359,321.04,9226
max,3,-171.788,-116.354,335.76,8529
max,3,-24.5412,240.904,343.12,4981
max,3,-112.889,-206.899,343.12,9831
max,3,-53.9906,-133.221,343.12,8983
max,3,-56.4447,-128.97,344.96,8981
max,3,-137.431,-96.3821,348.64,8091
max,3,-95.7106,86.4639,363.36,2753
max,3,-211.054,133.357,370.72,3815
max,3,-127.614,130.387,385.44,3832
max,3,-186.513,96.3821,385.44,2961
max,3,-152.155,189.897,387.28,4550
max,3,-34.3576,167.362,390.96,4322
max,3,-29.4494,181.395,392.8,4494
max,3,-147.247,90.85,396.48,2736
max,3,-95.7106,94.9652,396.48,2982
max,3,-22.0871,120.469,402,3689
max,3,-142.339,82.3487,418.56,2496
max,3,-2.45413,35.456,700.08,1298
max,3,-2.45413,52.4586,701.92,1834
max,3,-17.1788,86.4639,707.44,2817
max,3,7.36234,77.9626,725.84,2599
max,3,12.2706,100.565,738.72,3071
max,3,122.706,45.3065,742.4,1672
max,3,125.16,24.0532,744.24,840
max,3,17.1788,100.565,749.76,3074
max,3,49.0824,28.3038,753.44,1062
max,3,-2.45412,100.565,758.96,3058
max,3,2.4541,52.4586,758.96,1839
max,3,76.0776,15.5519,766.32,508
max,3,56.4447,15.5519,768.16,492
max,3,88.3483,22.704,768.16,809
max,3,90.8024,26.9547,768.16,1096
max,3,51.5365,7.05056,768.16,191
max,3,49.0824,11.3012,768.16,486
max,3,95.7106,18.4534,768.16,815
max,3,51.5365,15.5519,768.16,489
max,3,53.9906,5.70141,768.16,194
max,3,53.9906,14.2027,768.16,490
max,3,56.4447,7.05056,768.16,196
max,3,53.9906,11.3012,768.16,491
max,3,56.4447,9.95207,768.16,493
max,3,58.8988,11.3012,768.16,494
max,3,61.3529,15.5519,768.16,497
max,3,22.0871,7.05056,768.16,167
max,3,63.8071,19.8025,768.16,789
max,3,58.8988,14.2027,768.16,495
max,3,78.5318,11.3012,768.16,510
max,3,26.9953,18.4534,768.16,759
max,3,78.5318,14.2027,768.16,511
max,3,98.1647,19.8025,768.16,818
max,3,95.7106,32.5545,768.16,1100
max,3,93.2565,31.2053,768.16,1098
max,3,63.8071,22.704,770,790
max,3,36.8118,9.95207,770,477
max,3,31.9035,7.05056,770,175
max,3,29.4494,-5.70141,770,5293
max,3,49.0824,14.2027,770,487
max,3,41.72,9.95207,770,480
max,3,39.2659,11.3012,770,478
max,3,49.0824,2.7999,770,190
max,3,68.7153,11.3012,770,502
max,3,26.9953,7.05056,770,172
max,3,58.8988,22.704,770,785
max,3,39.2659,-2.7999,770,5302
max,3,63.8071,28.3038,770,1075
max,3,61.3529,26.9547,770,1072
max,3,51.5365,18.4534,770,780
max,3,58.8988,28.3038,770,1070
max,3,61.3529,24.0532,770,787
max,3,61.3529,18.4534,770,788
max,3,58.8988,19.8025,770,786
max,3,56.4447,18.4534,770,783
max,3,53.9906,19.8025,770,781
max,3,56.4447,26.9547,770,1069
max,3,56.4447,24.0532,770,784
max,3,53.9906,22.704,770,782
max,3,39.2659,2.7999,770,182
max,3,49.0824,5.70141,770,189
max,3,34.3577,-2.7999,770,5297
max,3,46.6282,1.45075,770,187
max,3,41.72,1.45075,770,184
max,3,44.1741,11.3012,770,483
max,3,44.1741,5.70141,770,186
max,3,46.6282,9.95207,770,485
max,3,41.72,-1.45075,770,5304
max,3,36.8118,7.05056,770,180
max,3,85.8941,24.0532,770,808
max,3,36.8118,1.45075,770,179
max,3,34.3577,2.7999,770,177
max,3,39.2659,-11.3012,770,5598
max,3,31.9035,1.45075,770,176
max,3,36.8118,-1.45075,770,5299
max,3,85.8941,18.4534,770,807
max,3,44.1741,2.7999,770,185
max,3,51.5365,9.95207,770,488
max,3,78.5318,19.8025,770,802
max,3,46.6282,7.05056,770,188
max,3,76.0776,24.0532,770,800
max,3,34.3577,5.70141,770,178
max,3,39.2659,5.70141,770,181
max,3,41.72,7.05056,770,183
max,3,24.5412,-2.7999,771.84,5289
max,3,44.1741,14.2027,771.84,482
max,3,24.5412,5.70141,771.84,170
max,3,31.9035,-1.45075,771.84,5296
max,3,26.9953,1.45075,771.84,171
max,3,46.6282,15.5519,771.84,484
max,3,29.4494,-2.7999,771.84,5294
max,3,26.9953,-1.45075,771.84,5291
max,3,29.4494,2.7999,771.84,174
max,3,71.1694,9.95207,771.84,504
max,3,24.5412,-5.70141,771.84,5290
max,3,22.0871,1.45075,771.84,168
max,3,24.5412,2.7999,771.84,169
max,3,29.4494,5.70141,771.84,173
max,3,22.0871,-1.45075,771.84,5288
max,3,49.0824,19.8025,773.68,778
max,3,58.8988,-79.3117,775.52,7760
max,3,-19.6329,-22.704,850.96,5841
max,3,-39.2659,-39.7067,852.8,6388
max,3,-100.619,-94.9652,856.48,8099
max,3,46.6282,-60.9599,862,7254
max,3,68.7153,-62.3091,869.36,7271
max,3,-63.8071,-39.7067,876.72,6369
max,3,-7.36236,-26.9547,891.44,6136
max,3,206.146,-62.3768,893.28,7331
max,3,-58.8988,-87.813,893.28,7903
max,3,-71.1694,-109.066,895.12,8346
max,3,-9.81648,-19.8025,895.12,5850
max,3,39.2659,-39.7067,900.64,6452
max,3,73.6235,22.704,915.36,798
max,3,120.252,-7.05056,920.88,5367
max,3,230.687,-121.886,924.56,8927
max,3,186.513,-164.393,928.24,9487
max,3,196.329,-5.83687,930.08,5404
max,3,250.32,-2.86764,930.08,5415
max,3,171.788,2.86764,931.92,279
max,3,-56.4447,58.0584,937.44,1790
max,3,-78.5318,-31.2053,937.44,6079
max,3,147.247,11.3012,939.28,566
max,3,132.522,-116.354,939.28,8702
max,3,-240.504,70.8781,941.12,2228
max,3,78.5318,-82.2132,941.12,7777
max,3,76.0776,-15.5519,941.12,5628
max,3,88.3483,-14.2027,942.96,5639
max,3,-103.073,28.3038,944.8,939
max,3,196.329,-22.8395,946.64,5986
max,3,4.90822,-39.7067,950.32,6425
max,3,68.7153,99.2159,952.16,3117
max,3,-132.522,-116.354,954,8537
max,3,-49.0824,28.3038,955.84,982
max,3,44.1741,-155.891,955.84,9368
max,3,-171.788,-184.364,955.84,9585
max,3,-90.8024,41.0558,957.68,1227
max,3,171.788,19.8703,957.68,861
max,3,29.4494,-141.858,957.68,9179
max,3,-245.412,-62.3768,957.68,7092
max,3,-3.8147e-06,-243.874,961.36,10106
max,3,-71.1694,32.5545,961.36,964
max,3,46.6282,52.4586,963.2,1874
max,3,110.435,-49.5571,963.2,6782
max,3,49.0824,-14.2027,963.2,5607
max,3,-14.7247,-79.3117,965.04,7701
max,3,17.1788,-60.9599,966.88,7230
max,3,-49.0824,164.393,966.88,4319
max,3,-41.72,117.568,966.88,3465
max,3,-7.36236,-100.565,968.72,8175
max,3,-215.962,22.8395,968.72,605
max,3,24.5412,-201.367,968.72,9784
max,3,-78.5318,215.4,972.4,4788
max,3,-12.2706,-120.469,972.4,8817
max,3,-14.7247,-116.218,972.4,8607
max,3,53.9906,73.7119,972.4,2392
max,3,-53.9906,45.3065,972.4,1528
max,3,31.9035,-69.4613,972.4,7494
max,3,-166.88,11.369,972.4,321
max,3,-171.788,19.8703,972.4,614
max,3,-9.81648,-232.403,974.24,10048
max,3,58.8988,73.7119,974.24,2395
max,3,-36.8118,-15.5519,974.24,5537
max,3,-14.7247,-206.899,974.24,9851
max,3,137.431,-96.3821,974.24,8270
max,3,73.6235,-130.32,974.24,9088
max,3,-29.4494,-141.858,974.24,9167
max,3,-152.155,-138.889,974.24,9142
max,3,-12.2706,-1.45075,974.24,5259
max,3,220.871,70.8781,974.24,2463
max,3,9.81648,-19.8025,974.24,5866
max,3,103.073,172.894,974.24,4437
max,3,-152.155,-121.886,976.08,8744
max,3,-26.9953,-134.57,976.08,9006
max,3,53.9906,-133.221,976.08,9071
max,3,147.247,130.387,976.08,3987
max,3,-39.2659,53.8078,976.08,1805
max,3,161.972,-65.3461,977.92,7322
max,3,17.1788,-41.0558,977.92,6435
max,3,49.0824,82.2132,979.76,2633
max,3,-51.5365,9.95207,979.76,405
max,3,117.798,53.8078,983.44,1933
max,3,44.1741,36.8052,985.28,1336
max,3,58.8988,243.874,987.12,4998
max,3,46.6282,-24.0532,987.12,5896
max,3,-100.619,-9.95207,988.96,5485
max,3,-24.5412,-19.8025,988.96,5837
max,3,34.3576,167.362,990.8,4336
max,3,-88.3482,11.3012,992.64,374
max,3,-49.0824,158.861,992.64,4229
max,3,191.421,-99.3513,994.48,8281
max,3,53.9906,138.889,1000,4064
max,3,9.81647,164.393,1001.84,4331
max,3,98.1647,70.8104,1003.68,2428
max,3,137.431,209.868,1003.68,4762
max,3,83.44,-28.3038,1003.68,6211
max,3,49.0823,164.393,1005.52,4339
max,3,122.706,-189.897,1005.52,9726
max,3,68.7153,-147.39,1005.52,9281
max,3,-53.9906,-5.70141,1005.52,5226
max,3,7.36235,-100.565,1007.36,8186
max,3,147.247,90.85,1009.2,2925
max,3,-78.5318,-5.70141,1011.04,5205
max,3,95.7106,86.4639,1011.04,2908
max,3,-58.8988,73.7119,1012.88,2299
max,3,24.5412,-87.813,1012.88,7970
max,3,-83.44,-28.3038,1014.72,6075
max,3,206.146,141.858,1016.56,4095
max,3,93.2565,-53.8078,1016.56,7032
max,3,-61.3529,103.467,1018.4,3233
max,3,44.1741,189.897,1018.4,4590
max,3,-44.1741,104.816,1020.24,3247
max,3,-7.62939e-06,-87.813,1020.24,7951
max,3,-73.6235,121.818,1020.24,3647
max,3,68.7153,53.8078,1022.08,1893
max,3,191.421,104.883,1025.76,3381
max,3,-61.3529,83.5624,1029.44,2542
max,3,-98.1647,-19.8025,1029.44,5778
max,3,-49.0824,82.2132,1031.28,2553
max,3,-186.513,28.3716,1033.12,899
max,3,-147.247,28.3716,1033.12,907
max,3,-171.788,2.86764,1033.12,20
max,3,71.1694,-69.4613,1034.96,7526
max,3,98.1647,-19.8025,1034.96,5938
max,4,19.6329,11.3012,153.6,462
max,4,22.0871,9.95207,155.44,464
max,4,14.7247,5.70141,155.44,162
max,4,63.8071,31.2053,162.8,1074
max,4,66.2612,24.0532,162.8,792
max,4,19.6329,19.8025,162.8,754
max,4,22.0871,18.4534,162.8,756
max,4,19.6329,14.2027,164.64,463
max,4,29.4494,22.704,164.64,761
max,4,22.0871,15.5519,164.64,465
max,4,31.9035,24.0532,184.88,763
max,4,24.5412,19.8025,184.88,757
max,4,73.6235,36.8052,184.88,1360
max,4,66.2612,26.9547,186.72,1077
max,4,63.8071,22.704,186.72,790
max,4,76.0776,32.5545,192.24,1084
max,4,24.5412,11.3012,192.24,467
max,4,68.7153,22.704,192.24,793
max,4,36.8118,24.0532,197.76,768
max,4,17.1788,15.5519,225.36,460
max,4,24.5412,22.704,247.44,758
max,4,34.3577,22.704,247.44,766
max,4,68.7153,31.2053,264,1079
max,4,17.1788,7.05056,264,164
max,4,-152.155,-138.889,280.56,9142
max,4,-14.7247,-79.3117,291.6,7701
max,4,93.2565,-53.8078,293.44,7032
max,4,71.1694,24.0532,308.16,795
max,4,39.2659,22.704,308.16,769
max,4,22.0871,7.05056,308.16,167
max,4,71.1694,32.5545,310,1081
max,4,-49.0824,164.393,311.84,4319
max,4,29.4494,-141.858,311.84,9179
max,4,73.6235,-130.32,311.84,9088
max,4,17.1788,-60.9599,311.84,7230
max,4,-152.155,-121.886,315.52,8744
max,4,68.7153,-147.39,315.52,9281
max,4,-12.2706,-1.45075,317.36,5259
max,4,19.6329,5.70141,319.2,165
max,4,-36.8118,-15.5519,319.2,5537
max,4,-7.36236,-100.565,322.88,8175
max,4,-12.2706,-120.469,324.72,8817
max,4,68.7153,99.2159,326.56,3117
max,4,-88.3482,11.3012,328.4,374
max,4,-171.788,19.8703,328.4,614
max,4,-215.962,22.8395,330.24,605
max,4,53.9906,73.7119,330.24,2392
max,4,220.871,70.8781,330.24,2463
max,4,117.798,53.8078,330.24,1933
max,4,147.247,90.85,330.24,2925
max,4,-49.0824,158.861,330.24,4229
max,4,-14.7247,-206.899,332.08,9851
max,4,53.9906,-133.221,332.08,9071
max,4,24.5412,-201.367,333.92,9784
max,4,-83.44,-28.3038,333.92,6075
max,4,191.421,-99.3513,333.92,8281
max,4,-171.788,-184.364,335.76,9585
max,4,66.2612,35.456,335.76,1354
max,4,49.0824,82.2132,341.28,2633
max,4,-3.8147e-06,-243.874,344.96,10106
max,4,31.9035,-69.4613,344.96,7494
max,4,-24.5412,-19.8025,346.8,5837
max,4,-78.5318,215.4,348.64,4788
max,4,44.1741,-155.891,350.48,9368
max,4,-51.5365,9.95207,350.48,405
max,4,-78.5318,-31.2053,352.32,6079
max,4,-41.72,117.568,354.16,3465
max,4,-29.4494,-141.858,354.16,9167
max,4,9.81648,-19.8025,356,5866
max,4,-14.7247,-116.218,356,8607
max,4,24.5412,14.2027,363.36,466
max,4,-240.504,70.8781,368.88,2228
max,4,191.421,104.883,370.72,3381
max,4,-103.073,28.3038,379.92,939
max,4,66.2612,32.5545,385.44,1076
max,4,-9.81648,-232.403,394.64,10048
max,4,14.7247,11.3012,396.48,459
max,4,61.3529,24.0532,398.32,787
max,4,68.7153,28.3038,402,1078
max,4,-26.9953,-134.57,413.04,9006
max,4,58.8988,73.7119,431.44,2395
max,4,-2.45413,52.4586,440.64,1834
max,4,73.6235,22.704,464.56,798
max,4,93.2565,31.2053,464.56,1098
max,4,24.5412,5.70141,471.92,170
max,4,-17.1788,86.4639,475.6,2817
max,4,63.8071,14.2027,486.64,498
max,4,2.4541,52.4586,488.48,1839
max,4,122.706,45.3065,490.32,1672
max,4,-2.45412,100.565,492.16,3058
max,4,12.2706,100.565,492.16,3071
max,4,9.81648,2.7999,497.68,158
max,4,-2.45413,35.456,508.72,1298
max,4,98.1647,19.8025,508.72,818
max,4,-71.1694,-109.066,516.08,8346
max,4,17.1788,100.565,517.92,3074
max,4,7.36234,77.9626,517.92,2599
max,4,26.9953,9.95207,528.96,469
max,4,-100.619,-94.9652,536.32,8099
max,4,51.5365,9.95207,540,488
max,4,125.16,24.0532,541.84,840
max,4,76.0776,15.5519,543.68,508
max,4,39.2659,-39.7067,571.28,6452
max,4,58.8988,-79.3117,573.12,7760
max,4,-9.81648,-19.8025,578.64,5850
max,4,46.6282,-60.9599,587.84,7254
max,4,26.9953,7.05056,589.68,172
max,4,-39.2659,-39.7067,593.36,6388
max,4,-7.36236,-26.9547,602.56,6136
max,4,63.8071,11.3012,609.92,499
max,4,-63.8071,-39.7067,613.6,6369
max,4,68.7153,-62.3091,613.6,7271
max,4,-58.8988,-87.813,622.8,7903
max,4,-19.6329,-22.704,622.8,5841
max,4,-49.0824,28.3038,622.8,982
max,4,-71.1694,32.5545,624.64,964
max,4,206.146,-62.3768,628.32,7331
max,4,31.9035,-1.45075,637.52,5296
max,4,-53.9906,45.3065,639.36,1528
max,4,-90.8024,41.0558,643.04,1227
max,4,147.247,11.3012,644.88,566
max,4,88.3483,-14.2027,648.56,5639
max,4,76.0776,-15.5519,665.12,5628
max,4,132.522,-116.354,668.8,8702
max,4,171.788,2.86764,670.64,279
max,4,24.5412,2.7999,674.32,169
max,4,186.513,-164.393,676.16,9487
max,4,196.329,-5.83687,676.16,5404
max,4,196.329,-22.8395,676.16,5986
max,4,171.788,19.8703,678,861
max,4,98.1647,-19.8025,685.36,5938
max,4,-7.62939e-06,-87.813,687.2,7951
max,4,250.32,-2.86764,687.2,5415
max,4,7.36235,-100.565,689.04,8186
max,4,71.1694,-69.4613,689.04,7526
max,4,24.5412,-87.813,696.4,7970
max,4,4.90822,-39.7067,696.4,6425
max,4,110.435,-49.5571,696.4,6782
max,4,49.0824,-14.2027,700.08,5607
max,4,83.44,-28.3038,701.92,6211
max,4,39.2659,11.3012,707.44,478
max,4,31.9035,7.05056,709.28,175
max,4,95.7106,86.4639,709.28,2908
max,4,78.5318,-82.2132,709.28,7777
max,4,61.3529,15.5519,711.12,497
max,4,53.9906,138.889,722.16,4064
max,4,206.146,141.858,724,4095
max,4,120.252,-7.05056,725.84,5367
max,4,161.972,-65.3461,727.68,7322
max,4,103.073,172.894,729.52,4437
max,4,-98.1647,-19.8025,735.04,5778
max,4,147.247,130.387,738.72,3987
max,4,49.0823,164.393,738.72,4339
max,4,137.431,209.868,738.72,4762
max,4,34.3576,167.362,738.72,4336
max,4,98.1647,70.8104,742.4,2428
max,4,61.3529,9.95207,746.08,496
max,4,66.2612,7.05056,747.92,204
max,4,31.9035,-7.05056,749.76,5295
max,4,-100.619,-9.95207,749.76,5485
max,4,63.8071,5.70141,751.6,202
max,4,-171.788,2.86764,751.6,20
max,4,-186.513,28.3716,753.44,899
max,4,58.8988,243.874,757.12,4998
max,4,44.1741,189.897,764.48,4590
max,4,9.81647,164.393,781.04,4331
max,4,63.8071,19.8025,782.88,789
max,4,-147.247,28.3716,786.56,907
max,4,-56.4447,58.0584,786.56,1790
max,4,-53.9906,-5.70141,792.08,5226
max,4,-44.1741,104.816,799.44,3247
max,4,73.6235,11.3012,799.44,507
max,4,17.1788,-41.0558,804.96,6435
max,4,-61.3529,83.5624,808.64,2542
max,4,-58.8988,73.7119,808.64,2299
max,4,-61.3529,103.467,814.16,3233
max,4,-73.6235,121.818,823.36,3647
max,4,-49.0824,82.2132,825.2,2553
max,4,26.9953,1.45075,825.2,171
max,4,-78.5318,-5.70141,839.92,5205
max,4,-39.2659,53.8078,849.12,1805
max,4,14.7247,-2.7999,889.6,5281
max,4,230.687,-121.886,909.84,8927
max,4,22.0871,1.45075,941.12,168
max,4,-112.889,-206.899,994.48,9831
max,4,-137.431,-96.3821,1001.84,8091
max,4,-53.9906,-133.221,1001.84,8983
max,4,-171.788,-116.354,1001.84,8529
max,4,46.6282,-24.0532,1003.68,5896
max,4,-22.0871,120.469,1011.04,3689
max,4,-68.7153,-121.818,1012.88,8772
max,4,-142.339,82.3487,1012.88,2496
max,4,-56.4447,-128.97,1012.88,8981
max,4,-95.7106,94.9652,1012.88,2982
max,4,137.431,-96.3821,1012.88,8270
max,4,-127.614,130.387,1018.4,3832
max,4,-132.522,-116.354,1018.4,8537
max,4,-112.889,-56.7093,1020.24,6865
max,4,-29.4494,181.395,1020.24,4494
max,4,-152.155,189.897,1022.08,4550
max,4,-95.7106,86.4639,1023.92,2753
max,4,122.706,-189.897,1025.76,9726
max,4,-201.238,-150.359,1029.44,9226
max,4,-147.247,90.85,1029.44,2736
max,4,-186.513,96.3821,1031.28,2961
max,4,24.5412,-2.7999,1033.12,5289
max,4,46.6282,52.4586,1033.12,1874
max,4,-211.054,133.357,1033.12,3815
max,4,-24.5412,240.904,1034.96,4981
max,4,-34.3576,167.362,1034.96,4322
max,4,-166.88,11.369,1034.96,321
max,4,68.7153,53.8078,1034.96,1893
max,4,44.1741,36.8052,1034.96,1336
max,5,-49.0824,5.70141,153.6,109
max,5,-46.6282,7.05056,153.6,111
max,5,-34.3577,-11.3012,155.44,5539
max,5,-26.9953,1.45075,155.44,128
max,5,-63.8071,19.8025,157.28,685
max,5,-78.5318,14.2027,157.28,383
max,5,-66.2612,15.5519,157.28,393
max,5,-78.5318,11.3012,157.28,382
max,5,-76.0777,18.4534,157.28,676
max,5,-34.3577,-5.70141,157.28,5242
max,5,-9.81648,-2.7999,157.28,5262
max,5,-36.8118,7.05056,159.12,119
max,5,-76.0777,24.0532,159.12,675
max,5,-22.0871,-7.05056,159.12,5252
max,5,-76.0777,15.5519,159.12,385
max,5,-12.2706,-1.45075,159.12,5259
max,5,-46.6282,9.95207,159.12,408
max,5,-29.4494,5.70141,172,125
max,5,-44.1741,-11.3012,173.84,5531
max,5,-88.3482,28.3038,173.84,950
max,5,-93.2565,19.8025,173.84,661
max,5,-44.1741,5.70141,173.84,114
max,5,-36.8118,-9.95207,173.84,5536
max,5,-90.8024,24.0532,173.84,664
max,5,-22.0871,1.45075,173.84,131
max,5,-90.8024,18.4534,173.84,663
max,5,-44.1741,11.3012,173.84,411
max,5,-44.1741,-5.70141,173.84,5234
max,5,-88.3482,22.704,173.84,665
max,5,-90.8024,15.5519,173.84,372
max,5,-39.2659,2.7999,173.84,118
max,5,-85.8941,24.0532,175.68,667
max,5,-26.9953,7.05056,190.4,127
max,5,-31.9035,1.45075,190.4,123
max,5,-41.72,7.05056,192.24,116
max,5,-83.44,19.8025,192.24,669
max,5,-41.72,-1.45075,192.24,5235
max,5,-41.72,-7.05056,192.24,5236
max,5,-80.9859,24.0532,192.24,672
max,5,-31.9035,7.05056,194.08,124
max,5,-83.44,14.2027,194.08,378
max,5,-85.8941,15.5519,197.76,377
max,5,-41.72,9.95207,199.6,413
max,5,-80.9859,18.4534,201.44,671
max,5,-44.1741,14.2027,208.8,410
max,5,-103.073,14.2027,210.64,362
max,5,-115.344,32.5545,210.64,929
max,5,-95.7106,9.95207,210.64,368
max,5,-115.344,26.9547,210.64,928
max,5,-80.9859,9.95207,210.64,381
max,5,-88.3483,39.7067,214.32,1228
max,5,-88.3483,36.8052,214.32,1229
max,5,-39.2659,11.3012,216.16,414
max,5,-39.2659,14.2027,216.16,415
max,5,-41.72,15.5519,218,412
max,5,-24.5412,5.70141,223.52,130
max,5,-29.4494,-2.7999,223.52,5246
max,5,-66.2612,9.95207,225.36,392
max,5,-85.8941,41.0558,234.56,1230
max,5,-85.8941,35.456,240.08,1231
max,5,-36.8118,15.5519,243.76,417
max,5,-34.3577,14.2027,260.32,418
max,5,12.2706,100.565,262.16,3071
max,5,-76.0777,26.9547,262.16,960
max,5,-51.5365,18.4534,262.16,695
max,5,-36.8118,18.4534,264,708
max,5,-63.8071,31.2053,264,970
max,5,17.1788,100.565,265.84,3074
max,5,-73.6235,31.2053,265.84,962
max,5,-73.6235,36.8052,267.68,1240
max,5,-29.4494,14.2027,273.2,423
max,5,-29.4494,11.3012,276.88,422
max,5,-85.8941,32.5545,276.88,953
max,5,-17.1788,86.4639,278.72,2817
max,5,-34.3577,19.8025,280.56,709
max,5,-31.9035,15.5519,282.4,420
max,5,-31.9035,18.4534,282.4,711
max,5,-31.9035,9.95207,291.6,421
max,5,-34.3577,11.3012,291.6,419
max,5,-98.1647,31.2053,295.28,943
max,5,-93.2565,36.8052,295.28,1224
max,5,-93.2565,39.7067,297.12,1225
max,5,-95.7106,32.5545,297.12,945
max,5,-90.8024,41.0558,298.96,1227
max,5,-83.44,39.7067,300.8,1233
max,5,-88.3482,31.2053,302.64,951
max,5,-46.6282,24.0532,304.48,699
max,5,-90.8024,32.5545,306.32,948
max,5,-29.4494,19.8025,310,714
max,5,269.953,-2.86764,311.84,5419
max,5,265.045,-5.83687,313.68,5418
max,5,260.136,-2.86764,317.36,5417
max,5,-7.36236,-100.565,317.36,8175
max,5,31.9035,-69.4613,322.88,7494
max,5,17.1788,-60.9599,322.88,7230
max,5,-26.9953,18.4534,322.88,716
max,5,-49.0824,22.704,324.72,697
max,5,255.228,-5.83687,324.72,5416
max,5,-73.6235,28.3038,326.56,963
max,5,-73.6235,22.704,326.56,678
max,5,-68.7153,36.8052,326.56,1245
max,5,-61.353,26.9547,326.56,973
max,5,-71.1694,32.5545,328.4,964
max,5,9.81648,-19.8025,328.4,5866
max,5,17.1788,-41.0558,328.4,6435
max,5,-24.5412,14.2027,330.24,426
max,5,-26.9953,15.5519,332.08,425
max,5,245.412,-11.369,335.76,5708
max,5,-41.72,117.568,335.76,3465
max,5,137.431,-96.3821,335.76,8270
max,5,-49.0824,164.393,337.6,4319
max,5,240.504,-14.3382,339.44,5707
max,5,-19.6329,-22.704,339.44,5841
max,5,191.421,-99.3513,341.28,8281
max,5,-24.5412,19.8025,341.28,717
max,5,-29.4494,22.704,341.28,713
max,5,68.7153,-147.39,341.28,9281
max,5,-100.619,-94.9652,341.28,8099
max,5,58.8988,73.7119,341.28,2395
max,5,-3.8147e-06,-243.874,343.12,10106
max,5,-7.36236,7.05056,344.96,143
max,5,-53.9906,19.8025,344.96,693
max,5,-56.4447,24.0532,344.96,691
max,5,-14.7247,14.2027,344.96,434
max,5,-4.90825,2.7999,344.96,145
max,5,-12.2706,9.95207,344.96,437
max,5,147.247,90.85,344.96,2925
max,5,-26.9953,24.0532,346.8,715
max,5,-29.4494,-141.858,348.64,9167
max,5,29.4494,-141.858,348.64,9179
max,5,230.687,-14.3382,350.48,5705
max,5,-171.788,19.8703,350.48,614
max,5,-12.2706,-120.469,350.48,8817
max,5,49.0824,82.2132,350.48,2633
max,5,122.706,-189.897,350.48,9726
max,5,93.2565,-53.8078,350.48,7032
max,5,-26.9953,-134.57,352.32,9006
max,5,46.6282,52.4586,352.32,1874
max,5,-49.0824,158.861,352.32,4229
max,5,-24.5412,22.704,352.32,718
max,5,-78.5318,215.4,354.16,4788
max,5,58.8988,-79.3117,354.16,7760
max,5,230.687,-121.886,356,8927
max,5,-103.073,28.3038,357.84,939
max,5,220.871,-14.3382,359.68,5703
max,5,-63.8071,-39.7067,359.68,6369
max,5,220.871,-19.8703,359.68,5991
max,5,44.1741,36.8052,361.52,1336
max,5,-49.0824,28.3038,361.52,982
max,5,73.6235,-130.32,361.52,9088
max,5,-19.6329,5.70141,363.36,133
max,5,-166.88,11.369,363.36,321
max,5,-22.0871,18.4534,363.36,719
max,5,-171.788,-184.364,363.36,9585
max,5,-78.5318,-31.2053,363.36,6079
max,5,-19.6329,11.3012,365.2,430
max,5,-66.2612,26.9547,365.2,968
max,5,-66.2612,24.0532,365.2,683
max,5,-39.2659,22.704,365.2,705
max,5,-17.1788,7.05056,365.2,135
max,5,-19.6329,14.2027,365.2,431
max,5,-14.7247,-206.899,365.2,9851
max,5,220.871,70.8781,365.2,2463
max,5,-22.0871,15.5519,365.2,428
max,5,-152.155,-138.889,367.04,9142
max,5,215.962,-22.8395,367.04,5990
max,5,44.1741,-155.891,367.04,9368
max,5,211.054,-19.8703,368.88,5989
max,5,-36.8118,-15.5519,370.72,5537
max,5,24.5412,-201.367,370.72,9784
max,5,46.6282,-60.9599,376.24,7254
max,5,53.9906,-133.221,378.08,9071
max,5,206.146,-22.8395,378.08,5988
max,5,-215.962,22.8395,379.92,605
max,5,-19.6329,19.8025,379.92,722
max,5,68.7153,-62.3091,381.76,7271
max,5,-83.44,28.3038,381.76,955
max,5,-7.36236,-26.9547,381.76,6136
max,5,-22.0871,24.0532,381.76,720
max,5,201.238,-19.8703,383.6,5987
max,5,-19.6329,22.704,383.6,721
max,5,-14.7247,-79.3117,383.6,7701
max,5,196.329,-22.8395,387.28,5986
max,5,117.798,53.8078,389.12,1933
max,5,-132.522,-116.354,389.12,8537
max,5,191.421,104.883,390.96,3381
max,5,-240.504,70.8781,392.8,2228
max,5,39.2659,-39.7067,394.64,6452
max,5,-39.2659,-39.7067,394.64,6388
max,5,-152.155,-121.886,394.64,8744
max,5,68.7153,99.2159,396.48,3117
max,5,186.513,-28.3716,398.32,6266
max,5,186.513,-22.8395,400.16,5984
max,5,-9.81648,-19.8025,400.16,5850
max,5,-71.1694,35.456,400.16,1242
max,5,-24.5412,-19.8025,402,5837
max,5,-83.44,-28.3038,403.84,6075
max,5,-76.0777,35.456,403.84,1239
max,5,-71.1694,-109.066,403.84,8346
max,5,-78.5318,28.3038,403.84,958
max,5,-56.4447,32.5545,405.68,977
max,5,-12.2706,15.5519,405.68,436
max,5,-9.81648,11.3012,405.68,438
max,5,-2.45413,1.45075,405.68,147
max,5,-88.3482,11.3012,405.68,374
max,5,-56.4447,18.4534,407.52,692
max,5,53.9906,73.7119,407.52,2392
max,5,176.697,-28.3716,411.2,6264
max,5,-17.1788,24.0532,411.2,723
max,5,-17.1788,18.4534,414.88,724
max,5,-14.7247,22.704,414.88,726
max,5,166.88,-28.3716,418.56,6262
max,5,-17.1788,26.9547,420.4,1008
max,5,-14.7247,19.8025,420.4,725
max,5,-66.2612,75.0611,424.08,2293
max,5,-58.8988,73.7119,424.08,2299
max,5,-58.8988,-87.813,425.92,7903
max,5,-9.81648,-232.403,427.76,10048
max,5,-61.3529,75.0611,427.76,2298
max,5,157.064,-28.3716,429.6,6260
max,5,-22.0871,41.0558,436.96,1283
max,5,-39.2659,56.7093,436.96,1804
max,5,-56.4447,75.0611,438.8,2301
max,5,-76.0777,100.565,440.64,2999
max,5,132.522,-116.354,440.64,8702
max,5,147.247,-28.3716,440.64,6258
max,5,-49.0824,19.8025,440.64,698
max,5,-83.44,90.7145,440.64,2763
max,5,-80.9859,86.4639,440.64,2764
max,5,-78.5318,99.2159,440.64,2997
max,5,186.513,-164.393,442.48,9487
max,5,71.1694,-69.4613,442.48,7526
max,5,-12.2706,24.0532,444.32,728
max,5,142.339,-31.3408,444.32,6257
max,5,139.885,-26.9547,446.16,6256
max,5,137.431,-28.3038,448,6254
max,5,-53.9906,45.3065,451.68,1528
max,5,-9.81648,22.704,451.68,729
max,5,134.976,-26.9547,453.52,6253
max,5,130.068,-26.9547,455.36,6248
max,5,171.788,19.8703,455.36,861
max,5,161.972,-65.3461,457.2,7322
max,5,-1.14441e-05,45.3065,457.2,1571
max,5,-9.81648,45.3065,459.04,1563
max,5,-12.2706,26.9547,459.04,1013
max,5,-12.2706,32.5545,460.88,1012
max,5,-12.2706,18.4534,460.88,727
max,5,-7.36237,32.5545,460.88,1017
max,5,-9.81648,19.8025,462.72,730
max,5,125.16,-26.9547,464.56,6245
max,5,206.146,141.858,464.56,4095
max,5,122.706,-22.704,464.56,5958
max,5,120.252,-26.9547,466.4,6240
max,5,-7.62939e-06,-87.813,468.24,7951
max,5,120.252,-24.0532,470.08,5955
max,5,117.798,-28.3038,470.08,6238
max,5,46.6282,-24.0532,471.92,5896
max,5,115.344,-24.0532,473.76,5952
max,5,110.435,-49.5571,473.76,6782
max,5,-39.2659,53.8078,475.6,1805
max,5,4.90822,-39.7067,475.6,6425
max,5,-7.36236,24.0532,477.44,731
max,5,-4.90825,62.3091,477.44,2092
max,5,110.435,-24.0532,477.44,5947
max,5,9.81647,164.393,479.28,4331
max,5,-9.81648,28.3038,479.28,1014
max,5,107.981,-22.704,479.28,5945
max,5,-7.36236,60.9599,479.28,2089
max,5,7.36235,-100.565,479.28,8186
max,5,-1.33514e-05,11.3012,479.28,446
max,5,-1.14441e-05,62.3091,481.12,2095
max,5,105.527,-24.0532,481.12,5944
max,5,49.0823,164.393,482.96,4339
max,5,103.073,-22.704,486.64,5942
max,5,-2.45413,52.4586,488.48,1834
max,5,-4.90825,22.704,490.32,734
max,5,-9.81648,82.2132,492.16,2585
max,5,95.7106,-24.0532,492.16,5936
max,5,98.1647,-22.704,492.16,5937
max,5,98.1647,-19.8025,492.16,5938
max,5,93.2565,-19.8025,494,5933
max,5,95.7106,-18.4534,494,5935
max,5,-14.7247,56.7093,494,1825
max,5,-7.62939e-06,87.813,495.84,2831
max,5,-4.90825,36.8052,495.84,1296
max,5,-9.81648,73.7119,495.84,2339
max,5,-12.2706,92.0637,495.84,2821
max,5,120.252,-7.05056,497.68,5367
max,5,-7.36236,26.9547,499.52,1016
max,5,88.3483,-19.8025,501.36,5930
max,5,90.8024,-18.4534,501.36,5932
max,5,137.431,209.868,501.36,4762
max,5,88.3483,-14.2027,503.2,5639
max,5,44.1741,189.897,505.04,4590
max,5,-2.45413,26.9547,505.04,1021
max,5,85.8941,-18.4534,506.88,5927
max,5,83.44,-19.8025,506.88,5925
max,5,53.9906,138.889,506.88,4064
max,5,-4.90825,28.3038,508.72,1019
max,5,103.073,172.894,508.72,4437
max,5,-14.7247,31.2053,510.56,1010
max,5,80.9859,-18.4534,510.56,5924
max,5,-7.36236,75.0611,510.56,2341
max,5,78.5318,-14.2027,512.4,5631
max,5,80.9859,-15.5519,512.4,5633
max,5,58.8988,243.874,512.4,4998
max,5,-4.90825,19.8025,512.4,733
max,5,76.0776,-15.5519,514.24,5628
max,5,76.0776,-18.4534,514.24,5919
max,5,34.3576,167.362,517.92,4336
max,5,-2.45413,24.0532,519.76,736
max,5,73.6235,-14.2027,519.76,5626
max,5,71.1694,-15.5519,521.6,5625
max,5,147.247,130.387,523.44,3987
max,5,24.5412,-87.813,523.44,7970
max,5,68.7153,-14.2027,525.28,5623
max,5,78.5318,-82.2132,527.12,7777
max,5,68.7153,-11.3012,527.12,5622
max,5,-186.513,28.3716,530.8,899
max,5,63.8071,-11.3012,530.8,5619
max,5,61.3529,-9.95207,532.64,5616
max,5,58.8988,-11.3012,534.48,5614
max,5,-4.90824,70.8104,536.32,2343
max,5,-147.247,28.3716,536.32,907
max,5,-1.33514e-05,22.704,538.16,737
max,5,56.4447,-9.95207,538.16,5613
max,5,-245.412,-62.3768,540,7092
max,5,-171.788,2.86764,543.68,20
max,5,-49.0824,82.2132,549.2,2553
max,5,44.1741,-5.70141,551.04,5306
max,5,-44.1741,104.816,551.04,3247
max,5,-1.33514e-05,31.2053,552.88,1023
max,5,44.1741,-2.7999,552.88,5305
max,5,46.6282,-1.45075,552.88,5307
max,5,-1.33514e-05,5.70141,554.72,149
max,5,39.2659,-2.7999,556.56,5302
max,5,-78.5318,-5.70141,556.56,5205
max,5,-73.6235,121.818,558.4,3647
max,5,2.4541,24.0532,560.24,739
max,5,-61.3529,103.467,563.92,3233
max,5,95.7106,86.4639,571.28,2908
max,5,-53.9906,-5.70141,573.12,5226
max,5,26.9953,7.05056,574.96,172
max,5,-61.3529,83.5624,574.96,2542
max,5,-98.1647,-19.8025,576.8,5778
max,5,4.90825,22.704,578.64,742
max,5,-100.619,-9.95207,580.48,5485
max,5,83.44,-28.3038,595.2,6211
max,5,7.36237,24.0532,654.08,744
max,5,-56.4447,58.0584,657.76,1790
max,5,9.81648,22.704,665.12,745
max,5,9.81648,19.8025,724,746
max,5,12.2706,18.4534,746.08,748
max,5,-171.788,-116.354,746.08,8529
max,5,-68.7153,-121.818,751.6,8772
max,5,-112.889,-56.7093,753.44,6865
max,5,14.7247,19.8025,784.72,749
max,5,-137.431,-96.3821,788.4,8091
max,5,-201.238,-150.359,788.4,9226
max,5,-56.4447,-128.97,792.08,8981
max,5,-53.9906,-133.221,793.92,8983
max,5,-24.5412,240.904,797.6,4981
max,5,-112.889,-206.899,797.6,9831
max,5,-127.614,130.387,799.44,3832
max,5,-29.4494,181.395,808.64,4494
max,5,12.2706,24.0532,814.16,747
max,5,-95.7106,86.4639,816,2753
max,5,-211.054,133.357,816,3815
max,5,-95.7106,94.9652,821.52,2982
max,5,-34.3576,167.362,821.52,4322
max,5,-142.339,82.3487,830.72,2496
max,5,-152.155,189.897,830.72,4550
max,5,14.7247,22.704,832.56,750
max,5,68.7153,53.8078,839.92,1893
max,5,-147.247,90.85,841.76,2736
max,5,-186.513,96.3821,854.64,2961
max,5,-22.0871,120.469,865.68,3689
max,5,17.1788,18.4534,900.64,751
max,5,-14.7247,-116.218,909.84,8607
max,5,196.329,-5.83687,944.8,5404
max,5,17.1788,15.5519,950.32,460
max,5,98.1647,70.8104,968.72,2428
max,5,93.2565,31.2053,981.6,1098
max,5,122.706,45.3065,988.96,1672
max,5,49.0824,28.3038,988.96,1062
max,5,73.6235,22.704,988.96,798
max,5,125.16,24.0532,1011.04,840
max,5,19.6329,14.2027,1016.56,463
max,5,22.0871,15.5519,1022.08,465
max,5,171.788,2.86764,1023.92,279
max,5,7.36234,77.9626,1027.6,2599
max,5,19.6329,11.3012,1031.28,462
max,5,19.6329,19.8025,1034.96,754
multifit,0,-41.72,117.568,264.375,3465
multifit,0,-240.504,70.8781,357.013,2228
multifit,0,-78.5318,-31.2053,356.737,6079
multifit,0,46.6282,52.4586,361.436,1874
multifit,0,76.0776,15.5519,360.026,508
multifit,0,68.7153,53.8078,363.785,1893
multifit,0,51.5365,9.95207,370.202,488
multifit,0,-171.788,19.8703,370.84,614
multifit,0,-215.962,22.8395,373.283,605
multifit,0,-24.5412,-19.8025,375.724,5837
multifit,0,-83.44,-28.3038,378.971,6075
multifit,0,-166.88,11.369,380.623,321
multifit,0,-36.8118,-15.5519,384.149,5537
multifit,0,58.8988,73.7119,411.956,2395
multifit,0,-2.45412,100.565,436.869,3058
multifit,0,17.1788,100.565,441.319,3074
multifit,0,12.2706,100.565,440.969,3071
multifit,0,125.16,24.0532,442.673,840
multifit,0,44.1741,36.8052,444.969,1336
multifit,0,2.4541,52.4586,445.916,1839
multifit,0,7.36234,77.9626,451.323,2599
multifit,0,98.1647,19.8025,452.208,818
multifit,0,-2.45413,35.456,469.331,1298
multifit,0,122.706,45.3065,470.233,1672
multifit,0,-17.1788,86.4639,474.375,2817
multifit,0,-2.45413,52.4586,481.589,1834
multifit,0,93.2565,31.2053,493.775,1098
multifit,0,-100.619,-94.9652,512.626,8099
multifit,0,73.6235,22.704,516.922,798
multifit,0,68.7153,-62.3091,519.675,7271
multifit,0,-58.8988,-87.813,521.539,7903
multifit,0,-7.36236,-26.9547,526.534,6136
multifit,0,-152.155,-138.889,542.641,9142
multifit,0,-171.788,-184.364,553.901,9585
multifit,0,-9.81648,-19.8025,554.727,5850
multifit,0,58.8988,-79.3117,558.382,7760
multifit,0,-152.155,-121.886,559.623,8744
multifit,0,46.6282,-60.9599,564.054,7254
multifit,0,-132.522,-116.354,568.723,8537
multifit,0,-39.2659,-39.7067,572.095,6388
multifit,0,-19.6329,-22.704,571.881,5841
multifit,0,39.2659,-39.7067,573.316,6452
multifit,0,-63.8071,-39.7067,585.159,6369
multifit,0,78.5318,-82.2132,591.739,7777
multifit,0,76.0776,-15.5519,607.402,5628
multifit,0,-71.1694,32.5545,618.118,964
multifit,0,-90.8024,41.0558,620.915,1227
multifit,0,-53.9906,45.3065,621.599,1528
multifit,0,132.522,-116.354,621.353,8702
multifit,0,71.1694,-69.4613,622.944,7526
multifit,0,196.329,-5.83687,625.642,5404
multifit,0,250.32,-2.86764,630.674,5415
multifit,0,24.5412,-87.813,633.403,7970
multifit,0,161.972,-65.3461,634.886,7322
multifit,0,171.788,19.8703,634.807,861
multifit,0,120.252,-7.05056,637.296,5367
multifit,0,-71.1694,-109.066,637.358,8346
multifit,0,-49.0824,28.3038,639.484,982
multifit,0,137.431,209.868,647.376,4762
multifit,0,110.435,-49.5571,648.464,6782
multifit,0,147.247,11.3012,649.82,566
multifit,0,171.788,2.86764,648.753,279
multifit,0,83.44,-28.3038,653.406,6211
multifit,0,4.90822,-39.7067,655.382,6425
multifit,0,7.36235,-100.565,657.328,8186
multifit,0,88.3483,-14.2027,660.103,5639
multifit,0,-7.36236,-100.565,661.211,8175
multifit,0,186.513,-164.393,667.559,9487
multifit,0,196.329,-22.8395,667.769,5986
multifit,0,49.0823,164.393,677.38,4339
multifit,0,46.6282,-24.0532,679.17,5896
multifit,0,49.0824,-14.2027,680.79,5607
multifit,0,-98.1647,-19.8025,682.034,5778
multifit,0,34.3576,167.362,682.509,4336
multifit,0,98.1647,70.8104,685.267,2428
multifit,0,9.81647,164.393,684.073,4331
multifit,0,44.1741,189.897,684.208,4590
multifit,0,206.146,141.858,685.858,4095
multifit,0,58.8988,243.874,686.828,4998
multifit,0,103.073,172.894,688.226,4437
multifit,0,-100.619,-9.95207,687.296,5485
multifit,0,53.9906,138.889,689.599,4064
multifit,0,147.247,130.387,693.094,3987
multifit,0,-14.7247,-116.218,694.896,8607
multifit,0,-14.7247,-79.3117,699.458,7701
multifit,0,-147.247,28.3716,699.842,907
multifit,0,95.7106,86.4639,700.218,2908
multifit,0,-39.2659,53.8078,708.615,1805
multifit,0,-12.2706,-120.469,711.936,8817
multifit,0,-186.513,28.3716,713.931,899
multifit,0,-171.788,2.86764,715.374,20
multifit,0,-245.412,-62.3768,719.95,7092
multifit,0,-58.8988,73.7119,722.875,2299
multifit,0,-73.6235,121.818,724.911,3647
multifit,0,-53.9906,-5.70141,737.677,5226
multifit,0,-7.62939e-06,-87.813,739.108,7951
multifit,0,-49.0824,82.2132,742.844,2553
multifit,0,-61.3529,103.467,744.66,3233
multifit,0,98.1647,-19.8025,746.729,5938
multifit,0,-78.5318,-5.70141,771.984,5205
multifit,0,-44.1741,104.816,793.202,3247
multifit,0,-61.3529,83.5624,805.815,2542
multifit,0,-3.8147e-06,-243.874,816.834,10106
multifit,0,-56.4447,58.0584,817.474,1790
multifit,0,73.6235,-130.32,816.536,9088
multifit,0,44.1741,-155.891,819.622,9368
multifit,0,68.7153,-147.39,823.2,9281
multifit,0,24.5412,-201.367,824.097,9784
multifit,0,-29.4494,-141.858,837.44,9167
multifit,0,-14.7247,-206.899,841.868,9851
multifit,0,29.4494,-141.858,845.468,9179
multifit,0,122.706,-189.897,849.912,9726
multifit,0,53.9906,-133.221,857.62,9071
multifit,0,-26.9953,-134.57,884.702,9006
multifit,0,-9.81648,-232.403,896.987,10048
multifit,0,49.0824,28.3038,905.826,1062
multifit,0,230.687,-121.886,922.908,8927
multifit,0,93.2565,-53.8078,927.206,7032
multifit,0,191.421,-99.3513,937.393,8281
multifit,0,-53.9906,-133.221,940.788,8983
multifit,0,137.431,-96.3821,943.942,8270
multifit,0,-112.889,-206.899,951.697,9831
multifit,0,-137.431,-96.3821,957.318,8091
multifit,0,-112.889,-56.7093,959.062,6865
multifit,0,-68.7153,-121.818,957.897,8772
multifit,0,-201.238,-150.359,965.248,9226
multifit,0,-171.788,-116.354,968.073,8529
multifit,0,31.9035,-69.4613,969.805,7494
multifit,0,9.81648,-19.8025,968.729,5866
multifit,0,17.1788,-60.9599,973.489,7230
multifit,0,17.1788,-41.0558,973.893,6435
multifit,0,-56.4447,-128.97,979.85,8981
multifit,0,-95.7106,94.9652,981.577,2982
multifit,0,-152.155,189.897,989.754,4550
multifit,0,-142.339,82.3487,994.951,2496
multifit,0,-34.3576,167.362,999.681,4322
multifit,0,-127.614,130.387,998.415,3832
multifit,0,-95.7106,86.4639,1003.12,2753
multifit,0,-186.513,96.3821,1003.8,2961
multifit,0,-147.247,90.85,1007.2,2736
multifit,0,-22.0871,120.469,1012.82,3689
multifit,0,-24.5412,240.904,1013.21,4981
multifit,0,-211.054,133.357,1018.43,3815
multifit,0,-29.4494,181.395,1028.16,4494
multifit,0,68.7153,99.2159,1034.04,3117
multifit,1,17.1788,-18.4534,223.843,5871
multifit,1,14.7247,-19.8025,225.012,5869
multifit,1,51.5365,-58.0584,228.433,6998
multifit,1,24.5412,-36.8052,228.066,6440
multifit,1,14.7247,-14.2027,228.028,5578
multifit,1,36.8118,-43.9573,245.462,6722
multifit,1,39.2659,-45.3065,263.12,6723
multifit,1,17.1788,-24.0532,268.974,5872
multifit,1,39.2659,-36.8052,270.254,6453
multifit,1,44.1741,-39.7067,271.06,6457
multifit,1,39.2659,-39.7067,269.805,6452
multifit,1,12.2706,-15.5519,288.744,5577
multifit,1,41.72,-35.456,288.557,6455
multifit,1,36.8118,-35.456,288.233,6450
multifit,1,34.3577,-45.3065,288.218,6720
multifit,1,41.72,-41.0558,288.52,6454
multifit,1,22.0871,-32.5545,290.497,6161
multifit,1,12.2706,-18.4534,290.688,5868
multifit,1,14.7247,-22.704,293.132,5870
multifit,1,2.45413,-18.4534,338.711,5860
multifit,1,2.45413,-32.5545,339.467,6145
multifit,1,9.81648,-19.8025,342.236,5866
multifit,1,9.81648,-22.704,344.704,5865
multifit,1,2.4541,-35.456,370.502,6423
multifit,1,9.81648,-22.704,388.16,5865
multifit,1,-17.1788,86.4639,559.701,2817
multifit,1,49.0824,28.3038,592.807,1062
multifit,1,122.706,45.3065,594.394,1672
multifit,1,98.1647,19.8025,596.474,818
multifit,1,17.1788,100.565,596.224,3074
multifit,1,7.36234,77.9626,598.355,2599
multifit,1,-2.45413,35.456,597.082,1298
multifit,1,-2.45413,52.4586,600.847,1834
multifit,1,73.6235,22.704,611.463,798
multifit,1,12.2706,100.565,612.642,3071
multifit,1,76.0776,15.5519,614.934,508
multifit,1,51.5365,9.95207,614.849,488
multifit,1,-2.45412,100.565,618.346,3058
multifit,1,2.4541,52.4586,619.738,1839
multifit,1,125.16,24.0532,623.432,840
multifit,1,93.2565,31.2053,624.59,1098
multifit,1,-9.81648,-19.8025,680.865,5850
multifit,1,-100.619,-94.9652,683.691,8099
multifit,1,53.9906,73.7119,685.312,2392
multifit,1,-39.2659,-39.7067,692.263,6388
multifit,1,68.7153,99.2159,690.942,3117
multifit,1,-63.8071,-39.7067,695.531,6369
multifit,1,-58.8988,-87.813,701.538,7903
multifit,1,-71.1694,-109.066,701.045,8346
multifit,1,68.7153,-62.3091,701.603,7271
multifit,1,58.8988,-79.3117,700.574,7760
multifit,1,-26.9953,-134.57,704.091,9006
multifit,1,-19.6329,-22.704,708.5,5841
multifit,1,-49.0824,164.393,710.977,4319
multifit,1,-49.0824,28.3038,709.565,982
multifit,1,-90.8024,41.0558,718.283,1227
multifit,1,-7.36236,-26.9547,719.827,6136
multifit,1,-14.7247,-79.3117,720.433,7701
multifit,1,-53.9906,45.3065,724.407,1528
multifit,1,46.6282,-60.9599,724.035,7254
multifit,1,-36.8118,-15.5519,737.384,5537
multifit,1,-171.788,-184.364,736.958,9585
multifit,1,68.7153,53.8078,737.631,1893
multifit,1,-7.36236,-100.565,741.563,8175
multifit,1,93.2565,-53.8078,742.283,7032
multifit,1,191.421,104.883,741.424,3381
multifit,1,17.1788,-41.0558,741.369,6435
multifit,1,-24.5412,-19.8025,742.568,5837
multifit,1,-14.7247,-206.899,743.018,9851
multifit,1,147.247,90.85,744.326,2925
multifit,1,-51.5365,9.95207,745.889,405
multifit,1,49.0824,82.2132,747.064,2633
multifit,1,44.1741,-155.891,746.677,9368
multifit,1,-103.073,28.3038,746.716,939
multifit,1,191.421,-99.3513,748.11,8281
multifit,1,137.431,-96.3821,748.321,8270
multifit,1,-88.3482,11.3012,748.169,374
multifit,1,24.5412,-201.367,747.979,9784
multifit,1,-166.88,11.369,750.014,321
multifit,1,196.329,-22.8395,750.725,5986
multifit,1,-78.5318,215.4,750.094,4788
multifit,1,117.798,53.8078,752.111,1933
multifit,1,7.36235,-100.565,753.035,8186
multifit,1,-132.522,-116.354,752.245,8537
multifit,1,-83.44,-28.3038,752.993,6075
multifit,1,-171.788,19.8703,754.725,614
multifit,1,73.6235,-130.32,754.08,9088
multifit,1,-9.81648,-232.403,754.971,10048
multifit,1,-3.8147e-06,-243.874,756.519,10106
multifit,1,29.4494,-141.858,755.397,9179
multifit,1,-41.72,117.568,756.279,3465
multifit,1,-12.2706,-1.45075,755.78,5259
multifit,1,-152.155,-138.889,755.674,9142
multifit,1,-152.155,-121.886,757.998,8744
multifit,1,24.5412,-87.813,758.543,7970
multifit,1,58.8988,73.7119,760.46,2395
multifit,1,31.9035,-69.4613,762.077,7494
multifit,1,-240.504,70.8781,760.917,2228
multifit,1,44.1741,36.8052,764.195,1336
multifit,1,122.706,-189.897,764.233,9726
multifit,1,-215.962,22.8395,764.436,605
multifit,1,46.6282,52.4586,766.811,1874
multifit,1,171.788,19.8703,766.886,861
multifit,1,-78.5318,-31.2053,770.412,6079
multifit,1,53.9906,-133.221,771.521,9071
multifit,1,-29.4494,-141.858,772.324,9167
multifit,1,230.687,-121.886,772.221,8927
multifit,1,4.90822,-39.7067,772.353,6425
multifit,1,171.788,2.86764,775.048,279
multifit,1,78.5318,-82.2132,776.234,7777
multifit,1,196.329,-5.83687,778.46,5404
multifit,1,147.247,11.3012,777.758,566
multifit,1,132.522,-116.354,781.92,8702
multifit,1,49.0824,-14.2027,783.327,5607
multifit,1,220.871,70.8781,784.929,2463
multifit,1,206.146,-62.3768,787.55,7331
multifit,1,-49.0824,158.861,786.82,4229
multifit,1,-71.1694,32.5545,788.201,964
multifit,1,68.7153,-147.39,791.384,9281
multifit,1,250.32,-2.86764,790.882,5415
multifit,1,186.513,-164.393,792.662,9487
multifit,1,161.972,-65.3461,801.496,7322
multifit,1,71.1694,-69.4613,802.162,7526
multifit,1,110.435,-49.5571,805.124,6782
multifit,1,-14.7247,-116.218,805.816,8607
multifit,1,-7.62939e-06,-87.813,807.862,7951
multifit,1,-12.2706,-120.469,807.72,8817
multifit,1,76.0776,-15.5519,812.615,5628
multifit,1,137.431,209.868,814.9,4762
multifit,1,120.252,-7.05056,814.331,5367
multifit,1,206.146,-62.3768,817.758,7331
multifit,1,83.44,-28.3038,826.089,6211
multifit,1,46.6282,-24.0532,829.457,5896
multifit,1,-245.412,-62.3768,839.748,7092
multifit,1,49.0823,164.393,841.682,4339
multifit,1,53.9906,138.889,843.304,4064
multifit,1,88.3483,-14.2027,843.576,5639
multifit,1,-49.0824,82.2132,844.937,2553
multifit,1,58.8988,243.874,847.18,4998
multifit,1,17.1788,-60.9599,847.941,7230
multifit,1,34.3576,167.362,851.321,4336
multifit,1,9.81647,164.393,853.278,4331
multifit,1,44.1741,189.897,853.022,4590
multifit,1,103.073,172.894,859.314,4437
multifit,1,-245.412,-62.3768,861.08,7092
multifit,1,98.1647,70.8104,866.766,2428
multifit,1,206.146,141.858,868.402,4095
multifit,1,98.1647,-19.8025,869.285,5938
multifit,1,95.7106,86.4639,869.756,2908
multifit,1,147.247,130.387,875.08,3987
multifit,1,-186.513,28.3716,877.852,899
multifit,1,-147.247,28.3716,876.872,907
multifit,1,-44.1741,104.816,880.148,3247
multifit,1,-245.412,-62.3768,878.705,7092
multifit,1,-58.8988,73.7119,885.705,2299
multifit,1,-56.4447,58.0584,886.298,1790
multifit,1,-73.6235,121.818,889.421,3647
multifit,1,-39.2659,53.8078,888.613,1805
multifit,1,-245.412,-62.3768,892.921,7092
multifit,1,-98.1647,-19.8025,893.133,5778
multifit,1,-61.3529,103.467,896.73,3233
multifit,1,-61.3529,83.5624,895.616,2542
multifit,1,-171.788,2.86764,898.145,20
multifit,1,-100.619,-9.95207,907.972,5485
multifit,1,-53.9906,-5.70141,959.59,5226
multifit,1,-78.5318,-5.70141,959.969,5205
multifit,1,-112.889,-56.7093,1024.7,6865
multifit,1,-56.4447,-128.97,1031.84,8981
multifit,2,73.6235,-130.32,330.197,9088
multifit,2,-215.962,22.8395,330.272,605
multifit,2,-41.72,117.568,331.92,3465
multifit,2,-2.45412,100.565,335.241,3058
multifit,2,-78.5318,215.4,339.229,4788
multifit,2,53.9906,-133.221,343.256,9071
multifit,2,-132.522,-116.354,354.85,8537
multifit,2,125.16,24.0532,356.667,840
multifit,2,98.1647,19.8025,357.456,818
multifit,2,76.0776,15.5519,359.465,508
multifit,2,-7.36236,-100.565,358.87,8175
multifit,2,17.1788,-41.0558,359.297,6435
multifit,2,44.1741,-155.891,361.007,9368
multifit,2,-152.155,-138.889,360.573,9142
multifit,2,51.5365,9.95207,360.88,488
multifit,2,53.9906,73.7119,360.266,2392
multifit,2,-9.81648,-232.403,363.143,10048
multifit,2,-12.2706,-120.469,365.038,8817
multifit,2,-49.0824,158.861,366.502,4229
multifit,2,-14.7247,-206.899,368.1,9851
multifit,2,230.687,-121.886,367.92,8927
multifit,2,-51.5365,9.95207,368.45,405
multifit,2,58.8988,73.7119,370.503,2395
multifit,2,-103.073,28.3038,369.512,939
multifit,2,88.3482,45.3065,370.643,1643
multifit,2,9.81648,-19.8025,369.856,5866
multifit,2,-2.45413,52.4586,371.224,1834
multifit,2,49.0824,82.2132,372.362,2633
multifit,2,117.798,53.8078,372.511,1933
multifit,2,-78.5318,-31.2053,371.402,6079
multifit,2,191.421,-99.3513,370.855,8281
multifit,2,-26.9953,-134.57,372.596,9006
multifit,2,-29.4494,-141.858,374.245,9167
multifit,2,-83.44,-28.3038,373.797,6075
multifit,2,-12.2706,-1.45075,372.737,5259
multifit,2,-88.3482,11.3012,373.158,374
multifit,2,-14.7247,-79.3117,373.002,7701
multifit,2,137.431,-96.3821,372.709,8270
multifit,2,-166.88,11.369,374.66,321
multifit,2,93.2565,-53.8078,374.809,7032
multifit,2,7.36234,77.9626,375.614,2599
multifit,2,2.4541,52.4586,375.718,1839
multifit,2,-171.788,-184.364,375.898,9585
multifit,2,12.2706,100.565,376.027,3071
multifit,2,29.4494,-141.858,374.655,9179
multifit,2,68.7153,-147.39,375.515,9281
multifit,2,-49.0824,164.393,376.045,4319
multifit,2,191.421,104.883,374.508,3381
multifit,2,68.7153,99.2159,379.39,3117
multifit,2,49.0824,28.3038,379.973,1062
multifit,2,-24.5412,-19.8025,380.738,5837
multifit,2,-3.8147e-06,-243.874,382.515,10106
multifit,2,24.5412,-201.367,383.227,9784
multifit,2,-152.155,-121.886,386.729,8744
multifit,2,122.706,-189.897,388.28,9726
multifit,2,-171.788,19.8703,389.913,614
multifit,2,-36.8118,-15.5519,394.798,5537
multifit,2,-240.504,70.8781,396.913,2228
multifit,2,73.6235,22.704,399.986,798
multifit,2,93.2565,31.2053,403.931,1098
multifit,2,220.871,70.8781,405.403,2463
multifit,2,-17.1788,86.4639,411.978,2817
multifit,2,17.1788,100.565,412.865,3074
multifit,2,-2.45413,35.456,414.588,1298
multifit,2,68.7153,53.8078,416.614,1893
multifit,2,44.1741,36.8052,416.824,1336
multifit,2,-14.7247,-116.218,421.594,8607
multifit,2,-19.6329,-22.704,422.24,5841
multifit,2,31.9035,-69.4613,465.033,7494
multifit,2,-100.619,-94.9652,478.464,8099
multifit,2,46.6282,-60.9599,489.915,7254
multifit,2,-71.1694,-109.066,491.189,8346
multifit,2,58.8988,-79.3117,492.172,7760
multifit,2,-7.36236,-26.9547,496.316,6136
multifit,2,-9.81648,-19.8025,497.713,5850
multifit,2,-63.8071,-39.7067,503.438,6369
multifit,2,68.7153,-62.3091,528.19,7271
multifit,2,196.329,-22.8395,530.267,5986
multifit,2,4.90822,-39.7067,529.519,6425
multifit,2,-39.2659,-39.7067,530.194,6388
multifit,2,7.36235,-100.565,537.06,8186
multifit,2,39.2659,-39.7067,539.338,6452
multifit,2,196.329,-5.83687,546.006,5404
multifit,2,186.513,-164.393,555.188,9487
multifit,2,132.522,-116.354,556.729,8702
multifit,2,46.6282,-24.0532,563.934,5896
multifit,2,83.44,-28.3038,565.28,6211
multifit,2,250.32,-2.86764,567.645,5415
multifit,2,171.788,2.86764,570.041,279
multifit,2,71.1694,-69.4613,576.199,7526
multifit,2,98.1647,-19.8025,582.171,5938
multifit,2,76.0776,-15.5519,582.974,5628
multifit,2,24.5412,-87.813,585.714,7970
multifit,2,171.788,19.8703,585.614,861
multifit,2,88.3483,-14.2027,588.966,5639
multifit,2,49.0823,164.393,596.516,4339
multifit,2,147.247,130.387,604.66,3987
multifit,2,49.0824,-14.2027,606.119,5607
multifit,2,-7.62939e-06,-87.813,606.302,7951
multifit,2,161.972,-65.3461,610.075,7322
multifit,2,34.3576,167.362,622.4,4336
multifit,2,9.81647,164.393,637.454,4331
multifit,2,110.435,-49.5571,636.855,6782
multifit,2,78.5318,-82.2132,641.828,7777
multifit,2,58.8988,243.874,641.291,4998
multifit,2,-39.2659,70.8104,641.372,2316
multifit,2,-22.0871,49.5571,644.709,1553
multifit,2,103.073,172.894,647.088,4437
multifit,2,-29.4494,48.208,647.14,1548
multifit,2,44.1741,189.897,648.965,4590
multifit,2,-147.247,28.3716,649.153,907
multifit,2,-98.1647,-19.8025,650.646,5778
multifit,2,137.431,209.868,651.916,4762
multifit,2,206.146,141.858,651.633,4095
multifit,2,-19.6329,28.3038,653.312,1006
multifit,2,-44.1741,65.2106,653.174,2059
multifit,2,-171.788,2.86764,652.509,20
multifit,2,-186.513,28.3716,654.704,899
multifit,2,53.9906,138.889,656.764,4064
multifit,2,-58.8988,82.2132,657.617,2545
multifit,2,-53.9906,-5.70141,656.164,5226
multifit,2,-34.3576,53.8078,659.016,1808
multifit,2,-24.5412,48.208,661.677,1551
multifit,2,147.247,11.3012,674.014,566
multifit,2,120.252,-7.05056,672.772,5367
multifit,2,-56.4447,58.0584,676.068,1790
multifit,2,-24.5412,36.8052,677.035,1280
multifit,2,-78.5318,-5.70141,677.768,5205
multifit,2,-24.5412,45.3065,677.376,1552
multifit,2,-53.9906,87.813,679.448,2786
multifit,2,-22.0871,60.9599,682.166,2078
multifit,2,-61.3529,83.5624,683.744,2542
multifit,2,-46.6282,69.4613,683.573,2310
multifit,2,-31.9035,49.5571,694.126,1545
multifit,2,-26.9953,49.5571,694.994,1550
multifit,2,-61.3529,109.066,697.466,3234
multifit,2,-73.6235,121.818,712.097,3647
multifit,2,-61.3529,103.467,715.205,3233
multifit,2,-22.0871,43.9573,716.252,1554
multifit,2,-49.0824,82.2132,715.92,2553
multifit,2,-49.0824,90.7145,715.38,2790
multifit,2,-44.1741,104.816,716.104,3247
multifit,2,-22.0871,41.0558,716.69,1283
multifit,2,-100.619,-9.95207,723.906,5485
multifit,2,-24.5412,39.7067,729.383,1281
multifit,2,-39.2659,22.704,757.059,705
multifit,2,-41.72,24.0532,758.758,704
multifit,2,-73.6235,22.704,762.268,678
multifit,2,-24.5412,19.8025,762.478,717
multifit,2,-68.7153,31.2053,762.324,967
multifit,2,-66.2612,35.456,762.085,1247
multifit,2,-26.9953,9.95207,762.437,424
multifit,2,-71.1694,26.9547,762.256,965
multifit,2,-68.7153,36.8052,761.671,1245
multifit,2,-71.1694,32.5545,762.399,964
multifit,2,-29.4494,19.8025,763.064,714
multifit,2,-36.8118,24.0532,763.936,707
multifit,2,85.8941,109.066,766.097,3354
multifit,2,83.44,107.717,764.965,3352
multifit,2,-49.0824,22.704,767.54,697
multifit,2,-44.1741,22.704,767.359,702
multifit,2,-90.8024,35.456,771.964,1226
multifit,2,83.44,104.816,774.838,3351
multifit,2,-34.3577,22.704,775.513,710
multifit,2,-29.4494,22.704,777.133,713
multifit,2,-24.5412,22.704,776.227,718
multifit,2,88.3482,107.717,775.866,3355
multifit,2,-88.3483,39.7067,777.035,1228
multifit,2,-90.8024,41.0558,778.327,1227
multifit,2,-51.5365,32.5545,777.401,980
multifit,2,-58.8988,22.704,779.134,689
multifit,2,-95.7106,32.5545,777.604,945
multifit,2,-46.6282,15.5519,778.566,409
multifit,2,-93.2565,31.2053,779.158,946
multifit,2,-19.6329,14.2027,778.175,431
multifit,2,-22.0871,15.5519,777.413,428
multifit,2,-31.9035,24.0532,777.724,712
multifit,2,-39.2659,31.2053,777.45,991
multifit,2,-90.8024,32.5545,779.339,948
multifit,2,-44.1741,14.2027,782.705,410
multifit,2,-46.6282,24.0532,781.182,699
multifit,2,-85.8941,41.0558,782.704,1230
multifit,2,-41.72,26.9547,781.658,989
multifit,2,-39.2659,14.2027,783.539,415
multifit,2,-88.3483,36.8052,784.94,1229
multifit,2,85.8941,103.467,786.934,3353
multifit,2,88.3482,104.816,786.627,3356
multifit,2,-127.614,45.3065,793.454,1467
multifit,2,-39.2659,28.3038,795.6,990
multifit,2,-127.614,48.208,795.956,1468
multifit,2,-125.16,52.4586,796.439,1735
multifit,2,90.8023,103.467,801.266,3358
multifit,2,-73.6235,39.7067,799.999,1241
multifit,2,85.8941,100.565,802.668,3130
multifit,2,-31.9035,18.4534,802.203,711
multifit,2,-31.9035,15.5519,805.272,420
multifit,2,-53.9906,45.3065,806.254,1528
multifit,2,-36.8118,26.9547,806.19,992
multifit,2,-112.889,36.8052,805.238,1208
multifit,2,-29.4494,11.3012,805.827,422
multifit,2,-26.9953,24.0532,805.856,715
multifit,2,-76.0777,41.0558,806.87,1238
multifit,2,-22.0871,24.0532,808.134,720
multifit,2,-90.8024,43.9573,806.894,1498
multifit,2,-130.068,43.9573,808.9,1466
multifit,2,-122.706,48.208,809.963,1471
multifit,2,90.8023,100.565,812.226,3135
multifit,2,-53.9906,36.8052,811.78,1256
multifit,2,-78.5318,39.7067,813.244,1236
multifit,2,-125.16,49.5571,813.774,1470
multifit,2,88.3482,99.2159,814.641,3133
multifit,2,-49.0824,31.2053,822.535,983
multifit,2,-122.706,53.8078,824.652,1736
multifit,2,93.2565,53.8078,824.996,1912
multifit,2,-39.2659,31.2053,825.26,991
multifit,2,-41.72,15.5519,827.199,412
multifit,2,-44.1741,28.3038,828.181,987
multifit,2,-53.9906,31.2053,829.829,978
multifit,2,88.3482,96.3143,829.528,3132
multifit,2,-125.16,43.9573,830.737,1469
multifit,2,-51.5365,32.5545,832.073,980
multifit,2,-41.72,32.5545,834.326,988
multifit,2,-71.1694,41.0558,832.932,1243
multifit,2,-78.5318,36.8052,836.5,1237
multifit,2,-53.9906,39.7067,843.256,1257
multifit,2,-53.9906,-133.221,842.728,8983
multifit,2,-44.1741,31.2053,842.829,986
multifit,2,90.8023,94.9652,844.768,3134
multifit,2,-68.7153,-104.816,844.236,8348
multifit,2,-117.798,45.3065,843.812,1475
multifit,2,-56.4447,35.456,844.41,1255
multifit,2,93.2565,96.3143,846.116,3137
multifit,2,-51.5365,41.0558,850.112,1259
multifit,2,-56.4447,41.0558,853.59,1254
multifit,2,-53.9906,36.8052,856.006,1256
multifit,2,-115.344,49.5571,857.112,1478
multifit,2,-120.252,41.0558,858.153,1203
multifit,2,-80.9859,35.456,858.833,1234
multifit,2,90.8023,92.0637,858.954,2904
multifit,2,-110.435,41.0558,861.325,1211
multifit,2,-112.889,39.7067,862.862,1209
multifit,2,-63.8071,36.8052,863.627,1248
multifit,2,-61.353,35.456,863.128,1250
multifit,2,-110.435,49.5571,862.954,1481
multifit,2,-117.798,39.7067,865.104,1204
multifit,2,-46.6282,35.456,864.881,1263
multifit,2,-49.0823,36.8052,864.414,1261
multifit,2,-51.5365,35.456,864.375,1258
multifit,2,-58.8988,36.8052,866.14,1253
multifit,2,-46.6282,41.0558,866.412,1262
multifit,2,-115.344,43.9573,866.769,1477
multifit,2,-58.8988,39.7067,867.152,1252
multifit,2,-49.0823,39.7067,868.697,1260
multifit,2,98.1647,79.3117,869.349,2672
multifit,2,-44.1741,39.7067,868.173,1265
multifit,2,-115.344,41.0558,870.728,1206
multifit,2,93.2565,90.7145,870.279,2907
multifit,2,-36.8118,32.5545,870.266,993
multifit,2,-112.889,48.208,869.923,1479
multifit,2,-46.6282,32.5545,871.785,985
multifit,2,-120.252,43.9573,871.512,1474
multifit,2,-112.889,-206.899,875.892,9831
multifit,2,-41.72,35.456,875.842,1266
multifit,2,-117.798,48.208,879.221,1476
multifit,2,-36.8118,35.456,883.61,1271
multifit,2,93.2565,87.813,883.592,2906
multifit,2,-39.2659,36.8052,883.838,1269
multifit,2,-201.238,-150.359,888.249,9226
multifit,2,-98.1647,124.855,889.411,3635
multifit,2,-93.2565,121.886,889.881,3636
multifit,2,90.8023,86.4639,890.312,2905
multifit,2,-73.6235,70.8104,890.849,2287
multifit,2,-93.2565,99.2159,890.76,2984
multifit,2,-34.3577,31.2053,891.263,994
multifit,2,-56.4447,-128.97,893.369,8981
multifit,2,-80.9859,109.066,898.488,3218
multifit,2,-17.1788,24.0532,898.126,723
multifit,2,-171.788,-116.354,899.272,8529
multifit,2,-80.9859,103.467,899.295,3217
multifit,2,-41.72,41.0558,901.194,1267
multifit,2,-85.8941,103.467,901.822,3214
multifit,2,95.7106,86.4639,901.262,2908
multifit,2,-53.9906,65.2106,903.239,2051
multifit,2,-88.3482,104.816,904.118,3212
multifit,2,-88.3482,99.2159,904.759,2989
multifit,2,-137.431,-96.3821,905.706,8091
multifit,2,90.8023,83.5624,906.426,2667
multifit,2,-93.2565,107.717,907.165,3208
multifit,2,-56.4447,52.4586,907.995,1791
multifit,2,-78.5318,104.816,908.597,3220
multifit,2,95.7106,83.5624,909.579,2670
multifit,2,-90.8024,111.968,908.856,3426
multifit,2,93.2565,82.2132,911.555,2668
multifit,2,-61.3529,60.9599,911.58,2046
multifit,2,-112.889,-56.7093,910.218,6865
multifit,2,-44.1741,53.8078,913.325,1800
multifit,2,-63.8071,65.2106,913.076,2043
multifit,2,-58.8988,56.7093,916.349,1788
multifit,2,-24.5412,28.3038,915.767,1003
multifit,2,-142.339,82.3487,916.661,2496
multifit,2,-56.4447,69.4613,916.02,2302
multifit,2,-68.7153,70.8104,918.511,2292
multifit,2,-39.2659,39.7067,920.599,1268
multifit,2,-88.3482,113.317,919.423,3427
multifit,2,-29.4494,31.2053,919.187,999
multifit,2,-49.0823,62.3091,919.214,2055
multifit,2,-71.1694,75.0611,920.154,2290
multifit,2,-83.44,104.816,919.182,3215
multifit,2,-26.9953,26.9547,920.22,1000
multifit,2,-78.5318,79.3117,920.954,2528
multifit,2,-26.9953,32.5545,923.115,1001
multifit,2,-85.8941,117.568,923.108,3430
multifit,2,-46.6282,58.0584,924.049,1798
multifit,2,-34.3576,36.8052,923.199,1272
multifit,2,-93.2565,116.354,928.03,3425
multifit,2,-58.8988,65.2106,927.173,2048
multifit,2,-36.8118,41.0558,928.886,1270
multifit,2,-88.3482,116.218,928.932,3428
multifit,2,-127.614,130.387,928.615,3832
multifit,2,-22.0871,120.469,929.044,3689
multifit,2,93.2565,79.3117,930.908,2669
multifit,2,-211.054,133.357,931.35,3815
multifit,2,-63.8071,70.8104,931.154,2295
multifit,2,-29.4494,181.395,934.698,4494
multifit,2,-147.247,90.85,935.155,2736
multifit,2,-39.2659,45.3065,936.257,1539
multifit,2,-34.3576,39.7067,937.184,1273
multifit,2,-186.513,96.3821,936.653,2961
multifit,2,-85.8941,111.968,938.1,3429
multifit,2,98.1647,79.3117,938.104,2672
multifit,2,-51.5365,60.9599,940.02,2054
multifit,2,95.7106,77.9626,941.501,2671
multifit,2,90.8023,77.9626,942.227,2666
multifit,2,-39.2659,53.8078,943.98,1805
multifit,2,-41.72,49.5571,943.48,1537
multifit,2,-34.3576,167.362,946.013,4322
multifit,2,-95.7106,94.9652,947.573,2982
multifit,2,-83.44,113.317,949.417,3432
multifit,2,-44.1741,36.8052,950.139,1264
multifit,2,-90.8024,109.066,949.226,3210
multifit,2,-31.9035,32.5545,952.976,996
multifit,2,-41.72,43.9573,953.179,1538
multifit,2,90.8023,75.0611,953.5,2421
multifit,2,95.7106,75.0611,957.127,2426
multifit,2,-41.72,41.0558,958.764,1267
multifit,2,-26.9953,26.9547,958.489,1000
multifit,2,-78.5318,87.813,959.118,2767
multifit,2,-31.9035,35.456,961.359,1274
multifit,2,-24.5412,240.904,964.096,4981
multifit,2,93.2565,73.7119,963.537,2424
multifit,2,98.1647,73.7119,964.931,2427
multifit,2,-76.0776,86.4639,965.384,2769
multifit,2,-56.4447,66.5598,965.922,2050
multifit,2,-68.7153,90.7145,966.599,2774
multifit,2,-49.0824,70.8104,966.248,2308
multifit,2,-73.6235,82.2132,966.811,2532
multifit,2,-44.1741,45.3065,967.758,1536
multifit,2,-71.1694,77.9626,968.776,2535
multifit,2,-66.2612,86.4639,970.979,2777
multifit,2,-14.7247,22.704,970.928,726
multifit,2,-31.9035,41.0558,972.92,1275
multifit,2,-36.8118,49.5571,973.084,1542
multifit,2,-68.7153,82.2132,973.584,2537
multifit,2,-73.6235,79.3117,972.628,2533
multifit,2,-26.9953,41.0558,974.841,1278
multifit,2,-61.3529,75.0611,976.763,2298
multifit,2,-36.8118,43.9573,977.686,1541
multifit,2,-39.2659,56.7093,977.367,1804
multifit,2,-24.5412,28.3038,978.833,1003
multifit,2,98.1647,70.8104,978.619,2428
multifit,2,-34.3576,45.3065,979.74,1544
multifit,2,-26.9953,32.5545,979.288,1001
multifit,2,-61.3529,60.9599,977.98,2046
multifit,2,-29.4494,31.2053,981.126,999
multifit,2,-46.6282,66.5598,980.258,2058
multifit,2,-24.5412,31.2053,981.372,1002
multifit,2,93.2565,70.8104,983.13,2423
multifit,2,-41.72,52.4586,984.337,1802
multifit,2,90.8023,69.4613,984.965,2422
multifit,2,-68.7153,87.813,984.077,2775
multifit,2,95.7106,69.4613,984.854,2425
multifit,2,-76.0776,83.5624,983.942,2531
multifit,2,-73.6235,87.813,984.323,2770
multifit,2,-95.7106,86.4639,985.736,2753
multifit,2,-63.8071,79.3117,988.016,2541
multifit,2,-71.1694,86.4639,988.513,2772
multifit,2,-58.8988,73.7119,988.522,2299
multifit,2,-31.9035,43.9573,989.947,1546
multifit,2,-29.4494,36.8052,993.948,1277
multifit,2,-49.0823,65.2106,996.892,2056
multifit,2,-71.1694,83.5624,999.278,2534
multifit,2,-22.0871,26.9547,998.213,1005
multifit,2,90.8024,66.5598,1001.52,2170
multifit,2,95.7106,66.5598,1006.11,2173
multifit,2,-58.8988,70.8104,1007.92,2300
multifit,2,98.1647,65.2106,1009.83,2176
multifit,2,-66.2612,77.9626,1010.06,2538
multifit,2,93.2565,65.2106,1009.74,2171
multifit,2,-29.4494,39.7067,1010.63,1276
multifit,2,-39.2659,48.208,1011.61,1540
multifit,2,-26.9953,32.5545,1011.62,1001
multifit,2,90.8023,60.9599,1013.8,2169
multifit,2,-26.9953,35.456,1015.6,1279
multifit,2,-68.7153,73.7119,1018.77,2291
multifit,2,-44.1741,62.3091,1019.13,2060
multifit,2,-63.8071,73.7119,1018.73,2296
multifit,2,-66.2612,83.5624,1019.49,2539
multifit,2,-63.8071,82.2132,1018.91,2540
multifit,2,-41.72,58.0584,1020.52,1803
multifit,2,-71.1694,92.0637,1021.19,2773
multifit,2,-68.7153,79.3117,1020.72,2536
multifit,2,-17.1788,24.0532,1021.46,723
multifit,2,-29.4494,45.3065,1020.35,1547
multifit,2,98.1647,62.3091,1020.63,2175
multifit,2,93.2565,62.3091,1021.8,2172
multifit,2,-46.6282,52.4586,1025.38,1799
multifit,2,-36.8118,49.5571,1027.15,1542
multifit,2,17.1788,-60.9599,1026.11,7230
multifit,2,-68.7153,-121.818,1026.88,8772
multifit,2,-36.8118,52.4586,1027.29,1807
multifit,2,90.8023,58.0584,1026.68,1910
multifit,2,-49.0823,56.7093,1028.31,1796
multifit,2,-73.6235,99.2159,1028.52,3000
multifit,2,-34.3576,48.208,1028.45,1543
multifit,2,-51.5365,66.5598,1029.39,2053
multifit,2,95.7106,60.9599,1030.36,2174
multifit,2,-44.1741,56.7093,1030.34,1801
multifit,2,-22.0871,32.5545,1032.81,1004
multifit,2,-76.0777,92.0637,1033.45,2768
multifit,2,-26.9953,43.9573,1035.57,1549
multifit,3,-201.238,-150.359,318.119,9226
multifit,3,-68.7153,-121.818,321.745,8772
multifit,3,-112.889,-56.7093,335.361,6865
multifit,3,-171.788,-116.354,336.416,8529
multifit,3,-112.889,-206.899,342.109,9831
multifit,3,-53.9906,-133.221,343.618,8983
multifit,3,-56.4447,-128.97,345.004,8981
multifit,3,-137.431,-96.3821,348.63,8091
multifit,3,-95.7106,86.4639,360.73,2753
multifit,3,-29.4494,181.395,361.554,4494
multifit,3,-211.054,133.357,369.089,3815
multifit,3,-24.5412,240.904,374.876,4981
multifit,3,-142.339,82.3487,377.342,2496
multifit,3,-186.513,96.3821,384.473,2961
multifit,3,-152.155,189.897,388.43,4550
multifit,3,-127.614,130.387,390.659,3832
multifit,3,-34.3576,167.362,390.25,4322
multifit,3,-147.247,90.85,393.743,2736
multifit,3,-95.7106,94.9652,396.268,2982
multifit,3,-22.0871,120.469,404.676,3689
multifit,3,-2.45413,35.456,698.763,1298
multifit,3,-2.45413,52.4586,703.8,1834
multifit,3,-17.1788,86.4639,704.697,2817
multifit,3,12.2706,100.565,738.72,3071
multifit,3,122.706,45.3065,741.884,1672
multifit,3,125.16,24.0532,747.181,840
multifit,3,17.1788,100.565,750.527,3074
multifit,3,49.0824,28.3038,754.235,1062
multifit,3,-2.45412,100.565,758.77,3058
multifit,3,2.4541,52.4586,759.756,1839
multifit,3,98.1647,19.8025,766.811,818
multifit,3,7.36234,77.9626,766.815,2599
multifit,3,76.0776,15.5519,767.125,508
multifit,3,22.0871,7.05056,768.102,167
multifit,3,51.5365,15.5519,769.798,489
multifit,3,58.8988,11.3012,769.481,494
multifit,3,56.4447,9.95207,769.77,493
multifit,3,53.9906,11.3012,769.81,491
multifit,3,56.4447,15.5519,769.397,492
multifit,3,39.2659,-11.3012,769.654,5598
multifit,3,56.4447,7.05056,768.874,196
multifit,3,53.9906,14.2027,769.584,490
multifit,3,53.9906,5.70141,768.934,194
multifit,3,95.7106,32.5545,769.711,1100
multifit,3,88.3483,22.704,769.635,809
multifit,3,95.7106,18.4534,769.26,815
multifit,3,90.8024,26.9547,769.982,1096
multifit,3,49.0824,11.3012,769.973,486
multifit,3,51.5365,7.05056,769.452,191
multifit,3,58.8988,14.2027,769.398,495
multifit,3,61.3529,15.5519,769.349,497
multifit,3,63.8071,19.8025,769.003,789
multifit,3,78.5318,19.8025,769.991,802
multifit,3,78.5318,14.2027,769.121,511
multifit,3,78.5318,11.3012,769.016,510
multifit,3,93.2565,31.2053,769.733,1098
multifit,3,26.9953,18.4534,769.931,759
multifit,3,36.8118,9.95207,770.795,477
multifit,3,29.4494,-5.70141,771.501,5293
multifit,3,49.0824,14.2027,770.051,487
multifit,3,68.7153,11.3012,771.499,502
multifit,3,26.9953,7.05056,771.627,172
multifit,3,71.1694,9.95207,771.283,504
multifit,3,51.5365,9.95207,770.121,488
multifit,3,39.2659,11.3012,770.813,478
multifit,3,58.8988,28.3038,770.246,1070
multifit,3,44.1741,2.7999,770.744,185
multifit,3,39.2659,5.70141,770.894,181
multifit,3,76.0776,24.0532,770.028,800
multifit,3,46.6282,7.05056,770.232,188
multifit,3,36.8118,7.05056,770.967,180
multifit,3,41.72,9.95207,770.588,480
multifit,3,49.0824,2.7999,771.106,190
multifit,3,63.8071,22.704,770.931,790
multifit,3,63.8071,28.3038,770.802,1075
multifit,3,61.3529,26.9547,770.454,1072
multifit,3,46.6282,1.45075,770.05,187
multifit,3,61.3529,24.0532,770.464,787
multifit,3,61.3529,18.4534,770.979,788
multifit,3,58.8988,19.8025,771.075,786
multifit,3,56.4447,18.4534,771.277,783
multifit,3,53.9906,19.8025,771.189,781
multifit,3,56.4447,24.0532,770.775,784
multifit,3,53.9906,22.704,770.962,782
multifit,3,56.4447,26.9547,770.615,1069
multifit,3,51.5365,18.4534,771.519,780
multifit,3,58.8988,22.704,770.6,785
multifit,3,44.1741,5.70141,770.698,186
multifit,3,44.1741,11.3012,770.606,483
multifit,3,49.0824,5.70141,770.433,189
multifit,3,41.72,-1.45075,771.229,5304
multifit,3,31.9035,7.05056,771.838,175
multifit,3,39.2659,-2.7999,771.561,5302
multifit,3,34.3577,-2.7999,771.504,5297
multifit,3,41.72,1.45075,771.245,184
multifit,3,85.8941,18.4534,770.537,807
multifit,3,36.8118,-1.45075,771.562,5299
multifit,3,34.3577,5.70141,771.498,178
multifit,3,31.9035,1.45075,771.776,176
multifit,3,46.6282,9.95207,770.18,485
multifit,3,41.72,7.05056,770.951,183
multifit,3,34.3577,2.7999,771.52,177
multifit,3,36.8118,1.45075,771.544,179
multifit,3,39.2659,2.7999,771.305,182
multifit,3,85.8941,24.0532,770.544,808
multifit,3,24.5412,5.70141,773.022,170
multifit,3,46.6282,15.5519,771.989,484
multifit,3,44.1741,14.2027,771.943,482
multifit,3,24.5412,-5.70141,772.28,5290
multifit,3,49.0824,19.8025,773.322,778
multifit,3,29.4494,2.7999,772.164,174
multifit,3,26.9953,1.45075,772.487,171
multifit,3,22.0871,-1.45075,773.452,5288
multifit,3,29.4494,5.70141,772.427,173
multifit,3,24.5412,2.7999,772.877,169
multifit,3,22.0871,1.45075,773.483,168
multifit,3,31.9035,-1.45075,772.299,5296
multifit,3,24.5412,-2.7999,772.997,5289
multifit,3,26.9953,-1.45075,772.536,5291
multifit,3,29.4494,-2.7999,772.203,5294
multifit,3,-19.6329,-22.704,852.326,5841
multifit,3,-39.2659,-39.7067,855.879,6388
multifit,3,-100.619,-94.9652,858.348,8099
multifit,3,46.6282,-60.9599,865.169,7254
multifit,3,68.7153,-62.3091,870.381,7271
multifit,3,-63.8071,-39.7067,874.545,6369
multifit,3,58.8988,-79.3117,878.633,7760
multifit,3,-7.36236,-26.9547,894.044,6136
multifit,3,-71.1694,-109.066,898.043,8346
multifit,3,-58.8988,-87.813,897.79,7903
multifit,3,-9.81648,-19.8025,897.083,5850
multifit,3,39.2659,-39.7067,902.371,6452
multifit,3,73.6235,22.704,915.132,798
multifit,3,206.146,-62.3768,920.706,7331
multifit,3,120.252,-7.05056,920.381,5367
multifit,3,-88.3482,11.3012,921.106,374
multifit,3,250.32,-2.86764,930.573,5415
multifit,3,171.788,2.86764,932.767,279
multifit,3,206.146,-62.3768,935.597,7331
multifit,3,-78.5318,-31.2053,937.298,6079
multifit,3,-9.81648,-232.403,938.652,10048
multifit,3,147.247,11.3012,938.645,566
multifit,3,132.522,-116.354,941.784,8702
multifit,3,78.5318,-82.2132,942.144,7777
multifit,3,196.329,-5.83687,941.133,5404
multifit,3,-12.2706,-120.469,943.561,8817
multifit,3,-240.504,70.8781,943.605,2228
multifit,3,76.0776,-15.5519,943.32,5628
multifit,3,-39.2659,53.8078,945.048,1805
multifit,3,88.3483,-14.2027,947.26,5639
multifit,3,4.90822,-39.7067,948.41,6425
multifit,3,68.7153,99.2159,952.102,3117
multifit,3,196.329,-22.8395,950.901,5986
multifit,3,186.513,-164.393,953.713,9487
multifit,3,206.146,-62.3768,955.54,7331
multifit,3,230.687,-121.886,954.595,8927
multifit,3,220.871,70.8781,954.529,2463
multifit,3,-49.0824,28.3038,957.967,982
multifit,3,-90.8024,41.0558,958.846,1227
multifit,3,-132.522,-116.354,958.564,8537
multifit,3,171.788,19.8703,958.395,861
multifit,3,-245.412,-62.3768,959.433,7092
multifit,3,-71.1694,32.5545,960.384,964
multifit,3,46.6282,52.4586,962.702,1874
multifit,3,110.435,-49.5571,962.986,6782
multifit,3,49.0824,-14.2027,966.11,5607
multifit,3,-14.7247,-79.3117,966.044,7701
multifit,3,24.5412,-201.367,967.273,9784
multifit,3,-41.72,117.568,967.431,3465
multifit,3,147.247,90.85,968.132,2925
multifit,3,-7.62939e-06,-87.813,970.069,7951
multifit,3,17.1788,-60.9599,969.305,7230
multifit,3,-171.788,-184.364,970.275,9585
multifit,3,-53.9906,45.3065,971.143,1528
multifit,3,-7.36236,-100.565,970.987,8175
multifit,3,53.9906,73.7119,971.478,2392
multifit,3,73.6235,-130.32,973.814,9088
multifit,3,31.9035,-69.4613,973.332,7494
multifit,3,-14.7247,-116.218,973.333,8607
multifit,3,-215.962,22.8395,972.476,605
multifit,3,9.81648,-19.8025,972.501,5866
multifit,3,-12.2706,-1.45075,973.17,5259
multifit,3,53.9906,-133.221,975.797,9071
multifit,3,-152.155,-138.889,975.217,9142
multifit,3,-78.5318,215.4,975.854,4788
multifit,3,137.431,-96.3821,974.618,8270
multifit,3,206.146,141.858,975.155,4095
multifit,3,-166.88,11.369,975.432,321
multifit,3,-171.788,19.8703,975.872,614
multifit,3,191.421,104.883,975.133,3381
multifit,3,-103.073,28.3038,976.853,939
multifit,3,-36.8118,-15.5519,977.496,5537
multifit,3,-29.4494,-141.858,977.05,9167
multifit,3,58.8988,73.7119,976.105,2395
multifit,3,103.073,172.894,976.88,4437
multifit,3,147.247,130.387,979.36,3987
multifit,3,17.1788,-41.0558,979.044,6435
multifit,3,161.972,-65.3461,979.041,7322
multifit,3,-14.7247,-206.899,978.783,9851
multifit,3,-26.9953,-134.57,979.555,9006
multifit,3,49.0824,82.2132,980.138,2633
multifit,3,122.706,-189.897,983.198,9726
multifit,3,-152.155,-121.886,981.832,8744
multifit,3,46.6282,-24.0532,985.936,5896
multifit,3,44.1741,36.8052,985.467,1336
multifit,3,58.8988,243.874,987.342,4998
multifit,3,44.1741,-155.891,988.031,9368
multifit,3,-24.5412,-19.8025,987.753,5837
multifit,3,-49.0824,158.861,989.848,4229
multifit,3,68.7153,-147.39,991.076,9281
multifit,3,191.421,-99.3513,991.775,8281
multifit,3,-3.8147e-06,-243.874,993.893,10106
multifit,3,-51.5365,9.95207,1000.1,405
multifit,3,-49.0824,164.393,1002.37,4319
multifit,3,53.9906,138.889,1002.58,4064
multifit,3,-245.412,-62.3768,1004.18,7092
multifit,3,98.1647,70.8104,1005.2,2428
multifit,3,137.431,209.868,1005.51,4762
multifit,3,7.36235,-100.565,1008.22,8186
multifit,3,83.44,-28.3038,1007.37,6211
multifit,3,95.7106,86.4639,1011.1,2908
multifit,3,29.4494,-141.858,1012.27,9179
multifit,3,24.5412,-87.813,1011.82,7970
multifit,3,-83.44,-28.3038,1013.23,6075
multifit,3,-58.8988,73.7119,1016.01,2299
multifit,3,93.2565,-53.8078,1018.17,7032
multifit,3,49.0823,164.393,1018.28,4339
multifit,3,117.798,53.8078,1019.97,1933
multifit,3,-73.6235,121.818,1021.8,3647
multifit,3,-61.3529,103.467,1021.14,3233
multifit,3,68.7153,53.8078,1021.79,1893
multifit,3,-44.1741,104.816,1022.65,3247
multifit,3,-61.3529,83.5624,1026.79,2542
multifit,3,9.81647,164.393,1031.15,4331
multifit,3,44.1741,189.897,1029.51,4590
multifit,3,-186.513,28.3716,1032.47,899
multifit,3,-56.4447,58.0584,1031.9,1790
multifit,3,34.3576,167.362,1033.81,4336
multifit,3,-147.247,28.3716,1034.5,907
multifit,3,-98.1647,-19.8025,1033.28,5778
multifit,3,98.1647,-19.8025,1036.71,5938
multifit,3,-171.788,2.86764,1035.68,20
multifit,3,71.1694,-69.4613,1036.1,7526
multifit,4,14.7247,5.70141,155.658,162
multifit,4,22.0871,9.95207,156.562,464
multifit,4,66.2612,24.0532,160.153,792
multifit,4,63.8071,31.2053,160.431,1074
multifit,4,29.4494,22.704,162.39,761
multifit,4,19.6329,19.8025,161.774,754
multifit,4,22.0871,18.4534,161.806,756
multifit,4,22.0871,15.5519,162.973,465
multifit,4,19.6329,14.2027,163.986,463
multifit,4,73.6235,36.8052,166.71,1360
multifit,4,31.9035,24.0532,185.946,763
multifit,4,24.5412,19.8025,185.989,757
multifit,4,19.6329,14.2027,184.948,463
multifit,4,66.2612,26.9547,186.08,1077
multifit,4,63.8071,22.704,186.755,790
multifit,4,68.7153,22.704,191.189,793
multifit,4,24.5412,11.3012,190.897,467
multifit,4,76.0776,32.5545,192.964,1084
multifit,4,36.8118,24.0532,197.529,768
multifit,4,17.1788,15.5519,226.578,460
multifit,4,24.5412,22.704,250.849,758
multifit,4,34.3577,22.704,250.597,766
multifit,4,68.7153,31.2053,266.988,1079
multifit,4,17.1788,7.05056,266.561,164
multifit,4,-14.7247,-79.3117,292.01,7701
multifit,4,93.2565,-53.8078,295.752,7032
multifit,4,71.1694,24.0532,308.618,795
multifit,4,22.0871,7.05056,308.171,167
multifit,4,39.2659,22.704,310.96,769
multifit,4,71.1694,32.5545,311.366,1081
multifit,4,-152.155,-121.886,312.203,8744
multifit,4,-49.0824,164.393,312.275,4319
multifit,4,29.4494,-141.858,313.777,9179
multifit,4,19.6329,5.70141,316.268,165
multifit,4,-36.8118,-15.5519,320.707,5537
multifit,4,17.1788,-60.9599,320.978,7230
multifit,4,73.6235,-130.32,322.023,9088
multifit,4,-29.4494,-141.858,322.721,9167
multifit,4,-3.8147e-06,-243.874,323.542,10106
multifit,4,-7.36236,-100.565,326.173,8175
multifit,4,-12.2706,-120.469,325.806,8817
multifit,4,-88.3482,11.3012,330.131,374
multifit,4,-171.788,19.8703,329.43,614
multifit,4,220.871,70.8781,331.702,2463
multifit,4,147.247,90.85,330.893,2925
multifit,4,68.7153,99.2159,331.013,3117
multifit,4,-132.522,-116.354,330.869,8537
multifit,4,117.798,53.8078,332.75,1933
multifit,4,-49.0824,158.861,332.239,4229
multifit,4,53.9906,-133.221,334.577,9071
multifit,4,-83.44,-28.3038,333.974,6075
multifit,4,-9.81648,-232.403,334.478,10048
multifit,4,-171.788,-184.364,337.302,9585
multifit,4,53.9906,73.7119,339.411,2392
multifit,4,66.2612,35.456,337.674,1354
multifit,4,24.5412,-201.367,337.663,9784
multifit,4,-78.5318,-31.2053,339.636,6079
multifit,4,49.0824,82.2132,339.699,2633
multifit,4,68.7153,-147.39,343.744,9281
multifit,4,-12.2706,-1.45075,346.461,5259
multifit,4,44.1741,-155.891,345.184,9368
multifit,4,31.9035,-69.4613,345.52,7494
multifit,4,-78.5318,215.4,348.354,4788
multifit,4,-103.073,28.3038,350.285,939
multifit,4,-14.7247,-206.899,349.333,9851
multifit,4,191.421,-99.3513,352.107,8281
multifit,4,-51.5365,9.95207,351.623,405
multifit,4,-215.962,22.8395,353.236,605
multifit,4,-14.7247,-116.218,356.587,8607
multifit,4,9.81648,-19.8025,357.601,5866
multifit,4,24.5412,14.2027,363.83,466
multifit,4,-240.504,70.8781,367.932,2228
multifit,4,191.421,104.883,369.691,3381
multifit,4,66.2612,32.5545,391.657,1076
multifit,4,14.7247,11.3012,399.013,459
multifit,4,61.3529,24.0532,398.767,787
multifit,4,68.7153,28.3038,401.029,1078
multifit,4,-26.9953,-134.57,415.48,9006
multifit,4,24.5412,5.70141,426.378,170
multifit,4,58.8988,73.7119,432.08,2395
multifit,4,93.2565,31.2053,464.732,1098
multifit,4,73.6235,22.704,466.716,798
multifit,4,24.5412,5.70141,471.615,170
multifit,4,2.4541,52.4586,487.043,1839
multifit,4,122.706,45.3065,491.803,1672
multifit,4,63.8071,14.2027,492.497,498
multifit,4,9.81648,2.7999,496.961,158
multifit,4,12.2706,100.565,498.787,3071
multifit,4,98.1647,19.8025,509.253,818
multifit,4,-2.45413,52.4586,513.278,1834
multifit,4,-2.45413,35.456,513.258,1298
multifit,4,-17.1788,86.4639,517.903,2817
multifit,4,7.36234,77.9626,517.802,2599
multifit,4,-71.1694,-109.066,518.02,8346
multifit,4,17.1788,100.565,521.92,3074
multifit,4,26.9953,9.95207,531.455,469
multifit,4,76.0776,15.5519,535.909,508
multifit,4,125.16,24.0532,538.927,840
multifit,4,51.5365,9.95207,540.931,488
multifit,4,-2.45412,100.565,542.571,3058
multifit,4,-100.619,-94.9652,556.089,8099
multifit,4,58.8988,-79.3117,571.178,7760
multifit,4,39.2659,-39.7067,572.915,6452
multifit,4,-9.81648,-19.8025,579.583,5850
multifit,4,46.6282,-60.9599,585.47,7254
multifit,4,26.9953,7.05056,591.776,172
multifit,4,-39.2659,-39.7067,594.441,6388
multifit,4,-7.36236,-26.9547,605.757,6136
multifit,4,63.8071,11.3012,611.533,499
multifit,4,68.7153,-62.3091,613.633,7271
multifit,4,-63.8071,-39.7067,617.126,6369
multifit,4,-19.6329,-22.704,621.967,5841
multifit,4,-58.8988,-87.813,622.812,7903
multifit,4,-71.1694,32.5545,628.318,964
multifit,4,31.9035,-1.45075,634.882,5296
multifit,4,-53.9906,45.3065,641.922,1528
multifit,4,-90.8024,41.0558,643.96,1227
multifit,4,147.247,11.3012,645.543,566
multifit,4,88.3483,-14.2027,649.386,5639
multifit,4,132.522,-116.354,671.9,8702
multifit,4,24.5412,2.7999,675.536,169
multifit,4,186.513,-164.393,678.311,9487
multifit,4,196.329,-5.83687,680.509,5404
multifit,4,98.1647,-19.8025,687.163,5938
multifit,4,24.5412,-87.813,687.266,7970
multifit,4,-7.62939e-06,-87.813,688.276,7951
multifit,4,171.788,2.86764,687.977,279
multifit,4,250.32,-2.86764,688.214,5415
multifit,4,171.788,19.8703,687.39,861
multifit,4,7.36235,-100.565,687.33,8186
multifit,4,71.1694,-69.4613,690.449,7526
multifit,4,-49.0824,28.3038,695.816,982
multifit,4,4.90822,-39.7067,695.972,6425
multifit,4,49.0824,-14.2027,696.772,5607
multifit,4,83.44,-28.3038,701.737,6211
multifit,4,95.7106,86.4639,708.859,2908
multifit,4,39.2659,11.3012,708.901,478
multifit,4,78.5318,-82.2132,708.836,7777
multifit,4,196.329,-22.8395,707.791,5986
multifit,4,61.3529,15.5519,710.696,497
multifit,4,49.0823,164.393,711.98,4339
multifit,4,76.0776,-15.5519,711.646,5628
multifit,4,31.9035,7.05056,714.8,175
multifit,4,161.972,-65.3461,714.293,7322
multifit,4,120.252,-7.05056,722.686,5367
multifit,4,206.146,141.858,727.046,4095
multifit,4,53.9906,138.889,727.925,4064
multifit,4,110.435,-49.5571,732.557,6782
multifit,4,34.3576,167.362,736.081,4336
multifit,4,137.431,209.868,737.615,4762
multifit,4,103.073,172.894,739.252,4437
multifit,4,147.247,130.387,739.87,3987
multifit,4,-98.1647,-19.8025,738.772,5778
multifit,4,98.1647,70.8104,742.717,2428
multifit,4,61.3529,9.95207,746.992,496
multifit,4,66.2612,7.05056,747.766,204
multifit,4,31.9035,-7.05056,748.466,5295
multifit,4,63.8071,5.70141,750.871,202
multifit,4,44.1741,189.897,752.029,4590
multifit,4,-100.619,-9.95207,753.212,5485
multifit,4,58.8988,243.874,760.191,4998
multifit,4,-147.247,28.3716,773.449,907
multifit,4,-186.513,28.3716,776.747,899
multifit,4,63.8071,19.8025,781.991,789
multifit,4,-56.4447,58.0584,787.937,1790
multifit,4,-61.3529,83.5624,791.534,2542
multifit,4,-171.788,2.86764,795.414,20
multifit,4,9.81647,164.393,799.432,4331
multifit,4,17.1788,-41.0558,804.306,6435
multifit,4,-53.9906,-5.70141,807.895,5226
multifit,4,-58.8988,73.7119,809.229,2299
multifit,4,-61.3529,103.467,819.449,3233
multifit,4,-44.1741,104.816,822.074,3247
multifit,4,-73.6235,121.818,822.179,3647
multifit,4,-49.0824,82.2132,825.066,2553
multifit,4,26.9953,1.45075,826.657,171
multifit,4,-78.5318,-5.70141,839.123,5205
multifit,4,-39.2659,53.8078,848.232,1805
multifit,4,14.7247,-2.7999,864.458,5281
multifit,4,22.0871,1.45075,940.366,168
multifit,4,73.6235,11.3012,993.992,507
multifit,4,-112.889,-206.899,996.123,9831
multifit,4,-137.431,-96.3821,1003.04,8091
multifit,4,46.6282,-24.0532,1005.38,5896
multifit,4,-53.9906,-133.221,1005.86,8983
multifit,4,-56.4447,-128.97,1010.75,8981
multifit,4,-68.7153,-121.818,1011.66,8772
multifit,4,-95.7106,94.9652,1012.87,2982
multifit,4,-127.614,130.387,1015.62,3832
multifit,4,-171.788,-116.354,1015.66,8529
multifit,4,-24.5412,-19.8025,1017.58,5837
multifit,4,-152.155,189.897,1022.08,4550
multifit,4,-112.889,-56.7093,1022.94,6865
multifit,4,-95.7106,86.4639,1024.29,2753
multifit,4,-29.4494,181.395,1024.2,4494
multifit,4,122.706,-189.897,1030.72,9726
multifit,4,-201.238,-150.359,1030.35,9226
multifit,4,-34.3576,167.362,1030.38,4322
multifit,4,-22.0871,120.469,1030.98,3689
multifit,4,-147.247,90.85,1029.98,2736
multifit,4,-186.513,96.3821,1034.41,2961
multifit,4,24.5412,-2.7999,1033.2,5289
multifit,4,68.7153,53.8078,1034.24,1893
multifit,4,46.6282,52.4586,1034.59,1874
multifit,4,-211.054,133.357,1036.3,3815
multifit,4,-166.88,11.369,1035.43,321
multifit,5,-9.81648,-2.7999,157.267,5262
multifit,5,-34.3577,-11.3012,157.122,5539
multifit,5,-29.4494,-2.7999,157.054,5246
multifit,5,-12.2706,-1.45075,158.225,5259
multifit,5,-78.5318,11.3012,157.904,382
multifit,5,-22.0871,-7.05056,158.207,5252
multifit,5,-76.0777,18.4534,158.418,676
multifit,5,-63.8071,19.8025,157.643,685
multifit,5,-36.8118,7.05056,158.33,119
multifit,5,-78.5318,14.2027,157.89,383
multifit,5,-66.2612,15.5519,157.744,393
multifit,5,-26.9953,1.45075,157.709,128
multifit,5,-41.72,-1.45075,157.775,5235
multifit,5,-76.0777,15.5519,158.097,385
multifit,5,-76.0777,24.0532,158.366,675
multifit,5,-34.3577,-5.70141,157.987,5242
multifit,5,-46.6282,9.95207,160.498,408
multifit,5,-36.8118,-9.95207,173.765,5536
multifit,5,-88.3482,22.704,173.774,665
multifit,5,-88.3482,28.3038,173.821,950
multifit,5,-44.1741,5.70141,173.437,114
multifit,5,-93.2565,19.8025,173.824,661
multifit,5,-44.1741,11.3012,172.698,411
multifit,5,-29.4494,5.70141,172.272,125
multifit,5,-22.0871,1.45075,174.028,131
multifit,5,-44.1741,-5.70141,174.158,5234
multifit,5,-90.8024,18.4534,174.155,663
multifit,5,-90.8024,24.0532,174.444,664
multifit,5,-85.8941,24.0532,175.171,667
multifit,5,-44.1741,-11.3012,174.105,5531
multifit,5,-39.2659,2.7999,173.841,118
multifit,5,-90.8024,15.5519,174.747,372
multifit,5,-83.44,19.8025,191.82,669
multifit,5,-26.9953,7.05056,192.063,127
multifit,5,-80.9859,24.0532,191.801,672
multifit,5,-31.9035,1.45075,193.582,123
multifit,5,-31.9035,7.05056,195.625,124
multifit,5,-41.72,7.05056,194.35,116
multifit,5,-41.72,-1.45075,194.624,5235
multifit,5,-41.72,-7.05056,194.354,5236
multifit,5,-83.44,14.2027,194.44,378
multifit,5,-85.8941,15.5519,197.171,377
multifit,5,-80.9859,18.4534,197.929,671
multifit,5,-41.72,9.95207,200.293,413
multifit,5,-90.8024,32.5545,210.392,948
multifit,5,-44.1741,14.2027,209.502,410
multifit,5,-103.073,14.2027,211.108,362
multifit,5,-115.344,32.5545,210.906,929
multifit,5,-95.7106,9.95207,210.815,368
multifit,5,-115.344,26.9547,211.092,928
multifit,5,-80.9859,9.95207,211.043,381
multifit,5,-88.3483,39.7067,212.638,1228
multifit,5,-88.3483,36.8052,213.499,1229
multifit,5,-39.2659,11.3012,215.792,414
multifit,5,-39.2659,14.2027,217.909,415
multifit,5,-41.72,15.5519,218.348,412
multifit,5,-22.0871,-7.05056,224.912,5252
multifit,5,-29.4494,-2.7999,224.056,5246
multifit,5,-24.5412,5.70141,224.54,130
multifit,5,-63.8071,19.8025,224.906,685
multifit,5,-66.2612,9.95207,225.63,392
multifit,5,-85.8941,41.0558,234.169,1230
multifit,5,-24.5412,14.2027,234.677,426
multifit,5,-98.1647,31.2053,236.762,943
multifit,5,-31.9035,18.4534,238.616,711
multifit,5,-88.3482,31.2053,239.009,951
multifit,5,-85.8941,35.456,239.155,1231
multifit,5,-46.6282,24.0532,239.73,699
multifit,5,-83.44,39.7067,240.561,1233
multifit,5,-49.0824,22.704,241.173,697
multifit,5,-95.7106,32.5545,242.247,945
multifit,5,-36.8118,15.5519,244.704,417
multifit,5,-34.3577,14.2027,259.678,418
multifit,5,-19.6329,19.8025,261.587,722
multifit,5,-26.9953,15.5519,261.701,425
multifit,5,-76.0777,35.456,261.151,1239
multifit,5,-19.6329,14.2027,261.625,431
multifit,5,-78.5318,28.3038,261.581,958
multifit,5,-51.5365,18.4534,262.315,695
multifit,5,-73.6235,31.2053,262.682,962
multifit,5,-22.0871,15.5519,263.084,428
multifit,5,-76.0777,26.9547,263.078,960
multifit,5,-63.8071,31.2053,265.454,970
multifit,5,-36.8118,18.4534,264.324,708
multifit,5,-39.2659,22.704,265.413,705
multifit,5,-22.0871,18.4534,264.243,719
multifit,5,12.2706,100.565,266.386,3071
multifit,5,-73.6235,36.8052,266.788,1240
multifit,5,17.1788,100.565,266.215,3074
multifit,5,-66.2612,26.9547,272.828,968
multifit,5,-29.4494,14.2027,272.625,423
multifit,5,-85.8941,32.5545,277.857,953
multifit,5,-29.4494,11.3012,278.491,422
multifit,5,-17.1788,86.4639,278.312,2817
multifit,5,-34.3577,19.8025,281.101,709
multifit,5,-31.9035,15.5519,283.045,420
multifit,5,-31.9035,18.4534,282.544,711
multifit,5,-34.3577,11.3012,293.136,419
multifit,5,-31.9035,9.95207,294.376,421
multifit,5,-93.2565,39.7067,297.084,1225
multifit,5,-93.2565,36.8052,296.728,1224
multifit,5,-90.8024,41.0558,297.671,1227
multifit,5,-95.7106,32.5545,297.659,945
multifit,5,-98.1647,31.2053,297.647,943
multifit,5,-83.44,39.7067,299.553,1233
multifit,5,-88.3482,31.2053,301.919,951
multifit,5,-85.8941,35.456,302.33,1231
multifit,5,-46.6282,24.0532,303.972,699
multifit,5,-85.8941,41.0558,304.093,1230
multifit,5,-90.8024,32.5545,305.314,948
multifit,5,-88.3483,36.8052,305.042,1229
multifit,5,-29.4494,19.8025,310.919,714
multifit,5,269.953,-2.86764,312.57,5419
multifit,5,265.045,-5.83687,313.677,5418
multifit,5,-29.4494,14.2027,314.885,423
multifit,5,260.136,-2.86764,317.952,5417
multifit,5,31.9035,-69.4613,324.512,7494
multifit,5,-26.9953,18.4534,323.696,716
multifit,5,17.1788,-60.9599,326.038,7230
multifit,5,255.228,-5.83687,326.004,5416
multifit,5,-73.6235,28.3038,327.269,963
multifit,5,9.81648,-19.8025,327.032,5866
multifit,5,-49.0824,22.704,327.519,697
multifit,5,-61.353,26.9547,326.742,973
multifit,5,-17.1788,26.9547,328.07,1008
multifit,5,-73.6235,22.704,327.475,678
multifit,5,-68.7153,36.8052,327.478,1245
multifit,5,-71.1694,32.5545,328.582,964
multifit,5,-24.5412,14.2027,329.253,426
multifit,5,-12.2706,24.0532,330.996,728
multifit,5,-26.9953,15.5519,331.819,425
multifit,5,137.431,-96.3821,333.651,8270
multifit,5,-14.7247,19.8025,334.922,725
multifit,5,245.412,-11.369,335.07,5708
multifit,5,-12.2706,18.4534,334.228,727
multifit,5,-41.72,117.568,337.569,3465
multifit,5,-14.7247,22.704,335.776,726
multifit,5,-78.5318,215.4,336.942,4788
multifit,5,-19.6329,-22.704,338.561,5841
multifit,5,240.504,-14.3382,340.657,5707
multifit,5,-29.4494,22.704,339.869,713
multifit,5,-49.0824,164.393,340.401,4319
multifit,5,68.7153,-147.39,342.926,9281
multifit,5,-24.5412,19.8025,342.825,717
multifit,5,58.8988,73.7119,342.479,2395
multifit,5,-12.2706,9.95207,344.871,437
multifit,5,-14.7247,14.2027,344.219,434
multifit,5,-56.4447,18.4534,344.532,692
multifit,5,17.1788,-41.0558,344.452,6435
multifit,5,-53.9906,19.8025,344.759,693
multifit,5,-56.4447,24.0532,344.622,691
multifit,5,-4.90825,2.7999,345.642,145
multifit,5,-100.619,-94.9652,344.995,8099
multifit,5,191.421,-99.3513,345.99,8281
multifit,5,-9.81648,11.3012,345.142,438
multifit,5,-7.36236,7.05056,345.306,143
multifit,5,29.4494,-141.858,347.839,9179
multifit,5,-19.6329,22.704,347.121,721
multifit,5,-12.2706,-120.469,348.552,8817
multifit,5,-26.9953,24.0532,348.764,715
multifit,5,-29.4494,-141.858,349.844,9167
multifit,5,-26.9953,-134.57,350.383,9006
multifit,5,-24.5412,22.704,350.351,718
multifit,5,-171.788,19.8703,350.551,614
multifit,5,93.2565,-53.8078,351.211,7032
multifit,5,122.706,-189.897,350.935,9726
multifit,5,-49.0824,158.861,352.071,4229
multifit,5,230.687,-14.3382,351.215,5705
multifit,5,49.0824,82.2132,351.378,2633
multifit,5,58.8988,-79.3117,356.296,7760
multifit,5,147.247,90.85,356.11,2925
multifit,5,230.687,-121.886,358.624,8927
multifit,5,-7.36236,-100.565,358.784,8175
multifit,5,220.871,-14.3382,358.569,5703
multifit,5,-9.81648,-232.403,359.204,10048
multifit,5,220.871,-19.8703,360.742,5991
multifit,5,-49.0824,28.3038,362.591,982
multifit,5,-78.5318,-31.2053,362.609,6079
multifit,5,-63.8071,-39.7067,361.951,6369
multifit,5,-66.2612,26.9547,364.85,968
multifit,5,-19.6329,5.70141,363.958,133
multifit,5,-22.0871,15.5519,364.291,428
multifit,5,220.871,70.8781,364.01,2463
multifit,5,-17.1788,7.05056,364.683,135
multifit,5,-22.0871,18.4534,364.424,719
multifit,5,44.1741,36.8052,364.045,1336
multifit,5,-132.522,-116.354,365.075,8537
multifit,5,-39.2659,22.704,364.22,705
multifit,5,-19.6329,14.2027,364.72,431
multifit,5,-66.2612,24.0532,364.148,683
multifit,5,-166.88,11.369,364.49,321
multifit,5,-63.8071,31.2053,365.167,970
multifit,5,-19.6329,11.3012,365.438,430
multifit,5,-3.8147e-06,-243.874,367.598,10106
multifit,5,-14.7247,-206.899,368.587,9851
multifit,5,-152.155,-121.886,367.282,8744
multifit,5,44.1741,-155.891,367.605,9368
multifit,5,215.962,-22.8395,367.527,5990
multifit,5,211.054,-19.8703,370.577,5989
multifit,5,24.5412,-201.367,370.542,9784
multifit,5,-152.155,-138.889,371.228,9142
multifit,5,-71.1694,32.5545,370.914,964
multifit,5,-36.8118,-15.5519,372.791,5537
multifit,5,46.6282,-60.9599,378.114,7254
multifit,5,206.146,-22.8395,379.909,5988
multifit,5,68.7153,-62.3091,380.877,7271
multifit,5,-19.6329,19.8025,380.735,722
multifit,5,-22.0871,24.0532,380.903,720
multifit,5,-19.6329,22.704,383.229,721
multifit,5,201.238,-19.8703,383.352,5987
multifit,5,-58.8988,-87.813,383.351,7903
multifit,5,-83.44,28.3038,383.218,955
multifit,5,-73.6235,36.8052,382.582,1240
multifit,5,-215.962,22.8395,383.038,605
multifit,5,-7.36236,-26.9547,385.602,6136
multifit,5,-103.073,28.3038,388.076,939
multifit,5,-88.3482,11.3012,387.912,374
multifit,5,196.329,-22.8395,388.523,5986
multifit,5,191.421,104.883,392.329,3381
multifit,5,117.798,53.8078,392.278,1933
multifit,5,-39.2659,-39.7067,392.089,6388
multifit,5,-240.504,70.8781,393.825,2228
multifit,5,39.2659,-39.7067,394.865,6452
multifit,5,-71.1694,35.456,396.748,1242
multifit,5,186.513,-22.8395,400.104,5984
multifit,5,186.513,-28.3716,398.714,6266
multifit,5,-71.1694,-109.066,401.856,8346
multifit,5,-24.5412,-19.8025,402.963,5837
multifit,5,-171.788,-184.364,403.377,9585
multifit,5,-78.5318,28.3038,403.672,958
multifit,5,-31.9035,9.95207,403.205,421
multifit,5,-76.0777,35.456,405.048,1239
multifit,5,-51.5365,18.4534,403.951,695
multifit,5,-53.9906,19.8025,406.046,693
multifit,5,-12.2706,15.5519,405.848,436
multifit,5,-83.44,-28.3038,406.829,6075
multifit,5,-56.4447,18.4534,407.115,692
multifit,5,-2.45413,1.45075,406.671,147
multifit,5,-56.4447,32.5545,406.966,977
multifit,5,-9.81648,11.3012,405.84,438
multifit,5,-7.36236,7.05056,406.813,143
multifit,5,53.9906,73.7119,406.911,2392
multifit,5,176.697,-28.3716,410.463,6264
multifit,5,-17.1788,24.0532,410.083,723
multifit,5,-17.1788,18.4534,413.702,724
multifit,5,-9.81648,22.704,413.285,729
multifit,5,-14.7247,22.704,416.031,726
multifit,5,166.88,-28.3716,419.675,6262
multifit,5,73.6235,-130.32,420.753,9088
multifit,5,-17.1788,26.9547,422.229,1008
multifit,5,-14.7247,19.8025,420.62,725
multifit,5,-66.2612,75.0611,425.144,2293
multifit,5,-58.8988,73.7119,426.192,2299
multifit,5,-61.3529,75.0611,426.975,2298
multifit,5,68.7153,99.2159,428.591,3117
multifit,5,157.064,-28.3716,431.132,6260
multifit,5,-7.36236,24.0532,434.893,731
multifit,5,-4.90825,22.704,436.128,734
multifit,5,-22.0871,41.0558,438.15,1283
multifit,5,-49.0824,19.8025,438.606,698
multifit,5,-83.44,90.7145,439.585,2763
multifit,5,-80.9859,86.4639,440.505,2764
multifit,5,-78.5318,99.2159,439.9,2997
multifit,5,-39.2659,56.7093,439.206,1804
multifit,5,186.513,-164.393,440.62,9487
multifit,5,-76.0777,100.565,440.442,2999
multifit,5,-56.4447,75.0611,439.829,2301
multifit,5,-14.7247,-79.3117,441.876,7701
multifit,5,147.247,-28.3716,441.506,6258
multifit,5,53.9906,-133.221,441.613,9071
multifit,5,-12.2706,24.0532,444.124,728
multifit,5,132.522,-116.354,442.649,8702
multifit,5,-9.81648,-19.8025,442.56,5850
multifit,5,71.1694,-69.4613,444.361,7526
multifit,5,142.339,-31.3408,445.962,6257
multifit,5,139.885,-26.9547,447.456,6256
multifit,5,137.431,-28.3038,449.023,6254
multifit,5,-53.9906,45.3065,448.003,1528
multifit,5,-9.81648,22.704,452.794,729
multifit,5,134.976,-26.9547,454.308,6253
multifit,5,130.068,-26.9547,456.591,6248
multifit,5,-12.2706,18.4534,459.395,727
multifit,5,-9.81648,45.3065,459.517,1563
multifit,5,-1.14441e-05,45.3065,460.428,1571
multifit,5,-12.2706,26.9547,460.147,1013
multifit,5,-9.81648,19.8025,462.316,730
multifit,5,-7.36237,32.5545,461.56,1017
multifit,5,125.16,-26.9547,464.317,6245
multifit,5,-12.2706,32.5545,465.538,1012
multifit,5,122.706,-22.704,466.175,5958
multifit,5,120.252,-26.9547,466.988,6240
multifit,5,120.252,-24.0532,470.008,5955
multifit,5,161.972,-65.3461,469.929,7322
multifit,5,117.798,-28.3038,470.582,6238
multifit,5,46.6282,-24.0532,472.138,5896
multifit,5,115.344,-24.0532,474.045,5952
multifit,5,-7.36236,24.0532,476.707,731
multifit,5,110.435,-24.0532,477.765,5947
multifit,5,-9.81648,28.3038,478.331,1014
multifit,5,-1.33514e-05,11.3012,478.515,446
multifit,5,-4.90825,62.3091,478.836,2092
multifit,5,7.36235,-100.565,477.598,8186
multifit,5,4.90822,-39.7067,478.876,6425
multifit,5,-7.36236,60.9599,479.321,2089
multifit,5,-1.14441e-05,62.3091,480.15,2095
multifit,5,107.981,-22.704,481.045,5945
multifit,5,105.527,-24.0532,483.252,5944
multifit,5,49.0823,164.393,485.537,4339
multifit,5,110.435,-49.5571,486.746,6782
multifit,5,103.073,-22.704,487.309,5942
multifit,5,-4.90825,22.704,489.875,734
multifit,5,98.1647,-22.704,493.464,5937
multifit,5,98.1647,-19.8025,492.574,5938
multifit,5,95.7106,-24.0532,493.424,5936
multifit,5,95.7106,-18.4534,493.667,5935
multifit,5,-9.81648,73.7119,495.397,2339
multifit,5,-7.62939e-06,87.813,495.349,2831
multifit,5,-14.7247,56.7093,494.984,1825
multifit,5,-9.81648,82.2132,495.305,2585
multifit,5,93.2565,-19.8025,495.75,5933
multifit,5,-12.2706,92.0637,495.352,2821
multifit,5,-7.62939e-06,-87.813,497.27,7951
multifit,5,-4.90825,36.8052,496.001,1296
multifit,5,-7.36236,26.9547,496.425,1016
multifit,5,171.788,19.8703,499.304,861
multifit,5,120.252,-7.05056,500.687,5367
multifit,5,90.8024,-18.4534,501.551,5932
multifit,5,88.3483,-19.8025,502.653,5930
multifit,5,88.3483,-14.2027,505.881,5639
multifit,5,53.9906,138.889,505.511,4064
multifit,5,9.81647,164.393,506.028,4331
multifit,5,83.44,-19.8025,508.548,5925
multifit,5,85.8941,-18.4534,507.235,5927
multifit,5,-2.45413,26.9547,507.472,1021
multifit,5,44.1741,189.897,508.374,4590
multifit,5,-4.90825,28.3038,509.456,1019
multifit,5,103.073,172.894,509.571,4437
multifit,5,80.9859,-18.4534,511.683,5924
multifit,5,-14.7247,31.2053,511.523,1010
multifit,5,-4.90825,19.8025,511.106,733
multifit,5,-7.36236,75.0611,511.077,2341
multifit,5,78.5318,-14.2027,513.54,5631
multifit,5,137.431,209.868,514.175,4762
multifit,5,58.8988,243.874,512.496,4998
multifit,5,80.9859,-15.5519,512.804,5633
multifit,5,76.0776,-15.5519,514.64,5628
multifit,5,76.0776,-18.4534,514.477,5919
multifit,5,-2.45413,24.0532,518.365,736
multifit,5,73.6235,-14.2027,519.433,5626
multifit,5,71.1694,-15.5519,522.17,5625
multifit,5,24.5412,-87.813,524.68,7970
multifit,5,147.247,130.387,526.184,3987
multifit,5,68.7153,-11.3012,526.176,5622
multifit,5,68.7153,-14.2027,525.659,5623
multifit,5,-186.513,28.3716,531.723,899
multifit,5,78.5318,-82.2132,532.055,7777
multifit,5,63.8071,-11.3012,531.691,5619
multifit,5,61.3529,-9.95207,533.94,5616
multifit,5,-4.90824,70.8104,532.972,2343
multifit,5,58.8988,-11.3012,536.285,5614
multifit,5,-147.247,28.3716,537.729,907
multifit,5,-1.33514e-05,22.704,537.113,737
multifit,5,56.4447,-9.95207,537.916,5613
multifit,5,34.3576,167.362,544.24,4336
multifit,5,-171.788,2.86764,546.771,20
multifit,5,-44.1741,104.816,549.133,3247
multifit,5,206.146,141.858,549.476,4095
multifit,5,-49.0824,82.2132,549.385,2553
multifit,5,-1.33514e-05,5.70141,551.766,149
multifit,5,44.1741,-5.70141,551.999,5306
multifit,5,-73.6235,121.818,551.383,3647
multifit,5,46.6282,-1.45075,553.143,5307
multifit,5,44.1741,-2.7999,553.272,5305
multifit,5,-1.33514e-05,31.2053,552.946,1023
multifit,5,39.2659,-2.7999,557.786,5302
multifit,5,2.4541,24.0532,559.034,739
multifit,5,-78.5318,-5.70141,558.937,5205
multifit,5,-100.619,-9.95207,560.589,5485
multifit,5,-98.1647,-19.8025,561.352,5778
multifit,5,-61.3529,103.467,563.779,3233
multifit,5,-53.9906,-5.70141,571.664,5226
multifit,5,26.9953,7.05056,575.085,172
multifit,5,-61.3529,83.5624,578.775,2542
multifit,5,4.90825,22.704,581.31,742
multifit,5,-39.2659,53.8078,589.364,1805
multifit,5,83.44,-28.3038,596.92,6211
multifit,5,7.36237,24.0532,597.377,744
multifit,5,2.4541,24.0532,615.638,739
multifit,5,4.90825,22.704,626.151,742
multifit,5,-56.4447,58.0584,655.101,1790
multifit,5,7.36237,24.0532,654.857,744
multifit,5,9.81648,22.704,662.593,745
multifit,5,9.81648,19.8025,724.066,746
multifit,5,12.2706,18.4534,727.992,748
multifit,5,17.1788,18.4534,741.067,751
multifit,5,-68.7153,-121.818,750.826,8772
multifit,5,-171.788,-116.354,764.793,8529
multifit,5,-112.889,-56.7093,784.4,6865
multifit,5,14.7247,19.8025,785.9,749
multifit,5,-201.238,-150.359,789.427,9226
multifit,5,-137.431,-96.3821,791.64,8091
multifit,5,-53.9906,-133.221,792.393,8983
multifit,5,-56.4447,-128.97,793.005,8981
multifit,5,-24.5412,240.904,797.281,4981
multifit,5,-112.889,-206.899,800.124,9831
multifit,5,-29.4494,181.395,811.554,4494
multifit,5,12.2706,24.0532,814.129,747
multifit,5,-211.054,133.357,817.953,3815
multifit,5,-95.7106,86.4639,819.844,2753
multifit,5,-95.7106,94.9652,821.898,2982
multifit,5,-34.3576,167.362,824.126,4322
multifit,5,-142.339,82.3487,829.181,2496
multifit,5,-152.155,189.897,833.435,4550
multifit,5,-186.513,96.3821,836.327,2961
multifit,5,-127.614,130.387,838.743,3832
multifit,5,68.7153,53.8078,841.418,1893
multifit,5,-147.247,90.85,843.343,2736
multifit,5,46.6282,52.4586,848.201,1874
multifit,5,14.7247,22.704,864.357,750
multifit,5,17.1788,18.4534,865.875,751
multifit,5,-22.0871,120.469,867.519,3689
multifit,5,17.1788,18.4534,899.868,751
multifit,5,-14.7247,-116.218,911.812,8607
multifit,5,22.0871,15.5519,935.002,465
multifit,5,19.6329,14.2027,945.905,463
multifit,5,17.1788,15.5519,950.418,460
multifit,5,95.7106,86.4639,967.935,2908
multifit,5,98.1647,70.8104,969.841,2428
multifit,5,19.6329,14.2027,973.012,463
multifit,5,73.6235,22.704,988.649,798
multifit,5,122.706,45.3065,988.754,1672
multifit,5,49.0824,28.3038,990.008,1062
multifit,5,19.6329,19.8025,1003.4,754
multifit,5,19.6329,14.2027,1015.92,463
multifit,5,22.0871,15.5519,1024.57,465
multifit,5,19.6329,11.3012,1033.72,462
